quote,topic_main,topic_additional,interview_location,migration_type,age_group,birth_location,gender
"I was wearing heels, I had makeup on, and I was like, what am I doing here with a cute little backpack on my back. And then I walked into the factory and boom, everyone’s like, “grab some rubber boots,” because this supervisor came in yelling, and I ended up working the whole 8 hours with two left boots on, because there wasn’t a proper pair. I came home and, well, my husband could tell you how I was mentally draining him, because I’m the stronger personality, and I was saying every single day, like, screw this, I don’t want to be here, I’m not staying, I’m not working in these conditions, I have a degree, I’ve done stuff, until the first payslip came. The first paycheck showed up, I looked at it and said, hey, that’s almost my monthly salary, and just like that, everything felt fine.",Economic,"Income, Work/employment",Poland,return,40-49,Poland,Female
"Funny thing, I remember some coworkers once pulled me aside and told me not to work so fast, because they couldn’t keep up with their own tasks because of it. And I was just used to how we worked in Poland, you know, just normal pace. But over there, everything goes slower, there’s time for everything, so for me it was actually easier.","Social, Economic",Work/employment,Poland,permanent,30-39,Poland,Male
"The Dutch hold higher positions, we just pass by them, see them in the warehouse, but they don’t do the same work as we do. [...] Very friendly, really friendly. The Dutch are friendly, very friendly. [...] Honestly, I don’t really know any Dutch person, like not even to say hi or good morning, just the ones I pass at work. [...] I don’t know any Dutch people, I don’t hang out with Dutch people, I don’t talk to Dutch people.","Social, Economic","Integration, Belonging",Poland,permanent,18-29,Poland,Male
"Still, when living abroad, you have to be aware that, in quotation marks, you’re not at home, and in order to feel comfortable, you have to assimilate. You just need to have that ability in you to, let’s say, adapt to the given country, right? And we adapted, because we didn’t, I don’t know, we didn’t manifest our origin, or our religion, or anything like that. A lot of other nationalities do that there. We didn’t. We simply lived the way the Dutch live, we adjusted to that lifestyle—well, definitely except for the religious aspect, because that’s a bit different there. But at some point, we started to miss Poland, right? It’s something that’s hard to put into words.",Social,"Integration, Belonging",Poland,return,40-49,Poland,Male
"Moderator: Do you feel like you are part of some kind of community, like in your municipality? Participant: There’s no such thing there. There, everyone just looks out for themselves, right? There’s nothing like what we have. We just stick to work-home, work-home. Participant (wife): I’ll interrupt here, it was different when there were just the two of us. When life was happening there, it was different. We were the only Poles on the street, so the Dutch welcomed us very positively, they taught me the language, took care of our daughter, and we participated in that Dutch life. But now, like my husband said, it’s just work-home, there’s no going out or anything.",Social,"Integration, Language barriers, Work/employment, Belonging",Poland,permanent,40-49,Poland,Male
"Well, I mean, the house, we owe a lot to the fact that my husband can do everything himself. He just took care of it. It wasn’t all high standard. We furnished it quite modestly. We also bought a lot of things second-hand, but that works better in Germany than it does here. And he did everything himself, he’s an electrician, right, so he could paint the walls, lay the flooring, all that. If he didn’t know how to do that, there’s no way we could have managed.","Economic, Living environment",Housing,Poland,return,40-49,Poland,Female
"I couldn’t find my place abroad. Umm, the worst thing for me was the language barrier, because at first I was home with the children, and of course animals don’t speak German, so it was hard for me to get into the language.",Social,"Language barriers, Belonging",Poland,return,30-39,Poland,Female
"Just like, for example, asking the coordinator if he could go somewhere with me or help sort something out. And with some of the more private matters, they would not help, because they do not have to, right. They are there for things like Sofi numbers, doctors, and work, work-related issues. And the fact that I could not be, so to speak, 100 percent independent, that also somehow… No, just the very thought already, that language barrier. Of course, I could have also learned the language, but somehow I was not too motivated. At work, I was able to communicate well enough that it did not bother me. I understood the instructions and my supervisor and so on, and I could also talk freely with the Indians or whoever I was working with, so…",Social,"Integration, Language barriers, Work/employment",Poland,seasonal,18-29,Poland,Male
"I took a lot of courses, but I just can’t learn that way. Courses don’t work for me. The best method for me is simply through conversation. I later worked in a hotel. My boss was Icelandic, and only the Icelandic language was used there. English wasn’t even an option, she didn’t speak English at all, even though most Icelanders do. But I happened to work for someone who didn’t, so I had to learn through conversation. At that time, I worked with two Polish women, twin sisters, who spoke Icelandic, even though they were Polish. I kept asking them questions, what’s this, what’s that. Whenever I picked up a word by ear, and after a while, I already knew the basics of Icelandic.",Social,"Integration, Language barriers, Work/employment",Poland,permanent,40-49,Poland,Female
"Moderator: And there is no alternative to taking the car? Participant: You know, actually, you can take a plane, and that is quite convenient. But then there are limitations on luggage, and that definitely becomes a bit of a problem. In my town, for example, there is no airport. The nearest one is in [city] or in Rotterdam. I am not sure if there are flights from Poland, but supposedly there is an airport in Rotterdam. Still, from any of those cities, you would then have to somehow get home in the Netherlands, right? Moderator: That is another issue, OK. And the luggage, do you carry a lot of things? Participant: Yes, we bring a lot of stuff. That is because, well, parents or grandparents always give us some jars, sausages, a lot of honey for example, medicines from Poland. We end up taking a lot of things.",Living environment,Transportation,Poland,permanent,18-29,Poland,Male
"Moderator: Will you spend your retirement here? Participant: I think so. I think that in the long term, really, yes. I believe I will spend my retirement here in Poland, even in this region. I can narrow it down that much. Right here in this region. Moderator: So not even in [nearby large city]? Participant: Not even in [nearby in Poland], no. Moderator: And why is that? Participant: Because my girlfriend has a plot of land just outside [hometown], on the outskirts. And if we managed to build a house there, that would be ideal. On that plot near [hometown], it would be perfect, our whole family close by, beautiful green areas, space. Moderator: And the plot, did you buy it or...? Participant: She inherited it.",Living environment,"Housing, Nature, Motivations to migrate, Future migration plans",Poland,permanent,18-29,Poland,Male
"Moderator: You mentioned that the doctors have a slightly different approach. Could you explain roughly what you meant? Participant: Yes, for example, based on my experience with my daughter, doctors there do not notice the problems the child is having. A parent, for instance, can see that something is wrong, that something is going on, but they do not offer suggestions or push things forward. You have to fight for everything yourself, and then the child just continues to grow, and either something gets done or it does not. For example, even things like spinal curvature and so on are seen completely differently in Poland. Polish physiotherapists, for instance, are excellent at identifying all kinds of issues. Over there, nothing has been done so far. And there is also the language barrier, especially when it comes to medical matters. Here, I can communicate more quickly and get things done more easily, you could say, in all these matters. Over there, I am not really able to express myself fully when it comes to medical issues, and I do not fully understand everything either. So that might also be part of the reason why I made this decision.",Social,"Language barriers, Health",Poland,return,30-39,Poland,Female
"Later, our daughter was born. [...] And she stayed there with us for almost a year. With our daughter, well, let me tell you, at some point we had to make a decision. When it was time for her to start preschool, we had to decide — either Poland or staying there permanently, right? We did not want to cause too much confusion in her mind. And in the end, we realised that it was not really a country that felt friendly to us. So my wife came back, and within a year and a half the house was built, and our daughter started preschool here.","Social, Living environment","Education, Motivations to migrate, Belonging",Poland,permanent,40-49,Poland,Male
"My husband resigned from his job, or rather, not exactly resigned, but arranged to take an unpaid leave. And we made the decision to return. Our son had just finished school, it was a Realschule. He was facing the choice of a new school in Germany, meaning either vocational training or first completing the equivalent of high school. But he was actually the driving force behind our decision, because he really liked it here in Poland. He always has.",Social,"Education, Motivations to migrate",Poland,return,50-59,Poland,Female
"So it was like this. We were starting to have enough of that flat, of living there. Because, you know, living under one roof with people from different cultures is difficult. Everyone smoked and so on, so there were a lot of unpleasant smells too. But that was not really the issue. It was more the noise and everything else. And the work was hard too.","Social, Living environment","Housing, Integration, Motivations to migrate",Poland,return,18-29,Poland,Male
"It was always like that — spending money, buying things. Holidays, or shopping for Christmas, or even just everyday things. Even when we were going back there, we would do our shopping here because it was cheaper. Everything, even household items like a bigger mattress or something, we would take it all with us. Usually food — mostly Polish food.",Economic,Income,Poland,permanent,30-39,Poland,Female
"We invest all our resources in Poland. I think that is a significant benefit for this region, or for Poland in general. [...] Everyone is investing in some kind of property, or something similar. And of course, when you are building a house, you have to make all sorts of purchases. We do not buy those things in Germany. We buy them in Poland. So the local market benefits from that.",Economic,"Housing, Income",Poland,return,50-59,Poland,Female
"Now, it has become beautiful. They renovated it, it is truly a very nice town. It used to feel more grey and gloomy to me, back when we used to live there, but now the park, all of it, the roads are renovated—it really is a very nice place. A great deal has changed.",Living environment,Transportation,Poland,permanent,40-49,Poland,Female
"What I do not like, and what we perhaps did not fully realise before returning, is that people here still burn coal, and the air quality is very, very poor, at least in this neighbourhood. There is still not much attention paid to it, even though it really has a significant impact on well-being and health. I do not understand why more is not being done in this area.",Living environment,Pollution,Poland,return,50-59,Poland,Female
"There was a lot of unemployment in [city] back then. It was really hard to find a job. Some of our friends had already started going abroad. They helped open up the path for him and suggested he should join them. And for the same reason... I had finished my studies, and I had worked in a shop throughout university, earning minimum wage. There weren’t really any opportunities here in [city] — no internships, no real prospects in my field. So we decided to leave.",Economic,"Work/employment, Motivations to migrate",Poland,return,40-49,Poland,Female
"I know from my husband, because it took him a while to learn German, so first he had to go through his own school, the school of life, and he earned peanuts because he didn't know the language. But I was already someone who communicated very well and was at a higher level, so I didn't feel anywhere in the conversation that you were a fool or, god, who am I talking to, no. [...] I think that language is 80% of success here, in my opinion. If you have life experience, you know what you want to do and you know how to talk to them. So communication is the basis. It doesn't matter where you are, because there were people in the factory who didn't know German at all. How do you want to establish relationships? It's not an option. Someone jokes, someone laughs at you, someone talks about you behind your back, and you don't understand it. You can't defend yourself. I've been in situations like that many times, but if you know German, you can respond, react, say something, defend yourself.",Social,"Language barriers, Work/employment",Poland,return,18-29,Poland,Female
"There were weekends, there were Sundays, and every other Saturday you were expected to work. There was this attitude that if someone didn't take those Saturdays, it meant they were slacking off and might be unnecessary, and that they could be fired and replaced with someone else. There were simply stories circulating among the Poles there; they liked to get themselves worked up so they'd have something to talk about.","Social, Economic",Work/employment,Poland,seasonal,18-29,Poland,Male
"At first, we worked for minimum wage, but my husband made up for it by working a lot of overtime. You could say he had two jobs. The company was growing at the time, the bosses had just opened the company he joined, and I joined too, and they worked very hard. They worked seven days a week, from morning to evening, so my husband would come home at 7:00/7:30 p.m., ate dinner, I made him sandwiches for the morning, packed lunch, which was already made, into containers, and he left for work again in the morning, so that first year, it was really, no, even more than that, because those were the first 2 or 3 years on his part, it was really a lot, a lot, a lot of work, a lot of hours.",Economic,Work/employment,Poland,return,40-49,Poland,Female
"It's funny, I remember my colleagues at work once took me aside and told me not to work so fast, because it meant they couldn't keep up with their own work. I was used to working normally in Poland. But there, there's time for everything, so I think it was easier for me than it would be for a German to move to a Polish company.",Economic,Work/employment,Poland,permanent,30-39,Poland,Female
"Actually, it was a simple job, and the first time I was there, I also worked on the so-called picker, i.e., picking orders. And also on the scanner. Only there, the scanner looks a little different because it's operated differently. So here, they just had to teach me how to use the scanner. But it's not a job for any idiot, so to speak. You don't have to be smart or know anything, well, the language in general... The leader and so on, everyone spoke to you in English, but they said simple things that everyone could understand. And even if you didn't, the job was that you had a scanner, the location was displayed. And you drove up to a given location, scanned the location, you had these sticker cards. You scanned the code from the sticker, stuck it on, and drove on. Nothing complicated. You didn't even need to know the language, because it was all numbers.",Economic,Work/employment,Poland,return,18-29,Poland,Male
"From what they told me, for example, well that we are hard-working, we are hard-working. They say to me, why are you running around so much, sit down, I'll make you some tea or something. But no, because I don't have time, I have to hurry, the next one is already here, I have a thousand things to do. And they say, take it easy. Now is the time for a break, so we sit down and you can stay there for I don't know how long... One room to clean and they have a break. It's my break, they sit down and I don't finish it, they put it off until tomorrow. I say, come on, I'll get it done quickly and it'll be done. How can you do that? Well, they say there's no rush, that work isn't the most important thing. Now it's break time, now we're drinking coffee and...",Economic,Work/employment,Poland,return,40-49,Poland,Female
"So when it comes to Poles, it's mainly productivity. Productivity and attendance at work. The Dutch are very demanding. The Dutch don't want to work, there are many jobs they don't want to do, which is why we are still so respected and needed there, right?",Economic,Work/employment,Poland,return,40-49,Poland,Male
"Well, as in life, sometimes it's better, sometimes it's worse, sometimes it was better, sometimes it was worse. Now we have a four-day system, so I leave on Sunday evening at half past seven, seven, half past seven, we go to the apartment, sleep there, and then go to work in the morning, no. And it used to be that we would go for four or five days, or just five days, and we would leave at ten and arrive practically directly at work, not that we would be at the company at five and sleep in the car for an hour, and that's how it was, you have to experience it. Now we work 11 hours a day, minus a break, so that's 10.25, no, that comes out to 40 hours a week. We work those four days and the weekend.",Economic,Work/employment,Poland,permanent,40-49,Poland,Male
"The first time was stressful because I went alone, but the upside was that there were a lot of Poles in that job, and also a lot of people around my age, because they were just finishing high school and wanted to earn some extra money, so I don't have bad memories of it, and when I started my first job, everyone there was pretty helpful. Later, during your first week, they don't really pay attention to whether you work slowly or quickly, but in the second week you have to catch up with the pace.",Economic,Work/employment,Poland,seasonal,18-29,Poland,Female
"Because that's the kind of work it is, and it's so hot in there, and they don't really want to open the windows. I mean, that's how it was in my second and third years, that the owner didn't really want to open the windows in the greenhouse so that the tomatoes would grow faster, so it was hard work there.",Economic,Work/employment,Poland,seasonal,18-29,Poland,Female
"It was just so terribly mixed. There was a month when there was enough for everything, and there was a month when it was more like paycheck to paycheck. Because of that... I didn't say that. I worked in that sorting plant for two years on... How can I put it? I only had a half contract, but I was normally at work for eight hours, so it was stupid that I always had half my pay, and the other half of my pay, for example, if there was no work. So there was no money, because, for example, the boss said, don't come in because there's nothing for you to do, so you didn't get your full pay even though you worked.",Economic,Work/employment,Poland,return,18-29,Poland,Female
"I left, ended up in a factory, and worked in that newspaper factory in [name of a town in Germany]. And there, they just produced newspapers and leaflets on a conveyor belt. Later, I worked in a restaurant as a waitress, a kitchen assistant... it was a disaster. Then I ended up in a laundry and worked there for two years. And that's how I got by. Later, I ended up in a hotel, where I worked as a breakfast service manager, so I had more contact with people there. We prepared breakfasts, so it was a better job, and then I got pregnant.",Economic,Work/employment,Poland,return,18-29,Poland,Female
"They also set the pace, but it was like they did too. Because, generally speaking, the work there was probably borderline illegal, because as it turned out later, everyone there was earning below the minimum wage. We were getting about 100-odd crowns an hour. I don't remember exactly, probably around 115, something like that. And then we explored the subject, like, well, the contract, or rather the employment relationship, meant that we were not entitled to practically any social benefits, because it turned out that later the other couple we were with, so to speak, the girl got pregnant, and she had to wander around privately, visiting gynecologists and doctors. Later, they got everything sorted out properly so that they could be covered by Danish social security, but at first there was fear and uncertainty that they would be left on their own in the middle of nowhere, so to speak, far away from their families, but they managed to sort things out reasonably well. Well, these people were also imposing, you could say bossy. They couldn't stand opposition, and there was also fierce competition for the favor of the bosses, the management. And this fierce rivalry manifested itself in who was faster, who, who, who, who did more. Well, and just to get as many days as possible, as many hours as possible, having, so to speak, hourly work, they worked on a piecework basis, that is, simply whoever did more.",Economic,Work/employment,Poland,seasonal,18-29,Poland,Male
"And I was one of those people, because for the lowest rate, around 170 kroner, I simply cleaned a huge silo of rust and waste, and it was terrible work. And generally, I did it for a rate that a normal Norwegian probably wouldn't even look at, they would probably charge 50% more. And I suspect that it was the same in the fields in Denmark, that the work we did was undervalued by at least half in terms of its remuneration, and I suspect that on a larger scale this may cause some social resentment, but on the other hand, what comfortable Scandinavian resident would take on such things if someone else can do it?",Economic,Work/employment,Poland,seasonal,18-29,Poland,Male
"Due to the fact that for 14 hours I was practically in full view of guests wearing tie, where elegance, chic, and culture were preserved. I managed to transfer this to my restaurant. Various forms of behavior, so that someone is watching me all the time, yes. Even when I'm preparing a meal, the way I express myself. It's a very cool ethic and lesson. Above all, being hospitable and open has had a very positive impact on the place, which I was able to create thanks to this.",Economic,Work/employment,Poland,return,30-39,Poland,Male
"It was different. For example, there were team leaders who approached you and said that they could see you were doing a good job, so they praised you sincerely and were happy with you as an employee, but there were also those who didn't care what you did. You could have earned a raise or something for doing 3, but you didn't get a raise. It was a bit like that... And there were leaders who, let's say, often dumped the worst work on Poles, no.",Economic,Work/employment,Poland,return,18-29,Poland,Male
"It was in 2005. At that time, we were still in the Netherlands, staying on a Polish passport, working on the basis of a work permit, so having some education from Poland, some skills, we didn't have much choice when it came to the available jobs or professions that we could do in the Netherlands. My wife's cousin was already working in the Netherlands at the time, and he got us jobs in a tomato greenhouse. We got our work permits and went to work there. The work wasn't easy because it was very physically demanding for me.",Economic,Work/employment,Poland,return,40-49,Poland,Male
"Do I have time after work? Maybe the guys have more time. We've been working nights lately, because somehow it's always like that, I don't know how to explain it to you, I always stay longer. Always. It's always like that, I stay longer, because I'm the kind of person who just can't, maybe the Austrians taught me that, because I know a few of them. They don't leave things undone. If something needs to be discussed, we discuss it now. I know some Austrians, the ones from Tyrol, they arrived at seven and we stayed together at a hotel, and I saw that they came back from work at 10:30 p.m., right? So maybe they were workaholics. Fortunately, I don't do that, but I always stay there an hour longer somehow.",Economic,Work/employment,Poland,permanent,40-49,Poland,Male
"And later, once I had learned a little bit of the language, I learned the language, so I found a job myself, you could say. Because, well, I had a good reputation as a caregiver, and it was like, in Italy they call it passaparola, which means word of mouth, someone needed someone, “oh, I know a lady from Poland who works so well,” so on that basis, oh, and then, then I had a job that was, you could say, permanent, because it was already my job and I could stay as long as I wanted, right? For example, it wasn't like I stayed for three months and then went home, because it wasn't financially viable for me if I wanted to do something at home, for example.",Economic,Work/employment,Poland,return,50-59,Poland,Female
"I asked about them. I said, ""Tell me about your culture."" You can't do business if you don't know a person's culture. That way. For example, I went to a factory in my boots, in work clothes. The manager stood up and said, ""You don't speak Dutch, but you have learnt the culture well. The man there appreciated me.",Social,"Education, Integration, Language barriers, Work/employment, Motivations to migrate",The Netherlands,permanent,45-64,Turkey,Male
"Why do you pay taxes to the state? You pay for the hospital, insurance — maybe 200 or 300 euros. But when you have an operation in a hospital, it costs 30 or 40 thousand euros. So you pay 200–300 euros, which is not much at all — it’s such a small amount. And then look at how nice the roads are built. There are lights at night. There are buses, bus stops. All of this happens with your money and my money. When you think about it like that, it’s true. Then there’s care for the elderly — they get wheelchairs, lifts are installed in people’s homes. Where does that money come from? From the people’s money. And that’s a good thing. That’s why you should pay it. One day you’ll die, I’ll die — in the end we all go to the same place. The money we put in — a hundred, two hundred euros — is really nothing. That’s how I see it.","Economic, Living environment","Income, Integration, Work/employment, Health, Motivations to migrate, Belonging",The Netherlands,permanent,45-64,Turkey,Male
"I come from a community of Turks, Moroccans, Gypsies, Surinamese, Antilleans. We all lived among ourselves. Was never a problem. And in those days there was a kind of social pressure. There was social pressure of hey, using drugs is not good, don’t smoke. There was a lot of pressure among ourselves. And everyone was paying attention. I come from a working-class neighbourhood where everyone knew each other and there was that pressure. It was not easy to do wrong things. That all changed later. But there was a certain pressure. Here, you don’t have that pressure.","Social, Living environment","Education, Integration, Health, Motivations to migrate, Belonging",The Netherlands,permanent,18-34,Turkey,Male
"Here, I see a lot of young people with alcohol problems and drug problems. And when you say why does that happen? There is not an outlet for young people here. So young people are looking for adventure and excitement. And they can’t find that so they go for booze and drugs. I think there is more drug use here than in the suburbs.","Social, Living environment","Housing, Integration, Health, Motivations to migrate, Belonging",The Netherlands,permanent,18-34,Turkey,Male
"It's also very weird, isn't it? For example, when I'm on holiday, I still look for the Dutch people there. So the Turkish Dutch or the German Turks. I no longer feel associated with the Turks who are there, it’s a different mindset.",Social,"Integration, Motivations to migrate, Belonging",The Netherlands,permanent,18-34,Turkey,Male
"We are one of the oldest supermarkets here with a Turkish background. Many people know us and feel a connection with us. You shouldn't look at it only from an economic perspective. For us, it's also something social. For example, I know about people's private situations. Some people who are sick come and tell us. People who have a child come and tell us. People who are getting married invite us. We don’t see our customers as just customer numbers. It's more social. Everyone interacts with each other.","Social, Living environment","Income, Integration, Work/employment, Health, Motivations to migrate, Belonging",The Netherlands,permanent,18-34,Turkey,Male
"If you want to move forward economically here, I think people should be given more opportunities to start their own business. For example, here you don't have stores like Zara or other nice shops. There’s nothing that attracts people here. This area is basically a region near Germany. But nearby you don't have anything big. So here they could actually make the local economy stronger with big companies. The municipality should support, that a bit by attracting businesses, give some subsidies. Then I think this could become a really beautiful place, a really nice city.","Economic, Living environment","Income, Work/employment, Legal barriers, Motivations to migrate, Belonging",The Netherlands,permanent,18-34,Turkey,Male
"Help these people [asylum seekers]. Don’t help them just financially but help them to become financially independent. Don’t just offer them benefits, but offer them work. For example, there are organisations here that work with the local authorities where people have to retrain or work on certain skills. Look, for example, they send newcomers to school by obligation. With all due respect — I think they should really be taught Dutch, because you’re going to live in this country. But don’t just give them the chance to learn Dutch. Let them also learn practical skills at the same time, like woodworking, for example. Teach them things that are needed here. For example, in this country a plumber earns more than a doctor. How many young people want to become plumbers, have the potential for it, but don’t have the opportunity?",Economic,"Education, Income, Integration, Language barriers, Work/employment, Legal barriers, Motivations to migrate, Belonging",The Netherlands,permanent,18-34,Turkey,Male
"2025 this year, I was returning to Turkey for good. I said I would retire at this age. Because as I mentioned, I don't like the world system. One establishes one's own state, one establishes one's own retirement, one establishes one's own wishes. I invested a lot in my original region. I bought three houses. I'm counting down. In a very short time since 2015, it went very bad for a while. After it started to go well for a short time, I started to make these investments because I want to return for good. I haven't bought a house here, I haven't made a single investment here because I will go back.",Economic,"Housing, Income, Integration, Motivations to migrate, Belonging, Future migration plans",The Netherlands,permanent,35-44,Turkey,Male
"I am standing here in the same way as before. I talk to my mum — my mum is in Turkey. I am here, I speak Turkish. Naturally, right? Someone passing by said to me, “Spreek maar Nederlands, hier is Nederland.” I was stunned. I asked, “What are you saying?” He said, “This is Holland. Speak Dutch.” And then I said to him, “You’re stupid. You’re a racist. How can I speak Dutch with someone from Turkey? If I’m a foreigner, I’m speaking Turkish with a foreigner — a Turkish person.” I mean, would you look at this mentality? The brain. They don’t even know how to do racism properly, they don’t know how to do it. I said, “Wait here, I’ll call the police. You’re a racist.” I trapped him there. He ran away in his car. He didn’t come for a while. Now he comes shopping again from time to time. I mean, we experience things like this too. It makes you feel offended.","Social, Living environment","Discrimination, Integration, Language barriers, Motivations to migrate, Belonging",The Netherlands,permanent,35-44,Turkey,Male
"We came from a poor family. I mean, this is the basis of Turkey in general. We had a poor life. We had the experiences of a poor life. The things we went through somehow made us, and by we I mean myself, choose a direction. We made the right decisions and wrong decisions. I have been working alone since I was 8 years old. I am a person who started working when I did not know the way to the shop, the place where I work, when I did not know how to get there and back.","Economic, Living environment","Education, Income, Work/employment, Motivations to migrate",The Netherlands,permanent,35-44,Turkey,Male
"I try to promote Turkey as much as I can. When Dutch people want to visit touristic areas in Turkey, I recommend places and I send greetings to Turkish people at those places so that they can interact with each other. You know, the Dutch love such things. For example, “We are coming from Holland, [Name] sent his greetings,” they like this very much. I know this, so I do something like this. I introduce them to people there. Food, for example. I bring food from Turkey, if necessary. I let them taste them here.","Social, Economic, Living environment","Integration, Motivations to migrate, Belonging",The Netherlands,permanent,35-44,Turkey,Male
"At that time, in the eighties and nineties, there were already Turks and Moroccans. as foreigners. Moroccans. Apart from that, there were not many. But after 2000, with the outbreak of this war, Afghans multiplied. Somalis multiplied, there were people from Syria. So it has become quite multicultural now. So foreigners have multiplied. Of course, when we walk on the street, we sometimes wonder if we are refugees too. It has multiplied so much.","Social, Living environment","Integration, Belonging",The Netherlands,permanent,45-64,The Netherlands,Male
"After going through a lot of trouble together with my single-mother, I felt a little more comfortable there. But life has its ups and downs. When I came here, to be honest, I had a lot of debts. But that’s since I couldn't work much, my mother-in-law and father-in-law didn't have a pension in Turkey. So, we were always running. What are you going to do? Life is a test. My daughter is studying at university, she still has one year to go. I provide for her. Thank God, my troubles are gone since I came here.","Economic, Living environment","Education, Income, Work/employment, Health, Belonging",The Netherlands,temporary,45-64,Bulgaria,Female
There were people from my own relatives in Holland. They said it was very good. I had never travelled abroad before. I came with their advice but I was satisfied.,Social,"Discrimination, Integration, Motivations to migrate, Belonging",The Netherlands,temporary,45-64,Bulgaria,Female
"You can get everything here. But I don't know about those who live here permanently. But now we only pay rent. We also have health insurance deducted from us. The company makes us pay them. Both rent and health insurance. That's why it's clear to us that you can get as much as you can, I mean, you have more opportunity to get it here.","Economic, Living environment","Housing, Work/employment, Health, Belonging",The Netherlands,temporary,45-64,Bulgaria,Female
"I mean, even though I am wearing a headscarf here, most people say hello. I'll even tell you something. One day when I was in another city, I was going to Lidl. On the way to Lidl, one person passes by and says hello, two pass by and say hello. I was surprised. I greeted them back. When I came home, I said, ""Son, it's like this.” He said “Mum, it’s like that here. Say hello back to them.” I said, ""I already did, son."" Honestly, I didn't expect such a thing and I didn't know. In Turkey, they don't even say hello.","Social, Living environment","Discrimination, Integration, Belonging",The Netherlands,temporary,45-64,Bulgaria,Female
"But since there is no definite return, because we only go there for a month or 6 weeks, we are attracted to this place because our home is here. We got used to our surroundings, neighbours, our life. I am not really uncomfortable, I love my country, Turkey. Both the Netherlands and Turkey. For example, if I lived in Turkey for 25 years, it has been 30 years in the Netherlands. It's more. But I also have memories of my childhood in Turkey. But in the end, I want to come back to the Netherlands.",Social,"Integration, Belonging, Future migration plans",The Netherlands,permanent,45-64,Turkey,Female
"We still embrace each other here, no matter where we are from. We are always together. The mosque is a different thing. We have day groups. We go on outings like... Was it last July? Last summer 50 of us travelled to The Hague with train tickets. All of us. Imagine that. We'd go on mass trips like that. We'll go to Germany once or twice, to the bazaar and so forth. It's nice. We're used to it. As they say, we're Germans [Alamancı] in Turkey. German [Alamancı] there, foreigner here. It really is, but you can't be from there either. Here, even if you say you're from here, there are still people who don't accept it. But I'm half and half. Half and half.","Social, Living environment","Discrimination, Integration, Belonging",The Netherlands,permanent,45-64,Turkey,Female
"I said to the teacher, I've been coming here for years, I've been attending language courses, summer courses, I said I want to learn in a more capable way. I said I want to do everything myself. By the way, there was an Inburgering (Dutch Integration Course) before, but it exploded across the Netherlands. I went then, I went for a year, I already knew a lot. They said it would be difficult, they said it was difficult, difficult, difficult. They scared us so much. I was always the first to go to there for the exams. I said it wasn't difficult at all.",Social,"Education, Integration, Language barriers",The Netherlands,permanent,45-64,Turkey,Female
"My cousin, for instance, I get on really well with him. We're about the same age group. And I went on holiday with him to Bodrum once we were in Turkey. And he also came to the Netherlands once and then we came here. Yes, I actually let him tour a bit. Showed the Netherlands.","Social, Economic","Integration, Nature, Belonging",The Netherlands,permanent,18-34,The Netherlands,Female
"If you grow up as a generation with few people of a different colour in your class or a different religion, you're not used to that. And the generations that follow have. And then you normalise, you can only normalise. And that is where these, this city for instance, is still very much lagging behind if you compare it to big cities for instance.","Social, Living environment","Discrimination, Integration, Belonging",The Netherlands,permanent,18-34,The Netherlands,Female
"Our neighbour now sees us as people who have always lived there and belong. And now the new newcomers, are the new invaders and people who don't belong and the strangers so to speak.","Social, Living environment","Discrimination, Integration, Belonging",The Netherlands,permanent,18-34,The Netherlands,Female
"What most Turkish people do, and I'm talking about my mother's generation. They come together once in a while, for example such a Gün (day). People come together at home and the host takes care of the food. They collect money and then kind of help each other actually. Every time you go somewhere, you give €100 to that person and when everyone comes to you, you get all that money back, for example. So in that way people still speak to each other often.","Social, Economic","Integration, Belonging",The Netherlands,permanent,18-34,The Netherlands,Female
"RESEARCHER What helped your parents adapt [...] more easily? INTERVIEWEE My father, his work, I guess. He just had a job and there he did have contact with Dutch people, for instance. Well, in that way, it was a way for him to really find his place in society. And for my mother it was mainly the integration course. But then again, my mother is also quite an intelligent woman who likes to learn. That is a prerequisite, because an integration course can also be very stressful, is what I notice now. Because I also work with newcomers, so that's the other side. It doesn't apply to all kinds of people.","Social, Economic","Education, Integration, Work/employment, Belonging",The Netherlands,permanent,18-34,The Netherlands,Female
"Two of my children started school. The school provided children carers. They looked after them in a room at school. We had lessons in another room. I went to those language classes for 3 or 4 years, probably once a week for 3 hours. Then the children learnt from school and by reading the subtitles on the television. We started going to the neighbours, drinking coffee and talking. The children were playing all together on the street. They would go there and eat. They would come to me and eat. And so on and so forth.","Social, Living environment","Education, Integration",The Netherlands,permanent,45-64,Turkey,Female
"I suffered a lot from my in-laws. Not in terms of fights, but financially. I mean, the situation was like that. They were relatives. In terms of their financial situation, they had fields in the village [in Turkey]. But there was no father, no one working. Since my husband was the eldest, all the burden was on him. I had a lot of trouble. He used to support them financially. Half of half a loaf of bread will be divided. Because he has to. He has a mother and three unmarried siblings. Just her pension. They can barely feed themselves from the fields.","Social, Economic",Income,The Netherlands,permanent,45-64,Turkey,Female
"We had a certain line what we had to say when I was working in the tourism sector in Turkey. It seemed like we could offer work to the villagers there. That was true. [...] But [it] was played a bit like that, as if we were holding people back there so that they they would stay there to find work instead of moving to big cities and from there to Europe, so to make people stay [in Turkey]. And then that was the line: We offer people work here, so if you start buying here then the ball will start rolling. [...] It's a very nice place to work, though, because most of my colleagues came from Europe. And of course they were trying to find a place there and we understood each other. And the visitors who came were surprised by how well my Dutch is. And they gave me liquorice, you know, things like that because I missed that. And that was really nice work.","Social, Economic",Work/employment,The Netherlands,permanent,45-64,Turkey,Female
"Sometimes my mother also worked. She worked for six years in a row and in addition, she worked occasionally because she sat with us. But I just notice that those times. They had a very hard time, only they were welcome because they were brought here. Now we are no longer welcome. Now they just want us gone. Us yes, foreigners or you see that right-wing party being elected, right? So I assume then that people, the majority, have trouble with foreign people. We don't actually belong anywhere. I mean about the second generation then. You might feel at home here, but we don't belong in the Netherlands, but we don't belong in Turkey either. In Turkey, they say Almancı, and here they say, you came from. Wherever I have worked, oh how well you can speak Dutch, how different your name is. Where are you originally from? That's always question number one. Always it is asked. I think they had easy jobs and a lot of things were easy to get into, to learn Dutch. My mother had a teacher at home. And now I have a daughter-in-law who is from abroad and she is studied. She's a stylist, she can speak good English and her own native language. She just got there and she has to pay €3,000 for 3 years of Dutch language courses. And then they go and see if you are advanced and then I think what the hell do you know? How crooked! You don't give her anything anymore because you don't have any ‘money’. Now she has to learn on her own. She has bought books. Because she doesn't get the money for it. And they are just starting out in their lives. My son is a high school teacher, but he couldn't do his job because it was just 12 hours and he wants to bring his wife here and then he has to have a one-year contract and have a certain salary. So then he can't do his job, he goes to work at a factory to bring his wife here. It's just a very strange world. In our parents' time, everything was given and you were welcome. You did the dirty work, thank you very much. And now we are actually a burden to them. “They don't leave anymore. They are no longer guest workers, they are settled here and only more are coming.”","Social, Economic, Living environment","Discrimination, Education, Integration, Language barriers, Work/employment, Legal barriers, Motivations to migrate, Belonging",The Netherlands,permanent,45-64,Turkey,Female
"They had that tendency to keep going back. That was always a talk of the day. Well, saving money, oh, we shouldn't buy something new. Second-hand, because yes, when we go back, where should we take it? How can we take it with us? That's how you used to hear. That's how you lived too. You lived every time with the idea of. Oh, we'll go back sometime. We didn't get new bikes, second-hand, because there was no money for that, because my father worked alone. And my father did make sure we went to Turkey every year so we got to know our family and the language. We also only spoke Turkish at home.","Economic, Living environment","Income, Integration, Belonging, Future migration plans",The Netherlands,permanent,45-64,Turkey,Female
"Let there be fair opportunities. See people's effort. See that they go to school and give them a chance. Don't just look at diploma but also background. Look at capacity. A person does not consist only of a diploma. Why can't you hire the person? It is not because the person is not intelligent but only because it was not allowed. That opportunity has been taken away from her hand. Try to look beyond that piece of paper. Look at what people did before, did now and after. Tackle it more comprehensively.",Social,"Education, Work/employment, Legal barriers",The Netherlands,permanent,45-64,Turkey,Female
"My father was a cattle herder, I was eight years old and my brother was six years old. When my father came here, my mother, me and my younger brother were herding cattle, he got dressed without saying goodbye to us and came here quickly. The jacket was from someone else, shoes from someone else, my uncle's jacket, shoes from one of the relatives, the conditions were not good.","Economic, Living environment","Education, Integration, Work/employment, Motivations to migrate",The Netherlands,permanent,45-64,Turkey,Male
There were no Turkish things here. I opened the first Turkish food company in this city.,Social,"Integration, Work/employment",The Netherlands,permanent,45-64,Turkey,Male
"[owner of a food company:] The customers are mostly Dutch. 99% Dutch. I already have the Dutch mentality. I open on time and close on time. I never compromise my work. I have such a habit. I go half an hour earlier, but I don't stay more than half an hour. I have such a discipline towards myself.",Social,"Integration, Work/employment",The Netherlands,permanent,45-64,Turkey,Male
"[owner of a food company:] At first I suffered a lot from the municipality. They wouldn't give me permission where I could stop. They wouldn't give me permission, they said they didn't have any. I travelled from market to market for five or ten years. When I was working at work, I used to look at the newspapers during my break. I would immediately go to the chief. My boss helped me a lot. The Dutch helped me a lot. They also helped me a lot financially while I was setting up this business. When I needed financial support, I would go to the boss and he would say okay, but look, 40 people work here, you won't call out to anyone. I would ask for 750 or 1000 euros and he would have no problem with it. I would ask him to cut it from my salary, or if it was too much, I would say cut it from there, and he would do it. So he was very interested. In order for my business to grow, he would bring 40 people so that I could make money. The food was good, of course. They have helped me a lot. I'll never forget their kindness.","Social, Economic","Income, Integration, Work/employment",The Netherlands,permanent,45-64,Turkey,Male
"But now language is a must. It was different in my father's time. But now, for example, there are newcomers who come with the logic that Europe is very good. They think that they can buy a car in Europe for two or three months. But look, all the young people who come here have difficulties. As we have heard, there is no such thing as coming here and finding a job immediately. I asked someone do you think that they are waiting for you? What business will people have with you? You didn't complete your education in Turkey. You are twenty years old. You have no education. You don't speak any English, let alone Dutch. What business do I have with you? Nothing. In my father's time there were more physical jobs. Because my father was very brave. He also did physical labour. Nowadays people say they don't want to work in a factory. English at the desk. People are not waiting for you to come and sit down. They think too easily.",Economic,"Education, Language barriers, Work/employment, Motivations to migrate",The Netherlands,permanent,18-34,The Netherlands,Male
"I've wanted to buy a house in Germany it since I was a kid. We live 15 minutes from here. We are right on the border. Since I was a child, we had family in Germany and Austria and I saw that their houses were big. Cars were cheaper. It was more advantageous financially. Instead of paying 600 euros for the car I use here, I pay 400 euros in Germany. For example, we can do shopping for a maximum of 80 euros. Everything is included. In the Netherlands you pay at least 150 euros for it.",Economic,"Housing, Transportation",The Netherlands,permanent,18-34,The Netherlands,Male
"Dutch people are different. Here, I can walk very easily in the bazaar with my wife, but in a big city where there are many foreigners I feel more uncomfortable. Dutch people are cooler, they are not interested in what others do. But the behaviour of foreigners is worse.","Social, Living environment","Discrimination, Integration, Belonging",The Netherlands,permanent,18-34,The Netherlands,Male
In the last five years the municipality here has been voted the worst municipality and unemployment has increased a lot. There are very few job opportunities.,Social,Work/employment,The Netherlands,permanent,18-34,The Netherlands,Male
"I always took the initiative myself in the [life]story I just told. Always learning a language, finding a job, joining life as soon as possible, doing something as soon as possible. Because this increases your self-confidence as soon as possible. Also, you know, when you are like this, you have a responsibility. You have a spouse, children, you are starting a family, a good future. The conditions in Turkey were very good. Now you are trying to rebuild everything from scratch. Making a new mistake. When that happens, everything is very difficult. I told myself that if I start as soon as possible, I will get through this process much faster. Yes, I believe that I have found a really good job through this work-study project. My environment consists of very good, very high quality people. In other words, I can say that I was able to find a job that is almost similar, maybe the same as the job I was doing in Turkey. This, so to speak, is not everyone's fortune due to these difficult conditions. I am not talking about a personal talent or character, because there are many obstacles you have to overcome.","Social, Economic, Living environment","Integration, Work/employment, Legal barriers",The Netherlands,permanent,35-44,Turkey,Male
"I think it is enough to do a little research rather than a conscious choice. Because especially if you are going to Europe, if you do not have any support at first, if you do not have the means to stand on your own feet, you choose countries where the social state is at the forefront. It makes more sense to choose. Because why? You will definitely need support when you first start your life. This was the Netherlands because it is a state with a strong social aspect. Maybe it could have been Germany, maybe Belgium, I don't know, maybe Switzerland. In other words, the Netherlands is a particularly prominent country in Europe, or a strong country economically. Also, the progress of the official procedures of the immigration process varies in each country. For example, in the Netherlands you apply for citizenship after 5 years, in Switzerland you apply after 10 years, and so on. When you consider such things, there are pros and cons.","Economic, Living environment","Income, Integration, Legal barriers, Motivations to migrate",The Netherlands,permanent,35-44,Turkey,Male
"We sell mainly Turkish products. And yes, sometimes people are curious about that, non-Turkish people. And then I explain some things. Or then they are looking for something. If they don't know how to use it, or if they are looking for something sweet, I just suggest Turkish things. We have baklava, we have Turkish fruit. They like that.","Social, Economic","Integration, Belonging",The Netherlands,permanent,18-34,The Netherlands,Female
"RESEARCHER Do you take anything Dutch with you to Turkey? INTERVIEWEE Oh yes I used to. Always used to have mayo, sprinkles, peanut butter. That went that way, that was in our childhood huh? Back then you didn't have mayo and stuff there. RESEARCHER That was more for yourself then. INTERVIEWEE Yes for myself. For them, yes liquorice and so on we did take. And my grandmother had worked in the Netherlands, so she always wanted herring. Things like that. We always brought cheese. Chocolate. In the is maybe also something why we are tired. We from the Netherlands always take something with us. We from the Netherlands never ask for anything. Yes, no, it won't be any different with you. We Turks from the Netherlands pay everything , don't we? When they come here and when we are there, so sometimes I think. What the **** who are we going to continuously please? Yes I think I get tired of that actually somewhere. While I actually really like giving presents, don't I? I got that from my mother, unfortunately. So we can never go somewhere empty-handed, but we always come home empty-handed. But it's quite an investment always. Or a lot of planning. Well. We do it with love notwithstanding. But I take everything with me, if you ask me, it can be anything from branded shoes to clothes, food, cheese.","Social, Economic","Integration, Belonging",The Netherlands,permanent,45-64,The Netherlands,Female
"The advantage of growing up here is that you have a better command of the language than people from other cities, I think. If you talk to primary school children here, who compared to other primary school children in big cities, you name it. I think the children here learn the language better. Better command of the language which also makes you not stand out.","Social, Living environment",Language barriers,The Netherlands,permanent,45-64,The Netherlands,Female
"Now I don't prefer living in big cities at all. The air and water here is better. We live in a house with a garden, not in an apartment. There is no such opportunity in big cities.",Living environment,"Housing, Nature, Pollution",The Netherlands,permanent,65+,Turkey,Male
"RESEARCHER: I guess at first there was the idea of sending money there and returning back. INTERVIEWEE: Yes, we did. We had a house there, we saved money, we said we would go back, but we couldn't. The children are here. In Turkey, mother and father died. That place is over. So we stayed here.","Social, Economic","Housing, Income, Integration, Motivations to migrate, Belonging",The Netherlands,permanent,65+,Turkey,Male
"I wouldn't say a Pole is a wolf, but in my opinion there are some nations who, when they are not on their territory, have it in their genes to help each other. But these are not Poles. Everyone does their own thing. One to the other: ""Haha, I have it better than you"" Pity. My personal stance is that you always have to help people. That's why I work where I work, I do something for the person who needs my help.",Social,"Integration, Motivations to migrate, Belonging",The Netherlands,permanent,45-64,Poland,Female
"A fish goes bad from the head. So if the top, i.e. foremen, management and above don’t give a shit, the workers won't either. Without workers there is no factory.","Social, Economic","Integration, Work/employment, Motivations to migrate, Belonging",The Netherlands,seasonal,35-44,Poland,Female
"Also it would be nice to change this job to another one, we would be the new ones again, there wouldn't be so many of these responsibilities, but still, I like them [the bosses]... I like not so much that I get to spend time with these people who work with us here, but I'm treated well by the bosses. We've kind of developed... maybe respect is too much to say, something like maybe respect. They've always been fair enough to me, if it's about work for my kids or any problems and we've had to go....","Social, Economic","Discrimination, Integration, Work/employment, Belonging",The Netherlands,seasonal,35-44,Poland,Female
"RESEARCHER And are you better off living here than in this other part of Holland? INTERVIEWEE I mean, with a partner, yes, it's better, it's just that there's not much work in this area, for example. Well, it's only in this respect that I'm here, but you have to commute somewhere. there's somewhere else to work, but you have to commute, and we don't have a car, I don't have a driving licence, and so on, so it's a bit difficult.","Social, Economic, Living environment","Income, Integration, Work/employment, Belonging",The Netherlands,temporary,35-44,Poland,Female
"And at one point it was the case that I was working seven days a week, I was always the first one to open the company, close it and so on. A lot of responsibility, e.g. buying machinery for a couple of million, I was talking to these companies about what I needed. And when this person came at that time, I got a blow [metaphorically]. It started with everything starting to hurt, I couldn't cope. I was a tough guy, but out of nowhere tears were coming out of his eyes. There was no need to go to the doctor, but I finally went, because I had such pains in my chest that if something fell I couldn't lift it. I went to the doctor, the doctor said that I had come a bit too late and I had already crossed the red line, I was not to go to work anymore. For me it was unthinkable. When people used to tell me they had job burnout I used to laugh that it didn't exist. Until it hit me.","Social, Economic, Living environment","Work/employment, Health, Motivations to migrate",The Netherlands,permanent,45-64,Poland,Male
"RESEARCHER and how did it work out that you left Poland? INTERVIEWEE: well for the money, of course. Because that's basically the main argument why people leave their country, it seems to me.",Economic,"Income, Work/employment, Motivations to migrate",The Netherlands,seasonal,35-44,Poland,Female
"RESEARCHER: and how did you cope with missing your daughters? INTERVIEWEE: well that was difficult.... I don't wish anyone to have to make such decisions. Well, but then somehow I knew that what we were doing was doing it for them, not so much for ourselves but for them, so that they would be better off. And now, looking back, I know that it was a good thing","Social, Economic","Motivations to migrate, Belonging",The Netherlands,seasonal,35-44,Poland,Female
"And I will tell you this: when you come to Poland for a short time, for holidays, for a week's holiday, everything seems nice. But if you're here for a longer period of time and you have health or other problems, I'm simply not up to it. For me, the Polish system is so hopeless at the moment that it's sad to say. My heart was cut into four pieces and I thought to myself: I'm never going back to Poland. I simply don't belong there.","Social, Economic, Living environment","Integration, Health, Motivations to migrate, Belonging",The Netherlands,permanent,45-64,Poland,Female
"And then there came that moment when my wife was obviously depressed; that if she couldn't find anything she was going to go back to the greenhouse. I said: “woman, you have two faculties, you need to aim higher, no?” Well, she ended up in this company in a village […]. I advised her against it because I said ""it doesn't even look like it, try somewhere in some bigger city. At least let them have an office!"" The office was in a family house [...] She lasted there for probably six months […] But we had no liquidity. She was working hard and he [the boss] wasn't paying her money regularly. So it built up after that, she was probably three months behind. And there was still the threat that she couldn't leave. And she was already looking for something else in the meantime. [...] But I remember like today that it was also closer to Christmas, that she had a copy of a contract slipped under her nose, with extra stipulations about where she can't work. A clause so that she would sign it, so that the boss could take her to court [if she goes working somewhere else]",Economic,"Discrimination, Income, Integration, Work/employment, Legal barriers, Motivations to migrate",The Netherlands,permanent,35-44,Poland,Male
"And to this day I think there is a form of discrimination, because it was always like that: this one is still living so many years and he doesn't speak Dutch. Well, one can pick up the language faster, the other less fast. One has a head for languages, the other doesn't. So if someone arrives at a certain age and has never had an aptitude, they will never speak well, whether they want to or not. On the other hand, people who come from England, from Italy, above all from England, from America, from Canada, they come here and after 10 years they don't speak a word of Dutch, because they all speak English and they have such a job that they can do everything in English. And no one there pays any attention to the fact that after 10 years they do not speak a single word of Dutch.","Social, Living environment","Discrimination, Education, Integration, Language barriers, Belonging",The Netherlands,permanent,45-64,Poland,Female
"INTERVIEWER: are you thinking of returning to Poland? INTERVIEWEE: not now. After so many years, there's not even much to go to. I mean I have a brother who has his own life, his own family. I don't have a flat in Poland. [...] If I were to return to Poland now, I suspect I would have a big problem with reality. So imaginary, lovely, warm, loved and beautiful. If I were there permanently and it turned out that she [Poland] might not be so nice and I am really alone, because the world has changed, it could be a problem.","Social, Living environment","Housing, Motivations to migrate, Belonging, Future migration plans",The Netherlands,permanent,45-64,Poland,Female
As long as you are fit and able to work then everything is great. When your health starts to fail then the problems and pressures start. And we didn't want those pressures and we ran away from the company. We said we wouldn't let ourselves be treated like that.,"Social, Economic, Living environment","Work/employment, Health",The Netherlands,permanent,35-44,Poland,Male
"Because when it comes to supplies in the company we have free coffee AND tea. They have put in an extra water station so there are no queues. Papers, soaps, towels. We have everything. In the previous company, we sat on a trailer in the garage and ate from our knees. Here we have plates, cutlery, it's so normal that you don't have to carry paper under your arm when you go to the toilet. The canteens are cleaned every day. It's so good that you sit at your seat at the table, you don't sit in some corner. At [different job] they didn't have a canteen, and we felt so rejected, because the Dutch and their children sat at the table, and the Poles sat on crates, backpacks under their feet, so it was a bit difficult for us. And here everyone has their own seat, we leave our phones, no one rummages. There are an adequate number of toilets, there's no ban on going to the toilet between breaks, where in other companies it was different. From time to time there are cakes, meetings, the boss's birthday. There is a great mobilisation then, there are scenes built from crumpets, nicely decorated, there is some refreshment. My friend and I set up these tables. We all come together, there is music, there is dancing, music from the different countries. One of the sorting plant managers was having his anniversary here with his wife, he invited all the employees. We felt so honoured, because he doesn't know us very well, and he invited everyone. You know, that's when you get de-stressed, put on better clothes and some make-up. It's not a bad thing. It's so nice that people who are well-off invite ordinary employees who they don't even know, because there's a lot of turnover and a lot of people.","Social, Living environment","Discrimination, Integration, Work/employment, Belonging",The Netherlands,seasonal,45-64,Poland,Female
"But it was hard to get a job of any kind [in Poland] to have money for renovations, for repairs. We had to take out loans for everything. And now we have liquidity, we don't have to worry about having to pay for gas. We can buy goods without having to worry about whether we'll have enough for the rest of the month.",Economic,"Income, Work/employment, Motivations to migrate",The Netherlands,seasonal,45-64,Poland,Female
"Generally there is a lot of turnover here, because you know - someone will come, even at the cottage I had a couple of people who were not fit to work and it was because of their own unwillingness to work. So they left or were fired. And that was it. But well I've been sitting for a year. And a couple of people for a couple of years now. So if they've been sitting here that long then apparently it's not so bad. I can at most complain about people. But about the work? Well it's hard, because it's just a physical job. You sit on that greenhouse, it's hot. If you're sick you write to your boss there, someone will just pass it on. You can't today, because you can't. I, for example, was playing on the pitch here recently and I bent my toe and it started to swell. I couldn't put a shoe on, so I couldn't go to work. So I told my partner to tell the boss and it was ok.","Social, Economic, Living environment","Housing, Work/employment, Health",The Netherlands,seasonal,18-35,Poland,Female
"I also came with the employment offices and as far as I know, the working conditions are improving, the situation is changing, because Poles are no longer coming to work for half a year but to settle down, buy a house, have prospects. Maybe there should be more emphasis on learning the language, more open teaching, more effective. Apparently, there are these schools in the municipalities, but they don't have the efficiency to speak properly, to improve. And besides, Poles manage, everyone has their own place of work, activities. Those who have contacts are happy. And if they don't, they go back to Poland then and search there. They are young, they have their whole lives ahead of them. Everyone is just giving it a try.","Social, Economic, Living environment","Education, Integration, Language barriers, Work/employment, Motivations to migrate",The Netherlands,permanent,45-64,Poland,Male
"I came here and... If someone likes to work, they will work, regardless of whether the work is hard or light. I actually like working, I don't mind. I laugh, there's a sorting office here, it's typically muscular work, for guys. They don't want to put me there. And I just love working there! Because I can unload there. I really do!",Economic,Work/employment,The Netherlands,seasonal,35-44,Poland,Female
"I even talked to my girlfriends, that there was this lady and she was coming here and I would have to tell her why we were sitting here at all in this [region]. And they both say: ""don't tell her it's nice here, because some people will come here soon, and it's nice here, because it's so peaceful"" And that's the truth. If you have that pressure to go to a bigger city then you get on a train or in a car and there I am. Whereas if you want peace and quiet, greenery and fresh air then you come back here. That's the mindset of people here.","Social, Living environment","Nature, Pollution, Transportation",The Netherlands,permanent,45-64,Poland,Female
"I met my partner here, so you look at life in a different way, I don't have to be here, I don't have to return to Poland, but I made a decision to live with this man, so I automatically have a different approach to it, it's not like it wouldn't work out in Poland. So there is a completely different attitude, whereas I know that they also look at us in this way and they look at us as addicts, some alcoholics or thieves. I have also heard a lot that Poles steal. So it's more that way. Sometimes, of course, working in an employment agency, I see this and I myself am ashamed of my compatriots, unfortunately I have to say this, because some of them... They behave tragically and I won't defend that here because I have a problem with them myself. But there are also people who want a more normal life here, they are normal, they are educated. I work with people who have finished university here, so it's like them too, the Dutch also see that they treat us a bit as if we're a bit more stupid, and in fact they don't realise that when someone finishes their baccalaureate, they already have a higher education than them.",Social,"Discrimination, Education, Integration, Belonging, Future migration plans",The Netherlands,temporary,18-34,Poland,Female
"It is good for us that we are here on Polish contracts. We are collecting for our pension, so the minimum rate here is converted and contributions are made on that rate. So this amount is 2.5 times more than what we earned in Poland. So this is a big advantage for us.",Economic,Income,The Netherlands,seasonal,45-64,Poland,Female
"I was the only Pole in the company, if a Dutchman didn't like it he would go to the boss and say ""What is this Pole thinking?"" and the boss would say: ""If this Pole thinks like that, that's the way it is. If he says you shouldn't come to work tomorrow, that's the way it is. I don't have time to talk to you, that's what he's for"" [...] I had the feeling that I was standing 0:1 backwards [in relation to the Dutch]","Social, Economic",,The Netherlands,permanent,45-64,Poland,Male
"I was very happy to see something different, to be in another country. I was also living with my mum when I left so it was kind of like cutting the umbilical cord to some extent for me as well. I just couldn't wait to move away from that mum. Because even though I was working two jobs really, because I had my own business and I had a hostess for that, well I couldn't afford to, I don't know, buy a flat, for example, or even rent a flat, because those were kind of weird things too. So it was like a little bit of that covid pushed me into this quite big decision that was already somewhere in my head. It's just that Holland just came up.",Living environment,"Housing, Work/employment, Motivations to migrate",The Netherlands,temporary,18-34,Poland,Female
"I would say the same as everywhere else, as I would have in Poland. Because there are good people and worse people, right? In this sense, in terms of contacts. It's not that I experienced any discrimination. I would rather say that there was a certain unfamiliarity, right, and it's only when you simply talk to people and when they see that there's nothing to fear that we somehow talk on the same level, and that's obvious. On the other hand, it depends on the person whether someone is open or not. there are people here who are very nice and open, but there are also people who are closed. And it doesn't really depend on whether you are Polish or Dutch, it just depends on who you are.",Social,"Discrimination, Integration, Belonging",The Netherlands,permanent,45-64,Poland,Male
"I'm not thinking about anything permanent at the moment. Neither am I thinking about building a house, because I have two houses from my mum and my dad, so... I don't want to have kids, so I won't spend on that either. I spend on a guy sometimes, on myself too. Possibly there I like - I have a godson, my brother's kids. But I don't really have such a personalised goal. Because others are building themselves a house, putting away money for a car, for children, for debts. And we don't have such commitments. I never wanted to have such commitments either.",Social,Housing,The Netherlands,seasonal,18-34,Poland,Female
"It's cool [here]. In our case it was a plus. At the moment, when we go to [bigger city in Poland where they come from], we're so overwhelmed by the hustle and bustle. Life in general in the Netherlands, despite all the cultural, political and national differences. This is where they take a relaxed approach to everything. Although there are times when the Dutch are shouting and nervous and they are right and that's the way it's supposed to be, but generally as a society everything is calm. If you have to do something, do it calmly, do it well. Whether it's going to the shop, whether it's going to the office, whether it's going to the doctor - it's all so human. And in Poland, when you go into a shop, whether it's a supermarket or public transport, whether it's in a shopping mall, they're all so entitled, they're perpetually upset. They live under permanent stress. And it's not uncommon for us to live here for long periods of time, and if we go to Poland for two weeks, we need two days to get used to it... even just driving in the city streets. Here everyone tries to obey the rules, if you see a car going too fast or a driver behaving suspiciously, you know it's not Dutch. Even though it has yellow plates, you know it's probably Ukrainian or Polish.","Social, Living environment","Integration, Motivations to migrate, Belonging",The Netherlands,seasonal,35-44,Poland,Female
"Well I know quite a lot of people like that, people chase money, it's easier to live here and there's always work somewhere. And in Poland, well, there was a time when it was hard to find a job, or people had to make connections to get a job.",Economic,"Work/employment, Belonging",The Netherlands,temporary,35-44,Poland,Female
"Well... I think the thing that hurts the most is that even if you have a team of nice people, if you want to develop in a different direction, they make it awfully difficult for you... We also had a situation with our first child, because when my daughter was born we did a few more hours at the greenhouse, plus me at the florist, we couldn't find a nursery from 7 o'clock either. And we 7.30 should have been at work already. Sometimes at 6 as there were hot days. So also a stroke of luck, we went and made appointments at 3 different places and the headmistress made us the facility that we could at that half hour earlier. We rescheduled with the employer that we could only be 15 minutes late, well it all came together. But again, our colleagues were unhappy, because how could we... But we had 15 minutes less on our weekly pay, so it wasn't free... But that was people's attitude and we also wanted to get away from that environment as quickly as possible. And it worked out well for both of us.",Social,"Work/employment, Legal barriers, Belonging",The Netherlands,permanent,35-44,Poland,Male
"Today, when I look back on it, it was a crazy idea, you get wiser with age, but then I was in my twenties and I said, OK, I'm going there, there are no problems, what a different country. Today I look back on that decision, I would say it was quite a risky one. Because a lot of things could have happened to me, but they didn't. I mean, I had a lot of things in my life. I mean, I had a lot of strange incidents, but I think it was only with Poles, really, on those warehouses, that there was the biggest problem. I'm not saying that the Dutch are all that great, but the Poles really went out of their way there in many respects. Especially the men who are rejected [by women] there have quite a big problem to accept later that they are rejected, so they do some strange things.","Social, Living environment","Work/employment, Motivations to migrate, Belonging",The Netherlands,temporary,18-34,Poland,Female
"Recently, literally before we met, I had an emergency. The kindergarten called, my child wasn't feeling well, they suspected appendicitis. I carried him from the kindergarten to the hospital because he couldn't even walk. And then they told me, ""We don't have a pediatric surgeon, we don't have a pediatric surgery department."" They couldn't even do a full examination because there wasn't a doctor who could, well, give a conclusion—a pediatric surgeon, that is. Well, only a general practitioner, for example. And then the doctor asked me, ""Can you take the child to the hospital in Opole right now?"" I said, ""I can't, I don't have a car."" I started calling work, asking my coworkers if they could take me. And the doctor then got through to an ambulance, and we went to Opole. I do, but since our city is small, not all doctors are available. I have to travel to neighboring big cities, like Opole or Wroclaw, if I need anything. There's also this moment which is very interesting in Poland. It's easier with doctors in Ukraine. There aren't such long queues. Here, if you need to see a doctor, you can make an appointment and wait a maximum of two weeks. Here, the queues are so long. I had a situation with my child. He needed to have his adenoids and tonsils removed. And he had a doctor's referral. I called five hospitals, and they all told me the waiting list was three years. Three years. But my child needs his adenoids and tonsils removed. And he can't wait three years. I was forced to go to a private clinic. Well, luckily, my work gave me a deduction. And I paid for the removal in Opole, the surgery.",Social,Health,Poland,forced,30-39,Ukraine,Female
"I worked as a furniture designer and as a designer of various bathrooms in a large tile hypermarket. I also worked as an interior designer. Now, at the moment, here in Poland, I've been in contact with companies and also doing some work remotely, well, just sort of in dialogue. First of all, the first thing I did when I came here to Poland, without knowing the language yet, was start searching online for the right CV for Poland. I used a translator—maybe it wasn't quite right at the beginning, broken, incorrect—but I started by writing my CV. And that CV helped me, I mean. Then, when I started learning the language, I realized I needed to rework it. I reworked it, and when I started sending my CV to job postings, I also started adding motivational letters. And that's how I looked for work. I think if I found at least some remote, short-term jobs, I think it means what I simply described in my CV was enough.","Social, Economic",Work/employment,Poland,forced,30-39,Ukraine,Female
"It was easy. There were designated spots for Ukrainian children. When I was looking for a place, I went to the government department, the department that deals specifically with education. The staff there were very helpful. They immediately called around the kindergartens and gave me a referral to a specific one that had told them there were spots. I went, and my child was enrolled right away. It was early spring. And literally a month later, my child started kindergarten. The adjustment process was, of course... Every child is different, but my child had a very difficult time adjusting. We even went to a psychologist, and they gave us a referral from the kindergarten to a clinic that specializes in psychology. We took tests there, had sessions with a psychologist, and then we were assigned to a psychologist at the kindergarten. And a speech therapist so he could learn Polish better and adapt faster. And after these sessions, the adaptation process began very, very quickly.",Social,"Education, Integration",Poland,forced,30-39,Ukraine,Female
"I wasn't able to attend any courses because they were in the evenings, and I had no one to look after my child. I learned the language myself online, through online courses, and I studied at work because I work with Poles.",Social,Language barriers,Poland,forced,30-39,Ukraine,Female
"At first, we were placed under the guardianship of this employer. We lived in the same building. It was a large private house, several floors, and several families lived there. Firstly, it's a small town, there were a lot of Ukrainians, and all the apartments were occupied. It was very difficult to find a free apartment at all. The second issue is the occasional contract. If you have a child, many landlords don't want to sign a lease agreement through a notary without this occasional contract. That was also a problem.","Social, Living environment",Housing,Poland,forced,30-39,Ukraine,Female
"We came 8 people: me, my mother, my sister with two children, my niece with a child, and my grandson.We lived only in Olesno, because we had many children, three, at the time we left and therefore it was very scary to leave at random, three children and my mother was already at such a respectable age.We got an apartment here. First, the girls left, they returned, my sister, children, niece and nephew. I, my mother and my grandson stayed. We pay for the apartment ourselves, but it is social housing, we have a direct agreement with the government. It is not very suitable, because it is very small, 27 square meters, that is, a single's apartment, well, it really is not suitable, but we have nothing else. I pay for the apartment, it is quite expensive to maintain the apartment, because it is completely powered by electricity. We have heating, meaning radiators, water, we have bathroom heating, a stove, a kettle, it's all on electricity, that is, somewhere on average, my apartment costs a month, somewhere from nine hundred zlotys to 1,100 depending on the time of year. For such a small apartment, of course, taking into account the fact that I have a reduced payment for this rent. It's just very favorable for us who are not working, well, I understand what the figure sounds like. Many people say that this is nothing, but considering that it is 27 square meters, we do not have a full-fledged sleeping place, 3 people live, for us, of course, it is expensive for us at the moment.","Social, Living environment","Housing, Income",Poland,forced,50-59,Ukraine,Female
"To be honest, I have a problem with Polish. I also went to the courses and here it is. Well, to be honest, if, let's say, I attended general courses conducted by Mr. Myroslav. I will pay for the courses, I have no financial opportunity, because I have a 75-year-old mother and a grandson, who is already 3 years and 10 months old, respectively.",Social,"Integration, Language barriers",Poland,forced,50-59,Ukraine,Female
"Of course, of course yes, but my main problem is the language, the main problem. That is, I need it. I have no possibility I could do it individually, if I had the opportunity individually. We went to courses, but they were general courses. Well, this is such a level, the most basic. Well, it's understandable that it's perfectly normal in the store, I can calmly explain myself there, I can explain myself perfectly calmly in the same way. Well, with a translator, where I don't have enough spare words. Well, of course, this is the most superficial, the most basic level.",Social,"Integration, Language barriers",Poland,forced,50-59,Ukraine,Female
"Well, not because the work is bad or good. Yes, let’s say I went to work there in the park zone and they offered me, I worked for 3 days. I had such a severe sprain of the knee ligaments that I later went to the doctor, I spent more money on treatment on ointments and medicines than the money I had earned at that time. Well, what offers? The offer was to clean premises in government as part-time job there for 6 hours of work 1800 zlotys in my opinion, the offer for sale in micro-shops is here. Plus, I also have an additional online job","Social, Economic","Housing, Integration, Work/employment, Health, Legal barriers",Poland,forced,50-59,Ukraine,Female
"My mother had an operation, her eye hurt very badly, very badly. And we went to see a doctor here in Olesno, to an ophthalmologist, and she suggested, looked, said that you have a very high risk that she may go blind, because the very high intraocular pressure, the first and second, the nerve is thinned by 20%, oh, I mean 20% of the nerve remains. And accordingly, at any moment, any wrong movement is sharp and she will simply go blind. That's why she gave an urgent direction to Wroclaw, and we accordingly... And we went to Wroclaw, to a paid clinic here, and I understand that Poland is very practiced, there is private practice and patients are served first by hospitals. Therefore, since the situation was critical, already urgent, requiring permission, we were taken. The operation was performed, we waited for a short time, about a month. Well, now it's a difficult rehabilitation period after that, because you have to go to Wroclaw again, it's 2 and a half hours there and 2.5 hours back. Plus, you have to register there at 6:00 a.m., so we have to go to Wrocław and rent an apartment for a day. In the morning, I go to register at 06:00, because if you get there later, you may not get there that day. Well, there are nuances",Social,"Transportation, Health",Poland,forced,50-59,Ukraine,Female
"She lived in a boarding school here, where children study and live. She had rooms, 3 rooms. Where the children lived and studied at the lyceum, they offered us a room, there was a free room, and they told us, if you want, stay here, we will give you a room, well, we stayed and didn’t go anywhere. The three of us lived in that room for a year: me, grandmother and son, and then we found an apartment there. The Poles helped us, and now we are renting an apartment.","Social, Living environment","Housing, Integration",Poland,forced,40-49,Ukraine,Female
"Well, like it or don’t like it, I have to work somewhere. Because there is nowhere to go to work here. It is true, thank God, that the Poles found me a job, that I have been working for a year. Because before that I worked as an intern, I was cleaning at a school. Then they offered me to go and work there for six months. Well, for the money, but they paid half. For example, they were paid a fixed rate there, and I was paid 1448 Polish zlotys, because I was like an intern, and I worked just like them, 8 hours. And I did the same work, it was just so annoying that they work, I work like them. I worked even more than they did. Because I went to work at 11, they came at 12, when I came at 11, I had to pull the grass near the school, sweep it, rake the leaves, I did everything. And they just sat there, then I worked in the yard for another hour, and then I came, I still cleaned the classrooms, and they came to school at 12. And they didn't go to the yard, they didn't do anything. Yes, everyone did their share. It was also so sad that no one helped you, that there was no one in the yard","Social, Economic","Income, Integration, Work/employment",Poland,forced,40-49,Ukraine,Female
"No, not 11th, he's studying at a Ukrainian college, so he's been finishing his studies for 3 years. It's already June, we'll have to work, look for it. There's no such work here. I don't know, but he doesn't want to go to another city, because he says I'll go myself.",Social,Education,Poland,forced,40-49,Ukraine,Female
"He doesn't want to study because he says I don't want to, it's somehow so embarrassing, I don't know, I'm Ukrainian, he says no, I don't want to",Social,Education,Poland,forced,40-49,Ukraine,Female
"I took my grandmother to the doctors and rehabilitated myself. You have to wait in such long lines for rehabilitation. My arm hurt a lot, my elbows hurt, so I made an appointment, in 3 months I have to go in May. I took a picture, and I have something like that, well, something like that is damaged, they said I need to go to rehabilitation.",Social,Health,Poland,forced,40-49,Ukraine,Female
"We have a friend in Poland, and some Poles from work helped him out at night. They found this, like, school for priests in Krakow, right in the center of Krakow, in the middle of the night. I think I told you about it. And they put us up there, we stayed there for two or three days, so they fed us, and, of course, free accommodation. They gave us everything we needed, they helped us. And they found us a family, 20 kilometers outside of Krakow, in Jerzmanowice, who were willing to take in refugees. And that's how we ended up with Sandra. There was this family there—a husband and wife with three grown children. So they were willing to help as much as they could and as long as needed. We stayed with them for about four or five months. And then they also helped us find and rent an apartment in Krakow through relatives, because we couldn't find one ourselves due to the prices, the kaucja, we didn't have that kind of money, of course, even for two people. And she helped us find an apartment through relatives, we helped them do some cosmetic renovations, and they rented it out to us, let's say, for Krakow, for a nominal fee.",Social,"Housing, Integration",Poland,forced,18-29,Ukraine,Female
"Then I started thinking about going back to work. I'm a family doctor by profession. I worked in Ukraine. I think it's been three years since my internship, and yes, there was work. So, I started looking around here to find out how I could get a job as a doctor. I tried inquiring in Krakow, but they were also offering me jobs at the hospitals, but they... Well, they wanted me to have documents, a confirmed diploma, and then they would hire me there eagerly. Also, at the very beginning, everyone there was very afraid of these termed rights to do the job, these temporary ones. No one understood anything, didn't know how it all worked. Basically, I didn't get it in Krakow.",Social,"Income, Integration, Work/employment, Legal barriers",Poland,forced,18-29,Ukraine,Female
"When we were living with a family there in Jerzmanowice, a free basic course started with a Polish language teacher for refugees. So, we went there for more than a couple of months, maybe three. It was just the basics. Then, in June or July, well, in the summer, I found an online medical course for refugee medics. So, I also left my documents, confirmation from when I arrived, my diploma, a photocopy, and there was also a free course for a couple of months, specifically with a medical focus. That's it, and then I learned everything on the job.",Social,"Education, Integration, Language barriers, Work/employment",Poland,forced,18-29,Ukraine,Female
"Let's start with the fact that I was initially struck by the number of refunded tests patients can get for free. They have a much broader range of blood tests than we do. For example, we have morphology, sugar, I don't know, cholesterol, and liver function tests aren't always in question. They also include thyroid function. For men, they can check PSA for prostate cancer. So, there's a wider range of these free tests, which can be done once a year. And if needed, if there are indications, the doctor can prescribe as many as needed. So, if a patient is sick, I can usually prescribe morphology or inflammation tests 3-4 times a year, as needed. And the patient won't have to pay for it. Speaking of medications, there are also a lot of them, despite some Poles complaining, but in general, patients, what do they need? All medications are completely free. In fact, there are also a lot of free medications, including those from reputable companies. If we compare it to Ukraine, well, honestly, at first, there were mostly these refunded medications—I can't remember what they were called in Russian—refunded, compensated. There were some companies there, well, not so much, like health, pharma, and other things, which had more chalk than active ingredients, and these medications didn't really work. Here, however, there are very good companies, all using refunds. And in reality, when it comes to medications, there's no such thing... There are no complaints about any medications, everything always works, antibiotics, I don't know, blood pressure, and so on. We, too, have sometimes encountered problems with certain medications not working, but that simply speaks to the quality of the drugs. What else? Well, the big problem here, of course, is with specialists. That means huge, very long lines to get a free consultation with a specialist. For a cardiologist, the wait is about a year. For an endocrinologist, we're currently booked for 28 years in Olesno. And patients have to go privately, because if it's a new diagnosis, then specialized testing and a specialist consultation are needed. Obviously, you have to pay for specialist consultations. Well, as I've been told, yes, it's quite expensive. About 300 zlotys, give or take, depending on the specialist. 300-400 zlotys plus, that is, you pay for each appointment. But it's expensive.","Social, Economic","Income, Health, Legal barriers",Poland,forced,18-29,Ukraine,Female
"Well, I didn't come to Warsaw, I came straight to Olesno, because my daughter was offered a job here. And here we are together, here is a private house, well, to take care of a woman, a woman with Alzheimer's",Social,"Housing, Integration, Motivations to migrate",Poland,forced,50-59,Ukraine,Female
"My husband resigned from his job, or rather, not exactly resigned, but arranged to take an unpaid leave. And we made the decision to return. Our son had just finished school, it was a Realschule. He was facing the choice of a new school in Germany, meaning either vocational training or first completing the equivalent of high school. But he was actually the driving force behind our decision, because he really liked it here in Poland. He always has.",Social,"Education, Motivations to migrate",Poland,return,50-59,Poland,Female
"RESEARCHER And are you better off living here than in this other part of Holland? INTERVIEWEE I mean, with a partner, yes, it's better, it's just that there's not much work in this area, for example. Well, it's only in this respect that I'm here, but you have to commute somewhere. there's somewhere else to work, but you have to commute, and we don't have a car, I don't have a driving licence, and so on, so it's a bit difficult.","Social, Economic, Living environment","Income, Integration, Work/employment, Belonging",The Netherlands,temporary,35-44,Poland,Female
"If one day my children say, ""We don’t want to stay here anymore, we don’t have any opportunities, they don’t give us anything. Let’s go back to our country,"" then I will take them under my wings and return to my homeland.",Social,Future migration plans,Austria,permanent,60-69,Turkey,Male
"And also that my children want to see me anytime, which is why my children said, ‘Yes, Mum, you stay here' (laughs).","Social, Living environment",Future migration plans,Austria,permanent,50-59,Turkey,Female
"When my husband retires, maybe (..) uh, move back to Turkey or live between here and there. I don’t know yet.","Social, Living environment",Future migration plans,Austria,permanent,40-49,Turkey,Female
"Of course, I know that I won’t be able to work at a bank. Because even if you learn the language, you can’t reach that level of proficiency. But I can do something I already know—accounting",Economic,"Education, Language barriers",Austria,permanent,40-49,Turkey,Female
I changed jobs a lot. I must have worked for about twenty different companies.,Economic,Work/employment,Austria,permanent,60-69,Turkey,Male
"I did private jobs, cleaning jobs, and repaid my friends with the money I earned (MAT6_TR_M65_English Transcript, Pos. 24)","Social, Economic",Work/employment,Austria,permanent,60-69,Turkey,Male
"I can't get my son-in-law a job. (...) We went to two companies, both needed workers, but they didn't hire him because he didn't know the language. I mean, let the man work for a couple of months, at least he could learn German from his colleagues while working.",Economic,"Discrimination, Integration, Language barriers, Work/employment",Austria,permanent,60-69,Turkey,Male
"We are trying to integrate more. For example, (..) we don’t create as much noise, mess, or disturbance as Afghans or Syrians who come from lower educational backgrounds. We are very mindful. But (…) unfortunately, we all get put in the same category. That’s sad.","Social, Living environment","Discrimination, Integration",Austria,permanent,40-49,Turkey,Female
"Now I brought her husband as well, it's been about two months, but we can't get him a job in the factories because he doesn't know the language. (4) There are people from other countries coming here. They find work and start right away, but if your name is Turkish, then you get hidden","Social, Economic","Discrimination, Integration, Language barriers, Work/employment",Austria,permanent,60-69,Turkey,Male
"In my case, I couldn't decide because I was simply too young. I was four years old when I came up here.",Social,Motivations to migrate,Austria,permanent,40-49,Turkey,Male
"What I'm saying is that what I noticed with my wife was that people are closed off. So we foreigners are a bit more open, you know?","Social, Living environment",Integration,Austria,permanent,40-49,Turkey,Male
"But in the end, we bought the house. And my father, at that time, we renovated it and turned it into a four-family house.","Economic, Living environment",Housing,Austria,permanent,40-49,Turkey,Male
"Well, I'm quite happy here, you know, it's much more comfortable, less dangerous, alone the nature.",Living environment,"Nature, Belonging",Austria,permanent,40-49,Turkey,Male
"I prefer the countryside. And you can see it with the children too, I have to say, the children who live in rural areas all speak better German than those who live in big cities. Because there are simply many more of them there.","Social, Living environment","Education, Integration, Language barriers, Belonging",Austria,permanent,40-49,Turkey,Male
"They're growing up very well. That was the advantage of staying here, that my children might have more opportunities because of the low proportion of foreigners in the schools here.","Social, Living environment","Education, Integration, Language barriers, Belonging",Austria,permanent,50-59,Turkey,Male
"I noticed the difference between people who grew up in cities with a migrant background and those of us in rural areas, who didn't have such a hard time integrating. I know what roast pork is, I know when you should eat it.","Social, Living environment","Integration, Belonging",Austria,permanent,30-39,Turkey,Male
"When you look down on me and say, ‘Hey, you're a barbarian and you're so aggressive and she's aggressive,’ then you think to yourself, ‘Why shouldn't I be so aggressive?’ You treat me this way because you want to see me this way, because you're not used to anything else.","Social, Living environment",Discrimination,Austria,permanent,18-29,Austria,Male
"There are actually so many job opportunities for men. I don't think there are as many for women. For example, if a woman has three children, she can't work three shifts in a company.","Social, Economic","Discrimination, Work/employment",Austria,permanent,18-29,Austria,Female
"For example, there could be a few more job opportunities for women. Because town X isn't that big. And some women don't have a driving licence either, and it's difficult when you have two or three children.","Social, Economic, Living environment","Integration, Transportation, Work/employment",Austria,permanent,18-29,Austria,Female
"My husband was born in Turkey and went to high school in Turkey. During a summer holiday, he came here through his uncle. Then, (...) he started working small jobs and eventually got a work permit and stayed here.","Social, Economic","Income, Work/employment, Legal barriers, Motivations to migrate",Austria,permanent,40-49,Turkey,Female
"Ultimately, when you go there, no matter what degree you have, you're an unqualified worker. You know one thing: teaching. I could have been a teacher there. As luck would have it, they were looking for an elementary school teacher there. It was that straightforward. You put your diploma on the table. It's not like in Turkey. Okay, there are pedagogical things. There's education and so on. I had them translated. They're still there. They say it's all well and good. They say you're trained for secondary school. They say they can't hire you as an elementary school teacher.",Economic,Work/employment,Turkey,return,60-69,Turkey,Male
"MIGRANT: She didn't work there. She was a housewife. She didn't do much, really. Back then, whether they were from our Maraş, or Yozgat, or Karaman, people from these conservative families, well, it wasn't really seen as appropriate for them to work there.INTERVIEWER: Yes, women working.MIGRANT: They didn't look kindly on women working.","Social, Economic",Work/employment,Turkey,return,60-69,Turkey,Male
"The order there is very good. No. I don't know if it's because we saw it. I had a problem six weeks ago. No, I mean, (laughs) …Honestly, I don't like it, I don't know. Now the patient comes to the doctor, and he takes the other patient to you….No, my problem is, my doctor, my illness, the person next to me... I don't want them to know. I don't want them to know….Privacy is my thing... It was my gynecological thing. I just don't want it. No.",Social,Health,Turkey,return,50-59,Turkey,Female
"I remember a lot because, I don't know if you'd call it traumatic, but after we moved here, my childhood was spent constantly missing that place. Constantly missing it. Because there were so many things here that weren't there. You know, Karaman is a small town, and in 2007, it really wasn't a developed city at all…was like a village, and even though I was a child, we came to Karaman from a metropolis like Amsterdam. It was very difficult even for a nine-year-old child, I can say that. I was bored, I missed my friends there, I missed going out. Because we used to go out a lot with my dad there. I don't know, because it was a big city, our house was very close to Amsterdam's central station. Whenever we got bored, we would go out. We would take the tram, the metro. We would go on trips. To all kinds of different places in Amsterdam. Then I came here. There weren't even buses in Karaman. I mean, there weren't even municipal buses. There are these local minibuses, but that's about it. There was nowhere you could go like that. I mean, things that interest a child in the Netherlands, like entertainment, going out, parks, and then eating and drinking, where the range of food and drink in the markets is very, very wide, huge, different…","Social, Living environment","Transportation, Belonging",Turkey,return,18-29,Turkey,Female
"INTERVIEWER: Oh! Really? Teachers, right. They hit us with rulers. MIGRANT: There was beating, yes. And I was the first to arrive, I cried all summer about it. Here, the teachers beat us. I was really scared they would beat me too…Well, in Holland, for example, it's definitely completely forbidden. Because of that, I was put in the class of a teacher who was famous for beating students….It was a female teacher, but she was like that, how should I put it, she was a good woman, but she never forgave those who didn't do their homework. Or she would slap the cheeks of those who misbehaved…I was really scared of her like that. (laughs). She really frightened me, you know.",Social,"Education, Integration",Turkey,return,18-29,Turkey,Female
"MIGRANT: Let me put it this way, when I think about it, right now I have a few options, you know, going back to the Netherlands might be nice for me, but I'm not quite sure where to start. For example, I studied Social Services, but I don't know what kind of job I could find if I applied for social services there. I'm not very knowledgeable about the field I studied, I'm not really familiar with it. I didn't really enjoy studying it. INTERVIEWER: Actually, there's a great need for your field of study in the Netherlands. especially in immigration offices, someone who knows Turkish, Dutch, English, and is Muslim. You know, there's a lot of irregular migration. There are many job opportunities for social service specialists there. MIGRANT: Actually, I need to research this in a bit more detail.","Economic, Living environment","Education, Work/employment, Future migration plans",Turkey,return,18-29,Turkey,Female
"INTERVIEWER: Didn't you ever think about not coming back? MIGRANT: To Turkey. Do you know what my husband said after that? He said, “Well, maybe if we can't do this farming thing, we'll just go back. We'll settle in Konya. You can work at the hospital.”…That's Plan B. My sister, we came, we looked at farming, there will be problems. Because my wife isn't very sure. Can she do it, can't she? It's been 17 years…Seventeen years lost. What happened in those 17 years, what developed here? It's not like he left and everything developed and became easier, but he doesn't know that. Maybe he said he couldn't do it. We'll implement Plan B. We'll go to Konya. One of my sisters-in-law is in Konya. We'll go to Konya and settle there. You'll go to the hospital. I'll do something too. Maybe we'll open our own place. A kebab shop.",Economic,"Work/employment, Motivations to migrate",Turkey,return,40-49,Turkey,Female
"My brother-in-law used to bring a bicycle back then. He came by car a lot. He's my sister-in-law's husband. I said, let's get a bicycle from my brother-in-law [her husband's name]. He takes the child to and from school. There's a distance. There's a distance. I love that girl, she's bursting with energy here. I'm in the village. Mom, enough, it makes me so angry. I don't know, water bursts there, they dig there, it gets muddy. I sat down and cried. I sat down and cried out of anger... My mom was like that too. They were changing our things, our lines. We came a year later, they were changing the lines, they dug up everything. The bike, I don't know, I think it's like the soil there. You ride the bike on top of the soil there. It doesn't stick... I put [her daughter's name] on it and came, oh my, something happened to your wheel... Then I threw the bike with the wheel, sat there, and started crying. My mom and dad were watching me from the balcony. My mom said, “Oh dear, what happened?” My dad said, “She'll get used to it, she'll get used to it. She'll get used to these difficulties. She came, but she'll get used to it.”",Living environment,"Integration, Transportation",Turkey,return,40-49,Turkey,Female
"We couldn't save any money. It was very difficult. I told my wife, one day I want to go back. Because a law had been passed in the Netherlands. They passed a law called the 45-year-old law. They said we would give a salary of 600 euros to those who returned to Turkey. Or there were a few other countries too. I wanted to take advantage of such an opportunity. I said, I gathered the kids. Look, we want to return to Turkey. If you want to come, come with us. If you don't want to come, we'll find a way to settle you here, and we'll go like that. I thought the economy here would be better, that it would be easier. That was our plan, our program... Because 2014 was ending, we had to finish before 2014. More precisely, we had to apply before 2014. And I called him. The kids said, “Dad, you're right.” May God be pleased. If we were in your place, we would have gone too. Because if life here is going to be better, why should I wait for that?",Economic,"Income, Legal barriers, Motivations to migrate",Turkey,return,60-69,Turkey,Male
"We wanted our graves to be here. But whenever the grave is there... I have a nephew. Third generation, you see. Uncle, I want to stay here, he said. In fact, recently a nephew of mine. My nephew's son passed away, so we buried him there too. He stayed there... There... There's a Muslim cemetery... In Rotterdam. It opened, so we moved him there. Now in Germany... Older Muslims have passed away too. I have a high school friend who passed away. He's being buried in Germany too, not coming here. He said my kids won't come to Turkey anymore. I told my nephew, son, your father is here, your grandmother, your grandfather are here. My uncle said, “All my children are here; they won't come.” His wife isn't from Karaman anyway. She's there too. That's why I'm from Karaman; I even married from the village, knowingly and willingly. I said if we marry from outside, she'll pull us there, and this will pull us here.",Social,"Integration, Belonging",Turkey,return,70+,Turkey,Male
"For example, we don't come here to shop. We go to Kayseri. Kayseri is close to here. I buy this for 50 TL in Kayseri. I come here, and it's 200 TL. Because there's a difference of about 150 TL. Okay, their money gains value when they come here, but they also say, “Why should we always spend all our money here?” Then they go elsewhere. But if this price stayed the same, this place would develop much more. Because, as I said, there are a lot of Germans in Akdağmadeni, and when they come, they leave all their euros, foreign currency, everything here. Because one person who comes can easily spend 10,000 euros and leave. Well, what happens is, this benefits us. If they didn't mess with people's things like that, as I said, Akdağmadeni would really rise above its district status. It would grow a lot. It would grow like Sivas. Like that. But as I said, the people in Akdağmadeni are hungry, so to speak, because they are a little behind, so we can sell it at a slightly higher price and make a better profit. But if they sold it at a lower price, they would have more opportunities, but they don't know that. So, I don't know, maybe that's why they contribute.",Economic,Discrimination,Turkey,return,30-39,Turkey,Female
"MIGRANT: Exactly, of course. When I came here, I didn't know much Turkish. Now I'm used to the language there. (laughs) INTERVIEWER: I'm curious about that. That's why they enrolled him in 8th grade. So what did you do about Turkish here? Did you go to a course or something? Did you take extra classes? Private lessons?MIGRANT: No, I definitely didn't take any because I was with my friends at school. For example, I didn't know what a pen was. I'd ask my friends, “What do you call this?” and they'd make fun of me.",Social,"Education, Language barriers",Turkey,return,18-29,Turkey,Male
"So did I want to go? Well, yes, we wanted to go. I didn't have this huge desire to go. I mean, I never said, “I absolutely have to go.” But since our dad was there, and our folks went, we went too, taking that opportunity. I had already seen it in movies, you know, Hollywood movies, European movies. The houses are beautiful, the roads are beautiful. The landscaping is done. The surroundings were beautiful. When I landed there, it was like a postcard in my mind. Seeing it shaped my mind about that place forever. I never wanted to stay there anyway. I just wanted to find an opportunity to come back. I went. I landed at the airport and shaped that place in my mind on the way home. After forming that image, how do I return? Translated with DeepL.com (free version)",Social,"Integration, Motivations to migrate",Turkey,return,40-49,Turkey,Male
"Those mosques are quite active there, very active. Especially in keeping Muslim youth there...But they're succeeding at it. They didn't want that place. There were attacks on the mosques there. They would leave pig heads there, you know. A lot of things were happening. No matter how moderate they seem... They're not, you know. Generally speaking, they're not. They don't want foreigners there.",Social,Discrimination,Turkey,return,50-59,Turkey,Male
"So if you want to learn, you do it; if you don't want to learn, you don't. What else did he do? He trusted us. He's getting his daughter married, his son is helping. They take them to the hospital, there. But now we go ourselves, for example. I don't need my children. Right now, even when it comes to German. I can at least manage on my own.",Social,"Integration, Language barriers",Turkey,return,50-59,Turkey,Female
"Do you know what happened to us? We retired. I said, actually, I went to a psychologist there. The psychologist was Turkish. He said to me, “When you retire, have you ever thought about going to Turkey?” I said, “Why?” He said, “Because you're so much better after you come from Turkey.” He said, “I see you're doing well then. I think you should consider this.” He said, “Think about it.” Then, well, I retired. I retired first. Then, was it a year after me? Two years later. It's been two years since my wife retired too. After my wife retired, we said, “What should we do? What should we do?” Let's give it a try. Let's build a house here…",Social,"Housing, Health, Motivations to migrate",Turkey,return,50-59,Turkey,Female
"I don't think their friends react much, but I don't think their teachers are right either, actually, their teachers aren't much either. I mean, sometimes they can do things to the child, consciously or unconsciously. Would you leave Europe and come here? Why did your father make such a mistake? For the future. Just like you said. They usually say these kinds of things to children. And of course, the kids repeat this at home.",Social,"Education, Integration",Turkey,return,40-49,Turkey,Male
"We lived together like that for 4-5 years. That's also a big problem. You can't find houses like the ones in Turkey, which are 120 or 150 square meters. There's no such thing. Even if you find such houses, your salary won't be enough. Maybe two people's salaries would be enough. The average size of houses here is over 40 to 60 square meters…The house my father stayed in was big. It was 75 square meters. So it was a bit above average. We stayed there together for about 5-6 years. Then we separated the houses.",Social,Housing,Turkey,return,40-49,Turkey,Male
"We are building here….Iron in the construction sector. We always give checks at the place where we shop, or we borrow something. We pay the check a month later. We definitely pay the money. The guy here says I can't buy the iron upfront. I can't buy on credit, I buy upfront. You have to pay upfront. It's not like we're building just one construction project here. I have seven construction projects in my village. I have four or five construction projects here. I have 32 apartments here, 21 apartments up there. I have them here and there. Now the system here is broken. That's why we're struggling here…Now they've passed another law. They won't give any iron without collecting the tax on it, meaning without collecting the value-added tax. At least they'll collect that…The tax goes to the state too. Are they mixing the other one with the transfer, or with the paperwork? That's how it is. That's how it is. The system here isn't good. It's not getting better. If a system were established here, Turkey...","Social, Economic","Integration, Work/employment",Turkey,return,60-69,Turkey,Male
".. There would be reactions from foreigners and such. For example, once I went to the market. The market was next to my house. I don't speak German. The children are small…I raised both of them. They were little. The toilet paper was on the floor like this. They had climbed on top of it. I was shopping and didn't see it. Then an Austrian foreigner came up behind me. He was saying something. But I could tell from his face that he was saying bad things to me. I didn't understand. After that... I was right next to my house, really. I immediately went to my upstairs neighbor, whom I'm close with. There was this young girl [Name]. I called her. I said,…, come here, look. I said, I think she's saying something rude, I don't understand, come here. Thankfully, she came down right away. Then she asked the woman, “What are you saying to my sister?” My sister doesn't speak German, so she didn't understand. She doesn't take care of the children at home, the children step on the napkins, they dirty her feet, do I have to pick up those dirty napkins? My sister said, as you can see, they're like twins, should my sister go shopping or watch them? Then she said, excuse me, but you live with dog poop, [Name] got really angry…She didn't mince his words… She said the bag, you know, toilet paper. You peel the bag and do your thing... They knew we were Turkish, you know, that we were closed off.",Social,"Discrimination, Integration, Belonging",Turkey,return,30-39,Turkey,Female
"Back when we lived in the village, half the village had moved abroad. Even when we were kids, we could tell when they came back because the water supply would run out! The houses would be full, and suddenly, there wasn’t enough water for everyone. When the water stopped, we knew all the expats had returned. That was the change in the village—lack of water.",Living environment,Nature,Austria,permanent,30-39,Turkey,Female
"As you can see, there are trees and greenery everywhere—it’s very peaceful. In the mornings, when I open the balcony door, the sound of birds chirping makes me really happy. If I compare it to my home country, it’s all concrete.",Living environment,Nature,Austria,permanent,30-39,Turkey,Female
"The area we live in is central place x. There are a few Turkish families around us, but there isn’t much of a neighborhood culture here. Everyone is busy with work, and people don’t seem to need much social interaction. I’ve been here for three years, and we don’t have strong relationships with our neighbors. This was difficult for me at first because in Turkey, I had many friends and neighbors. We used to do activities together, go places, chat, and socialize a lot. These things were very important to me. But since moving here, I haven’t had those kinds of experiences. So, I’d say there isn’t much of a community culture here, at least not in place X","Social, Living environment","Housing, Integration",Austria,permanent,30-39,Turkey,Female
"I love my homeland, of course. Turkey is a beautiful country where you can experience all four seasons. But I don’t like Turkey when it comes to women’s and children’s rights. I find it lacking and insufficient. I think there are serious shortcomings in terms of women’s, children’s, and animal rights. That’s why I wouldn’t want my child to live in Turkey either. Because these are important things for a person to have a good life. Women’s rights, human rights, equality for women, the role of women in society, and animal rights—how animals are treated—these things are very important to me.",Social,"Integration, Motivations to migrate",Austria,permanent,30-39,Turkey,Female
"For example, many women now want to train as nursery school teachers. And because they have to pass the B2 German exam, they try, of course. And they don't pass. Then they give up. Then they don't do it anymore. But at the moment, I've heard that there is a severe shortage of workers in (...) in the field of early childhood education, social pedagogy and leisure education, for example. I've heard that there is a severe shortage of workers and problems in this field.","Social, Living environment","Education, Integration, Language barriers, Work/employment, Legal barriers",Austria,permanent,30-39,Turkey,Female
"We travelled a lot with Grandpa [to Turkey], and that's when the first questions came up: ‘Which do you like better, Austria or Turkey?’ I always told the Austrians, ‘No, Turkey is nicer.’ And I always told the Turks, ‘No, Austria is nicer’ (laughs).",Social,"Integration, Belonging",Austria,permanent,18-29,Turkey,Male
"You don't have to mix religions or peoples here, you have to mix humans together. What do all people celebrate together? What can they do? What makes all people happy together? (..) Meat, barbecues (laughs)","Social, Living environment",Integration,Austria,permanent,18-29,Turkey,Male
"So sometimes, when I come home in the evening, I notice that my dad doesn't even close the car door. Why doesn't he do that? Why does he trust the [people in X town] so much? But that's just how it is. You know each other, you know what people are like. So I prefer to live in a place like town x than in a big city like Vienna, where I always have to worry about what will happen to me, what will happen to the things I love, like my family and so on.","Social, Living environment","Integration, Belonging",Austria,permanent,18-29,Turkey,Male
"And when playing football, it never mattered whether you belonged to a particular ethnic group or religion. It was simply a question of: Can you play football or not? Do you want to score goals or do you want to be the goalkeeper?","Social, Living environment",Integration,Austria,permanent,18-29,Turkey,Male
"Yes, after secondary school, it was also said, ‘Hey, I know you're going to be a waiter.’ I never mentioned that I wanted to be a waiter. Maybe I want to be something else. Maybe I want to be a doctor. A solicitor? I don't know. Nothing like that was ever suggested to me.","Social, Living environment","Discrimination, Education",Austria,permanent,18-29,Turkey,Male
"So the older people came with prejudices, but the younger people never really paid any attention to that. They never looked to see if I was Turkish or if I was Muslim. They just looked to see if I wanted to play football with them or if I wanted to play with their cars. That was basically it.","Social, Living environment","Discrimination, Integration",Austria,permanent,18-29,Turkey,Male
"I don't really think it had anything to do with them. I simply believe that Grandpa couldn't find a job in town A. Well, he did. He actually worked in the coal factories, but Grandpa was always so enthusiastic about shoes. So he worked in town B and then at Gabor [shoe factory], where he did that. So he only came to this region because of Gabor.",Economic,"Work/employment, Motivations to migrate",Austria,permanent,18-29,Turkey,Male
"Our goal as a family actually was to earn money and to support our family, who are still down in Turkey. Because if you earned, say, 15,000 schillings, you only kept 5,000 schillings and the other 10,000 went to your family.","Social, Economic","Income, Work/employment, Motivations to migrate",Austria,permanent,18-29,Turkey,Male
"What could be better? So definitely public transport. Where we live, there's maybe a bus every two hours, and after a certain time, there are no more buses.",Living environment,Transportation,Austria,permanent,40-49,Turkey,Male
"So if I ever returned to Turkey, it wouldn't be to Yozgat, but somewhere by the sea, where I could say, for example, I have a house in a small fishing village.",Living environment,Future migration plans,Austria,permanent,40-49,Turkey,Male
"Well, I don't want my children to stay here in this area. I want my children to pursue careers in large corporations, in huge companies, in international companies. And I think that if you want to pursue a career in Austria, you have to go to Vienna at least, or to Europe, or who knows where. Maybe to Germany, Switzerland, London, England, for example.","Social, Economic","Work/employment, Future migration plans",Austria,permanent,40-49,Turkey,Male
"It takes so much time to take the children from A to B. And public transport in Turkey doesn't work as well as it does in Austria. For example, when we moved to Austria and were looking for a flat or a house, one of my criteria was that there had to be a bus stop nearby.",Living environment,Transportation,Austria,permanent,50-59,Turkey,Female
"I think that's something that's generally lacking in Austria, because I find that neighbourly relations are much nicer in Turkey.","Social, Living environment","Housing, Integration",Austria,permanent,50-59,Turkey,Female
"I was somehow unemployable because I had no work experience. After graduating, I went to Turkey [to work as an architect]. I had never worked as an architect in Austria, which meant I had no experience, but I was an academic.",Economic,"Discrimination, Education, Work/employment",Austria,permanent,50-59,Turkey,Female
"I supported the children at school. Of course, they could speak German, but they have never been to school here. This means that all the technical terms that you normally learn at school from the first year of primary school were naturally unfamiliar to my children, because you talk about isosceles triangles in everyday life, for example. They knew about isosceles, but only in Turkish.","Social, Living environment",Language barriers,Austria,permanent,50-59,Turkey,Female
"And then, of course, there is the role of the mother, who naturally has to take on more responsibility for the family, because I wasn't working at the beginning either.",Social,Work/employment,Austria,permanent,50-59,Turkey,Female
"But I didn't live with my uncle, I worked as an au pair. And then I actually learned German. And then I started studying in Graz. And then I kind of stayed. So that wasn't really the plan.","Social, Living environment","Work/employment, Motivations to migrate",Austria,permanent,50-59,Turkey,Female
"But the best part, in my opinion, is that they are the best. So I went in first, then I called my dad. I said, Dad, I'm working, I'm working. Where did you start? At the gas station. My daughter, get out of the gas station, what are you doing there? He said. He said men fight there, there's trouble there. You can't do that there, get out. Dad, I said, that's not the case, you don't fill it up yourself with the pump. The guys fill it up themselves. They just come in, pay the fee. If they eat something, you serve them, I said. No, daughter, no, get out of the gas station, find another job, he said. No, Dad, I said, I'm very happy with my job, my boss, everything. Why should I leave? It's a very comfortable job. Like I said, that's how it is... In fact, when I first came here, my friends would always tease me, like, “Are you working at a gas station?” I'd say, “Honestly, I am, but it's like being a civil servant or something. I don't have anything else.”",Economic,Work/employment,Turkey,return,30-39,Turkey,Female
"INT: So you started a company there. Is it easy to start a company as a woman there? MIG: Yes, it's very easy as a woman. Because the government is always on your side, on the side of women, like that. So that there's a contribution here, a name, something like that. Because women do more things... We went with them, we agreed. We did it monthly or weekly. Or, I said, it was done every day. Then what did we do? Then we hired two workers, depending on the size of the thing, the size of the office or the car dealerships, the showrooms, and we adjusted accordingly. We told them, you'll go at this time, you'll leave at this time, that sort of thing. Then they would take their things. All of our employees had cars, they had things, what's it called, they had licenses. We always paid for their gas, their monthly salary and so on. They would go and clean, then come back. Then, after we calculated everything, they would always send the money to the IBAN. When the month came, we would always share it and give it to the workers. It was really nice, actually. It still is. When I came here, my friend was still running it. He quit during that time. Because, you know, they slowly grew old. Then I said to myself, if I'm running this cleaning company there, why don't I do it in Turkey?...",Economic,Work/employment,Turkey,return,30-39,Turkey,Female
"After that, I went to my last language course, and after that last language course, I thought, I'll go to a vocational high school. I went to vocational high school. I finished that vocational high school at a company. So I didn't do anything. There are 3 or 4 years of work at a company there. So the equivalent here is actually an apprenticeship. I ended up doing an apprenticeship. I enrolled in an engineering school. That school was also five years. I dropped out of that school too. So I didn't finish the five-year program, but I went to different schools for a couple of years, two or three years. To be honest, I dropped out of every school I went to. Why did I drop out? I was really going to work, I was working, and I was also lacking in language skills, and also, work was a bit more important to me, so I didn't go to school. For example, I was working now. Because of the salaries I was getting from there and my work situation there, because of my life, I inevitably slowed down my school life, but there was still something inside me saying I should go. So, I enrolled in maybe five schools. That's why I enrolled in different ones. I enrolled in different schools like technical academies and technical high schools.","Social, Economic","Education, Language barriers, Work/employment",Turkey,return,40-49,Turkey,Male
"So I worked for six months and then took six months off. I had children, and I had no one to look after them... I was sending them to daycare. My hours didn't match up with the work hours. So we managed like that for 6 months, doing something. Then I would leave work again... Or I couldn't work, so I would leave. That was also partly because I was sick.","Social, Economic","Work/employment, Health",Turkey,return,50-59,Turkey,Female
"Honestly, let me put it this way. If you're a worker, if you're working, go to Europe; if you're an employer, if you have a certain amount of capital, go to Turkey. Now, this isn't something I did because I really wanted to. I mean, those who come from there, after meeting certain conditions and gaining economic freedom, say, “Why should I stay in this open prison?” So I go to Turkey and try my luck. Anyway, whatever you do there (phone rings) anyway, in Europe generally, there's no distinction between rich and poor. Everyone has a standard income, more or less. The state takes care of things, and good people manage somehow.","Social, Economic",Work/employment,Turkey,return,40-49,Turkey,Male
"For example, trade. I mean, I still haven't been able to do anything in that direction here. It's not that I don't want to. I haven't been able to because I'm observing. I mean, I'm looking at people, how things work, what the infrastructure is like, who you can trust, who you can't trust. Let's just say I'm checking that out right now. I'm making plans, but trade in Turkey is really different. It's not like it is there, you understand. That's why you have to be careful. Of the 10 percent who come, let's say 10 out of 100, for example. Let's say there are 10 people here. Believe me, 7 or 5 of them regret it. They've gone back. Of the remaining five, two or three want to return but have lost that right. Their visas have expired. They can't return. That's the situation. Everyone wants to return. But when they do return, they face many problems because they cannot integrate into the system here. I can say quite clearly that people in Turkey are very cruel in this regard. They are very merciless. They can reduce this man to nothing in a year.","Social, Economic","Integration, Work/employment, Motivations to migrate",Turkey,return,40-49,Turkey,Male
"My brother-in-law's cousins were there. I said, “We're here, what are we going to do?” They described a house to us. There was no house, just one room with 3-5 people in it. So we went there. We'll look for work. No language, no work. A place where Turks work. I want to have a Turkish friend there so I can work alongside him. They arranged a job for us. We went to work privately like that. Later, they said that in order to be a worker like that, you had to get married... We knew nothing... I'm an auto electrician, but I don't speak the language to go to the factory. Construction. I didn't know much about construction. I became a construction worker there. They found a company, and we go back and forth. There's no insurance or anything. Later, we found an agent...","Social, Economic",Work/employment,Turkey,return,60-69,Turkey,Male
"Working was like this. The children came one after another. I had a daughter. My daughter was one and a half years old. Then I had a son. They came one after another. I raised them like twins. After that, I raised them both, and just as I was saying they were getting out of hand, I was taking them to kindergarten. The hours were long there too. I took them at 8:30. They were there until 4:00. I was available. I thought I'd work... The hours were long. I wanted to work, but as I said, my husband always stood in my way. He didn't want me to.","Social, Economic",Work/employment,Turkey,return,30-39,Turkey,Female
"Jobs usually require Spanish. I even tried, I was on a trial period at such a large real estate firm, but there was that condition that Spanish was necessary, so…",Economic,"Language barriers, Work/employment",Spain,permanent,45-64,Poland,Female
"I believe that Spain is not inclined to cooperate and that Poland does not care at all, because Poland, for example, as you know, does not mind that we have other nationalities; it is not of concern to them. Your Polish nationality will not be taken away from you; it could only be revoked by the President of Poland if you request it.",Social,"Discrimination, Integration, Belonging",Spain,permanent,35-44,Poland,Female
"In Poland, we're really going all out; we don't let newcomers stay, we want to kick them all out. You know, that's pretty harsh, right? I mean, I'm not a politician, so I don't really know, but this immigration thing has become a huge topic, a huge topic; it's the big issue for politicians.",Economic,Discrimination,Spain,permanent,45-64,Poland,Male
"I mean I will always be Polish, but I have definitely been influenced by the culture, society, and life here",Social,"Integration, Belonging",Spain,permanent,45-64,Poland,Female
"you notice the sheer number of people buying properties here in Spain, especially in this sun-drenched epicenter, and they tend to be somewhat more affluent.",Economic,"Housing, Future migration plans",Spain,permanent,35-44,Poland,Female
"In Poland, wealthy individuals often buy apartments in areas of Alicante. I know this because there are direct flights from Warsaw to Alicante, and Warsaw is a capital city where people can earn a lot.",Living environment,"Housing, Motivations to migrate",Spain,permanent,35-44,Poland,Male
"Brexit has had an impact on this, because it allowed for such movements. Previously, Poles were going to England, to Ireland, and so on. Those who were in England, if they wanted to return, then they indeed returned.",Economic,"Legal barriers, Future migration plans",Spain,permanent,35-44,Poland,Female
"My parents receive pensions. They are independent, and my brother runs his own business.",Economic,Income,Spain,permanent,35-44,Poland,Male
"[Polish migrants] starting to earn money here [in Spain], doing well, and realizing that it's not just about coming to work but actually living quite well. They began to attract their families, who then moved here too. This was quite common, especially at the beginning of the 2000s to 2010, on the Costa del Sol, where there were many Polish groups.",Economic,"Income, Integration, Work/employment",Spain,permanent,45-64,Poland,Female
"The Polish community we have here now is somewhat different because, due to the presence of the university and the vibrant life around it, most of the Polish community consists of people with higher education.",Economic,"Education, Work/employment, Future migration plans",Spain,permanent,45-64,Poland,Female
"The main reason, of course, was love, as my partner lives here in Madrid. We also met through my family, who has lived here for many years. After the pandemic, we decided that if we ever faced another six-month winter again, we should live together in the same place.",Social,"Integration, Motivations to migrate, Belonging",Spain,permanent,35-44,Poland,Male
"Well, many of these people are working remotely and choosing to live here in Spain. They say things like, 'Look, I can live here, my kids are learning the language, I get sunshine 360 days a year.' Life here is different; it feels more relaxed and calm, far from the tensions of war and political unrest.",Living environment,"Education, Integration, Language barriers, Nature, Work/employment, Motivations to migrate",Spain,permanent,45-64,Poland,Female
"Apartments here are even cheaper than in Poland. You can buy a house here while in Poland you can only buy an apartment. So, this is definitely a plus... Plus, there's great weather and peace of mind, which is wonderful",Economic,"Housing, Nature, Health, Motivations to migrate",Spain,permanent,35-44,Poland,Male
"Just imagine that someday my brothers—one will turn 18 very soon, and the other in two years—will be told, 'Hey, we have to go to Military. Yes, it's about creating an army, right? Ultimately, many people in Poland are very afraid of that. There may also be young people wanting to leave Poland to avoid this recruitment",Living environment,Motivations to migrate,Spain,permanent,35-44,Poland,Male
"If Poland tries to recruit me to go to the front, I will indeed make it [Spanish nationality] so that the Spanish government does not hand me over to the front in Poland through the Mossos Esquadra,",Social,"Integration, Legal barriers, Motivations to migrate",Spain,permanent,35-44,Poland,Male
"Well, if they were same-sex couples, I can't even begin to describe it, because there [in Poland], neither civil partnerships nor marriages for same-sex individuals are allowed. These individuals often felt very overwhelmed by the political climate.",Social,"Discrimination, Legal barriers, Motivations to migrate",Spain,permanent,45-64,Poland,Female
"They have the advantage that they have such nice weather here, while in Poland it's nice for two months a year, sometimes three, if luck has it, and then there is such grayness, all those nice places, are closed, covered in snow",Living environment,"Nature, Health, Motivations to migrate",Spain,permanent,45-64,Poland,Male
"As for apartments, it seems to me that this may be related to occupation and the laws in place here, as owners are somewhat hesitant to rent to unverified individuals, or even to rent without the mediation of companies that handle these matters.",Living environment,"Discrimination, Housing",Spain,permanent,35-44,Poland,Female
"I have the impression, at least for me, that it would be easier for me to find a new job in Poland than in Spain. I have the impression that the job market in Spain is worse, making it more difficult to find a job than in Poland",Economic,Work/employment,Spain,permanent,35-44,Poland,Female
