"scen","country","iso3n","period","cob","sex","agegr","edu3","edu_names3","pop","imm","emi"
"Medium","Austria",40,"2020-2024","EU","Female","0-19","e4","Low",34164,3067,1087
"Medium","Austria",40,"2020-2024","EU","Female","0-19","e5","Middle",2967,1937,840
"Medium","Austria",40,"2020-2024","EU","Female","0-19","e6","High",224,2402,1025
"Medium","Austria",40,"2020-2024","EU","Female","20-39","e4","Low",37999,919,241
"Medium","Austria",40,"2020-2024","EU","Female","20-39","e5","Middle",58071,4472,2086
"Medium","Austria",40,"2020-2024","EU","Female","20-39","e6","High",55043,9307,6234
"Medium","Austria",40,"2020-2024","EU","Female","40-64","e4","Low",45299,1034,518
"Medium","Austria",40,"2020-2024","EU","Female","40-64","e5","Middle",68187,2727,2144
"Medium","Austria",40,"2020-2024","EU","Female","40-64","e6","High",55410,3718,3443
"Medium","Austria",40,"2020-2024","EU","Female","65+","e4","Low",26619,325,246
"Medium","Austria",40,"2020-2024","EU","Female","65+","e5","Middle",37146,544,520
"Medium","Austria",40,"2020-2024","EU","Female","65+","e6","High",17768,493,378
"Medium","Austria",40,"2020-2024","EU","Male","0-19","e4","Low",36288,3187,1231
"Medium","Austria",40,"2020-2024","EU","Male","0-19","e5","Middle",2422,2167,917
"Medium","Austria",40,"2020-2024","EU","Male","0-19","e6","High",147,1256,489
"Medium","Austria",40,"2020-2024","EU","Male","20-39","e4","Low",42852,1186,379
"Medium","Austria",40,"2020-2024","EU","Male","20-39","e5","Middle",59433,4708,2523
"Medium","Austria",40,"2020-2024","EU","Male","20-39","e6","High",42197,8060,5107
"Medium","Austria",40,"2020-2024","EU","Male","40-64","e4","Low",39492,943,294
"Medium","Austria",40,"2020-2024","EU","Male","40-64","e5","Middle",66924,2398,2263
"Medium","Austria",40,"2020-2024","EU","Male","40-64","e6","High",46503,3579,3182
"Medium","Austria",40,"2020-2024","EU","Male","65+","e4","Low",8437,169,76
"Medium","Austria",40,"2020-2024","EU","Male","65+","e5","Middle",26140,364,447
"Medium","Austria",40,"2020-2024","EU","Male","65+","e6","High",19497,515,437
"Medium","Austria",40,"2020-2024","NAT","Female","0-19","e4","Low",696542,484,170
"Medium","Austria",40,"2020-2024","NAT","Female","0-19","e5","Middle",52931,316,134
"Medium","Austria",40,"2020-2024","NAT","Female","0-19","e6","High",7334,376,160
"Medium","Austria",40,"2020-2024","NAT","Female","20-39","e4","Low",73492,244,67
"Medium","Austria",40,"2020-2024","NAT","Female","20-39","e5","Middle",340533,815,384
"Medium","Austria",40,"2020-2024","NAT","Female","20-39","e6","High",407702,2147,1460
"Medium","Austria",40,"2020-2024","NAT","Female","40-64","e4","Low",197617,464,242
"Medium","Austria",40,"2020-2024","NAT","Female","40-64","e5","Middle",600862,667,534
"Medium","Austria",40,"2020-2024","NAT","Female","40-64","e6","High",400655,1601,1490
"Medium","Austria",40,"2020-2024","NAT","Female","65+","e4","Low",353663,272,210
"Medium","Austria",40,"2020-2024","NAT","Female","65+","e5","Middle",359705,311,314
"Medium","Austria",40,"2020-2024","NAT","Female","65+","e6","High",103718,457,351
"Medium","Austria",40,"2020-2024","NAT","Male","0-19","e4","Low",751854,514,196
"Medium","Austria",40,"2020-2024","NAT","Male","0-19","e5","Middle",43087,345,142
"Medium","Austria",40,"2020-2024","NAT","Male","0-19","e6","High",5249,220,86
"Medium","Austria",40,"2020-2024","NAT","Male","20-39","e4","Low",99230,279,90
"Medium","Austria",40,"2020-2024","NAT","Male","20-39","e5","Middle",437180,763,413
"Medium","Austria",40,"2020-2024","NAT","Male","20-39","e6","High",317922,1899,1239
"Medium","Austria",40,"2020-2024","NAT","Male","40-64","e4","Low",87912,450,145
"Medium","Austria",40,"2020-2024","NAT","Male","40-64","e5","Middle",701045,536,520
"Medium","Austria",40,"2020-2024","NAT","Male","40-64","e6","High",412766,1553,1385
"Medium","Austria",40,"2020-2024","NAT","Male","65+","e4","Low",106107,218,100
"Medium","Austria",40,"2020-2024","NAT","Male","65+","e5","Middle",365551,227,294
"Medium","Austria",40,"2020-2024","NAT","Male","65+","e6","High",159406,459,397
"Medium","Austria",40,"2020-2024","NEU","Female","0-19","e4","Low",38306,13113,4431
"Medium","Austria",40,"2020-2024","NEU","Female","0-19","e5","Middle",3088,5554,2324
"Medium","Austria",40,"2020-2024","NEU","Female","0-19","e6","High",149,4370,1864
"Medium","Austria",40,"2020-2024","NEU","Female","20-39","e4","Low",66336,7530,1894
"Medium","Austria",40,"2020-2024","NEU","Female","20-39","e5","Middle",60784,11114,5109
"Medium","Austria",40,"2020-2024","NEU","Female","20-39","e6","High",46288,13956,9289
"Medium","Austria",40,"2020-2024","NEU","Female","40-64","e4","Low",116474,4067,1929
"Medium","Austria",40,"2020-2024","NEU","Female","40-64","e5","Middle",58664,3644,2828
"Medium","Austria",40,"2020-2024","NEU","Female","40-64","e6","High",39545,4004,3690
"Medium","Austria",40,"2020-2024","NEU","Female","65+","e4","Low",39456,653,491
"Medium","Austria",40,"2020-2024","NEU","Female","65+","e5","Middle",12031,555,526
"Medium","Austria",40,"2020-2024","NEU","Female","65+","e6","High",7507,530,406
"Medium","Austria",40,"2020-2024","NEU","Male","0-19","e4","Low",43619,13213,4865
"Medium","Austria",40,"2020-2024","NEU","Male","0-19","e5","Middle",2470,6030,2403
"Medium","Austria",40,"2020-2024","NEU","Male","0-19","e6","High",142,3344,1302
"Medium","Austria",40,"2020-2024","NEU","Male","20-39","e4","Low",82735,7398,2347
"Medium","Austria",40,"2020-2024","NEU","Male","20-39","e5","Middle",69627,10734,5703
"Medium","Austria",40,"2020-2024","NEU","Male","20-39","e6","High",39736,13809,8599
"Medium","Austria",40,"2020-2024","NEU","Male","40-64","e4","Low",95213,3527,1087
"Medium","Austria",40,"2020-2024","NEU","Male","40-64","e5","Middle",80189,3366,3138
"Medium","Austria",40,"2020-2024","NEU","Male","40-64","e6","High",36674,4312,3813
"Medium","Austria",40,"2020-2024","NEU","Male","65+","e4","Low",25545,405,181
"Medium","Austria",40,"2020-2024","NEU","Male","65+","e5","Middle",16395,392,478
"Medium","Austria",40,"2020-2024","NEU","Male","65+","e6","High",8845,600,508
"Medium","Austria",40,"2025-2029","EU","Female","0-19","e4","Low",23549,1881,641
"Medium","Austria",40,"2025-2029","EU","Female","0-19","e5","Middle",3094,2108,886
"Medium","Austria",40,"2025-2029","EU","Female","0-19","e6","High",215,2390,970
"Medium","Austria",40,"2025-2029","EU","Female","20-39","e4","Low",29845,593,132
"Medium","Austria",40,"2025-2029","EU","Female","20-39","e5","Middle",45548,3900,1655
"Medium","Austria",40,"2025-2029","EU","Female","20-39","e6","High",51551,8864,5693
"Medium","Austria",40,"2025-2029","EU","Female","40-64","e4","Low",51887,884,393
"Medium","Austria",40,"2025-2029","EU","Female","40-64","e5","Middle",75037,2496,1901
"Medium","Austria",40,"2025-2029","EU","Female","40-64","e6","High",66003,3998,3675
"Medium","Austria",40,"2025-2029","EU","Female","65+","e4","Low",24530,316,237
"Medium","Austria",40,"2025-2029","EU","Female","65+","e5","Middle",39588,682,611
"Medium","Austria",40,"2025-2029","EU","Female","65+","e6","High",21969,670,593
"Medium","Austria",40,"2025-2029","EU","Male","0-19","e4","Low",24971,1949,746
"Medium","Austria",40,"2025-2029","EU","Male","0-19","e5","Middle",2535,2362,976
"Medium","Austria",40,"2025-2029","EU","Male","0-19","e6","High",139,1217,446
"Medium","Austria",40,"2025-2029","EU","Male","20-39","e4","Low",35080,799,243
"Medium","Austria",40,"2025-2029","EU","Male","20-39","e5","Middle",48555,4250,2073
"Medium","Austria",40,"2025-2029","EU","Male","20-39","e6","High",38855,7642,4602
"Medium","Austria",40,"2025-2029","EU","Male","40-64","e4","Low",47960,871,273
"Medium","Austria",40,"2025-2029","EU","Male","40-64","e5","Middle",74113,2265,1993
"Medium","Austria",40,"2025-2029","EU","Male","40-64","e6","High",53424,3714,3189
"Medium","Austria",40,"2025-2029","EU","Male","65+","e4","Low",9328,173,75
"Medium","Austria",40,"2025-2029","EU","Male","65+","e5","Middle",27674,467,544
"Medium","Austria",40,"2025-2029","EU","Male","65+","e6","High",22220,648,594
"Medium","Austria",40,"2025-2029","NAT","Female","0-19","e4","Low",549362,364,128
"Medium","Austria",40,"2025-2029","NAT","Female","0-19","e5","Middle",128831,362,145
"Medium","Austria",40,"2025-2029","NAT","Female","0-19","e6","High",96542,464,193
"Medium","Austria",40,"2025-2029","NAT","Female","20-39","e4","Low",66118,179,43
"Medium","Austria",40,"2025-2029","NAT","Female","20-39","e5","Middle",303362,811,353
"Medium","Austria",40,"2025-2029","NAT","Female","20-39","e6","High",432015,2113,1380
"Medium","Austria",40,"2025-2029","NAT","Female","40-64","e4","Low",153659,366,172
"Medium","Austria",40,"2025-2029","NAT","Female","40-64","e5","Middle",551307,637,497
"Medium","Austria",40,"2025-2029","NAT","Female","40-64","e6","High",447273,1643,1527
"Medium","Austria",40,"2025-2029","NAT","Female","65+","e4","Low",316713,201,152
"Medium","Austria",40,"2025-2029","NAT","Female","65+","e5","Middle",425149,264,237
"Medium","Austria",40,"2025-2029","NAT","Female","65+","e6","High",145367,439,384
"Medium","Austria",40,"2025-2029","NAT","Male","0-19","e4","Low",597773,381,152
"Medium","Austria",40,"2025-2029","NAT","Male","0-19","e5","Middle",121971,397,157
"Medium","Austria",40,"2025-2029","NAT","Male","0-19","e6","High",99033,277,106
"Medium","Austria",40,"2025-2029","NAT","Male","20-39","e4","Low",106164,212,67
"Medium","Austria",40,"2025-2029","NAT","Male","20-39","e5","Middle",405333,809,402
"Medium","Austria",40,"2025-2029","NAT","Male","20-39","e6","High",325476,1889,1166
"Medium","Austria",40,"2025-2029","NAT","Male","40-64","e4","Low",84047,354,113
"Medium","Austria",40,"2025-2029","NAT","Male","40-64","e5","Middle",649223,535,487
"Medium","Austria",40,"2025-2029","NAT","Male","40-64","e6","High",429227,1609,1397
"Medium","Austria",40,"2025-2029","NAT","Male","65+","e4","Low",89015,157,69
"Medium","Austria",40,"2025-2029","NAT","Male","65+","e5","Middle",417628,191,224
"Medium","Austria",40,"2025-2029","NAT","Male","65+","e6","High",197244,410,372
"Medium","Austria",40,"2025-2029","NEU","Female","0-19","e4","Low",29727,12339,3654
"Medium","Austria",40,"2025-2029","NEU","Female","0-19","e5","Middle",4064,7088,2890
"Medium","Austria",40,"2025-2029","NEU","Female","0-19","e6","High",132,5147,2090
"Medium","Austria",40,"2025-2029","NEU","Female","20-39","e4","Low",53194,7180,1474
"Medium","Austria",40,"2025-2029","NEU","Female","20-39","e5","Middle",54893,11899,4952
"Medium","Austria",40,"2025-2029","NEU","Female","20-39","e6","High",47034,15752,10067
"Medium","Austria",40,"2025-2029","NEU","Female","40-64","e4","Low",123981,4435,1881
"Medium","Austria",40,"2025-2029","NEU","Female","40-64","e5","Middle",69060,4122,3043
"Medium","Austria",40,"2025-2029","NEU","Female","40-64","e6","High",51037,4983,4534
"Medium","Austria",40,"2025-2029","NEU","Female","65+","e4","Low",50808,817,612
"Medium","Austria",40,"2025-2029","NEU","Female","65+","e5","Middle",17082,798,714
"Medium","Austria",40,"2025-2029","NEU","Female","65+","e6","High",11256,786,695
"Medium","Austria",40,"2025-2029","NEU","Male","0-19","e4","Low",32210,12383,4059
"Medium","Austria",40,"2025-2029","NEU","Male","0-19","e5","Middle",3403,7646,3008
"Medium","Austria",40,"2025-2029","NEU","Male","0-19","e6","High",119,3888,1425
"Medium","Austria",40,"2025-2029","NEU","Male","20-39","e4","Low",69268,7062,2067
"Medium","Austria",40,"2025-2029","NEU","Male","20-39","e5","Middle",61571,11468,5544
"Medium","Austria",40,"2025-2029","NEU","Male","20-39","e6","High",42985,15711,9310
"Medium","Austria",40,"2025-2029","NEU","Male","40-64","e4","Low",107639,3937,1226
"Medium","Austria",40,"2025-2029","NEU","Male","40-64","e5","Middle",87023,3841,3285
"Medium","Austria",40,"2025-2029","NEU","Male","40-64","e6","High",45097,5181,4394
"Medium","Austria",40,"2025-2029","NEU","Male","65+","e4","Low",32281,544,235
"Medium","Austria",40,"2025-2029","NEU","Male","65+","e5","Middle",23619,574,668
"Medium","Austria",40,"2025-2029","NEU","Male","65+","e6","High",12609,836,766
"Medium","Austria",40,"2030-2034","EU","Female","0-19","e4","Low",12800,1393,469
"Medium","Austria",40,"2030-2034","EU","Female","0-19","e5","Middle",2672,2155,903
"Medium","Austria",40,"2030-2034","EU","Female","0-19","e6","High",181,2223,885
"Medium","Austria",40,"2030-2034","EU","Female","20-39","e4","Low",22849,380,66
"Medium","Austria",40,"2030-2034","EU","Female","20-39","e5","Middle",35962,3493,1315
"Medium","Austria",40,"2030-2034","EU","Female","20-39","e6","High",43053,8601,5277
"Medium","Austria",40,"2030-2034","EU","Female","40-64","e4","Low",56607,731,292
"Medium","Austria",40,"2030-2034","EU","Female","40-64","e5","Middle",78852,2316,1613
"Medium","Austria",40,"2030-2034","EU","Female","40-64","e6","High",76066,4260,3775
"Medium","Austria",40,"2030-2034","EU","Female","65+","e4","Low",24905,278,207
"Medium","Austria",40,"2030-2034","EU","Female","65+","e5","Middle",43999,724,699
"Medium","Austria",40,"2030-2034","EU","Female","65+","e6","High",27843,809,828
"Medium","Austria",40,"2030-2034","EU","Male","0-19","e4","Low",13625,1433,550
"Medium","Austria",40,"2030-2034","EU","Male","0-19","e5","Middle",2161,2408,1010
"Medium","Austria",40,"2030-2034","EU","Male","0-19","e6","High",111,1101,399
"Medium","Austria",40,"2030-2034","EU","Male","20-39","e4","Low",28111,530,142
"Medium","Austria",40,"2030-2034","EU","Male","20-39","e5","Middle",39092,3934,1727
"Medium","Austria",40,"2030-2034","EU","Male","20-39","e6","High",31698,7274,4131
"Medium","Austria",40,"2030-2034","EU","Male","40-64","e4","Low",54903,759,243
"Medium","Austria",40,"2030-2034","EU","Male","40-64","e5","Middle",78387,2156,1691
"Medium","Austria",40,"2030-2034","EU","Male","40-64","e6","High",59950,3901,3147
"Medium","Austria",40,"2030-2034","EU","Male","65+","e4","Low",12032,173,73
"Medium","Austria",40,"2030-2034","EU","Male","65+","e5","Middle",31914,506,625
"Medium","Austria",40,"2030-2034","EU","Male","65+","e6","High",26062,740,770
"Medium","Austria",40,"2030-2034","NAT","Female","0-19","e4","Low",396504,160,48
"Medium","Austria",40,"2030-2034","NAT","Female","0-19","e5","Middle",201563,352,143
"Medium","Austria",40,"2030-2034","NAT","Female","0-19","e6","High",194709,586,245
"Medium","Austria",40,"2030-2034","NAT","Female","20-39","e4","Low",58395,123,23
"Medium","Austria",40,"2030-2034","NAT","Female","20-39","e5","Middle",266325,788,306
"Medium","Austria",40,"2030-2034","NAT","Female","20-39","e6","High",456405,2204,1377
"Medium","Austria",40,"2030-2034","NAT","Female","40-64","e4","Low",114375,290,121
"Medium","Austria",40,"2030-2034","NAT","Female","40-64","e5","Middle",480490,617,437
"Medium","Austria",40,"2030-2034","NAT","Female","40-64","e6","High",479536,1619,1462
"Medium","Austria",40,"2030-2034","NAT","Female","65+","e4","Low",288121,160,120
"Medium","Austria",40,"2030-2034","NAT","Female","65+","e5","Middle",501564,262,252
"Medium","Austria",40,"2030-2034","NAT","Female","65+","e6","High",201870,443,451
"Medium","Austria",40,"2030-2034","NAT","Male","0-19","e4","Low",438821,177,61
"Medium","Austria",40,"2030-2034","NAT","Male","0-19","e5","Middle",197745,412,170
"Medium","Austria",40,"2030-2034","NAT","Male","0-19","e6","High",202377,335,135
"Medium","Austria",40,"2030-2034","NAT","Male","20-39","e4","Low",113172,164,46
"Medium","Austria",40,"2030-2034","NAT","Male","20-39","e5","Middle",370984,831,372
"Medium","Austria",40,"2030-2034","NAT","Male","20-39","e6","High",332258,1977,1148
"Medium","Austria",40,"2030-2034","NAT","Male","40-64","e4","Low",83401,278,90
"Medium","Austria",40,"2030-2034","NAT","Male","40-64","e5","Middle",579069,534,428
"Medium","Austria",40,"2030-2034","NAT","Male","40-64","e6","High",430022,1587,1305
"Medium","Austria",40,"2030-2034","NAT","Male","65+","e4","Low",79965,117,50
"Medium","Austria",40,"2030-2034","NAT","Male","65+","e5","Middle",481936,191,236
"Medium","Austria",40,"2030-2034","NAT","Male","65+","e6","High",246171,416,432
"Medium","Austria",40,"2030-2034","NEU","Female","0-19","e4","Low",21500,10625,2466
"Medium","Austria",40,"2030-2034","NEU","Female","0-19","e5","Middle",4577,8660,3563
"Medium","Austria",40,"2030-2034","NEU","Female","0-19","e6","High",131,6036,2402
"Medium","Austria",40,"2030-2034","NEU","Female","20-39","e4","Low",42340,6762,1056
"Medium","Austria",40,"2030-2034","NEU","Female","20-39","e5","Middle",50002,12768,4705
"Medium","Austria",40,"2030-2034","NEU","Female","20-39","e6","High",46149,17692,10787
"Medium","Austria",40,"2030-2034","NEU","Female","40-64","e4","Low",125838,4674,1773
"Medium","Austria",40,"2030-2034","NEU","Female","40-64","e5","Middle",78370,4636,3076
"Medium","Austria",40,"2030-2034","NEU","Female","40-64","e6","High",62166,6113,5327
"Medium","Austria",40,"2030-2034","NEU","Female","65+","e4","Low",65327,961,707
"Medium","Austria",40,"2030-2034","NEU","Female","65+","e5","Middle",25081,1003,970
"Medium","Austria",40,"2030-2034","NEU","Female","65+","e6","High",16729,1020,1046
"Medium","Austria",40,"2030-2034","NEU","Male","0-19","e4","Low",22904,10562,2809
"Medium","Austria",40,"2030-2034","NEU","Male","0-19","e5","Middle",3814,9315,3780
"Medium","Austria",40,"2030-2034","NEU","Male","0-19","e6","High",112,4496,1628
"Medium","Austria",40,"2030-2034","NEU","Male","20-39","e4","Low",59593,6617,1682
"Medium","Austria",40,"2030-2034","NEU","Male","20-39","e5","Middle",52061,12240,5323
"Medium","Austria",40,"2030-2034","NEU","Male","20-39","e6","High",41769,17697,9893
"Medium","Austria",40,"2030-2034","NEU","Male","40-64","e4","Low",114509,4218,1359
"Medium","Austria",40,"2030-2034","NEU","Male","40-64","e5","Middle",91333,4361,3273
"Medium","Austria",40,"2030-2034","NEU","Male","40-64","e6","High",54431,6188,4901
"Medium","Austria",40,"2030-2034","NEU","Male","65+","e4","Low",42690,682,285
"Medium","Austria",40,"2030-2034","NEU","Male","65+","e5","Middle",35158,732,905
"Medium","Austria",40,"2030-2034","NEU","Male","65+","e6","High",17593,1046,1091
"Medium","Austria",40,"2035-2039","EU","Female","0-19","e4","Low",4695,1061,354
"Medium","Austria",40,"2035-2039","EU","Female","0-19","e5","Middle",1903,1884,770
"Medium","Austria",40,"2035-2039","EU","Female","0-19","e6","High",103,2140,902
"Medium","Austria",40,"2035-2039","EU","Female","20-39","e4","Low",17071,230,30
"Medium","Austria",40,"2035-2039","EU","Female","20-39","e5","Middle",27015,3088,1008
"Medium","Austria",40,"2035-2039","EU","Female","20-39","e6","High",35415,8234,4817
"Medium","Austria",40,"2035-2039","EU","Female","40-64","e4","Low",56107,578,203
"Medium","Austria",40,"2035-2039","EU","Female","40-64","e5","Middle",77529,2113,1321
"Medium","Austria",40,"2035-2039","EU","Female","40-64","e6","High",82497,4381,3745
"Medium","Austria",40,"2035-2039","EU","Female","65+","e4","Low",29059,247,167
"Medium","Austria",40,"2035-2039","EU","Female","65+","e5","Middle",50802,721,739
"Medium","Austria",40,"2035-2039","EU","Female","65+","e6","High",35222,927,1035
"Medium","Austria",40,"2035-2039","EU","Male","0-19","e4","Low",5047,1091,416
"Medium","Austria",40,"2035-2039","EU","Male","0-19","e5","Middle",1607,2130,890
"Medium","Austria",40,"2035-2039","EU","Male","0-19","e6","High",62,1041,396
"Medium","Austria",40,"2035-2039","EU","Male","20-39","e4","Low",22445,344,77
"Medium","Austria",40,"2035-2039","EU","Male","20-39","e5","Middle",29607,3591,1408
"Medium","Austria",40,"2035-2039","EU","Male","20-39","e6","High",25703,6816,3667
"Medium","Austria",40,"2035-2039","EU","Male","40-64","e4","Low",56855,619,199
"Medium","Austria",40,"2035-2039","EU","Male","40-64","e5","Middle",78533,2025,1406
"Medium","Austria",40,"2035-2039","EU","Male","40-64","e6","High",63682,3949,2992
"Medium","Austria",40,"2035-2039","EU","Male","65+","e4","Low",17164,176,71
"Medium","Austria",40,"2035-2039","EU","Male","65+","e5","Middle",38677,524,654
"Medium","Austria",40,"2035-2039","EU","Male","65+","e6","High",30660,832,924
"Medium","Austria",40,"2035-2039","NAT","Female","0-19","e4","Low",228378,119,38
"Medium","Austria",40,"2035-2039","NAT","Female","0-19","e5","Middle",269568,194,77
"Medium","Austria",40,"2035-2039","NAT","Female","0-19","e6","High",299169,294,134
"Medium","Austria",40,"2035-2039","NAT","Female","20-39","e4","Low",48968,82,11
"Medium","Austria",40,"2035-2039","NAT","Female","20-39","e5","Middle",237329,775,257
"Medium","Austria",40,"2035-2039","NAT","Female","20-39","e6","High",465684,2374,1393
"Medium","Austria",40,"2035-2039","NAT","Female","40-64","e4","Low",90406,219,77
"Medium","Austria",40,"2035-2039","NAT","Female","40-64","e5","Middle",410972,578,362
"Medium","Austria",40,"2035-2039","NAT","Female","40-64","e6","High",524155,1579,1365
"Medium","Austria",40,"2035-2039","NAT","Female","65+","e4","Low",257355,137,94
"Medium","Austria",40,"2035-2039","NAT","Female","65+","e5","Middle",557194,262,268
"Medium","Austria",40,"2035-2039","NAT","Female","65+","e6","High",265688,470,524
"Medium","Austria",40,"2035-2039","NAT","Male","0-19","e4","Low",262918,124,46
"Medium","Austria",40,"2035-2039","NAT","Male","0-19","e5","Middle",266521,215,88
"Medium","Austria",40,"2035-2039","NAT","Male","0-19","e6","High",312052,173,77
"Medium","Austria",40,"2035-2039","NAT","Male","20-39","e4","Low",122514,120,28
"Medium","Austria",40,"2035-2039","NAT","Male","20-39","e5","Middle",338379,865,343
"Medium","Austria",40,"2035-2039","NAT","Male","20-39","e6","High",328200,2107,1142
"Medium","Austria",40,"2035-2039","NAT","Male","40-64","e4","Low",89421,220,71
"Medium","Austria",40,"2035-2039","NAT","Male","40-64","e5","Middle",520850,514,358
"Medium","Austria",40,"2035-2039","NAT","Male","40-64","e6","High",436648,1528,1172
"Medium","Austria",40,"2035-2039","NAT","Male","65+","e4","Low",73229,98,40
"Medium","Austria",40,"2035-2039","NAT","Male","65+","e5","Middle",528579,197,247
"Medium","Austria",40,"2035-2039","NAT","Male","65+","e6","High",298672,457,509
"Medium","Austria",40,"2035-2039","NEU","Female","0-19","e4","Low",14422,10434,2330
"Medium","Austria",40,"2035-2039","NEU","Female","0-19","e5","Middle",4797,9158,3681
"Medium","Austria",40,"2035-2039","NEU","Female","0-19","e6","High",93,6676,2814
"Medium","Austria",40,"2035-2039","NEU","Female","20-39","e4","Low",35760,6429,766
"Medium","Austria",40,"2035-2039","NEU","Female","20-39","e5","Middle",49408,13900,4442
"Medium","Austria",40,"2035-2039","NEU","Female","20-39","e6","High",48881,20223,11736
"Medium","Austria",40,"2035-2039","NEU","Female","40-64","e4","Low",117737,4779,1580
"Medium","Austria",40,"2035-2039","NEU","Female","40-64","e5","Middle",81508,5241,3166
"Medium","Austria",40,"2035-2039","NEU","Female","40-64","e6","High",70824,7368,6228
"Medium","Austria",40,"2035-2039","NEU","Female","65+","e4","Low",83082,1108,743
"Medium","Austria",40,"2035-2039","NEU","Female","65+","e5","Middle",35792,1085,1111
"Medium","Austria",40,"2035-2039","NEU","Female","65+","e6","High",23011,1187,1323
"Medium","Austria",40,"2035-2039","NEU","Male","0-19","e4","Low",15131,10348,2659
"Medium","Austria",40,"2035-2039","NEU","Male","0-19","e5","Middle",4311,9874,3990
"Medium","Austria",40,"2035-2039","NEU","Male","0-19","e6","High",80,4891,1863
"Medium","Austria",40,"2035-2039","NEU","Male","20-39","e4","Low",52531,6237,1350
"Medium","Austria",40,"2035-2039","NEU","Male","20-39","e5","Middle",47546,13313,5182
"Medium","Austria",40,"2035-2039","NEU","Male","20-39","e6","High",42362,20144,10649
"Medium","Austria",40,"2035-2039","NEU","Male","40-64","e4","Low",116193,4346,1419
"Medium","Austria",40,"2035-2039","NEU","Male","40-64","e5","Middle",90280,4915,3310
"Medium","Austria",40,"2035-2039","NEU","Male","40-64","e6","High",63050,7429,5571
"Medium","Austria",40,"2035-2039","NEU","Male","65+","e4","Low",53751,821,329
"Medium","Austria",40,"2035-2039","NEU","Male","65+","e5","Middle",47049,815,1017
"Medium","Austria",40,"2035-2039","NEU","Male","65+","e6","High",22278,1180,1313
"Medium","Austria",40,"2040-2044","EU","Female","0-19","e4","Low",1094,0,0
"Medium","Austria",40,"2040-2044","EU","Female","0-19","e5","Middle",747,0,0
"Medium","Austria",40,"2040-2044","EU","Female","0-19","e6","High",11,0,0
"Medium","Austria",40,"2040-2044","EU","Female","20-39","e4","Low",12450,0,0
"Medium","Austria",40,"2040-2044","EU","Female","20-39","e5","Middle",19671,0,0
"Medium","Austria",40,"2040-2044","EU","Female","20-39","e6","High",29498,0,0
"Medium","Austria",40,"2040-2044","EU","Female","40-64","e4","Low",51407,0,0
"Medium","Austria",40,"2040-2044","EU","Female","40-64","e5","Middle",71986,0,0
"Medium","Austria",40,"2040-2044","EU","Female","40-64","e6","High",83839,0,0
"Medium","Austria",40,"2040-2044","EU","Female","65+","e4","Low",35565,0,0
"Medium","Austria",40,"2040-2044","EU","Female","65+","e5","Middle",58034,0,0
"Medium","Austria",40,"2040-2044","EU","Female","65+","e6","High",43943,0,0
"Medium","Austria",40,"2040-2044","EU","Male","0-19","e4","Low",1081,0,0
"Medium","Austria",40,"2040-2044","EU","Male","0-19","e5","Middle",713,0,0
"Medium","Austria",40,"2040-2044","EU","Male","0-19","e6","High",7,0,0
"Medium","Austria",40,"2040-2044","EU","Male","20-39","e4","Low",17336,0,0
"Medium","Austria",40,"2040-2044","EU","Male","20-39","e5","Middle",22303,0,0
"Medium","Austria",40,"2040-2044","EU","Male","20-39","e6","High",21115,0,0
"Medium","Austria",40,"2040-2044","EU","Male","40-64","e4","Low",54819,0,0
"Medium","Austria",40,"2040-2044","EU","Male","40-64","e5","Middle",75050,0,0
"Medium","Austria",40,"2040-2044","EU","Male","40-64","e6","High",64155,0,0
"Medium","Austria",40,"2040-2044","EU","Male","65+","e4","Low",23704,0,0
"Medium","Austria",40,"2040-2044","EU","Male","65+","e5","Middle",45045,0,0
"Medium","Austria",40,"2040-2044","EU","Male","65+","e6","High",35728,0,0
"Medium","Austria",40,"2040-2044","NAT","Female","0-19","e4","Low",211492,0,0
"Medium","Austria",40,"2040-2044","NAT","Female","0-19","e5","Middle",247997,0,0
"Medium","Austria",40,"2040-2044","NAT","Female","0-19","e6","High",317628,0,0
"Medium","Austria",40,"2040-2044","NAT","Female","20-39","e4","Low",45179,0,0
"Medium","Austria",40,"2040-2044","NAT","Female","20-39","e5","Middle",221153,0,0
"Medium","Austria",40,"2040-2044","NAT","Female","20-39","e6","High",493845,0,0
"Medium","Austria",40,"2040-2044","NAT","Female","40-64","e4","Low",79217,0,0
"Medium","Austria",40,"2040-2044","NAT","Female","40-64","e5","Middle",361038,0,0
"Medium","Austria",40,"2040-2044","NAT","Female","40-64","e6","High",563234,0,0
"Medium","Austria",40,"2040-2044","NAT","Female","65+","e4","Low",219225,0,0
"Medium","Austria",40,"2040-2044","NAT","Female","65+","e5","Middle",573788,0,0
"Medium","Austria",40,"2040-2044","NAT","Female","65+","e6","High",326877,0,0
"Medium","Austria",40,"2040-2044","NAT","Male","0-19","e4","Low",245791,0,0
"Medium","Austria",40,"2040-2044","NAT","Male","0-19","e5","Middle",242626,0,0
"Medium","Austria",40,"2040-2044","NAT","Male","0-19","e6","High",331513,0,0
"Medium","Austria",40,"2040-2044","NAT","Male","20-39","e4","Low",139130,0,0
"Medium","Austria",40,"2040-2044","NAT","Male","20-39","e5","Middle",322663,0,0
"Medium","Austria",40,"2040-2044","NAT","Male","20-39","e6","High",338813,0,0
"Medium","Austria",40,"2040-2044","NAT","Male","40-64","e4","Low",100387,0,0
"Medium","Austria",40,"2040-2044","NAT","Male","40-64","e5","Middle",480339,0,0
"Medium","Austria",40,"2040-2044","NAT","Male","40-64","e6","High",447015,0,0
"Medium","Austria",40,"2040-2044","NAT","Male","65+","e4","Low",65510,0,0
"Medium","Austria",40,"2040-2044","NAT","Male","65+","e5","Middle",539599,0,0
"Medium","Austria",40,"2040-2044","NAT","Male","65+","e6","High",336261,0,0
"Medium","Austria",40,"2040-2044","NEU","Female","0-19","e4","Low",12152,0,0
"Medium","Austria",40,"2040-2044","NEU","Female","0-19","e5","Middle",4540,0,0
"Medium","Austria",40,"2040-2044","NEU","Female","0-19","e6","High",63,0,0
"Medium","Austria",40,"2040-2044","NEU","Female","20-39","e4","Low",30392,0,0
"Medium","Austria",40,"2040-2044","NEU","Female","20-39","e5","Middle",48021,0,0
"Medium","Austria",40,"2040-2044","NEU","Female","20-39","e6","High",52570,0,0
"Medium","Austria",40,"2040-2044","NEU","Female","40-64","e4","Low",105290,0,0
"Medium","Austria",40,"2040-2044","NEU","Female","40-64","e5","Middle",84225,0,0
"Medium","Austria",40,"2040-2044","NEU","Female","40-64","e6","High",79487,0,0
"Medium","Austria",40,"2040-2044","NEU","Female","65+","e4","Low",100492,0,0
"Medium","Austria",40,"2040-2044","NEU","Female","65+","e5","Middle",46194,0,0
"Medium","Austria",40,"2040-2044","NEU","Female","65+","e6","High",29798,0,0
"Medium","Austria",40,"2040-2044","NEU","Male","0-19","e4","Low",12422,0,0
"Medium","Austria",40,"2040-2044","NEU","Male","0-19","e5","Middle",4212,0,0
"Medium","Austria",40,"2040-2044","NEU","Male","0-19","e6","High",53,0,0
"Medium","Austria",40,"2040-2044","NEU","Male","20-39","e4","Low",45428,0,0
"Medium","Austria",40,"2040-2044","NEU","Male","20-39","e5","Middle",42727,0,0
"Medium","Austria",40,"2040-2044","NEU","Male","20-39","e6","High",43126,0,0
"Medium","Austria",40,"2040-2044","NEU","Male","40-64","e4","Low",115301,0,0
"Medium","Austria",40,"2040-2044","NEU","Male","40-64","e5","Middle",91598,0,0
"Medium","Austria",40,"2040-2044","NEU","Male","40-64","e6","High",72570,0,0
"Medium","Austria",40,"2040-2044","NEU","Male","65+","e4","Low",64500,0,0
"Medium","Austria",40,"2040-2044","NEU","Male","65+","e5","Middle",54840,0,0
"Medium","Austria",40,"2040-2044","NEU","Male","65+","e6","High",27159,0,0
"Medium","Belgium",56,"2020-2024","EU","Female","0-19","e4","Low",51275,2250,1013
"Medium","Belgium",56,"2020-2024","EU","Female","0-19","e5","Middle",3551,3096,1220
"Medium","Belgium",56,"2020-2024","EU","Female","0-19","e6","High",68,1455,670
"Medium","Belgium",56,"2020-2024","EU","Female","20-39","e4","Low",32857,528,192
"Medium","Belgium",56,"2020-2024","EU","Female","20-39","e5","Middle",36053,4183,2588
"Medium","Belgium",56,"2020-2024","EU","Female","20-39","e6","High",45253,12590,6447
"Medium","Belgium",56,"2020-2024","EU","Female","40-64","e4","Low",50281,957,616
"Medium","Belgium",56,"2020-2024","EU","Female","40-64","e5","Middle",31713,2669,2489
"Medium","Belgium",56,"2020-2024","EU","Female","40-64","e6","High",46058,5680,3903
"Medium","Belgium",56,"2020-2024","EU","Female","65+","e4","Low",60386,465,501
"Medium","Belgium",56,"2020-2024","EU","Female","65+","e5","Middle",14463,616,532
"Medium","Belgium",56,"2020-2024","EU","Female","65+","e6","High",11191,1022,948
"Medium","Belgium",56,"2020-2024","EU","Male","0-19","e4","Low",55018,2359,1080
"Medium","Belgium",56,"2020-2024","EU","Male","0-19","e5","Middle",2753,2725,1316
"Medium","Belgium",56,"2020-2024","EU","Male","0-19","e6","High",55,1322,723
"Medium","Belgium",56,"2020-2024","EU","Male","20-39","e4","Low",29113,835,249
"Medium","Belgium",56,"2020-2024","EU","Male","20-39","e5","Middle",32640,4326,2598
"Medium","Belgium",56,"2020-2024","EU","Male","20-39","e6","High",28241,11492,7191
"Medium","Belgium",56,"2020-2024","EU","Male","40-64","e4","Low",46445,1189,564
"Medium","Belgium",56,"2020-2024","EU","Male","40-64","e5","Middle",31870,2879,2140
"Medium","Belgium",56,"2020-2024","EU","Male","40-64","e6","High",36928,4125,3836
"Medium","Belgium",56,"2020-2024","EU","Male","65+","e4","Low",41218,357,375
"Medium","Belgium",56,"2020-2024","EU","Male","65+","e5","Middle",12926,545,391
"Medium","Belgium",56,"2020-2024","EU","Male","65+","e6","High",12134,857,746
"Medium","Belgium",56,"2020-2024","NAT","Female","0-19","e4","Low",1071636,553,247
"Medium","Belgium",56,"2020-2024","NAT","Female","0-19","e5","Middle",78547,871,340
"Medium","Belgium",56,"2020-2024","NAT","Female","0-19","e6","High",870,476,219
"Medium","Belgium",56,"2020-2024","NAT","Female","20-39","e4","Low",148847,211,81
"Medium","Belgium",56,"2020-2024","NAT","Female","20-39","e5","Middle",361551,1377,888
"Medium","Belgium",56,"2020-2024","NAT","Female","20-39","e6","High",627472,5176,2655
"Medium","Belgium",56,"2020-2024","NAT","Female","40-64","e4","Low",334245,551,357
"Medium","Belgium",56,"2020-2024","NAT","Female","40-64","e5","Middle",528017,1290,1201
"Medium","Belgium",56,"2020-2024","NAT","Female","40-64","e6","High",688733,4402,3032
"Medium","Belgium",56,"2020-2024","NAT","Female","65+","e4","Low",652668,228,243
"Medium","Belgium",56,"2020-2024","NAT","Female","65+","e5","Middle",233433,332,287
"Medium","Belgium",56,"2020-2024","NAT","Female","65+","e6","High",214186,774,713
"Medium","Belgium",56,"2020-2024","NAT","Male","0-19","e4","Low",1136005,593,270
"Medium","Belgium",56,"2020-2024","NAT","Male","0-19","e5","Middle",68628,813,389
"Medium","Belgium",56,"2020-2024","NAT","Male","0-19","e6","High",836,489,268
"Medium","Belgium",56,"2020-2024","NAT","Male","20-39","e4","Low",254650,311,94
"Medium","Belgium",56,"2020-2024","NAT","Male","20-39","e5","Middle",474001,1276,783
"Medium","Belgium",56,"2020-2024","NAT","Male","20-39","e6","High",472152,4596,2950
"Medium","Belgium",56,"2020-2024","NAT","Male","40-64","e4","Low",418359,672,320
"Medium","Belgium",56,"2020-2024","NAT","Male","40-64","e5","Middle",587079,1243,927
"Medium","Belgium",56,"2020-2024","NAT","Male","40-64","e6","High",561711,3050,2843
"Medium","Belgium",56,"2020-2024","NAT","Male","65+","e4","Low",437357,175,181
"Medium","Belgium",56,"2020-2024","NAT","Male","65+","e5","Middle",207115,233,167
"Medium","Belgium",56,"2020-2024","NAT","Male","65+","e6","High",219803,475,412
"Medium","Belgium",56,"2020-2024","NEU","Female","0-19","e4","Low",50184,16706,6753
"Medium","Belgium",56,"2020-2024","NEU","Female","0-19","e5","Middle",3259,7083,2748
"Medium","Belgium",56,"2020-2024","NEU","Female","0-19","e6","High",38,2621,1207
"Medium","Belgium",56,"2020-2024","NEU","Female","20-39","e4","Low",83365,8511,2901
"Medium","Belgium",56,"2020-2024","NEU","Female","20-39","e5","Middle",60787,9038,5283
"Medium","Belgium",56,"2020-2024","NEU","Female","20-39","e6","High",53723,13499,6906
"Medium","Belgium",56,"2020-2024","NEU","Female","40-64","e4","Low",121587,4227,2402
"Medium","Belgium",56,"2020-2024","NEU","Female","40-64","e5","Middle",42246,1614,1532
"Medium","Belgium",56,"2020-2024","NEU","Female","40-64","e6","High",61443,3073,2075
"Medium","Belgium",56,"2020-2024","NEU","Female","65+","e4","Low",28755,635,668
"Medium","Belgium",56,"2020-2024","NEU","Female","65+","e5","Middle",6929,194,167
"Medium","Belgium",56,"2020-2024","NEU","Female","65+","e6","High",10465,340,312
"Medium","Belgium",56,"2020-2024","NEU","Male","0-19","e4","Low",55285,16702,6986
"Medium","Belgium",56,"2020-2024","NEU","Male","0-19","e5","Middle",2534,6237,2967
"Medium","Belgium",56,"2020-2024","NEU","Male","0-19","e6","High",28,3046,1666
"Medium","Belgium",56,"2020-2024","NEU","Male","20-39","e4","Low",88800,9140,2677
"Medium","Belgium",56,"2020-2024","NEU","Male","20-39","e5","Middle",55122,8489,4967
"Medium","Belgium",56,"2020-2024","NEU","Male","20-39","e6","High",40089,15582,9660
"Medium","Belgium",56,"2020-2024","NEU","Male","40-64","e4","Low",122136,4816,2075
"Medium","Belgium",56,"2020-2024","NEU","Male","40-64","e5","Middle",53852,2070,1546
"Medium","Belgium",56,"2020-2024","NEU","Male","40-64","e6","High",64904,3103,2882
"Medium","Belgium",56,"2020-2024","NEU","Male","65+","e4","Low",25008,603,615
"Medium","Belgium",56,"2020-2024","NEU","Male","65+","e5","Middle",7316,204,145
"Medium","Belgium",56,"2020-2024","NEU","Male","65+","e6","High",13026,356,308
"Medium","Belgium",56,"2025-2029","EU","Female","0-19","e4","Low",35107,1201,516
"Medium","Belgium",56,"2025-2029","EU","Female","0-19","e5","Middle",4494,3021,1256
"Medium","Belgium",56,"2025-2029","EU","Female","0-19","e6","High",80,1362,638
"Medium","Belgium",56,"2025-2029","EU","Female","20-39","e4","Low",28899,325,103
"Medium","Belgium",56,"2025-2029","EU","Female","20-39","e5","Middle",32319,3333,1939
"Medium","Belgium",56,"2025-2029","EU","Female","20-39","e6","High",47585,11585,5978
"Medium","Belgium",56,"2025-2029","EU","Female","40-64","e4","Low",47293,710,391
"Medium","Belgium",56,"2025-2029","EU","Female","40-64","e5","Middle",33125,2395,2257
"Medium","Belgium",56,"2025-2029","EU","Female","40-64","e6","High",57776,6004,3854
"Medium","Belgium",56,"2025-2029","EU","Female","65+","e4","Low",56374,363,363
"Medium","Belgium",56,"2025-2029","EU","Female","65+","e5","Middle",18275,715,608
"Medium","Belgium",56,"2025-2029","EU","Female","65+","e6","High",15778,1191,994
"Medium","Belgium",56,"2025-2029","EU","Male","0-19","e4","Low",38190,1257,552
"Medium","Belgium",56,"2025-2029","EU","Male","0-19","e5","Middle",3522,2737,1345
"Medium","Belgium",56,"2025-2029","EU","Male","0-19","e6","High",64,1208,658
"Medium","Belgium",56,"2025-2029","EU","Male","20-39","e4","Low",26945,529,145
"Medium","Belgium",56,"2025-2029","EU","Male","20-39","e5","Middle",32037,3571,2001
"Medium","Belgium",56,"2025-2029","EU","Male","20-39","e6","High",30099,10452,6412
"Medium","Belgium",56,"2025-2029","EU","Male","40-64","e4","Low",42652,960,367
"Medium","Belgium",56,"2025-2029","EU","Male","40-64","e5","Middle",34852,2632,1910
"Medium","Belgium",56,"2025-2029","EU","Male","40-64","e6","High",41690,4114,3726
"Medium","Belgium",56,"2025-2029","EU","Male","65+","e4","Low",40540,285,258
"Medium","Belgium",56,"2025-2029","EU","Male","65+","e5","Middle",16141,630,455
"Medium","Belgium",56,"2025-2029","EU","Male","65+","e6","High",16190,908,824
"Medium","Belgium",56,"2025-2029","NAT","Female","0-19","e4","Low",853010,323,143
"Medium","Belgium",56,"2025-2029","NAT","Female","0-19","e5","Middle",154453,848,332
"Medium","Belgium",56,"2025-2029","NAT","Female","0-19","e6","High",142209,480,230
"Medium","Belgium",56,"2025-2029","NAT","Female","20-39","e4","Low",156401,143,48
"Medium","Belgium",56,"2025-2029","NAT","Female","20-39","e5","Middle",325542,1207,733
"Medium","Belgium",56,"2025-2029","NAT","Female","20-39","e6","High",653516,4726,2448
"Medium","Belgium",56,"2025-2029","NAT","Female","40-64","e4","Low",245861,406,228
"Medium","Belgium",56,"2025-2029","NAT","Female","40-64","e5","Middle",494758,1151,1086
"Medium","Belgium",56,"2025-2029","NAT","Female","40-64","e6","High",762480,4554,2955
"Medium","Belgium",56,"2025-2029","NAT","Female","65+","e4","Low",585820,230,230
"Medium","Belgium",56,"2025-2029","NAT","Female","65+","e5","Middle",300285,396,338
"Medium","Belgium",56,"2025-2029","NAT","Female","65+","e6","High",290711,1028,860
"Medium","Belgium",56,"2025-2029","NAT","Male","0-19","e4","Low",908026,337,153
"Medium","Belgium",56,"2025-2029","NAT","Male","0-19","e5","Middle",146773,772,365
"Medium","Belgium",56,"2025-2029","NAT","Male","0-19","e6","High",148886,500,276
"Medium","Belgium",56,"2025-2029","NAT","Male","20-39","e4","Low",268656,209,58
"Medium","Belgium",56,"2025-2029","NAT","Male","20-39","e5","Middle",439777,1206,677
"Medium","Belgium",56,"2025-2029","NAT","Male","20-39","e6","High",484510,4407,2731
"Medium","Belgium",56,"2025-2029","NAT","Male","40-64","e4","Low",350234,557,217
"Medium","Belgium",56,"2025-2029","NAT","Male","40-64","e5","Middle",582409,1171,853
"Medium","Belgium",56,"2025-2029","NAT","Male","40-64","e6","High",598478,3146,2861
"Medium","Belgium",56,"2025-2029","NAT","Male","65+","e4","Low",416122,183,166
"Medium","Belgium",56,"2025-2029","NAT","Male","65+","e5","Middle",262621,280,202
"Medium","Belgium",56,"2025-2029","NAT","Male","65+","e6","High",283729,605,549
"Medium","Belgium",56,"2025-2029","NEU","Female","0-19","e4","Low",38920,15660,5518
"Medium","Belgium",56,"2025-2029","NEU","Female","0-19","e5","Middle",4418,9298,3797
"Medium","Belgium",56,"2025-2029","NEU","Female","0-19","e6","High",35,3262,1527
"Medium","Belgium",56,"2025-2029","NEU","Female","20-39","e4","Low",68548,7956,2329
"Medium","Belgium",56,"2025-2029","NEU","Female","20-39","e5","Middle",53828,10244,5648
"Medium","Belgium",56,"2025-2029","NEU","Female","20-39","e6","High",49509,16518,8501
"Medium","Belgium",56,"2025-2029","NEU","Female","40-64","e4","Low",135979,4680,2332
"Medium","Belgium",56,"2025-2029","NEU","Female","40-64","e5","Middle",52405,2192,2051
"Medium","Belgium",56,"2025-2029","NEU","Female","40-64","e6","High",74053,4420,2759
"Medium","Belgium",56,"2025-2029","NEU","Female","65+","e4","Low",40253,808,802
"Medium","Belgium",56,"2025-2029","NEU","Female","65+","e5","Middle",11180,300,254
"Medium","Belgium",56,"2025-2029","NEU","Female","65+","e6","High",18023,515,428
"Medium","Belgium",56,"2025-2029","NEU","Male","0-19","e4","Low",41393,15574,5706
"Medium","Belgium",56,"2025-2029","NEU","Male","0-19","e5","Middle",3190,8372,4048
"Medium","Belgium",56,"2025-2029","NEU","Male","0-19","e6","High",23,3722,2026
"Medium","Belgium",56,"2025-2029","NEU","Male","20-39","e4","Low",79879,8601,2299
"Medium","Belgium",56,"2025-2029","NEU","Male","20-39","e5","Middle",47897,9602,5260
"Medium","Belgium",56,"2025-2029","NEU","Male","20-39","e6","High",38603,18696,11344
"Medium","Belgium",56,"2025-2029","NEU","Male","40-64","e4","Low",134057,5399,1889
"Medium","Belgium",56,"2025-2029","NEU","Male","40-64","e5","Middle",62832,2716,1935
"Medium","Belgium",56,"2025-2029","NEU","Male","40-64","e6","High",71194,4169,3722
"Medium","Belgium",56,"2025-2029","NEU","Male","65+","e4","Low",34404,754,675
"Medium","Belgium",56,"2025-2029","NEU","Male","65+","e5","Middle",11949,318,229
"Medium","Belgium",56,"2025-2029","NEU","Male","65+","e6","High",21217,516,468
"Medium","Belgium",56,"2030-2034","EU","Female","0-19","e4","Low",17730,852,337
"Medium","Belgium",56,"2030-2034","EU","Female","0-19","e5","Middle",3482,2818,1176
"Medium","Belgium",56,"2030-2034","EU","Female","0-19","e6","High",60,1187,532
"Medium","Belgium",56,"2030-2034","EU","Female","20-39","e4","Low",25828,207,55
"Medium","Belgium",56,"2030-2034","EU","Female","20-39","e5","Middle",29631,2668,1464
"Medium","Belgium",56,"2030-2034","EU","Female","20-39","e6","High",46515,10690,5603
"Medium","Belgium",56,"2030-2034","EU","Female","40-64","e4","Low",46022,509,237
"Medium","Belgium",56,"2030-2034","EU","Female","40-64","e5","Middle",34742,2113,1951
"Medium","Belgium",56,"2030-2034","EU","Female","40-64","e6","High",68933,6342,3815
"Medium","Belgium",56,"2030-2034","EU","Female","65+","e4","Low",52905,289,274
"Medium","Belgium",56,"2030-2034","EU","Female","65+","e5","Middle",22852,765,680
"Medium","Belgium",56,"2030-2034","EU","Female","65+","e6","High",22271,1351,1104
"Medium","Belgium",56,"2030-2034","EU","Male","0-19","e4","Low",19511,884,360
"Medium","Belgium",56,"2030-2034","EU","Male","0-19","e5","Middle",2749,2606,1257
"Medium","Belgium",56,"2030-2034","EU","Male","0-19","e6","High",47,1044,538
"Medium","Belgium",56,"2030-2034","EU","Male","20-39","e4","Low",26617,346,85
"Medium","Belgium",56,"2030-2034","EU","Male","20-39","e5","Middle",32602,2951,1560
"Medium","Belgium",56,"2030-2034","EU","Male","20-39","e6","High",30220,9410,5731
"Medium","Belgium",56,"2030-2034","EU","Male","40-64","e4","Low",40460,740,234
"Medium","Belgium",56,"2030-2034","EU","Male","40-64","e5","Middle",37005,2380,1628
"Medium","Belgium",56,"2030-2034","EU","Male","40-64","e6","High",46028,4219,3628
"Medium","Belgium",56,"2030-2034","EU","Male","65+","e4","Low",38915,252,196
"Medium","Belgium",56,"2030-2034","EU","Male","65+","e5","Middle",19778,668,508
"Medium","Belgium",56,"2030-2034","EU","Male","65+","e6","High",20820,937,922
"Medium","Belgium",56,"2030-2034","NAT","Female","0-19","e4","Low",617973,129,46
"Medium","Belgium",56,"2030-2034","NAT","Female","0-19","e5","Middle",220647,728,287
"Medium","Belgium",56,"2030-2034","NAT","Female","0-19","e6","High",294029,504,242
"Medium","Belgium",56,"2030-2034","NAT","Female","20-39","e4","Low",158633,99,28
"Medium","Belgium",56,"2030-2034","NAT","Female","20-39","e5","Middle",305137,1025,582
"Medium","Belgium",56,"2030-2034","NAT","Female","20-39","e6","High",682686,4512,2376
"Medium","Belgium",56,"2030-2034","NAT","Female","40-64","e4","Low",186554,286,135
"Medium","Belgium",56,"2030-2034","NAT","Female","40-64","e5","Middle",441177,1032,956
"Medium","Belgium",56,"2030-2034","NAT","Female","40-64","e6","High",815665,4430,2722
"Medium","Belgium",56,"2030-2034","NAT","Female","65+","e4","Low",520174,197,187
"Medium","Belgium",56,"2030-2034","NAT","Female","65+","e5","Middle",376489,424,377
"Medium","Belgium",56,"2030-2034","NAT","Female","65+","e6","High",389594,1184,970
"Medium","Belgium",56,"2030-2034","NAT","Male","0-19","e4","Low",662532,134,49
"Medium","Belgium",56,"2030-2034","NAT","Male","0-19","e5","Middle",215322,644,302
"Medium","Belgium",56,"2030-2034","NAT","Male","0-19","e6","High",308263,497,269
"Medium","Belgium",56,"2030-2034","NAT","Male","20-39","e4","Low",278374,154,38
"Medium","Belgium",56,"2030-2034","NAT","Male","20-39","e5","Middle",426943,1084,578
"Medium","Belgium",56,"2030-2034","NAT","Male","20-39","e6","High",493009,4370,2669
"Medium","Belgium",56,"2030-2034","NAT","Male","40-64","e4","Low",296099,426,138
"Medium","Belgium",56,"2030-2034","NAT","Male","40-64","e5","Middle",557447,1077,742
"Medium","Belgium",56,"2030-2034","NAT","Male","40-64","e6","High",628308,3028,2650
"Medium","Belgium",56,"2030-2034","NAT","Male","65+","e4","Low",395724,173,135
"Medium","Belgium",56,"2030-2034","NAT","Male","65+","e5","Middle",327443,313,238
"Medium","Belgium",56,"2030-2034","NAT","Male","65+","e6","High",356693,708,697
"Medium","Belgium",56,"2030-2034","NEU","Female","0-19","e4","Low",27582,13506,3705
"Medium","Belgium",56,"2030-2034","NEU","Female","0-19","e5","Middle",5042,11576,4741
"Medium","Belgium",56,"2030-2034","NEU","Female","0-19","e6","High",33,3961,1775
"Medium","Belgium",56,"2030-2034","NEU","Female","20-39","e4","Low",56168,7365,1785
"Medium","Belgium",56,"2030-2034","NEU","Female","20-39","e5","Middle",52135,11521,5997
"Medium","Belgium",56,"2030-2034","NEU","Female","20-39","e6","High",45212,19638,10252
"Medium","Belgium",56,"2030-2034","NEU","Female","40-64","e4","Low",143964,4961,2194
"Medium","Belgium",56,"2030-2034","NEU","Female","40-64","e5","Middle",62841,2828,2499
"Medium","Belgium",56,"2030-2034","NEU","Female","40-64","e6","High",86847,6117,3575
"Medium","Belgium",56,"2030-2034","NEU","Female","65+","e4","Low",53523,962,896
"Medium","Belgium",56,"2030-2034","NEU","Female","65+","e5","Middle",15911,419,372
"Medium","Belgium",56,"2030-2034","NEU","Female","65+","e6","High",25744,743,605
"Medium","Belgium",56,"2030-2034","NEU","Male","0-19","e4","Low",29502,13262,3820
"Medium","Belgium",56,"2030-2034","NEU","Male","0-19","e5","Middle",3712,10603,5040
"Medium","Belgium",56,"2030-2034","NEU","Male","0-19","e6","High",21,4449,2293
"Medium","Belgium",56,"2030-2034","NEU","Male","20-39","e4","Low",73269,7920,1898
"Medium","Belgium",56,"2030-2034","NEU","Male","20-39","e5","Middle",45434,10770,5555
"Medium","Belgium",56,"2030-2034","NEU","Male","20-39","e6","High",35791,21930,13221
"Medium","Belgium",56,"2030-2034","NEU","Male","40-64","e4","Low",140788,5802,1731
"Medium","Belgium",56,"2030-2034","NEU","Male","40-64","e5","Middle",68703,3452,2260
"Medium","Belgium",56,"2030-2034","NEU","Male","40-64","e6","High",75676,5444,4596
"Medium","Belgium",56,"2030-2034","NEU","Male","65+","e4","Low",46135,901,689
"Medium","Belgium",56,"2030-2034","NEU","Male","65+","e5","Middle",18163,441,336
"Medium","Belgium",56,"2030-2034","NEU","Male","65+","e6","High",30011,711,700
"Medium","Belgium",56,"2035-2039","EU","Female","0-19","e4","Low",5862,611,235
"Medium","Belgium",56,"2035-2039","EU","Female","0-19","e5","Middle",2307,2307,907
"Medium","Belgium",56,"2035-2039","EU","Female","0-19","e6","High",32,1098,467
"Medium","Belgium",56,"2035-2039","EU","Female","20-39","e4","Low",21111,126,27
"Medium","Belgium",56,"2035-2039","EU","Female","20-39","e5","Middle",25325,2067,1057
"Medium","Belgium",56,"2035-2039","EU","Female","20-39","e6","High",43849,9735,5073
"Medium","Belgium",56,"2035-2039","EU","Female","40-64","e4","Low",45796,351,146
"Medium","Belgium",56,"2035-2039","EU","Female","40-64","e5","Middle",34424,1808,1601
"Medium","Belgium",56,"2035-2039","EU","Female","40-64","e6","High",79162,6432,3770
"Medium","Belgium",56,"2035-2039","EU","Female","65+","e4","Low",49258,236,183
"Medium","Belgium",56,"2035-2039","EU","Female","65+","e5","Middle",26503,748,737
"Medium","Belgium",56,"2035-2039","EU","Female","65+","e6","High",30518,1435,1151
"Medium","Belgium",56,"2035-2039","EU","Male","0-19","e4","Low",6624,634,251
"Medium","Belgium",56,"2035-2039","EU","Male","0-19","e5","Middle",1916,2145,974
"Medium","Belgium",56,"2035-2039","EU","Male","0-19","e6","High",25,953,460
"Medium","Belgium",56,"2035-2039","EU","Male","20-39","e4","Low",24084,222,49
"Medium","Belgium",56,"2035-2039","EU","Male","20-39","e5","Middle",30661,2356,1165
"Medium","Belgium",56,"2035-2039","EU","Male","20-39","e6","High",30591,8304,4954
"Medium","Belgium",56,"2035-2039","EU","Male","40-64","e4","Low",39642,540,149
"Medium","Belgium",56,"2035-2039","EU","Male","40-64","e5","Middle",37173,2097,1336
"Medium","Belgium",56,"2035-2039","EU","Male","40-64","e6","High",49181,4197,3501
"Medium","Belgium",56,"2035-2039","EU","Male","65+","e4","Low",36194,234,136
"Medium","Belgium",56,"2035-2039","EU","Male","65+","e5","Middle",22866,655,537
"Medium","Belgium",56,"2035-2039","EU","Male","65+","e6","High",25699,933,963
"Medium","Belgium",56,"2035-2039","NAT","Female","0-19","e4","Low",376527,93,35
"Medium","Belgium",56,"2035-2039","NAT","Female","0-19","e5","Middle",277808,378,140
"Medium","Belgium",56,"2035-2039","NAT","Female","0-19","e6","High",453578,263,126
"Medium","Belgium",56,"2035-2039","NAT","Female","20-39","e4","Low",145173,67,15
"Medium","Belgium",56,"2035-2039","NAT","Female","20-39","e5","Middle",297343,888,464
"Medium","Belgium",56,"2035-2039","NAT","Female","20-39","e6","High",706554,4516,2360
"Medium","Belgium",56,"2035-2039","NAT","Female","40-64","e4","Low",178539,197,82
"Medium","Belgium",56,"2035-2039","NAT","Female","40-64","e5","Middle",370239,910,805
"Medium","Belgium",56,"2035-2039","NAT","Female","40-64","e6","High",872352,4215,2507
"Medium","Belgium",56,"2035-2039","NAT","Female","65+","e4","Low",441424,166,130
"Medium","Belgium",56,"2035-2039","NAT","Female","65+","e5","Middle",444087,426,419
"Medium","Belgium",56,"2035-2039","NAT","Female","65+","e6","High",495210,1323,1063
"Medium","Belgium",56,"2035-2039","NAT","Male","0-19","e4","Low",409662,95,38
"Medium","Belgium",56,"2035-2039","NAT","Male","0-19","e5","Middle",275380,341,149
"Medium","Belgium",56,"2035-2039","NAT","Male","0-19","e6","High",475923,250,133
"Medium","Belgium",56,"2035-2039","NAT","Male","20-39","e4","Low",271972,116,26
"Medium","Belgium",56,"2035-2039","NAT","Male","20-39","e5","Middle",421078,1009,506
"Medium","Belgium",56,"2035-2039","NAT","Male","20-39","e6","High",505849,4394,2642
"Medium","Belgium",56,"2035-2039","NAT","Male","40-64","e4","Low",295672,307,86
"Medium","Belgium",56,"2035-2039","NAT","Male","40-64","e5","Middle",513496,955,613
"Medium","Belgium",56,"2035-2039","NAT","Male","40-64","e6","High",655669,2840,2406
"Medium","Belgium",56,"2035-2039","NAT","Male","65+","e4","Low",352443,175,103
"Medium","Belgium",56,"2035-2039","NAT","Male","65+","e5","Middle",389700,344,281
"Medium","Belgium",56,"2035-2039","NAT","Male","65+","e6","High",426247,824,851
"Medium","Belgium",56,"2035-2039","NEU","Female","0-19","e4","Low",17493,13101,3377
"Medium","Belgium",56,"2035-2039","NEU","Female","0-19","e5","Middle",5185,12488,4874
"Medium","Belgium",56,"2035-2039","NEU","Female","0-19","e6","High",22,4435,1885
"Medium","Belgium",56,"2035-2039","NEU","Female","20-39","e4","Low",49210,6880,1388
"Medium","Belgium",56,"2035-2039","NEU","Female","20-39","e5","Middle",54186,12868,6243
"Medium","Belgium",56,"2035-2039","NEU","Female","20-39","e6","High",44780,23270,12058
"Medium","Belgium",56,"2035-2039","NEU","Female","40-64","e4","Low",142466,5037,2036
"Medium","Belgium",56,"2035-2039","NEU","Female","40-64","e5","Middle",69752,3520,2963
"Medium","Belgium",56,"2035-2039","NEU","Female","40-64","e6","High",94926,8074,4659
"Medium","Belgium",56,"2035-2039","NEU","Female","65+","e4","Low",69295,1118,841
"Medium","Belgium",56,"2035-2039","NEU","Female","65+","e5","Middle",21866,491,485
"Medium","Belgium",56,"2035-2039","NEU","Female","65+","e6","High",36318,959,768
"Medium","Belgium",56,"2035-2039","NEU","Male","0-19","e4","Low",18721,12795,3481
"Medium","Belgium",56,"2035-2039","NEU","Male","0-19","e5","Middle",4187,11451,5171
"Medium","Belgium",56,"2035-2039","NEU","Male","0-19","e6","High",13,4934,2384
"Medium","Belgium",56,"2035-2039","NEU","Male","20-39","e4","Low",67326,7302,1574
"Medium","Belgium",56,"2035-2039","NEU","Male","20-39","e5","Middle",46312,12047,5789
"Medium","Belgium",56,"2035-2039","NEU","Male","20-39","e6","High",34954,25716,15168
"Medium","Belgium",56,"2035-2039","NEU","Male","40-64","e4","Low",142645,5973,1612
"Medium","Belgium",56,"2035-2039","NEU","Male","40-64","e5","Middle",70226,4229,2588
"Medium","Belgium",56,"2035-2039","NEU","Male","40-64","e6","High",76414,6934,5694
"Medium","Belgium",56,"2035-2039","NEU","Male","65+","e4","Low",60775,1051,598
"Medium","Belgium",56,"2035-2039","NEU","Male","65+","e5","Middle",26302,524,429
"Medium","Belgium",56,"2035-2039","NEU","Male","65+","e6","High",40528,877,905
"Medium","Belgium",56,"2040-2044","EU","Female","0-19","e4","Low",671,0,0
"Medium","Belgium",56,"2040-2044","EU","Female","0-19","e5","Middle",726,0,0
"Medium","Belgium",56,"2040-2044","EU","Female","0-19","e6","High",2,0,0
"Medium","Belgium",56,"2040-2044","EU","Female","20-39","e4","Low",17150,0,0
"Medium","Belgium",56,"2040-2044","EU","Female","20-39","e5","Middle",19059,0,0
"Medium","Belgium",56,"2040-2044","EU","Female","20-39","e6","High",40921,0,0
"Medium","Belgium",56,"2040-2044","EU","Female","40-64","e4","Low",43432,0,0
"Medium","Belgium",56,"2040-2044","EU","Female","40-64","e5","Middle",33988,0,0
"Medium","Belgium",56,"2040-2044","EU","Female","40-64","e6","High",84902,0,0
"Medium","Belgium",56,"2040-2044","EU","Female","65+","e4","Low",46247,0,0
"Medium","Belgium",56,"2040-2044","EU","Female","65+","e5","Middle",28787,0,0
"Medium","Belgium",56,"2040-2044","EU","Female","65+","e6","High",40417,0,0
"Medium","Belgium",56,"2040-2044","EU","Male","0-19","e4","Low",713,0,0
"Medium","Belgium",56,"2040-2044","EU","Male","0-19","e5","Middle",679,0,0
"Medium","Belgium",56,"2040-2044","EU","Male","0-19","e6","High",1,0,0
"Medium","Belgium",56,"2040-2044","EU","Male","20-39","e4","Low",20939,0,0
"Medium","Belgium",56,"2040-2044","EU","Male","20-39","e5","Middle",25505,0,0
"Medium","Belgium",56,"2040-2044","EU","Male","20-39","e6","High",29484,0,0
"Medium","Belgium",56,"2040-2044","EU","Male","40-64","e4","Low",38166,0,0
"Medium","Belgium",56,"2040-2044","EU","Male","40-64","e5","Middle",37696,0,0
"Medium","Belgium",56,"2040-2044","EU","Male","40-64","e6","High",51004,0,0
"Medium","Belgium",56,"2040-2044","EU","Male","65+","e4","Low",33216,0,0
"Medium","Belgium",56,"2040-2044","EU","Male","65+","e5","Middle",24939,0,0
"Medium","Belgium",56,"2040-2044","EU","Male","65+","e6","High",30544,0,0
"Medium","Belgium",56,"2040-2044","NAT","Female","0-19","e4","Low",356034,0,0
"Medium","Belgium",56,"2040-2044","NAT","Female","0-19","e5","Middle",262290,0,0
"Medium","Belgium",56,"2040-2044","NAT","Female","0-19","e6","High",482706,0,0
"Medium","Belgium",56,"2040-2044","NAT","Female","20-39","e4","Low",144509,0,0
"Medium","Belgium",56,"2040-2044","NAT","Female","20-39","e5","Middle",273682,0,0
"Medium","Belgium",56,"2040-2044","NAT","Female","20-39","e6","High",737718,0,0
"Medium","Belgium",56,"2040-2044","NAT","Female","40-64","e4","Low",176564,0,0
"Medium","Belgium",56,"2040-2044","NAT","Female","40-64","e5","Middle",318755,0,0
"Medium","Belgium",56,"2040-2044","NAT","Female","40-64","e6","High",910287,0,0
"Medium","Belgium",56,"2040-2044","NAT","Female","65+","e4","Low",360278,0,0
"Medium","Belgium",56,"2040-2044","NAT","Female","65+","e5","Middle",484935,0,0
"Medium","Belgium",56,"2040-2044","NAT","Female","65+","e6","High",606592,0,0
"Medium","Belgium",56,"2040-2044","NAT","Male","0-19","e4","Low",388521,0,0
"Medium","Belgium",56,"2040-2044","NAT","Male","0-19","e5","Middle",259728,0,0
"Medium","Belgium",56,"2040-2044","NAT","Male","0-19","e6","High",507178,0,0
"Medium","Belgium",56,"2040-2044","NAT","Male","20-39","e4","Low",277629,0,0
"Medium","Belgium",56,"2040-2044","NAT","Male","20-39","e5","Middle",401302,0,0
"Medium","Belgium",56,"2040-2044","NAT","Male","20-39","e6","High",526090,0,0
"Medium","Belgium",56,"2040-2044","NAT","Male","40-64","e4","Low",301451,0,0
"Medium","Belgium",56,"2040-2044","NAT","Male","40-64","e5","Middle",476887,0,0
"Medium","Belgium",56,"2040-2044","NAT","Male","40-64","e6","High",671817,0,0
"Medium","Belgium",56,"2040-2044","NAT","Male","65+","e4","Low",300717,0,0
"Medium","Belgium",56,"2040-2044","NAT","Male","65+","e5","Middle",433287,0,0
"Medium","Belgium",56,"2040-2044","NAT","Male","65+","e6","High",490417,0,0
"Medium","Belgium",56,"2040-2044","NEU","Female","0-19","e4","Low",13465,0,0
"Medium","Belgium",56,"2040-2044","NEU","Female","0-19","e5","Middle",4605,0,0
"Medium","Belgium",56,"2040-2044","NEU","Female","0-19","e6","High",11,0,0
"Medium","Belgium",56,"2040-2044","NEU","Female","20-39","e4","Low",45178,0,0
"Medium","Belgium",56,"2040-2044","NEU","Female","20-39","e5","Middle",56538,0,0
"Medium","Belgium",56,"2040-2044","NEU","Female","20-39","e6","High",47217,0,0
"Medium","Belgium",56,"2040-2044","NEU","Female","40-64","e4","Low",131865,0,0
"Medium","Belgium",56,"2040-2044","NEU","Female","40-64","e5","Middle",73024,0,0
"Medium","Belgium",56,"2040-2044","NEU","Female","40-64","e6","High",97960,0,0
"Medium","Belgium",56,"2040-2044","NEU","Female","65+","e4","Low",87977,0,0
"Medium","Belgium",56,"2040-2044","NEU","Female","65+","e5","Middle",29919,0,0
"Medium","Belgium",56,"2040-2044","NEU","Female","65+","e6","High",50240,0,0
"Medium","Belgium",56,"2040-2044","NEU","Male","0-19","e4","Low",14119,0,0
"Medium","Belgium",56,"2040-2044","NEU","Male","0-19","e5","Middle",3929,0,0
"Medium","Belgium",56,"2040-2044","NEU","Male","0-19","e6","High",7,0,0
"Medium","Belgium",56,"2040-2044","NEU","Male","20-39","e4","Low",63064,0,0
"Medium","Belgium",56,"2040-2044","NEU","Male","20-39","e5","Middle",45458,0,0
"Medium","Belgium",56,"2040-2044","NEU","Male","20-39","e6","High",35489,0,0
"Medium","Belgium",56,"2040-2044","NEU","Male","40-64","e4","Low",138298,0,0
"Medium","Belgium",56,"2040-2044","NEU","Male","40-64","e5","Middle",70649,0,0
"Medium","Belgium",56,"2040-2044","NEU","Male","40-64","e6","High",74803,0,0
"Medium","Belgium",56,"2040-2044","NEU","Male","65+","e4","Low",76153,0,0
"Medium","Belgium",56,"2040-2044","NEU","Male","65+","e5","Middle",35602,0,0
"Medium","Belgium",56,"2040-2044","NEU","Male","65+","e6","High",51865,0,0
"Medium","Bulgaria",100,"2020-2024","EU","Female","0-19","e4","Low",13219,404,312
"Medium","Bulgaria",100,"2020-2024","EU","Female","0-19","e5","Middle",1055,141,192
"Medium","Bulgaria",100,"2020-2024","EU","Female","0-19","e6","High",0,0,0
"Medium","Bulgaria",100,"2020-2024","EU","Female","20-39","e4","Low",169,48,49
"Medium","Bulgaria",100,"2020-2024","EU","Female","20-39","e5","Middle",1342,135,220
"Medium","Bulgaria",100,"2020-2024","EU","Female","20-39","e6","High",1553,246,477
"Medium","Bulgaria",100,"2020-2024","EU","Female","40-64","e4","Low",56,90,78
"Medium","Bulgaria",100,"2020-2024","EU","Female","40-64","e5","Middle",762,121,198
"Medium","Bulgaria",100,"2020-2024","EU","Female","40-64","e6","High",1003,145,299
"Medium","Bulgaria",100,"2020-2024","EU","Female","65+","e4","Low",2581,46,76
"Medium","Bulgaria",100,"2020-2024","EU","Female","65+","e5","Middle",2020,36,82
"Medium","Bulgaria",100,"2020-2024","EU","Female","65+","e6","High",1270,40,107
"Medium","Bulgaria",100,"2020-2024","EU","Male","0-19","e4","Low",14183,419,318
"Medium","Bulgaria",100,"2020-2024","EU","Male","0-19","e5","Middle",1112,139,196
"Medium","Bulgaria",100,"2020-2024","EU","Male","0-19","e6","High",0,0,0
"Medium","Bulgaria",100,"2020-2024","EU","Male","20-39","e4","Low",195,69,66
"Medium","Bulgaria",100,"2020-2024","EU","Male","20-39","e5","Middle",1866,162,291
"Medium","Bulgaria",100,"2020-2024","EU","Male","20-39","e6","High",1876,172,316
"Medium","Bulgaria",100,"2020-2024","EU","Male","40-64","e4","Low",123,104,90
"Medium","Bulgaria",100,"2020-2024","EU","Male","40-64","e5","Middle",1550,137,248
"Medium","Bulgaria",100,"2020-2024","EU","Male","40-64","e6","High",1791,135,242
"Medium","Bulgaria",100,"2020-2024","EU","Male","65+","e4","Low",1267,41,58
"Medium","Bulgaria",100,"2020-2024","EU","Male","65+","e5","Middle",1618,40,76
"Medium","Bulgaria",100,"2020-2024","EU","Male","65+","e6","High",1191,54,106
"Medium","Bulgaria",100,"2020-2024","NAT","Female","0-19","e4","Low",526818,2293,1827
"Medium","Bulgaria",100,"2020-2024","NAT","Female","0-19","e5","Middle",82305,1085,1619
"Medium","Bulgaria",100,"2020-2024","NAT","Female","0-19","e6","High",2,570,619
"Medium","Bulgaria",100,"2020-2024","NAT","Female","20-39","e4","Low",113147,1188,1285
"Medium","Bulgaria",100,"2020-2024","NAT","Female","20-39","e5","Middle",317514,2494,4294
"Medium","Bulgaria",100,"2020-2024","NAT","Female","20-39","e6","High",352489,5001,9870
"Medium","Bulgaria",100,"2020-2024","NAT","Female","40-64","e4","Low",190418,1632,1398
"Medium","Bulgaria",100,"2020-2024","NAT","Female","40-64","e5","Middle",583521,2342,3821
"Medium","Bulgaria",100,"2020-2024","NAT","Female","40-64","e6","High",457523,3668,7607
"Medium","Bulgaria",100,"2020-2024","NAT","Female","65+","e4","Low",299186,378,611
"Medium","Bulgaria",100,"2020-2024","NAT","Female","65+","e5","Middle",400039,472,1076
"Medium","Bulgaria",100,"2020-2024","NAT","Female","65+","e6","High",215013,594,1594
"Medium","Bulgaria",100,"2020-2024","NAT","Male","0-19","e4","Low",556855,2454,1941
"Medium","Bulgaria",100,"2020-2024","NAT","Male","0-19","e5","Middle",88692,1105,1667
"Medium","Bulgaria",100,"2020-2024","NAT","Male","0-19","e6","High",3,346,322
"Medium","Bulgaria",100,"2020-2024","NAT","Male","20-39","e4","Low",121103,1515,1511
"Medium","Bulgaria",100,"2020-2024","NAT","Male","20-39","e5","Middle",458848,2704,5082
"Medium","Bulgaria",100,"2020-2024","NAT","Male","20-39","e6","High",255441,3317,6199
"Medium","Bulgaria",100,"2020-2024","NAT","Male","40-64","e4","Low",196652,1550,1371
"Medium","Bulgaria",100,"2020-2024","NAT","Male","40-64","e5","Middle",728811,2155,3974
"Medium","Bulgaria",100,"2020-2024","NAT","Male","40-64","e6","High",310393,2423,4369
"Medium","Bulgaria",100,"2020-2024","NAT","Male","65+","e4","Low",174632,250,353
"Medium","Bulgaria",100,"2020-2024","NAT","Male","65+","e5","Middle",299558,339,646
"Medium","Bulgaria",100,"2020-2024","NAT","Male","65+","e6","High",141774,379,744
"Medium","Bulgaria",100,"2020-2024","NEU","Female","0-19","e4","Low",7254,3741,2655
"Medium","Bulgaria",100,"2020-2024","NEU","Female","0-19","e5","Middle",1188,676,901
"Medium","Bulgaria",100,"2020-2024","NEU","Female","0-19","e6","High",0,0,0
"Medium","Bulgaria",100,"2020-2024","NEU","Female","20-39","e4","Low",557,741,713
"Medium","Bulgaria",100,"2020-2024","NEU","Female","20-39","e5","Middle",4886,808,1317
"Medium","Bulgaria",100,"2020-2024","NEU","Female","20-39","e6","High",8834,674,1309
"Medium","Bulgaria",100,"2020-2024","NEU","Female","40-64","e4","Low",569,373,322
"Medium","Bulgaria",100,"2020-2024","NEU","Female","40-64","e5","Middle",8006,475,779
"Medium","Bulgaria",100,"2020-2024","NEU","Female","40-64","e6","High",10288,339,703
"Medium","Bulgaria",100,"2020-2024","NEU","Female","65+","e4","Low",679,78,123
"Medium","Bulgaria",100,"2020-2024","NEU","Female","65+","e5","Middle",4347,152,341
"Medium","Bulgaria",100,"2020-2024","NEU","Female","65+","e6","High",4950,110,293
"Medium","Bulgaria",100,"2020-2024","NEU","Male","0-19","e4","Low",8537,3779,2639
"Medium","Bulgaria",100,"2020-2024","NEU","Male","0-19","e5","Middle",1163,643,854
"Medium","Bulgaria",100,"2020-2024","NEU","Male","0-19","e6","High",0,0,0
"Medium","Bulgaria",100,"2020-2024","NEU","Male","20-39","e4","Low",1382,769,696
"Medium","Bulgaria",100,"2020-2024","NEU","Male","20-39","e5","Middle",6572,847,1532
"Medium","Bulgaria",100,"2020-2024","NEU","Male","20-39","e6","High",8379,542,996
"Medium","Bulgaria",100,"2020-2024","NEU","Male","40-64","e4","Low",870,400,355
"Medium","Bulgaria",100,"2020-2024","NEU","Male","40-64","e5","Middle",8022,463,844
"Medium","Bulgaria",100,"2020-2024","NEU","Male","40-64","e6","High",7277,272,489
"Medium","Bulgaria",100,"2020-2024","NEU","Male","65+","e4","Low",286,69,96
"Medium","Bulgaria",100,"2020-2024","NEU","Male","65+","e5","Middle",1463,104,198
"Medium","Bulgaria",100,"2020-2024","NEU","Male","65+","e6","High",2189,94,184
"Medium","Bulgaria",100,"2025-2029","EU","Female","0-19","e4","Low",10450,216,184
"Medium","Bulgaria",100,"2025-2029","EU","Female","0-19","e5","Middle",1962,218,259
"Medium","Bulgaria",100,"2025-2029","EU","Female","0-19","e6","High",4,73,80
"Medium","Bulgaria",100,"2025-2029","EU","Female","20-39","e4","Low",297,37,30
"Medium","Bulgaria",100,"2025-2029","EU","Female","20-39","e5","Middle",1927,144,211
"Medium","Bulgaria",100,"2025-2029","EU","Female","20-39","e6","High",2010,302,535
"Medium","Bulgaria",100,"2025-2029","EU","Female","40-64","e4","Low",59,74,59
"Medium","Bulgaria",100,"2025-2029","EU","Female","40-64","e5","Middle",612,107,160
"Medium","Bulgaria",100,"2025-2029","EU","Female","40-64","e6","High",894,147,274
"Medium","Bulgaria",100,"2025-2029","EU","Female","65+","e4","Low",931,36,41
"Medium","Bulgaria",100,"2025-2029","EU","Female","65+","e5","Middle",1446,35,65
"Medium","Bulgaria",100,"2025-2029","EU","Female","65+","e6","High",1047,41,97
"Medium","Bulgaria",100,"2025-2029","EU","Male","0-19","e4","Low",11258,225,187
"Medium","Bulgaria",100,"2025-2029","EU","Male","0-19","e5","Middle",1934,218,263
"Medium","Bulgaria",100,"2025-2029","EU","Male","0-19","e6","High",4,41,38
"Medium","Bulgaria",100,"2025-2029","EU","Male","20-39","e4","Low",365,55,42
"Medium","Bulgaria",100,"2025-2029","EU","Male","20-39","e5","Middle",2446,172,278
"Medium","Bulgaria",100,"2025-2029","EU","Male","20-39","e6","High",2289,207,346
"Medium","Bulgaria",100,"2025-2029","EU","Male","40-64","e4","Low",106,86,69
"Medium","Bulgaria",100,"2025-2029","EU","Male","40-64","e5","Middle",1265,114,193
"Medium","Bulgaria",100,"2025-2029","EU","Male","40-64","e6","High",1773,121,201
"Medium","Bulgaria",100,"2025-2029","EU","Male","65+","e4","Low",447,32,32
"Medium","Bulgaria",100,"2025-2029","EU","Male","65+","e5","Middle",1168,36,62
"Medium","Bulgaria",100,"2025-2029","EU","Male","65+","e6","High",979,48,87
"Medium","Bulgaria",100,"2025-2029","NAT","Female","0-19","e4","Low",400228,1434,1179
"Medium","Bulgaria",100,"2025-2029","NAT","Female","0-19","e5","Middle",142499,1141,1621
"Medium","Bulgaria",100,"2025-2029","NAT","Female","0-19","e6","High",56854,676,713
"Medium","Bulgaria",100,"2025-2029","NAT","Female","20-39","e4","Low",102910,846,755
"Medium","Bulgaria",100,"2025-2029","NAT","Female","20-39","e5","Middle",268552,2325,3581
"Medium","Bulgaria",100,"2025-2029","NAT","Female","20-39","e6","High",325535,4978,8790
"Medium","Bulgaria",100,"2025-2029","NAT","Female","40-64","e4","Low",172780,1592,1291
"Medium","Bulgaria",100,"2025-2029","NAT","Female","40-64","e5","Middle",522083,2446,3635
"Medium","Bulgaria",100,"2025-2029","NAT","Female","40-64","e6","High",481394,4202,7836
"Medium","Bulgaria",100,"2025-2029","NAT","Female","65+","e4","Low",212288,419,466
"Medium","Bulgaria",100,"2025-2029","NAT","Female","65+","e5","Middle",427334,623,1159
"Medium","Bulgaria",100,"2025-2029","NAT","Female","65+","e6","High",236302,797,1898
"Medium","Bulgaria",100,"2025-2029","NAT","Male","0-19","e4","Low",421650,1527,1233
"Medium","Bulgaria",100,"2025-2029","NAT","Male","0-19","e5","Middle",152473,1177,1700
"Medium","Bulgaria",100,"2025-2029","NAT","Male","0-19","e6","High",60288,461,417
"Medium","Bulgaria",100,"2025-2029","NAT","Male","20-39","e4","Low",106093,1143,946
"Medium","Bulgaria",100,"2025-2029","NAT","Male","20-39","e5","Middle",397176,2603,4375
"Medium","Bulgaria",100,"2025-2029","NAT","Male","20-39","e6","High",235866,3331,5593
"Medium","Bulgaria",100,"2025-2029","NAT","Male","40-64","e4","Low",182992,1582,1320
"Medium","Bulgaria",100,"2025-2029","NAT","Male","40-64","e5","Middle",682835,2338,3995
"Medium","Bulgaria",100,"2025-2029","NAT","Male","40-64","e6","High",325293,2736,4574
"Medium","Bulgaria",100,"2025-2029","NAT","Male","65+","e4","Low",122980,293,293
"Medium","Bulgaria",100,"2025-2029","NAT","Male","65+","e5","Middle",316110,462,795
"Medium","Bulgaria",100,"2025-2029","NAT","Male","65+","e6","High",142486,493,896
"Medium","Bulgaria",100,"2025-2029","NEU","Female","0-19","e4","Low",6445,3741,2413
"Medium","Bulgaria",100,"2025-2029","NEU","Female","0-19","e5","Middle",1299,1327,1526
"Medium","Bulgaria",100,"2025-2029","NEU","Female","0-19","e6","High",2,248,273
"Medium","Bulgaria",100,"2025-2029","NEU","Female","20-39","e4","Low",658,906,708
"Medium","Bulgaria",100,"2025-2029","NEU","Female","20-39","e5","Middle",2711,1024,1500
"Medium","Bulgaria",100,"2025-2029","NEU","Female","20-39","e6","High",7382,951,1678
"Medium","Bulgaria",100,"2025-2029","NEU","Female","40-64","e4","Low",592,479,395
"Medium","Bulgaria",100,"2025-2029","NEU","Female","40-64","e5","Middle",6422,469,696
"Medium","Bulgaria",100,"2025-2029","NEU","Female","40-64","e6","High",10041,379,703
"Medium","Bulgaria",100,"2025-2029","NEU","Female","65+","e4","Low",444,87,96
"Medium","Bulgaria",100,"2025-2029","NEU","Female","65+","e5","Middle",5258,158,293
"Medium","Bulgaria",100,"2025-2029","NEU","Female","65+","e6","High",6015,115,275
"Medium","Bulgaria",100,"2025-2029","NEU","Male","0-19","e4","Low",7453,3784,2388
"Medium","Bulgaria",100,"2025-2029","NEU","Male","0-19","e5","Middle",1065,1307,1481
"Medium","Bulgaria",100,"2025-2029","NEU","Male","0-19","e6","High",2,186,174
"Medium","Bulgaria",100,"2025-2029","NEU","Male","20-39","e4","Low",1483,930,685
"Medium","Bulgaria",100,"2025-2029","NEU","Male","20-39","e5","Middle",4445,1022,1653
"Medium","Bulgaria",100,"2025-2029","NEU","Male","20-39","e6","High",7428,750,1250
"Medium","Bulgaria",100,"2025-2029","NEU","Male","40-64","e4","Low",960,484,409
"Medium","Bulgaria",100,"2025-2029","NEU","Male","40-64","e5","Middle",7611,446,761
"Medium","Bulgaria",100,"2025-2029","NEU","Male","40-64","e6","High",7540,287,479
"Medium","Bulgaria",100,"2025-2029","NEU","Male","65+","e4","Low",224,77,76
"Medium","Bulgaria",100,"2025-2029","NEU","Male","65+","e5","Middle",1868,107,183
"Medium","Bulgaria",100,"2025-2029","NEU","Male","65+","e6","High",2730,92,168
"Medium","Bulgaria",100,"2030-2034","EU","Female","0-19","e4","Low",6475,149,130
"Medium","Bulgaria",100,"2030-2034","EU","Female","0-19","e5","Middle",2383,270,288
"Medium","Bulgaria",100,"2030-2034","EU","Female","0-19","e6","High",5,81,84
"Medium","Bulgaria",100,"2030-2034","EU","Female","20-39","e4","Low",538,29,19
"Medium","Bulgaria",100,"2030-2034","EU","Female","20-39","e5","Middle",3237,156,210
"Medium","Bulgaria",100,"2030-2034","EU","Female","20-39","e6","High",3174,369,620
"Medium","Bulgaria",100,"2030-2034","EU","Female","40-64","e4","Low",69,60,45
"Medium","Bulgaria",100,"2030-2034","EU","Female","40-64","e5","Middle",584,98,132
"Medium","Bulgaria",100,"2030-2034","EU","Female","40-64","e6","High",940,160,271
"Medium","Bulgaria",100,"2030-2034","EU","Female","65+","e4","Low",328,31,26
"Medium","Bulgaria",100,"2030-2034","EU","Female","65+","e5","Middle",1048,36,59
"Medium","Bulgaria",100,"2030-2034","EU","Female","65+","e6","High",863,43,84
"Medium","Bulgaria",100,"2030-2034","EU","Male","0-19","e4","Low",7035,155,132
"Medium","Bulgaria",100,"2030-2034","EU","Male","0-19","e5","Middle",2384,277,301
"Medium","Bulgaria",100,"2030-2034","EU","Male","0-19","e6","High",5,45,40
"Medium","Bulgaria",100,"2030-2034","EU","Male","20-39","e4","Low",656,45,29
"Medium","Bulgaria",100,"2030-2034","EU","Male","20-39","e5","Middle",3862,187,282
"Medium","Bulgaria",100,"2030-2034","EU","Male","20-39","e6","High",3290,243,380
"Medium","Bulgaria",100,"2030-2034","EU","Male","40-64","e4","Low",103,72,54
"Medium","Bulgaria",100,"2030-2034","EU","Male","40-64","e5","Middle",1113,103,160
"Medium","Bulgaria",100,"2030-2034","EU","Male","40-64","e6","High",1899,123,191
"Medium","Bulgaria",100,"2030-2034","EU","Male","65+","e4","Low",187,27,20
"Medium","Bulgaria",100,"2030-2034","EU","Male","65+","e5","Middle",967,33,53
"Medium","Bulgaria",100,"2030-2034","EU","Male","65+","e6","High",914,43,70
"Medium","Bulgaria",100,"2030-2034","NAT","Female","0-19","e4","Low",269987,737,656
"Medium","Bulgaria",100,"2030-2034","NAT","Female","0-19","e5","Middle",188296,1212,1529
"Medium","Bulgaria",100,"2030-2034","NAT","Female","0-19","e6","High",112085,804,784
"Medium","Bulgaria",100,"2030-2034","NAT","Female","20-39","e4","Low",95753,563,389
"Medium","Bulgaria",100,"2030-2034","NAT","Female","20-39","e5","Middle",223866,2124,2872
"Medium","Bulgaria",100,"2030-2034","NAT","Female","20-39","e6","High",305228,4949,7942
"Medium","Bulgaria",100,"2030-2034","NAT","Female","40-64","e4","Low",161754,1485,1138
"Medium","Bulgaria",100,"2030-2034","NAT","Female","40-64","e5","Middle",469937,2551,3396
"Medium","Bulgaria",100,"2030-2034","NAT","Female","40-64","e6","High",512801,4733,7994
"Medium","Bulgaria",100,"2030-2034","NAT","Female","65+","e4","Low",169178,446,378
"Medium","Bulgaria",100,"2030-2034","NAT","Female","65+","e5","Middle",463905,749,1234
"Medium","Bulgaria",100,"2030-2034","NAT","Female","65+","e6","High",261185,991,1938
"Medium","Bulgaria",100,"2030-2034","NAT","Male","0-19","e4","Low",283328,777,671
"Medium","Bulgaria",100,"2030-2034","NAT","Male","0-19","e5","Middle",200833,1251,1601
"Medium","Bulgaria",100,"2030-2034","NAT","Male","0-19","e6","High",118836,589,512
"Medium","Bulgaria",100,"2030-2034","NAT","Male","20-39","e4","Low",95506,818,540
"Medium","Bulgaria",100,"2030-2034","NAT","Male","20-39","e5","Middle",346088,2461,3697
"Medium","Bulgaria",100,"2030-2034","NAT","Male","20-39","e6","High",221880,3333,5071
"Medium","Bulgaria",100,"2030-2034","NAT","Male","40-64","e4","Low",173362,1528,1184
"Medium","Bulgaria",100,"2030-2034","NAT","Male","40-64","e5","Middle",646724,2495,3878
"Medium","Bulgaria",100,"2030-2034","NAT","Male","40-64","e6","High",346513,3028,4691
"Medium","Bulgaria",100,"2030-2034","NAT","Male","65+","e4","Low",99691,334,241
"Medium","Bulgaria",100,"2030-2034","NAT","Male","65+","e5","Middle",352180,572,919
"Medium","Bulgaria",100,"2030-2034","NAT","Male","65+","e6","High",155529,610,992
"Medium","Bulgaria",100,"2030-2034","NEU","Female","0-19","e4","Low",5398,3387,1868
"Medium","Bulgaria",100,"2030-2034","NEU","Female","0-19","e5","Middle",2176,1951,2075
"Medium","Bulgaria",100,"2030-2034","NEU","Female","0-19","e6","High",4,346,357
"Medium","Bulgaria",100,"2030-2034","NEU","Female","20-39","e4","Low",724,1021,668
"Medium","Bulgaria",100,"2030-2034","NEU","Female","20-39","e5","Middle",1546,1308,1761
"Medium","Bulgaria",100,"2030-2034","NEU","Female","20-39","e6","High",5230,1289,2170
"Medium","Bulgaria",100,"2030-2034","NEU","Female","40-64","e4","Low",642,608,473
"Medium","Bulgaria",100,"2030-2034","NEU","Female","40-64","e5","Middle",5541,495,649
"Medium","Bulgaria",100,"2030-2034","NEU","Female","40-64","e6","High",10347,457,766
"Medium","Bulgaria",100,"2030-2034","NEU","Female","65+","e4","Low",386,101,85
"Medium","Bulgaria",100,"2030-2034","NEU","Female","65+","e5","Middle",5660,149,246
"Medium","Bulgaria",100,"2030-2034","NEU","Female","65+","e6","High",6615,112,220
"Medium","Bulgaria",100,"2030-2034","NEU","Male","0-19","e4","Low",6419,3412,1821
"Medium","Bulgaria",100,"2030-2034","NEU","Male","0-19","e5","Middle",1831,1959,2063
"Medium","Bulgaria",100,"2030-2034","NEU","Male","0-19","e6","High",3,259,229
"Medium","Bulgaria",100,"2030-2034","NEU","Male","20-39","e4","Low",1450,1049,652
"Medium","Bulgaria",100,"2030-2034","NEU","Male","20-39","e5","Middle",2860,1261,1903
"Medium","Bulgaria",100,"2030-2034","NEU","Male","20-39","e6","High",5502,988,1555
"Medium","Bulgaria",100,"2030-2034","NEU","Male","40-64","e4","Low",1070,593,465
"Medium","Bulgaria",100,"2030-2034","NEU","Male","40-64","e5","Middle",7085,478,736
"Medium","Bulgaria",100,"2030-2034","NEU","Male","40-64","e6","High",8511,346,535
"Medium","Bulgaria",100,"2030-2034","NEU","Male","65+","e4","Low",297,89,64
"Medium","Bulgaria",100,"2030-2034","NEU","Male","65+","e5","Middle",2414,98,158
"Medium","Bulgaria",100,"2030-2034","NEU","Male","65+","e6","High",3271,86,139
"Medium","Bulgaria",100,"2035-2039","EU","Female","0-19","e4","Low",2137,112,95
"Medium","Bulgaria",100,"2035-2039","EU","Female","0-19","e5","Middle",2373,253,259
"Medium","Bulgaria",100,"2035-2039","EU","Female","0-19","e6","High",5,84,85
"Medium","Bulgaria",100,"2035-2039","EU","Female","20-39","e4","Low",801,21,12
"Medium","Bulgaria",100,"2035-2039","EU","Female","20-39","e5","Middle",4277,161,200
"Medium","Bulgaria",100,"2035-2039","EU","Female","20-39","e6","High",5110,433,690
"Medium","Bulgaria",100,"2035-2039","EU","Female","40-64","e4","Low",113,48,34
"Medium","Bulgaria",100,"2035-2039","EU","Female","40-64","e5","Middle",662,97,114
"Medium","Bulgaria",100,"2035-2039","EU","Female","40-64","e6","High",1292,184,271
"Medium","Bulgaria",100,"2035-2039","EU","Female","65+","e4","Low",126,28,20
"Medium","Bulgaria",100,"2035-2039","EU","Female","65+","e5","Middle",711,36,54
"Medium","Bulgaria",100,"2035-2039","EU","Female","65+","e6","High",626,48,81
"Medium","Bulgaria",100,"2035-2039","EU","Male","0-19","e4","Low",2438,116,96
"Medium","Bulgaria",100,"2035-2039","EU","Male","0-19","e5","Middle",2251,262,275
"Medium","Bulgaria",100,"2035-2039","EU","Male","0-19","e6","High",5,47,40
"Medium","Bulgaria",100,"2035-2039","EU","Male","20-39","e4","Low",1050,36,20
"Medium","Bulgaria",100,"2035-2039","EU","Male","20-39","e5","Middle",5155,198,279
"Medium","Bulgaria",100,"2035-2039","EU","Male","20-39","e6","High",5063,281,416
"Medium","Bulgaria",100,"2035-2039","EU","Male","40-64","e4","Low",177,59,41
"Medium","Bulgaria",100,"2035-2039","EU","Male","40-64","e5","Middle",1063,100,137
"Medium","Bulgaria",100,"2035-2039","EU","Male","40-64","e6","High",2235,133,186
"Medium","Bulgaria",100,"2035-2039","EU","Male","65+","e4","Low",108,26,15
"Medium","Bulgaria",100,"2035-2039","EU","Male","65+","e5","Middle",792,31,47
"Medium","Bulgaria",100,"2035-2039","EU","Male","65+","e6","High",862,40,60
"Medium","Bulgaria",100,"2035-2039","NAT","Female","0-19","e4","Low",143076,562,487
"Medium","Bulgaria",100,"2035-2039","NAT","Female","0-19","e5","Middle",225804,1076,1291
"Medium","Bulgaria",100,"2035-2039","NAT","Female","0-19","e6","High",167995,758,710
"Medium","Bulgaria",100,"2035-2039","NAT","Female","20-39","e4","Low",89384,348,196
"Medium","Bulgaria",100,"2035-2039","NAT","Female","20-39","e5","Middle",200080,1895,2323
"Medium","Bulgaria",100,"2035-2039","NAT","Female","20-39","e6","High",303256,4918,7465
"Medium","Bulgaria",100,"2035-2039","NAT","Female","40-64","e4","Low",156699,1316,936
"Medium","Bulgaria",100,"2035-2039","NAT","Female","40-64","e5","Middle",406337,2610,3050
"Medium","Bulgaria",100,"2035-2039","NAT","Female","40-64","e6","High",526873,5190,7717
"Medium","Bulgaria",100,"2035-2039","NAT","Female","65+","e4","Low",138345,463,321
"Medium","Bulgaria",100,"2035-2039","NAT","Female","65+","e5","Middle",471847,809,1230
"Medium","Bulgaria",100,"2035-2039","NAT","Female","65+","e6","High",285385,1144,1933
"Medium","Bulgaria",100,"2035-2039","NAT","Male","0-19","e4","Low",149047,587,497
"Medium","Bulgaria",100,"2035-2039","NAT","Male","0-19","e5","Middle",240723,1113,1363
"Medium","Bulgaria",100,"2035-2039","NAT","Male","0-19","e6","High",178105,550,449
"Medium","Bulgaria",100,"2035-2039","NAT","Male","20-39","e4","Low",88583,541,297
"Medium","Bulgaria",100,"2035-2039","NAT","Male","20-39","e5","Middle",315573,2264,3153
"Medium","Bulgaria",100,"2035-2039","NAT","Male","20-39","e6","High",224792,3290,4694
"Medium","Bulgaria",100,"2035-2039","NAT","Male","40-64","e4","Low",163217,1412,987
"Medium","Bulgaria",100,"2035-2039","NAT","Male","40-64","e5","Middle",592005,2606,3584
"Medium","Bulgaria",100,"2035-2039","NAT","Male","40-64","e6","High",358041,3287,4599
"Medium","Bulgaria",100,"2035-2039","NAT","Male","65+","e4","Low",83880,370,208
"Medium","Bulgaria",100,"2035-2039","NAT","Male","65+","e5","Middle",375470,639,973
"Medium","Bulgaria",100,"2035-2039","NAT","Male","65+","e6","High",166499,707,1050
"Medium","Bulgaria",100,"2035-2039","NEU","Female","0-19","e4","Low",3537,3399,1757
"Medium","Bulgaria",100,"2035-2039","NEU","Female","0-19","e5","Middle",3063,2170,2185
"Medium","Bulgaria",100,"2035-2039","NEU","Female","0-19","e6","High",5,398,403
"Medium","Bulgaria",100,"2035-2039","NEU","Female","20-39","e4","Low",833,1103,624
"Medium","Bulgaria",100,"2035-2039","NEU","Female","20-39","e5","Middle",1612,1658,2055
"Medium","Bulgaria",100,"2035-2039","NEU","Female","20-39","e6","High",4163,1740,2796
"Medium","Bulgaria",100,"2035-2039","NEU","Female","40-64","e4","Low",764,733,510
"Medium","Bulgaria",100,"2035-2039","NEU","Female","40-64","e5","Middle",4619,579,660
"Medium","Bulgaria",100,"2035-2039","NEU","Female","40-64","e6","High",10239,579,839
"Medium","Bulgaria",100,"2035-2039","NEU","Female","65+","e4","Low",442,129,89
"Medium","Bulgaria",100,"2035-2039","NEU","Female","65+","e5","Middle",5614,125,190
"Medium","Bulgaria",100,"2035-2039","NEU","Female","65+","e6","High",6697,110,186
"Medium","Bulgaria",100,"2035-2039","NEU","Male","0-19","e4","Low",4442,3420,1717
"Medium","Bulgaria",100,"2035-2039","NEU","Male","0-19","e5","Middle",2584,2185,2189
"Medium","Bulgaria",100,"2035-2039","NEU","Male","0-19","e6","High",4,294,250
"Medium","Bulgaria",100,"2035-2039","NEU","Male","20-39","e4","Low",1597,1153,628
"Medium","Bulgaria",100,"2035-2039","NEU","Male","20-39","e5","Middle",2509,1600,2268
"Medium","Bulgaria",100,"2035-2039","NEU","Male","20-39","e6","High",4423,1316,1973
"Medium","Bulgaria",100,"2035-2039","NEU","Male","40-64","e4","Low",1318,687,474
"Medium","Bulgaria",100,"2035-2039","NEU","Male","40-64","e5","Middle",6358,541,727
"Medium","Bulgaria",100,"2035-2039","NEU","Male","40-64","e6","High",9103,440,609
"Medium","Bulgaria",100,"2035-2039","NEU","Male","65+","e4","Low",400,111,62
"Medium","Bulgaria",100,"2035-2039","NEU","Male","65+","e5","Middle",2860,85,129
"Medium","Bulgaria",100,"2035-2039","NEU","Male","65+","e6","High",3422,79,117
"Medium","Bulgaria",100,"2040-2044","EU","Female","0-19","e4","Low",70,0,0
"Medium","Bulgaria",100,"2040-2044","EU","Female","0-19","e5","Middle",130,0,0
"Medium","Bulgaria",100,"2040-2044","EU","Female","0-19","e6","High",0,0,0
"Medium","Bulgaria",100,"2040-2044","EU","Female","20-39","e4","Low",1088,0,0
"Medium","Bulgaria",100,"2040-2044","EU","Female","20-39","e5","Middle",4789,0,0
"Medium","Bulgaria",100,"2040-2044","EU","Female","20-39","e6","High",7538,0,0
"Medium","Bulgaria",100,"2040-2044","EU","Female","40-64","e4","Low",149,0,0
"Medium","Bulgaria",100,"2040-2044","EU","Female","40-64","e5","Middle",745,0,0
"Medium","Bulgaria",100,"2040-2044","EU","Female","40-64","e6","High",1700,0,0
"Medium","Bulgaria",100,"2040-2044","EU","Female","65+","e4","Low",87,0,0
"Medium","Bulgaria",100,"2040-2044","EU","Female","65+","e5","Middle",513,0,0
"Medium","Bulgaria",100,"2040-2044","EU","Female","65+","e6","High",431,0,0
"Medium","Bulgaria",100,"2040-2044","EU","Male","0-19","e4","Low",78,0,0
"Medium","Bulgaria",100,"2040-2044","EU","Male","0-19","e5","Middle",123,0,0
"Medium","Bulgaria",100,"2040-2044","EU","Male","0-19","e6","High",0,0,0
"Medium","Bulgaria",100,"2040-2044","EU","Male","20-39","e4","Low",1536,0,0
"Medium","Bulgaria",100,"2040-2044","EU","Male","20-39","e5","Middle",5598,0,0
"Medium","Bulgaria",100,"2040-2044","EU","Male","20-39","e6","High",7442,0,0
"Medium","Bulgaria",100,"2040-2044","EU","Male","40-64","e4","Low",221,0,0
"Medium","Bulgaria",100,"2040-2044","EU","Male","40-64","e5","Middle",1003,0,0
"Medium","Bulgaria",100,"2040-2044","EU","Male","40-64","e6","High",2516,0,0
"Medium","Bulgaria",100,"2040-2044","EU","Male","65+","e4","Low",99,0,0
"Medium","Bulgaria",100,"2040-2044","EU","Male","65+","e5","Middle",728,0,0
"Medium","Bulgaria",100,"2040-2044","EU","Male","65+","e6","High",886,0,0
"Medium","Bulgaria",100,"2040-2044","NAT","Female","0-19","e4","Low",135168,0,0
"Medium","Bulgaria",100,"2040-2044","NAT","Female","0-19","e5","Middle",201812,0,0
"Medium","Bulgaria",100,"2040-2044","NAT","Female","0-19","e6","High",169844,0,0
"Medium","Bulgaria",100,"2040-2044","NAT","Female","20-39","e4","Low",90835,0,0
"Medium","Bulgaria",100,"2040-2044","NAT","Female","20-39","e5","Middle",184664,0,0
"Medium","Bulgaria",100,"2040-2044","NAT","Female","20-39","e6","High",323108,0,0
"Medium","Bulgaria",100,"2040-2044","NAT","Female","40-64","e4","Low",142243,0,0
"Medium","Bulgaria",100,"2040-2044","NAT","Female","40-64","e5","Middle",335820,0,0
"Medium","Bulgaria",100,"2040-2044","NAT","Female","40-64","e6","High",505232,0,0
"Medium","Bulgaria",100,"2040-2044","NAT","Female","65+","e4","Low",122502,0,0
"Medium","Bulgaria",100,"2040-2044","NAT","Female","65+","e5","Middle",465502,0,0
"Medium","Bulgaria",100,"2040-2044","NAT","Female","65+","e6","High",321243,0,0
"Medium","Bulgaria",100,"2040-2044","NAT","Male","0-19","e4","Low",140694,0,0
"Medium","Bulgaria",100,"2040-2044","NAT","Male","0-19","e5","Middle",215785,0,0
"Medium","Bulgaria",100,"2040-2044","NAT","Male","0-19","e6","High",180043,0,0
"Medium","Bulgaria",100,"2040-2044","NAT","Male","20-39","e4","Low",87834,0,0
"Medium","Bulgaria",100,"2040-2044","NAT","Male","20-39","e5","Middle",302222,0,0
"Medium","Bulgaria",100,"2040-2044","NAT","Male","20-39","e6","High",243330,0,0
"Medium","Bulgaria",100,"2040-2044","NAT","Male","40-64","e4","Low",143347,0,0
"Medium","Bulgaria",100,"2040-2044","NAT","Male","40-64","e5","Middle",511227,0,0
"Medium","Bulgaria",100,"2040-2044","NAT","Male","40-64","e6","High",350387,0,0
"Medium","Bulgaria",100,"2040-2044","NAT","Male","65+","e4","Low",78255,0,0
"Medium","Bulgaria",100,"2040-2044","NAT","Male","65+","e5","Middle",399029,0,0
"Medium","Bulgaria",100,"2040-2044","NAT","Male","65+","e6","High",182997,0,0
"Medium","Bulgaria",100,"2040-2044","NEU","Female","0-19","e4","Low",2954,0,0
"Medium","Bulgaria",100,"2040-2044","NEU","Female","0-19","e5","Middle",1911,0,0
"Medium","Bulgaria",100,"2040-2044","NEU","Female","0-19","e6","High",2,0,0
"Medium","Bulgaria",100,"2040-2044","NEU","Female","20-39","e4","Low",935,0,0
"Medium","Bulgaria",100,"2040-2044","NEU","Female","20-39","e5","Middle",1826,0,0
"Medium","Bulgaria",100,"2040-2044","NEU","Female","20-39","e6","High",3593,0,0
"Medium","Bulgaria",100,"2040-2044","NEU","Female","40-64","e4","Low",1051,0,0
"Medium","Bulgaria",100,"2040-2044","NEU","Female","40-64","e5","Middle",3740,0,0
"Medium","Bulgaria",100,"2040-2044","NEU","Female","40-64","e6","High",10400,0,0
"Medium","Bulgaria",100,"2040-2044","NEU","Female","65+","e4","Low",570,0,0
"Medium","Bulgaria",100,"2040-2044","NEU","Female","65+","e5","Middle",5554,0,0
"Medium","Bulgaria",100,"2040-2044","NEU","Female","65+","e6","High",6667,0,0
"Medium","Bulgaria",100,"2040-2044","NEU","Male","0-19","e4","Low",3354,0,0
"Medium","Bulgaria",100,"2040-2044","NEU","Male","0-19","e5","Middle",1605,0,0
"Medium","Bulgaria",100,"2040-2044","NEU","Male","0-19","e6","High",2,0,0
"Medium","Bulgaria",100,"2040-2044","NEU","Male","20-39","e4","Low",1846,0,0
"Medium","Bulgaria",100,"2040-2044","NEU","Male","20-39","e5","Middle",2393,0,0
"Medium","Bulgaria",100,"2040-2044","NEU","Male","20-39","e6","High",4045,0,0
"Medium","Bulgaria",100,"2040-2044","NEU","Male","40-64","e4","Low",1692,0,0
"Medium","Bulgaria",100,"2040-2044","NEU","Male","40-64","e5","Middle",5412,0,0
"Medium","Bulgaria",100,"2040-2044","NEU","Male","40-64","e6","High",9617,0,0
"Medium","Bulgaria",100,"2040-2044","NEU","Male","65+","e4","Low",528,0,0
"Medium","Bulgaria",100,"2040-2044","NEU","Male","65+","e5","Middle",3509,0,0
"Medium","Bulgaria",100,"2040-2044","NEU","Male","65+","e6","High",3625,0,0
"Medium","Croatia",191,"2020-2024","EU","Female","0-19","e4","Low",2970,582,498
"Medium","Croatia",191,"2020-2024","EU","Female","0-19","e5","Middle",334,197,353
"Medium","Croatia",191,"2020-2024","EU","Female","0-19","e6","High",0,0,0
"Medium","Croatia",191,"2020-2024","EU","Female","20-39","e4","Low",385,131,18
"Medium","Croatia",191,"2020-2024","EU","Female","20-39","e5","Middle",4191,286,599
"Medium","Croatia",191,"2020-2024","EU","Female","20-39","e6","High",4003,693,1260
"Medium","Croatia",191,"2020-2024","EU","Female","40-64","e4","Low",1593,110,90
"Medium","Croatia",191,"2020-2024","EU","Female","40-64","e5","Middle",10675,277,497
"Medium","Croatia",191,"2020-2024","EU","Female","40-64","e6","High",5192,340,605
"Medium","Croatia",191,"2020-2024","EU","Female","65+","e4","Low",1818,26,53
"Medium","Croatia",191,"2020-2024","EU","Female","65+","e5","Middle",3714,72,127
"Medium","Croatia",191,"2020-2024","EU","Female","65+","e6","High",1770,41,90
"Medium","Croatia",191,"2020-2024","EU","Male","0-19","e4","Low",3062,620,545
"Medium","Croatia",191,"2020-2024","EU","Male","0-19","e5","Middle",339,205,372
"Medium","Croatia",191,"2020-2024","EU","Male","0-19","e6","High",2,84,60
"Medium","Croatia",191,"2020-2024","EU","Male","20-39","e4","Low",438,198,42
"Medium","Croatia",191,"2020-2024","EU","Male","20-39","e5","Middle",5342,342,824
"Medium","Croatia",191,"2020-2024","EU","Male","20-39","e6","High",2624,597,912
"Medium","Croatia",191,"2020-2024","EU","Male","40-64","e4","Low",1154,109,86
"Medium","Croatia",191,"2020-2024","EU","Male","40-64","e5","Middle",10737,228,526
"Medium","Croatia",191,"2020-2024","EU","Male","40-64","e6","High",3879,284,532
"Medium","Croatia",191,"2020-2024","EU","Male","65+","e4","Low",333,13,20
"Medium","Croatia",191,"2020-2024","EU","Male","65+","e5","Middle",2021,40,107
"Medium","Croatia",191,"2020-2024","EU","Male","65+","e6","High",1436,35,93
"Medium","Croatia",191,"2020-2024","NAT","Female","0-19","e4","Low",345427,1024,786
"Medium","Croatia",191,"2020-2024","NAT","Female","0-19","e5","Middle",28401,244,425
"Medium","Croatia",191,"2020-2024","NAT","Female","0-19","e6","High",7,133,163
"Medium","Croatia",191,"2020-2024","NAT","Female","20-39","e4","Low",14045,568,99
"Medium","Croatia",191,"2020-2024","NAT","Female","20-39","e5","Middle",243024,922,1954
"Medium","Croatia",191,"2020-2024","NAT","Female","20-39","e6","High",191794,2289,4317
"Medium","Croatia",191,"2020-2024","NAT","Female","40-64","e4","Low",89256,1069,929
"Medium","Croatia",191,"2020-2024","NAT","Female","40-64","e5","Middle",346380,1466,2629
"Medium","Croatia",191,"2020-2024","NAT","Female","40-64","e6","High",158867,2566,4596
"Medium","Croatia",191,"2020-2024","NAT","Female","65+","e4","Low",205376,350,702
"Medium","Croatia",191,"2020-2024","NAT","Female","65+","e5","Middle",159437,544,955
"Medium","Croatia",191,"2020-2024","NAT","Female","65+","e6","High",65557,536,1174
"Medium","Croatia",191,"2020-2024","NAT","Male","0-19","e4","Low",363655,1120,872
"Medium","Croatia",191,"2020-2024","NAT","Male","0-19","e5","Middle",32004,261,471
"Medium","Croatia",191,"2020-2024","NAT","Male","0-19","e6","High",5,129,91
"Medium","Croatia",191,"2020-2024","NAT","Male","20-39","e4","Low",21458,751,191
"Medium","Croatia",191,"2020-2024","NAT","Male","20-39","e5","Middle",331398,986,2387
"Medium","Croatia",191,"2020-2024","NAT","Male","20-39","e6","High",131687,1921,3055
"Medium","Croatia",191,"2020-2024","NAT","Male","40-64","e4","Low",68474,1029,844
"Medium","Croatia",191,"2020-2024","NAT","Male","40-64","e5","Middle",400489,1037,2400
"Medium","Croatia",191,"2020-2024","NAT","Male","40-64","e6","High",126923,1787,3366
"Medium","Croatia",191,"2020-2024","NAT","Male","65+","e4","Low",63336,246,382
"Medium","Croatia",191,"2020-2024","NAT","Male","65+","e5","Middle",163930,321,857
"Medium","Croatia",191,"2020-2024","NAT","Male","65+","e6","High",68431,358,949
"Medium","Croatia",191,"2020-2024","NEU","Female","0-19","e4","Low",3513,7150,5796
"Medium","Croatia",191,"2020-2024","NEU","Female","0-19","e5","Middle",794,2660,4509
"Medium","Croatia",191,"2020-2024","NEU","Female","0-19","e6","High",0,0,0
"Medium","Croatia",191,"2020-2024","NEU","Female","20-39","e4","Low",2229,2750,399
"Medium","Croatia",191,"2020-2024","NEU","Female","20-39","e5","Middle",19275,4985,10429
"Medium","Croatia",191,"2020-2024","NEU","Female","20-39","e6","High",15930,5530,10038
"Medium","Croatia",191,"2020-2024","NEU","Female","40-64","e4","Low",26193,2244,1814
"Medium","Croatia",191,"2020-2024","NEU","Female","40-64","e5","Middle",59919,2965,5327
"Medium","Croatia",191,"2020-2024","NEU","Female","40-64","e6","High",20225,1851,3314
"Medium","Croatia",191,"2020-2024","NEU","Female","65+","e4","Low",44902,454,913
"Medium","Croatia",191,"2020-2024","NEU","Female","65+","e5","Middle",24721,438,769
"Medium","Croatia",191,"2020-2024","NEU","Female","65+","e6","High",11417,270,591
"Medium","Croatia",191,"2020-2024","NEU","Male","0-19","e4","Low",3764,7217,6098
"Medium","Croatia",191,"2020-2024","NEU","Male","0-19","e5","Middle",799,2913,4968
"Medium","Croatia",191,"2020-2024","NEU","Male","0-19","e6","High",0,0,0
"Medium","Croatia",191,"2020-2024","NEU","Male","20-39","e4","Low",2710,2846,637
"Medium","Croatia",191,"2020-2024","NEU","Male","20-39","e5","Middle",24780,5862,14089
"Medium","Croatia",191,"2020-2024","NEU","Male","20-39","e6","High",10256,4461,6797
"Medium","Croatia",191,"2020-2024","NEU","Male","40-64","e4","Low",12814,1617,1268
"Medium","Croatia",191,"2020-2024","NEU","Male","40-64","e5","Middle",63984,2865,6610
"Medium","Croatia",191,"2020-2024","NEU","Male","40-64","e6","High",18466,1656,3161
"Medium","Croatia",191,"2020-2024","NEU","Male","65+","e4","Low",14364,198,307
"Medium","Croatia",191,"2020-2024","NEU","Male","65+","e5","Middle",30119,333,894
"Medium","Croatia",191,"2020-2024","NEU","Male","65+","e6","High",16092,270,714
"Medium","Croatia",191,"2025-2029","EU","Female","0-19","e4","Low",2073,355,305
"Medium","Croatia",191,"2025-2029","EU","Female","0-19","e5","Middle",249,263,424
"Medium","Croatia",191,"2025-2029","EU","Female","0-19","e6","High",2,98,119
"Medium","Croatia",191,"2025-2029","EU","Female","20-39","e4","Low",460,103,10
"Medium","Croatia",191,"2025-2029","EU","Female","20-39","e5","Middle",2873,295,520
"Medium","Croatia",191,"2025-2029","EU","Female","20-39","e6","High",3670,789,1306
"Medium","Croatia",191,"2025-2029","EU","Female","40-64","e4","Low",1512,112,68
"Medium","Croatia",191,"2025-2029","EU","Female","40-64","e5","Middle",10370,268,460
"Medium","Croatia",191,"2025-2029","EU","Female","40-64","e6","High",5348,398,684
"Medium","Croatia",191,"2025-2029","EU","Female","65+","e4","Low",1370,27,46
"Medium","Croatia",191,"2025-2029","EU","Female","65+","e5","Middle",3504,81,143
"Medium","Croatia",191,"2025-2029","EU","Female","65+","e6","High",1700,55,105
"Medium","Croatia",191,"2025-2029","EU","Male","0-19","e4","Low",2113,374,336
"Medium","Croatia",191,"2025-2029","EU","Male","0-19","e5","Middle",241,276,450
"Medium","Croatia",191,"2025-2029","EU","Male","0-19","e6","High",2,88,59
"Medium","Croatia",191,"2025-2029","EU","Male","20-39","e4","Low",588,160,25
"Medium","Croatia",191,"2025-2029","EU","Male","20-39","e5","Middle",4118,361,743
"Medium","Croatia",191,"2025-2029","EU","Male","20-39","e6","High",2449,683,947
"Medium","Croatia",191,"2025-2029","EU","Male","40-64","e4","Low",1193,114,72
"Medium","Croatia",191,"2025-2029","EU","Male","40-64","e5","Middle",10709,230,502
"Medium","Croatia",191,"2025-2029","EU","Male","40-64","e6","High",3836,322,560
"Medium","Croatia",191,"2025-2029","EU","Male","65+","e4","Low",264,16,22
"Medium","Croatia",191,"2025-2029","EU","Male","65+","e5","Middle",1711,49,123
"Medium","Croatia",191,"2025-2029","EU","Male","65+","e6","High",1243,47,110
"Medium","Croatia",191,"2025-2029","NAT","Female","0-19","e4","Low",255304,872,707
"Medium","Croatia",191,"2025-2029","NAT","Female","0-19","e5","Middle",71720,430,700
"Medium","Croatia",191,"2025-2029","NAT","Female","0-19","e6","High",37053,230,275
"Medium","Croatia",191,"2025-2029","NAT","Female","20-39","e4","Low",10685,392,45
"Medium","Croatia",191,"2025-2029","NAT","Female","20-39","e5","Middle",205998,956,1717
"Medium","Croatia",191,"2025-2029","NAT","Female","20-39","e6","High",201970,2263,3852
"Medium","Croatia",191,"2025-2029","NAT","Female","40-64","e4","Low",62490,971,603
"Medium","Croatia",191,"2025-2029","NAT","Female","40-64","e5","Middle",331246,1449,2487
"Medium","Croatia",191,"2025-2029","NAT","Female","40-64","e6","High",186369,2726,4701
"Medium","Croatia",191,"2025-2029","NAT","Female","65+","e4","Low",171419,386,672
"Medium","Croatia",191,"2025-2029","NAT","Female","65+","e5","Middle",196355,643,1141
"Medium","Croatia",191,"2025-2029","NAT","Female","65+","e6","High",76573,678,1296
"Medium","Croatia",191,"2025-2029","NAT","Male","0-19","e4","Low",267986,939,796
"Medium","Croatia",191,"2025-2029","NAT","Male","0-19","e5","Middle",77681,451,742
"Medium","Croatia",191,"2025-2029","NAT","Male","0-19","e6","High",39261,216,161
"Medium","Croatia",191,"2025-2029","NAT","Male","20-39","e4","Low",17213,555,97
"Medium","Croatia",191,"2025-2029","NAT","Male","20-39","e5","Middle",296175,1100,2303
"Medium","Croatia",191,"2025-2029","NAT","Male","20-39","e6","High",138059,1967,2816
"Medium","Croatia",191,"2025-2029","NAT","Male","40-64","e4","Low",55228,947,623
"Medium","Croatia",191,"2025-2029","NAT","Male","40-64","e5","Middle",395879,1135,2477
"Medium","Croatia",191,"2025-2029","NAT","Male","40-64","e6","High",138166,1938,3380
"Medium","Croatia",191,"2025-2029","NAT","Male","65+","e4","Low",56914,253,353
"Medium","Croatia",191,"2025-2029","NAT","Male","65+","e5","Middle",185958,353,892
"Medium","Croatia",191,"2025-2029","NAT","Male","65+","e6","High",74223,397,947
"Medium","Croatia",191,"2025-2029","NEU","Female","0-19","e4","Low",2920,6185,4185
"Medium","Croatia",191,"2025-2029","NEU","Female","0-19","e5","Middle",808,3467,5320
"Medium","Croatia",191,"2025-2029","NEU","Female","0-19","e6","High",1,808,980
"Medium","Croatia",191,"2025-2029","NEU","Female","20-39","e4","Low",3594,2661,245
"Medium","Croatia",191,"2025-2029","NEU","Female","20-39","e5","Middle",6089,5065,8998
"Medium","Croatia",191,"2025-2029","NEU","Female","20-39","e6","High",9212,5932,9875
"Medium","Croatia",191,"2025-2029","NEU","Female","40-64","e4","Low",18397,2434,1405
"Medium","Croatia",191,"2025-2029","NEU","Female","40-64","e5","Middle",49611,3144,5408
"Medium","Croatia",191,"2025-2029","NEU","Female","40-64","e6","High",19229,2312,4015
"Medium","Croatia",191,"2025-2029","NEU","Female","65+","e4","Low",41858,483,826
"Medium","Croatia",191,"2025-2029","NEU","Female","65+","e5","Middle",32753,584,1038
"Medium","Croatia",191,"2025-2029","NEU","Female","65+","e6","High",13083,355,674
"Medium","Croatia",191,"2025-2029","NEU","Male","0-19","e4","Low",3119,6212,4405
"Medium","Croatia",191,"2025-2029","NEU","Male","0-19","e5","Middle",617,3776,5847
"Medium","Croatia",191,"2025-2029","NEU","Male","0-19","e6","High",1,714,480
"Medium","Croatia",191,"2025-2029","NEU","Male","20-39","e4","Low",4081,2753,419
"Medium","Croatia",191,"2025-2029","NEU","Male","20-39","e5","Middle",7823,5914,12300
"Medium","Croatia",191,"2025-2029","NEU","Male","20-39","e6","High",6109,4796,6675
"Medium","Croatia",191,"2025-2029","NEU","Male","40-64","e4","Low",10673,1855,1134
"Medium","Croatia",191,"2025-2029","NEU","Male","40-64","e5","Middle",51425,2999,6555
"Medium","Croatia",191,"2025-2029","NEU","Male","40-64","e6","High",14753,1897,3323
"Medium","Croatia",191,"2025-2029","NEU","Male","65+","e4","Low",12371,246,335
"Medium","Croatia",191,"2025-2029","NEU","Male","65+","e5","Middle",34087,470,1171
"Medium","Croatia",191,"2025-2029","NEU","Male","65+","e6","High",16427,356,845
"Medium","Croatia",191,"2030-2034","EU","Female","0-19","e4","Low",1460,252,202
"Medium","Croatia",191,"2030-2034","EU","Female","0-19","e5","Middle",260,321,477
"Medium","Croatia",191,"2030-2034","EU","Female","0-19","e6","High",2,106,123
"Medium","Croatia",191,"2030-2034","EU","Female","20-39","e4","Low",337,71,6
"Medium","Croatia",191,"2030-2034","EU","Female","20-39","e5","Middle",2174,317,477
"Medium","Croatia",191,"2030-2034","EU","Female","20-39","e6","High",3275,877,1370
"Medium","Croatia",191,"2030-2034","EU","Female","40-64","e4","Low",1448,112,49
"Medium","Croatia",191,"2030-2034","EU","Female","40-64","e5","Middle",9650,257,409
"Medium","Croatia",191,"2030-2034","EU","Female","40-64","e6","High",5148,454,741
"Medium","Croatia",191,"2030-2034","EU","Female","65+","e4","Low",1107,32,41
"Medium","Croatia",191,"2030-2034","EU","Female","65+","e5","Middle",3444,95,165
"Medium","Croatia",191,"2030-2034","EU","Female","65+","e6","High",1635,89,147
"Medium","Croatia",191,"2030-2034","EU","Male","0-19","e4","Low",1471,262,222
"Medium","Croatia",191,"2030-2034","EU","Male","0-19","e5","Middle",257,341,515
"Medium","Croatia",191,"2030-2034","EU","Male","0-19","e6","High",3,92,59
"Medium","Croatia",191,"2030-2034","EU","Male","20-39","e4","Low",467,115,16
"Medium","Croatia",191,"2030-2034","EU","Male","20-39","e5","Middle",3511,395,717
"Medium","Croatia",191,"2030-2034","EU","Male","20-39","e6","High",2250,755,966
"Medium","Croatia",191,"2030-2034","EU","Male","40-64","e4","Low",1248,116,57
"Medium","Croatia",191,"2030-2034","EU","Male","40-64","e5","Middle",10062,230,465
"Medium","Croatia",191,"2030-2034","EU","Male","40-64","e6","High",3582,369,602
"Medium","Croatia",191,"2030-2034","EU","Male","65+","e4","Low",237,23,24
"Medium","Croatia",191,"2030-2034","EU","Male","65+","e5","Middle",1610,60,135
"Medium","Croatia",191,"2030-2034","EU","Male","65+","e6","High",1103,67,133
"Medium","Croatia",191,"2030-2034","NAT","Female","0-19","e4","Low",163075,432,388
"Medium","Croatia",191,"2030-2034","NAT","Female","0-19","e5","Middle",105980,600,919
"Medium","Croatia",191,"2030-2034","NAT","Female","0-19","e6","High",76344,347,404
"Medium","Croatia",191,"2030-2034","NAT","Female","20-39","e4","Low",8072,261,25
"Medium","Croatia",191,"2030-2034","NAT","Female","20-39","e5","Middle",182877,1025,1578
"Medium","Croatia",191,"2030-2034","NAT","Female","20-39","e6","High",212292,2568,4086
"Medium","Croatia",191,"2030-2034","NAT","Female","40-64","e4","Low",44257,878,412
"Medium","Croatia",191,"2030-2034","NAT","Female","40-64","e5","Middle",304997,1564,2476
"Medium","Croatia",191,"2030-2034","NAT","Female","40-64","e6","High",214866,2866,4694
"Medium","Croatia",191,"2030-2034","NAT","Female","65+","e4","Low",141267,355,483
"Medium","Croatia",191,"2030-2034","NAT","Female","65+","e5","Middle",230536,636,1111
"Medium","Croatia",191,"2030-2034","NAT","Female","65+","e6","High",86789,719,1211
"Medium","Croatia",191,"2030-2034","NAT","Male","0-19","e4","Low",170516,462,435
"Medium","Croatia",191,"2030-2034","NAT","Male","0-19","e5","Middle",114275,651,1021
"Medium","Croatia",191,"2030-2034","NAT","Male","0-19","e6","High",80895,329,263
"Medium","Croatia",191,"2030-2034","NAT","Male","20-39","e4","Low",13929,396,59
"Medium","Croatia",191,"2030-2034","NAT","Male","20-39","e5","Middle",274712,1231,2282
"Medium","Croatia",191,"2030-2034","NAT","Male","20-39","e6","High",144099,2222,2916
"Medium","Croatia",191,"2030-2034","NAT","Male","40-64","e4","Low",44661,836,443
"Medium","Croatia",191,"2030-2034","NAT","Male","40-64","e5","Middle",382432,1309,2635
"Medium","Croatia",191,"2030-2034","NAT","Male","40-64","e6","High",154251,2047,3358
"Medium","Croatia",191,"2030-2034","NAT","Male","65+","e4","Low",51615,252,272
"Medium","Croatia",191,"2030-2034","NAT","Male","65+","e5","Middle",208827,366,830
"Medium","Croatia",191,"2030-2034","NAT","Male","65+","e6","High",76976,421,847
"Medium","Croatia",191,"2030-2034","NEU","Female","0-19","e4","Low",3671,5291,2543
"Medium","Croatia",191,"2030-2034","NEU","Female","0-19","e5","Middle",1104,4232,5975
"Medium","Croatia",191,"2030-2034","NEU","Female","0-19","e6","High",2,861,997
"Medium","Croatia",191,"2030-2034","NEU","Female","20-39","e4","Low",2790,2548,185
"Medium","Croatia",191,"2030-2034","NEU","Female","20-39","e5","Middle",937,5172,7841
"Medium","Croatia",191,"2030-2034","NEU","Female","20-39","e6","High",2343,6157,9669
"Medium","Croatia",191,"2030-2034","NEU","Female","40-64","e4","Low",14556,2556,1019
"Medium","Croatia",191,"2030-2034","NEU","Female","40-64","e5","Middle",36060,3255,5123
"Medium","Croatia",191,"2030-2034","NEU","Female","40-64","e6","High",17931,2849,4678
"Medium","Croatia",191,"2030-2034","NEU","Female","65+","e4","Low",36994,568,730
"Medium","Croatia",191,"2030-2034","NEU","Female","65+","e5","Middle",41375,770,1338
"Medium","Croatia",191,"2030-2034","NEU","Female","65+","e6","High",14126,506,840
"Medium","Croatia",191,"2030-2034","NEU","Male","0-19","e4","Low",3678,5273,2672
"Medium","Croatia",191,"2030-2034","NEU","Male","0-19","e5","Middle",910,4572,6571
"Medium","Croatia",191,"2030-2034","NEU","Male","0-19","e6","High",2,762,489
"Medium","Croatia",191,"2030-2034","NEU","Male","20-39","e4","Low",2910,2639,330
"Medium","Croatia",191,"2030-2034","NEU","Male","20-39","e5","Middle",1215,5998,10987
"Medium","Croatia",191,"2030-2034","NEU","Male","20-39","e6","High",1616,4985,6405
"Medium","Croatia",191,"2030-2034","NEU","Male","40-64","e4","Low",10298,2042,947
"Medium","Croatia",191,"2030-2034","NEU","Male","40-64","e5","Middle",37717,3111,6242
"Medium","Croatia",191,"2030-2034","NEU","Male","40-64","e6","High",12674,2226,3639
"Medium","Croatia",191,"2030-2034","NEU","Male","65+","e4","Low",10551,313,330
"Medium","Croatia",191,"2030-2034","NEU","Male","65+","e5","Middle",37497,591,1333
"Medium","Croatia",191,"2030-2034","NEU","Male","65+","e6","High",15460,447,887
"Medium","Croatia",191,"2035-2039","EU","Female","0-19","e4","Low",741,195,168
"Medium","Croatia",191,"2035-2039","EU","Female","0-19","e5","Middle",356,310,418
"Medium","Croatia",191,"2035-2039","EU","Female","0-19","e6","High",2,100,114
"Medium","Croatia",191,"2035-2039","EU","Female","20-39","e4","Low",173,43,3
"Medium","Croatia",191,"2035-2039","EU","Female","20-39","e5","Middle",986,324,419
"Medium","Croatia",191,"2035-2039","EU","Female","20-39","e6","High",1649,930,1396
"Medium","Croatia",191,"2035-2039","EU","Female","40-64","e4","Low",1255,103,32
"Medium","Croatia",191,"2035-2039","EU","Female","40-64","e5","Middle",8222,248,352
"Medium","Croatia",191,"2035-2039","EU","Female","40-64","e6","High",5562,506,776
"Medium","Croatia",191,"2035-2039","EU","Female","65+","e4","Low",1161,38,36
"Medium","Croatia",191,"2035-2039","EU","Female","65+","e5","Middle",4826,100,169
"Medium","Croatia",191,"2035-2039","EU","Female","65+","e6","High",2044,121,183
"Medium","Croatia",191,"2035-2039","EU","Male","0-19","e4","Low",728,199,184
"Medium","Croatia",191,"2035-2039","EU","Male","0-19","e5","Middle",339,332,456
"Medium","Croatia",191,"2035-2039","EU","Male","0-19","e6","High",4,87,54
"Medium","Croatia",191,"2035-2039","EU","Male","20-39","e4","Low",273,74,8
"Medium","Croatia",191,"2035-2039","EU","Male","20-39","e5","Middle",1770,415,676
"Medium","Croatia",191,"2035-2039","EU","Male","20-39","e6","High",1248,787,946
"Medium","Croatia",191,"2035-2039","EU","Male","40-64","e4","Low",1239,109,42
"Medium","Croatia",191,"2035-2039","EU","Male","40-64","e5","Middle",9115,228,417
"Medium","Croatia",191,"2035-2039","EU","Male","40-64","e6","High",3681,409,631
"Medium","Croatia",191,"2035-2039","EU","Male","65+","e4","Low",378,29,25
"Medium","Croatia",191,"2035-2039","EU","Male","65+","e5","Middle",3103,67,141
"Medium","Croatia",191,"2035-2039","EU","Male","65+","e6","High",1377,89,145
"Medium","Croatia",191,"2035-2039","NAT","Female","0-19","e4","Low",73627,352,324
"Medium","Croatia",191,"2035-2039","NAT","Female","0-19","e5","Middle",133728,605,874
"Medium","Croatia",191,"2035-2039","NAT","Female","0-19","e6","High",118120,370,415
"Medium","Croatia",191,"2035-2039","NAT","Female","20-39","e4","Low",5333,169,12
"Medium","Croatia",191,"2035-2039","NAT","Female","20-39","e5","Middle",163050,1130,1487
"Medium","Croatia",191,"2035-2039","NAT","Female","20-39","e6","High",223114,2985,4521
"Medium","Croatia",191,"2035-2039","NAT","Female","40-64","e4","Low",30481,710,246
"Medium","Croatia",191,"2035-2039","NAT","Female","40-64","e5","Middle",274848,1642,2340
"Medium","Croatia",191,"2035-2039","NAT","Female","40-64","e6","High",244482,2974,4598
"Medium","Croatia",191,"2035-2039","NAT","Female","65+","e4","Low",117160,355,343
"Medium","Croatia",191,"2035-2039","NAT","Female","65+","e5","Middle",255105,620,1052
"Medium","Croatia",191,"2035-2039","NAT","Female","65+","e6","High",97712,783,1184
"Medium","Croatia",191,"2035-2039","NAT","Male","0-19","e4","Low",75702,369,361
"Medium","Croatia",191,"2035-2039","NAT","Male","0-19","e5","Middle",143248,657,960
"Medium","Croatia",191,"2035-2039","NAT","Male","0-19","e6","High",125163,339,260
"Medium","Croatia",191,"2035-2039","NAT","Male","20-39","e4","Low",10279,279,32
"Medium","Croatia",191,"2035-2039","NAT","Male","20-39","e5","Middle",256018,1421,2341
"Medium","Croatia",191,"2035-2039","NAT","Male","20-39","e6","High",151427,2569,3127
"Medium","Croatia",191,"2035-2039","NAT","Male","40-64","e4","Low",36153,680,293
"Medium","Croatia",191,"2035-2039","NAT","Male","40-64","e5","Middle",366256,1436,2628
"Medium","Croatia",191,"2035-2039","NAT","Male","40-64","e6","High",172104,2124,3304
"Medium","Croatia",191,"2035-2039","NAT","Male","65+","e4","Low",47558,273,229
"Medium","Croatia",191,"2035-2039","NAT","Male","65+","e5","Middle",225366,400,848
"Medium","Croatia",191,"2035-2039","NAT","Male","65+","e6","High",79472,501,819
"Medium","Croatia",191,"2035-2039","NEU","Female","0-19","e4","Low",4711,5166,2456
"Medium","Croatia",191,"2035-2039","NEU","Female","0-19","e5","Middle",1344,4319,5577
"Medium","Croatia",191,"2035-2039","NEU","Female","0-19","e6","High",3,888,1005
"Medium","Croatia",191,"2035-2039","NEU","Female","20-39","e4","Low",2539,2445,134
"Medium","Croatia",191,"2035-2039","NEU","Female","20-39","e5","Middle",0,5324,6907
"Medium","Croatia",191,"2035-2039","NEU","Female","20-39","e6","High",1273,6468,9709
"Medium","Croatia",191,"2035-2039","NEU","Female","40-64","e4","Low",12426,2659,757
"Medium","Croatia",191,"2035-2039","NEU","Female","40-64","e5","Middle",22819,3436,4821
"Medium","Croatia",191,"2035-2039","NEU","Female","40-64","e6","High",13897,3407,5224
"Medium","Croatia",191,"2035-2039","NEU","Female","65+","e4","Low",31965,635,611
"Medium","Croatia",191,"2035-2039","NEU","Female","65+","e5","Middle",45540,842,1428
"Medium","Croatia",191,"2035-2039","NEU","Female","65+","e6","High",14323,593,896
"Medium","Croatia",191,"2035-2039","NEU","Male","0-19","e4","Low",4728,5141,2589
"Medium","Croatia",191,"2035-2039","NEU","Male","0-19","e5","Middle",1198,4664,6137
"Medium","Croatia",191,"2035-2039","NEU","Male","0-19","e6","High",3,795,497
"Medium","Croatia",191,"2035-2039","NEU","Male","20-39","e4","Low",2590,2532,251
"Medium","Croatia",191,"2035-2039","NEU","Male","20-39","e5","Middle",0,6125,10021
"Medium","Croatia",191,"2035-2039","NEU","Male","20-39","e6","High",960,5218,6277
"Medium","Croatia",191,"2035-2039","NEU","Male","40-64","e4","Low",9926,2173,802
"Medium","Croatia",191,"2035-2039","NEU","Male","40-64","e5","Middle",23434,3262,5915
"Medium","Croatia",191,"2035-2039","NEU","Male","40-64","e6","High",9225,2607,4018
"Medium","Croatia",191,"2035-2039","NEU","Male","65+","e4","Low",9427,368,308
"Medium","Croatia",191,"2035-2039","NEU","Male","65+","e5","Middle",37575,628,1332
"Medium","Croatia",191,"2035-2039","NEU","Male","65+","e6","High",13738,460,755
"Medium","Croatia",191,"2040-2044","EU","Female","0-19","e4","Low",99,0,0
"Medium","Croatia",191,"2040-2044","EU","Female","0-19","e5","Middle",56,0,0
"Medium","Croatia",191,"2040-2044","EU","Female","0-19","e6","High",0,0,0
"Medium","Croatia",191,"2040-2044","EU","Female","20-39","e4","Low",114,0,0
"Medium","Croatia",191,"2040-2044","EU","Female","20-39","e5","Middle",712,0,0
"Medium","Croatia",191,"2040-2044","EU","Female","20-39","e6","High",1032,0,0
"Medium","Croatia",191,"2040-2044","EU","Female","40-64","e4","Low",815,0,0
"Medium","Croatia",191,"2040-2044","EU","Female","40-64","e5","Middle",4741,0,0
"Medium","Croatia",191,"2040-2044","EU","Female","40-64","e6","High",4297,0,0
"Medium","Croatia",191,"2040-2044","EU","Female","65+","e4","Low",1450,0,0
"Medium","Croatia",191,"2040-2044","EU","Female","65+","e5","Middle",7632,0,0
"Medium","Croatia",191,"2040-2044","EU","Female","65+","e6","High",3286,0,0
"Medium","Croatia",191,"2040-2044","EU","Male","0-19","e4","Low",87,0,0
"Medium","Croatia",191,"2040-2044","EU","Male","0-19","e5","Middle",43,0,0
"Medium","Croatia",191,"2040-2044","EU","Male","0-19","e6","High",0,0,0
"Medium","Croatia",191,"2040-2044","EU","Male","20-39","e4","Low",182,0,0
"Medium","Croatia",191,"2040-2044","EU","Male","20-39","e5","Middle",1290,0,0
"Medium","Croatia",191,"2040-2044","EU","Male","20-39","e6","High",912,0,0
"Medium","Croatia",191,"2040-2044","EU","Male","40-64","e4","Low",903,0,0
"Medium","Croatia",191,"2040-2044","EU","Male","40-64","e5","Middle",5706,0,0
"Medium","Croatia",191,"2040-2044","EU","Male","40-64","e6","High",2712,0,0
"Medium","Croatia",191,"2040-2044","EU","Male","65+","e4","Low",759,0,0
"Medium","Croatia",191,"2040-2044","EU","Male","65+","e5","Middle",6056,0,0
"Medium","Croatia",191,"2040-2044","EU","Male","65+","e6","High",2194,0,0
"Medium","Croatia",191,"2040-2044","NAT","Female","0-19","e4","Low",68191,0,0
"Medium","Croatia",191,"2040-2044","NAT","Female","0-19","e5","Middle",115298,0,0
"Medium","Croatia",191,"2040-2044","NAT","Female","0-19","e6","High",125007,0,0
"Medium","Croatia",191,"2040-2044","NAT","Female","20-39","e4","Low",3813,0,0
"Medium","Croatia",191,"2040-2044","NAT","Female","20-39","e5","Middle",139522,0,0
"Medium","Croatia",191,"2040-2044","NAT","Female","20-39","e6","High",226648,0,0
"Medium","Croatia",191,"2040-2044","NAT","Female","40-64","e4","Low",21143,0,0
"Medium","Croatia",191,"2040-2044","NAT","Female","40-64","e5","Middle",248738,0,0
"Medium","Croatia",191,"2040-2044","NAT","Female","40-64","e6","High",277835,0,0
"Medium","Croatia",191,"2040-2044","NAT","Female","65+","e4","Low",95531,0,0
"Medium","Croatia",191,"2040-2044","NAT","Female","65+","e5","Middle",267958,0,0
"Medium","Croatia",191,"2040-2044","NAT","Female","65+","e6","High",112208,0,0
"Medium","Croatia",191,"2040-2044","NAT","Male","0-19","e4","Low",70318,0,0
"Medium","Croatia",191,"2040-2044","NAT","Male","0-19","e5","Middle",123839,0,0
"Medium","Croatia",191,"2040-2044","NAT","Male","0-19","e6","High",132466,0,0
"Medium","Croatia",191,"2040-2044","NAT","Male","20-39","e4","Low",7753,0,0
"Medium","Croatia",191,"2040-2044","NAT","Male","20-39","e5","Middle",229043,0,0
"Medium","Croatia",191,"2040-2044","NAT","Male","20-39","e6","High",155309,0,0
"Medium","Croatia",191,"2040-2044","NAT","Male","40-64","e4","Low",28360,0,0
"Medium","Croatia",191,"2040-2044","NAT","Male","40-64","e5","Middle",355373,0,0
"Medium","Croatia",191,"2040-2044","NAT","Male","40-64","e6","High",192318,0,0
"Medium","Croatia",191,"2040-2044","NAT","Male","65+","e4","Low",43588,0,0
"Medium","Croatia",191,"2040-2044","NAT","Male","65+","e5","Middle",234307,0,0
"Medium","Croatia",191,"2040-2044","NAT","Male","65+","e6","High",85081,0,0
"Medium","Croatia",191,"2040-2044","NEU","Female","0-19","e4","Low",5068,0,0
"Medium","Croatia",191,"2040-2044","NEU","Female","0-19","e5","Middle",1635,0,0
"Medium","Croatia",191,"2040-2044","NEU","Female","0-19","e6","High",4,0,0
"Medium","Croatia",191,"2040-2044","NEU","Female","20-39","e4","Low",2471,0,0
"Medium","Croatia",191,"2040-2044","NEU","Female","20-39","e5","Middle",0,0,0
"Medium","Croatia",191,"2040-2044","NEU","Female","20-39","e6","High",1595,0,0
"Medium","Croatia",191,"2040-2044","NEU","Female","40-64","e4","Low",11332,0,0
"Medium","Croatia",191,"2040-2044","NEU","Female","40-64","e5","Middle",14050,0,0
"Medium","Croatia",191,"2040-2044","NEU","Female","40-64","e6","High",9486,0,0
"Medium","Croatia",191,"2040-2044","NEU","Female","65+","e4","Low",27518,0,0
"Medium","Croatia",191,"2040-2044","NEU","Female","65+","e5","Middle",44407,0,0
"Medium","Croatia",191,"2040-2044","NEU","Female","65+","e6","High",13818,0,0
"Medium","Croatia",191,"2040-2044","NEU","Male","0-19","e4","Low",5026,0,0
"Medium","Croatia",191,"2040-2044","NEU","Male","0-19","e5","Middle",1456,0,0
"Medium","Croatia",191,"2040-2044","NEU","Male","0-19","e6","High",4,0,0
"Medium","Croatia",191,"2040-2044","NEU","Male","20-39","e4","Low",2553,0,0
"Medium","Croatia",191,"2040-2044","NEU","Male","20-39","e5","Middle",0,0,0
"Medium","Croatia",191,"2040-2044","NEU","Male","20-39","e6","High",1374,0,0
"Medium","Croatia",191,"2040-2044","NEU","Male","40-64","e4","Low",9707,0,0
"Medium","Croatia",191,"2040-2044","NEU","Male","40-64","e5","Middle",13809,0,0
"Medium","Croatia",191,"2040-2044","NEU","Male","40-64","e6","High",5891,0,0
"Medium","Croatia",191,"2040-2044","NEU","Male","65+","e4","Low",8812,0,0
"Medium","Croatia",191,"2040-2044","NEU","Male","65+","e5","Middle",33959,0,0
"Medium","Croatia",191,"2040-2044","NEU","Male","65+","e6","High",11811,0,0
"Medium","Cyprus",196,"2020-2024","EU","Female","0-19","e4","Low",6547,542,121
"Medium","Cyprus",196,"2020-2024","EU","Female","0-19","e5","Middle",1450,361,130
"Medium","Cyprus",196,"2020-2024","EU","Female","0-19","e6","High",23,307,156
"Medium","Cyprus",196,"2020-2024","EU","Female","20-39","e4","Low",2208,174,22
"Medium","Cyprus",196,"2020-2024","EU","Female","20-39","e5","Middle",10532,519,194
"Medium","Cyprus",196,"2020-2024","EU","Female","20-39","e6","High",11424,1589,1085
"Medium","Cyprus",196,"2020-2024","EU","Female","40-64","e4","Low",3251,244,47
"Medium","Cyprus",196,"2020-2024","EU","Female","40-64","e5","Middle",11037,325,158
"Medium","Cyprus",196,"2020-2024","EU","Female","40-64","e6","High",9637,692,401
"Medium","Cyprus",196,"2020-2024","EU","Female","65+","e4","Low",786,92,31
"Medium","Cyprus",196,"2020-2024","EU","Female","65+","e5","Middle",908,60,22
"Medium","Cyprus",196,"2020-2024","EU","Female","65+","e6","High",959,109,35
"Medium","Cyprus",196,"2020-2024","EU","Male","0-19","e4","Low",6803,558,121
"Medium","Cyprus",196,"2020-2024","EU","Male","0-19","e5","Middle",1268,425,166
"Medium","Cyprus",196,"2020-2024","EU","Male","0-19","e6","High",25,152,45
"Medium","Cyprus",196,"2020-2024","EU","Male","20-39","e4","Low",2623,216,41
"Medium","Cyprus",196,"2020-2024","EU","Male","20-39","e5","Middle",11538,605,305
"Medium","Cyprus",196,"2020-2024","EU","Male","20-39","e6","High",10261,1353,875
"Medium","Cyprus",196,"2020-2024","EU","Male","40-64","e4","Low",3664,221,42
"Medium","Cyprus",196,"2020-2024","EU","Male","40-64","e5","Middle",11565,330,177
"Medium","Cyprus",196,"2020-2024","EU","Male","40-64","e6","High",9531,577,336
"Medium","Cyprus",196,"2020-2024","EU","Male","65+","e4","Low",694,53,20
"Medium","Cyprus",196,"2020-2024","EU","Male","65+","e5","Middle",780,47,20
"Medium","Cyprus",196,"2020-2024","EU","Male","65+","e6","High",784,98,44
"Medium","Cyprus",196,"2020-2024","NAT","Female","0-19","e4","Low",98227,179,39
"Medium","Cyprus",196,"2020-2024","NAT","Female","0-19","e5","Middle",11345,130,48
"Medium","Cyprus",196,"2020-2024","NAT","Female","0-19","e6","High",242,118,60
"Medium","Cyprus",196,"2020-2024","NAT","Female","20-39","e4","Low",4054,153,18
"Medium","Cyprus",196,"2020-2024","NAT","Female","20-39","e5","Middle",35303,443,159
"Medium","Cyprus",196,"2020-2024","NAT","Female","20-39","e6","High",85592,1763,1182
"Medium","Cyprus",196,"2020-2024","NAT","Female","40-64","e4","Low",22852,287,57
"Medium","Cyprus",196,"2020-2024","NAT","Female","40-64","e5","Middle",54195,284,136
"Medium","Cyprus",196,"2020-2024","NAT","Female","40-64","e6","High",57991,873,479
"Medium","Cyprus",196,"2020-2024","NAT","Female","65+","e4","Low",52889,110,37
"Medium","Cyprus",196,"2020-2024","NAT","Female","65+","e5","Middle",18507,78,28
"Medium","Cyprus",196,"2020-2024","NAT","Female","65+","e6","High",10089,166,54
"Medium","Cyprus",196,"2020-2024","NAT","Male","0-19","e4","Low",103633,190,41
"Medium","Cyprus",196,"2020-2024","NAT","Male","0-19","e5","Middle",11840,138,54
"Medium","Cyprus",196,"2020-2024","NAT","Male","0-19","e6","High",135,65,19
"Medium","Cyprus",196,"2020-2024","NAT","Male","20-39","e4","Low",8048,187,35
"Medium","Cyprus",196,"2020-2024","NAT","Male","20-39","e5","Middle",64043,413,214
"Medium","Cyprus",196,"2020-2024","NAT","Male","20-39","e6","High",73592,1443,957
"Medium","Cyprus",196,"2020-2024","NAT","Male","40-64","e4","Low",23251,257,51
"Medium","Cyprus",196,"2020-2024","NAT","Male","40-64","e5","Middle",64481,251,131
"Medium","Cyprus",196,"2020-2024","NAT","Male","40-64","e6","High",54908,739,418
"Medium","Cyprus",196,"2020-2024","NAT","Male","65+","e4","Low",34334,86,32
"Medium","Cyprus",196,"2020-2024","NAT","Male","65+","e5","Middle",19235,67,28
"Medium","Cyprus",196,"2020-2024","NAT","Male","65+","e6","High",15086,159,72
"Medium","Cyprus",196,"2020-2024","NEU","Female","0-19","e4","Low",8277,2502,507
"Medium","Cyprus",196,"2020-2024","NEU","Female","0-19","e5","Middle",1116,876,321
"Medium","Cyprus",196,"2020-2024","NEU","Female","0-19","e6","High",43,603,306
"Medium","Cyprus",196,"2020-2024","NEU","Female","20-39","e4","Low",8498,1182,138
"Medium","Cyprus",196,"2020-2024","NEU","Female","20-39","e5","Middle",15017,1243,452
"Medium","Cyprus",196,"2020-2024","NEU","Female","20-39","e6","High",17697,2105,1417
"Medium","Cyprus",196,"2020-2024","NEU","Female","40-64","e4","Low",8487,644,120
"Medium","Cyprus",196,"2020-2024","NEU","Female","40-64","e5","Middle",17537,396,192
"Medium","Cyprus",196,"2020-2024","NEU","Female","40-64","e6","High",19639,720,416
"Medium","Cyprus",196,"2020-2024","NEU","Female","65+","e4","Low",2316,82,27
"Medium","Cyprus",196,"2020-2024","NEU","Female","65+","e5","Middle",3742,71,25
"Medium","Cyprus",196,"2020-2024","NEU","Female","65+","e6","High",3256,108,35
"Medium","Cyprus",196,"2020-2024","NEU","Male","0-19","e4","Low",9209,2568,520
"Medium","Cyprus",196,"2020-2024","NEU","Male","0-19","e5","Middle",1092,955,376
"Medium","Cyprus",196,"2020-2024","NEU","Male","0-19","e6","High",47,370,109
"Medium","Cyprus",196,"2020-2024","NEU","Male","20-39","e4","Low",9577,1203,211
"Medium","Cyprus",196,"2020-2024","NEU","Male","20-39","e5","Middle",15979,1235,601
"Medium","Cyprus",196,"2020-2024","NEU","Male","20-39","e6","High",15455,2019,1272
"Medium","Cyprus",196,"2020-2024","NEU","Male","40-64","e4","Low",4553,600,110
"Medium","Cyprus",196,"2020-2024","NEU","Male","40-64","e5","Middle",9600,356,192
"Medium","Cyprus",196,"2020-2024","NEU","Male","40-64","e6","High",12169,604,354
"Medium","Cyprus",196,"2020-2024","NEU","Male","65+","e4","Low",1918,55,20
"Medium","Cyprus",196,"2020-2024","NEU","Male","65+","e5","Middle",3165,40,17
"Medium","Cyprus",196,"2020-2024","NEU","Male","65+","e6","High",3220,74,34
"Medium","Cyprus",196,"2025-2029","EU","Female","0-19","e4","Low",4464,300,65
"Medium","Cyprus",196,"2025-2029","EU","Female","0-19","e5","Middle",1099,375,127
"Medium","Cyprus",196,"2025-2029","EU","Female","0-19","e6","High",18,292,144
"Medium","Cyprus",196,"2025-2029","EU","Female","20-39","e4","Low",1792,103,10
"Medium","Cyprus",196,"2025-2029","EU","Female","20-39","e5","Middle",8676,440,142
"Medium","Cyprus",196,"2025-2029","EU","Female","20-39","e6","High",9863,1537,943
"Medium","Cyprus",196,"2025-2029","EU","Female","40-64","e4","Low",3702,199,36
"Medium","Cyprus",196,"2025-2029","EU","Female","40-64","e5","Middle",13308,308,156
"Medium","Cyprus",196,"2025-2029","EU","Female","40-64","e6","High",13213,782,514
"Medium","Cyprus",196,"2025-2029","EU","Female","65+","e4","Low",1169,75,22
"Medium","Cyprus",196,"2025-2029","EU","Female","65+","e5","Middle",1686,73,29
"Medium","Cyprus",196,"2025-2029","EU","Female","65+","e6","High",1701,128,53
"Medium","Cyprus",196,"2025-2029","EU","Male","0-19","e4","Low",4834,308,64
"Medium","Cyprus",196,"2025-2029","EU","Male","0-19","e5","Middle",1086,435,162
"Medium","Cyprus",196,"2025-2029","EU","Male","0-19","e6","High",22,141,40
"Medium","Cyprus",196,"2025-2029","EU","Male","20-39","e4","Low",2108,133,21
"Medium","Cyprus",196,"2025-2029","EU","Male","20-39","e5","Middle",9175,529,230
"Medium","Cyprus",196,"2025-2029","EU","Male","20-39","e6","High",8506,1286,738
"Medium","Cyprus",196,"2025-2029","EU","Male","40-64","e4","Low",4243,194,37
"Medium","Cyprus",196,"2025-2029","EU","Male","40-64","e5","Middle",14274,319,184
"Medium","Cyprus",196,"2025-2029","EU","Male","40-64","e6","High",12802,616,409
"Medium","Cyprus",196,"2025-2029","EU","Male","65+","e4","Low",1050,43,14
"Medium","Cyprus",196,"2025-2029","EU","Male","65+","e5","Middle",1504,59,28
"Medium","Cyprus",196,"2025-2029","EU","Male","65+","e6","High",1467,110,56
"Medium","Cyprus",196,"2025-2029","NAT","Female","0-19","e4","Low",75255,131,30
"Medium","Cyprus",196,"2025-2029","NAT","Female","0-19","e5","Middle",20178,154,56
"Medium","Cyprus",196,"2025-2029","NAT","Female","0-19","e6","High",19092,145,73
"Medium","Cyprus",196,"2025-2029","NAT","Female","20-39","e4","Low",2981,114,12
"Medium","Cyprus",196,"2025-2029","NAT","Female","20-39","e5","Middle",29743,389,134
"Medium","Cyprus",196,"2025-2029","NAT","Female","20-39","e6","High",86691,1572,1038
"Medium","Cyprus",196,"2025-2029","NAT","Female","40-64","e4","Low",15280,201,38
"Medium","Cyprus",196,"2025-2029","NAT","Female","40-64","e5","Middle",50320,242,122
"Medium","Cyprus",196,"2025-2029","NAT","Female","40-64","e6","High",74538,877,546
"Medium","Cyprus",196,"2025-2029","NAT","Female","65+","e4","Low",49611,112,34
"Medium","Cyprus",196,"2025-2029","NAT","Female","65+","e5","Middle",26363,90,36
"Medium","Cyprus",196,"2025-2029","NAT","Female","65+","e6","High",16299,214,88
"Medium","Cyprus",196,"2025-2029","NAT","Male","0-19","e4","Low",79604,136,30
"Medium","Cyprus",196,"2025-2029","NAT","Male","0-19","e5","Middle",21206,171,67
"Medium","Cyprus",196,"2025-2029","NAT","Male","0-19","e6","High",20209,87,29
"Medium","Cyprus",196,"2025-2029","NAT","Male","20-39","e4","Low",5937,142,24
"Medium","Cyprus",196,"2025-2029","NAT","Male","20-39","e5","Middle",56047,371,185
"Medium","Cyprus",196,"2025-2029","NAT","Male","20-39","e6","High",72991,1312,847
"Medium","Cyprus",196,"2025-2029","NAT","Male","40-64","e4","Low",18363,190,36
"Medium","Cyprus",196,"2025-2029","NAT","Male","40-64","e5","Middle",65679,224,126
"Medium","Cyprus",196,"2025-2029","NAT","Male","40-64","e6","High",67985,735,469
"Medium","Cyprus",196,"2025-2029","NAT","Male","65+","e4","Low",31379,85,28
"Medium","Cyprus",196,"2025-2029","NAT","Male","65+","e5","Middle",27161,75,36
"Medium","Cyprus",196,"2025-2029","NAT","Male","65+","e6","High",20588,187,95
"Medium","Cyprus",196,"2025-2029","NEU","Female","0-19","e4","Low",7414,2354,413
"Medium","Cyprus",196,"2025-2029","NEU","Female","0-19","e5","Middle",1192,1191,409
"Medium","Cyprus",196,"2025-2029","NEU","Female","0-19","e6","High",42,721,354
"Medium","Cyprus",196,"2025-2029","NEU","Female","20-39","e4","Low",7646,1157,101
"Medium","Cyprus",196,"2025-2029","NEU","Female","20-39","e5","Middle",11345,1403,435
"Medium","Cyprus",196,"2025-2029","NEU","Female","20-39","e6","High",14548,2615,1578
"Medium","Cyprus",196,"2025-2029","NEU","Female","40-64","e4","Low",10806,782,140
"Medium","Cyprus",196,"2025-2029","NEU","Female","40-64","e5","Middle",20312,483,242
"Medium","Cyprus",196,"2025-2029","NEU","Female","40-64","e6","High",24276,938,619
"Medium","Cyprus",196,"2025-2029","NEU","Female","65+","e4","Low",2836,111,33
"Medium","Cyprus",196,"2025-2029","NEU","Female","65+","e5","Middle",5135,95,38
"Medium","Cyprus",196,"2025-2029","NEU","Female","65+","e6","High",4887,147,61
"Medium","Cyprus",196,"2025-2029","NEU","Male","0-19","e4","Low",8076,2404,419
"Medium","Cyprus",196,"2025-2029","NEU","Male","0-19","e5","Middle",1104,1288,478
"Medium","Cyprus",196,"2025-2029","NEU","Male","0-19","e6","High",43,434,124
"Medium","Cyprus",196,"2025-2029","NEU","Male","20-39","e4","Low",9144,1185,167
"Medium","Cyprus",196,"2025-2029","NEU","Male","20-39","e5","Middle",13162,1397,585
"Medium","Cyprus",196,"2025-2029","NEU","Male","20-39","e6","High",14079,2503,1391
"Medium","Cyprus",196,"2025-2029","NEU","Male","40-64","e4","Low",7001,732,140
"Medium","Cyprus",196,"2025-2029","NEU","Male","40-64","e5","Middle",11810,443,260
"Medium","Cyprus",196,"2025-2029","NEU","Male","40-64","e6","High",15554,781,526
"Medium","Cyprus",196,"2025-2029","NEU","Male","65+","e4","Low",1990,78,26
"Medium","Cyprus",196,"2025-2029","NEU","Male","65+","e5","Middle",3875,58,28
"Medium","Cyprus",196,"2025-2029","NEU","Male","65+","e6","High",4264,102,52
"Medium","Cyprus",196,"2030-2034","EU","Female","0-19","e4","Low",2546,203,42
"Medium","Cyprus",196,"2030-2034","EU","Female","0-19","e5","Middle",1048,362,121
"Medium","Cyprus",196,"2030-2034","EU","Female","0-19","e6","High",17,255,128
"Medium","Cyprus",196,"2030-2034","EU","Female","20-39","e4","Low",1169,63,5
"Medium","Cyprus",196,"2030-2034","EU","Female","20-39","e5","Middle",6360,377,102
"Medium","Cyprus",196,"2030-2034","EU","Female","20-39","e6","High",8270,1474,816
"Medium","Cyprus",196,"2030-2034","EU","Female","40-64","e4","Low",4113,155,27
"Medium","Cyprus",196,"2030-2034","EU","Female","40-64","e5","Middle",15201,291,145
"Medium","Cyprus",196,"2030-2034","EU","Female","40-64","e6","High",16047,853,597
"Medium","Cyprus",196,"2030-2034","EU","Female","65+","e4","Low",1570,59,16
"Medium","Cyprus",196,"2030-2034","EU","Female","65+","e5","Middle",2959,77,37
"Medium","Cyprus",196,"2030-2034","EU","Female","65+","e6","High",2903,138,66
"Medium","Cyprus",196,"2030-2034","EU","Male","0-19","e4","Low",2826,206,39
"Medium","Cyprus",196,"2030-2034","EU","Male","0-19","e5","Middle",1090,414,154
"Medium","Cyprus",196,"2030-2034","EU","Male","0-19","e6","High",23,122,37
"Medium","Cyprus",196,"2030-2034","EU","Male","20-39","e4","Low",1307,84,10
"Medium","Cyprus",196,"2030-2034","EU","Male","20-39","e5","Middle",6746,468,172
"Medium","Cyprus",196,"2030-2034","EU","Male","20-39","e6","High",6807,1216,609
"Medium","Cyprus",196,"2030-2034","EU","Male","40-64","e4","Low",4798,159,30
"Medium","Cyprus",196,"2030-2034","EU","Male","40-64","e5","Middle",16376,304,182
"Medium","Cyprus",196,"2030-2034","EU","Male","40-64","e6","High",15453,643,473
"Medium","Cyprus",196,"2030-2034","EU","Male","65+","e4","Low",1415,37,10
"Medium","Cyprus",196,"2030-2034","EU","Male","65+","e5","Middle",2758,63,35
"Medium","Cyprus",196,"2030-2034","EU","Male","65+","e6","High",2459,113,61
"Medium","Cyprus",196,"2030-2034","NAT","Female","0-19","e4","Low",50439,57,10
"Medium","Cyprus",196,"2030-2034","NAT","Female","0-19","e5","Middle",27862,175,63
"Medium","Cyprus",196,"2030-2034","NAT","Female","0-19","e6","High",37911,196,104
"Medium","Cyprus",196,"2030-2034","NAT","Female","20-39","e4","Low",2028,78,7
"Medium","Cyprus",196,"2030-2034","NAT","Female","20-39","e5","Middle",25270,322,98
"Medium","Cyprus",196,"2030-2034","NAT","Female","20-39","e6","High",85667,1451,879
"Medium","Cyprus",196,"2030-2034","NAT","Female","40-64","e4","Low",10623,133,23
"Medium","Cyprus",196,"2030-2034","NAT","Female","40-64","e5","Middle",43468,208,105
"Medium","Cyprus",196,"2030-2034","NAT","Female","40-64","e6","High",91818,897,615
"Medium","Cyprus",196,"2030-2034","NAT","Female","65+","e4","Low",43526,105,28
"Medium","Cyprus",196,"2030-2034","NAT","Female","65+","e5","Middle",35832,106,50
"Medium","Cyprus",196,"2030-2034","NAT","Female","65+","e6","High",23494,267,127
"Medium","Cyprus",196,"2030-2034","NAT","Male","0-19","e4","Low",53570,62,10
"Medium","Cyprus",196,"2030-2034","NAT","Male","0-19","e5","Middle",29519,199,80
"Medium","Cyprus",196,"2030-2034","NAT","Male","0-19","e6","High",40248,116,46
"Medium","Cyprus",196,"2030-2034","NAT","Male","20-39","e4","Low",4119,97,14
"Medium","Cyprus",196,"2030-2034","NAT","Male","20-39","e5","Middle",47519,320,137
"Medium","Cyprus",196,"2030-2034","NAT","Male","20-39","e6","High",69404,1195,683
"Medium","Cyprus",196,"2030-2034","NAT","Male","40-64","e4","Low",15531,140,26
"Medium","Cyprus",196,"2030-2034","NAT","Male","40-64","e5","Middle",66210,207,124
"Medium","Cyprus",196,"2030-2034","NAT","Male","40-64","e6","High",83252,759,551
"Medium","Cyprus",196,"2030-2034","NAT","Male","65+","e4","Low",27006,79,21
"Medium","Cyprus",196,"2030-2034","NAT","Male","65+","e5","Middle",36142,85,47
"Medium","Cyprus",196,"2030-2034","NAT","Male","65+","e6","High",26158,220,118
"Medium","Cyprus",196,"2030-2034","NEU","Female","0-19","e4","Low",5775,2046,253
"Medium","Cyprus",196,"2030-2034","NEU","Female","0-19","e5","Middle",1694,1504,504
"Medium","Cyprus",196,"2030-2034","NEU","Female","0-19","e6","High",57,837,420
"Medium","Cyprus",196,"2030-2034","NEU","Female","20-39","e4","Low",6349,1106,73
"Medium","Cyprus",196,"2030-2034","NEU","Female","20-39","e5","Middle",9062,1585,415
"Medium","Cyprus",196,"2030-2034","NEU","Female","20-39","e6","High",11846,3157,1733
"Medium","Cyprus",196,"2030-2034","NEU","Female","40-64","e4","Low",12977,883,145
"Medium","Cyprus",196,"2030-2034","NEU","Female","40-64","e5","Middle",22105,574,280
"Medium","Cyprus",196,"2030-2034","NEU","Female","40-64","e6","High",27712,1174,830
"Medium","Cyprus",196,"2030-2034","NEU","Female","65+","e4","Low",3747,141,36
"Medium","Cyprus",196,"2030-2034","NEU","Female","65+","e5","Middle",7155,110,53
"Medium","Cyprus",196,"2030-2034","NEU","Female","65+","e6","High",7276,181,86
"Medium","Cyprus",196,"2030-2034","NEU","Male","0-19","e4","Low",6308,2070,247
"Medium","Cyprus",196,"2030-2034","NEU","Male","0-19","e5","Middle",1535,1627,598
"Medium","Cyprus",196,"2030-2034","NEU","Male","0-19","e6","High",55,502,151
"Medium","Cyprus",196,"2030-2034","NEU","Male","20-39","e4","Low",7992,1136,127
"Medium","Cyprus",196,"2030-2034","NEU","Male","20-39","e5","Middle",10544,1575,562
"Medium","Cyprus",196,"2030-2034","NEU","Male","20-39","e6","High",11534,3010,1483
"Medium","Cyprus",196,"2030-2034","NEU","Male","40-64","e4","Low",10100,825,159
"Medium","Cyprus",196,"2030-2034","NEU","Male","40-64","e5","Middle",14876,532,327
"Medium","Cyprus",196,"2030-2034","NEU","Male","40-64","e6","High",19469,961,721
"Medium","Cyprus",196,"2030-2034","NEU","Male","65+","e4","Low",2132,107,28
"Medium","Cyprus",196,"2030-2034","NEU","Male","65+","e5","Middle",4750,74,40
"Medium","Cyprus",196,"2030-2034","NEU","Male","65+","e6","High",5479,129,69
"Medium","Cyprus",196,"2035-2039","EU","Female","0-19","e4","Low",890,146,29
"Medium","Cyprus",196,"2035-2039","EU","Female","0-19","e5","Middle",928,313,101
"Medium","Cyprus",196,"2035-2039","EU","Female","0-19","e6","High",14,244,125
"Medium","Cyprus",196,"2035-2039","EU","Female","20-39","e4","Low",902,39,2
"Medium","Cyprus",196,"2035-2039","EU","Female","20-39","e5","Middle",5308,325,78
"Medium","Cyprus",196,"2035-2039","EU","Female","20-39","e6","High",7596,1422,757
"Medium","Cyprus",196,"2035-2039","EU","Female","40-64","e4","Low",3799,113,18
"Medium","Cyprus",196,"2035-2039","EU","Female","40-64","e5","Middle",14547,255,118
"Medium","Cyprus",196,"2035-2039","EU","Female","40-64","e6","High",17055,828,581
"Medium","Cyprus",196,"2035-2039","EU","Female","65+","e4","Low",2220,51,12
"Medium","Cyprus",196,"2035-2039","EU","Female","65+","e5","Middle",5355,83,46
"Medium","Cyprus",196,"2035-2039","EU","Female","65+","e6","High",4675,159,85
"Medium","Cyprus",196,"2035-2039","EU","Male","0-19","e4","Low",1000,148,27
"Medium","Cyprus",196,"2035-2039","EU","Male","0-19","e5","Middle",1005,363,134
"Medium","Cyprus",196,"2035-2039","EU","Male","0-19","e6","High",20,113,35
"Medium","Cyprus",196,"2035-2039","EU","Male","20-39","e4","Low",1063,54,5
"Medium","Cyprus",196,"2035-2039","EU","Male","20-39","e5","Middle",5820,411,138
"Medium","Cyprus",196,"2035-2039","EU","Male","20-39","e6","High",6345,1158,552
"Medium","Cyprus",196,"2035-2039","EU","Male","40-64","e4","Low",4449,120,23
"Medium","Cyprus",196,"2035-2039","EU","Male","40-64","e5","Middle",15777,269,157
"Medium","Cyprus",196,"2035-2039","EU","Male","40-64","e6","High",16080,603,453
"Medium","Cyprus",196,"2035-2039","EU","Male","65+","e4","Low",1977,36,8
"Medium","Cyprus",196,"2035-2039","EU","Male","65+","e5","Middle",4951,69,41
"Medium","Cyprus",196,"2035-2039","EU","Male","65+","e6","High",3991,124,70
"Medium","Cyprus",196,"2035-2039","NAT","Female","0-19","e4","Low",23493,46,8
"Medium","Cyprus",196,"2035-2039","NAT","Female","0-19","e5","Middle",34017,128,46
"Medium","Cyprus",196,"2035-2039","NAT","Female","0-19","e6","High",56576,157,84
"Medium","Cyprus",196,"2035-2039","NAT","Female","20-39","e4","Low",1318,43,3
"Medium","Cyprus",196,"2035-2039","NAT","Female","20-39","e5","Middle",23526,246,62
"Medium","Cyprus",196,"2035-2039","NAT","Female","20-39","e6","High",85113,1301,710
"Medium","Cyprus",196,"2035-2039","NAT","Female","40-64","e4","Low",7952,103,15
"Medium","Cyprus",196,"2035-2039","NAT","Female","40-64","e5","Middle",35142,217,97
"Medium","Cyprus",196,"2035-2039","NAT","Female","40-64","e6","High",108302,1062,740
"Medium","Cyprus",196,"2035-2039","NAT","Female","65+","e4","Low",35972,84,20
"Medium","Cyprus",196,"2035-2039","NAT","Female","65+","e5","Middle",43579,106,58
"Medium","Cyprus",196,"2035-2039","NAT","Female","65+","e6","High",31693,292,153
"Medium","Cyprus",196,"2035-2039","NAT","Male","0-19","e4","Low",25052,48,8
"Medium","Cyprus",196,"2035-2039","NAT","Male","0-19","e5","Middle",36175,146,59
"Medium","Cyprus",196,"2035-2039","NAT","Male","0-19","e6","High",60128,98,38
"Medium","Cyprus",196,"2035-2039","NAT","Male","20-39","e4","Low",2976,52,5
"Medium","Cyprus",196,"2035-2039","NAT","Male","20-39","e5","Middle",43492,262,89
"Medium","Cyprus",196,"2035-2039","NAT","Male","20-39","e6","High",67898,1040,507
"Medium","Cyprus",196,"2035-2039","NAT","Male","40-64","e4","Low",13192,122,22
"Medium","Cyprus",196,"2035-2039","NAT","Male","40-64","e5","Middle",63778,234,135
"Medium","Cyprus",196,"2035-2039","NAT","Male","40-64","e6","High",96949,903,676
"Medium","Cyprus",196,"2035-2039","NAT","Male","65+","e4","Low",22474,66,14
"Medium","Cyprus",196,"2035-2039","NAT","Male","65+","e5","Middle",43100,85,50
"Medium","Cyprus",196,"2035-2039","NAT","Male","65+","e6","High",31955,236,131
"Medium","Cyprus",196,"2035-2039","NEU","Female","0-19","e4","Low",3557,2003,233
"Medium","Cyprus",196,"2035-2039","NEU","Female","0-19","e5","Middle",2010,1614,515
"Medium","Cyprus",196,"2035-2039","NEU","Female","0-19","e6","High",57,916,471
"Medium","Cyprus",196,"2035-2039","NEU","Female","20-39","e4","Low",5659,1065,55
"Medium","Cyprus",196,"2035-2039","NEU","Female","20-39","e5","Middle",8332,1794,419
"Medium","Cyprus",196,"2035-2039","NEU","Female","20-39","e6","High",10596,3823,2016
"Medium","Cyprus",196,"2035-2039","NEU","Female","40-64","e4","Low",14215,920,136
"Medium","Cyprus",196,"2035-2039","NEU","Female","40-64","e5","Middle",22012,647,291
"Medium","Cyprus",196,"2035-2039","NEU","Female","40-64","e6","High",29298,1346,948
"Medium","Cyprus",196,"2035-2039","NEU","Female","65+","e4","Low",5272,182,42
"Medium","Cyprus",196,"2035-2039","NEU","Female","65+","e5","Middle",9874,115,63
"Medium","Cyprus",196,"2035-2039","NEU","Female","65+","e6","High",10428,212,112
"Medium","Cyprus",196,"2035-2039","NEU","Male","0-19","e4","Low",3930,2018,227
"Medium","Cyprus",196,"2035-2039","NEU","Male","0-19","e5","Middle",1786,1748,627
"Medium","Cyprus",196,"2035-2039","NEU","Male","0-19","e6","High",51,544,168
"Medium","Cyprus",196,"2035-2039","NEU","Male","20-39","e4","Low",7702,1089,104
"Medium","Cyprus",196,"2035-2039","NEU","Male","20-39","e5","Middle",9186,1783,582
"Medium","Cyprus",196,"2035-2039","NEU","Male","20-39","e6","High",9771,3616,1705
"Medium","Cyprus",196,"2035-2039","NEU","Male","40-64","e4","Low",12600,858,160
"Medium","Cyprus",196,"2035-2039","NEU","Male","40-64","e5","Middle",17162,595,350
"Medium","Cyprus",196,"2035-2039","NEU","Male","40-64","e6","High",22373,1092,828
"Medium","Cyprus",196,"2035-2039","NEU","Male","65+","e4","Low",2573,142,30
"Medium","Cyprus",196,"2035-2039","NEU","Male","65+","e5","Middle",5667,84,49
"Medium","Cyprus",196,"2035-2039","NEU","Male","65+","e6","High",6953,155,87
"Medium","Cyprus",196,"2040-2044","EU","Female","0-19","e4","Low",190,0,0
"Medium","Cyprus",196,"2040-2044","EU","Female","0-19","e5","Middle",211,0,0
"Medium","Cyprus",196,"2040-2044","EU","Female","0-19","e6","High",1,0,0
"Medium","Cyprus",196,"2040-2044","EU","Female","20-39","e4","Low",696,0,0
"Medium","Cyprus",196,"2040-2044","EU","Female","20-39","e5","Middle",4358,0,0
"Medium","Cyprus",196,"2040-2044","EU","Female","20-39","e6","High",6953,0,0
"Medium","Cyprus",196,"2040-2044","EU","Female","40-64","e4","Low",3380,0,0
"Medium","Cyprus",196,"2040-2044","EU","Female","40-64","e5","Middle",13192,0,0
"Medium","Cyprus",196,"2040-2044","EU","Female","40-64","e6","High",17128,0,0
"Medium","Cyprus",196,"2040-2044","EU","Female","65+","e4","Low",2765,0,0
"Medium","Cyprus",196,"2040-2044","EU","Female","65+","e5","Middle",7935,0,0
"Medium","Cyprus",196,"2040-2044","EU","Female","65+","e6","High",7023,0,0
"Medium","Cyprus",196,"2040-2044","EU","Male","0-19","e4","Low",193,0,0
"Medium","Cyprus",196,"2040-2044","EU","Male","0-19","e5","Middle",214,0,0
"Medium","Cyprus",196,"2040-2044","EU","Male","0-19","e6","High",2,0,0
"Medium","Cyprus",196,"2040-2044","EU","Male","20-39","e4","Low",871,0,0
"Medium","Cyprus",196,"2040-2044","EU","Male","20-39","e5","Middle",5055,0,0
"Medium","Cyprus",196,"2040-2044","EU","Male","20-39","e6","High",6025,0,0
"Medium","Cyprus",196,"2040-2044","EU","Male","40-64","e4","Low",4028,0,0
"Medium","Cyprus",196,"2040-2044","EU","Male","40-64","e5","Middle",14328,0,0
"Medium","Cyprus",196,"2040-2044","EU","Male","40-64","e6","High",15689,0,0
"Medium","Cyprus",196,"2040-2044","EU","Male","65+","e4","Low",2392,0,0
"Medium","Cyprus",196,"2040-2044","EU","Male","65+","e5","Middle",7341,0,0
"Medium","Cyprus",196,"2040-2044","EU","Male","65+","e6","High",6097,0,0
"Medium","Cyprus",196,"2040-2044","NAT","Female","0-19","e4","Low",22682,0,0
"Medium","Cyprus",196,"2040-2044","NAT","Female","0-19","e5","Middle",31027,0,0
"Medium","Cyprus",196,"2040-2044","NAT","Female","0-19","e6","High",57127,0,0
"Medium","Cyprus",196,"2040-2044","NAT","Female","20-39","e4","Low",928,0,0
"Medium","Cyprus",196,"2040-2044","NAT","Female","20-39","e5","Middle",22576,0,0
"Medium","Cyprus",196,"2040-2044","NAT","Female","20-39","e6","High",88245,0,0
"Medium","Cyprus",196,"2040-2044","NAT","Female","40-64","e4","Low",6067,0,0
"Medium","Cyprus",196,"2040-2044","NAT","Female","40-64","e5","Middle",28092,0,0
"Medium","Cyprus",196,"2040-2044","NAT","Female","40-64","e6","High",119832,0,0
"Medium","Cyprus",196,"2040-2044","NAT","Female","65+","e4","Low",28398,0,0
"Medium","Cyprus",196,"2040-2044","NAT","Female","65+","e5","Middle",47497,0,0
"Medium","Cyprus",196,"2040-2044","NAT","Female","65+","e6","High",41956,0,0
"Medium","Cyprus",196,"2040-2044","NAT","Male","0-19","e4","Low",24219,0,0
"Medium","Cyprus",196,"2040-2044","NAT","Male","0-19","e5","Middle",33056,0,0
"Medium","Cyprus",196,"2040-2044","NAT","Male","0-19","e6","High",60717,0,0
"Medium","Cyprus",196,"2040-2044","NAT","Male","20-39","e4","Low",2346,0,0
"Medium","Cyprus",196,"2040-2044","NAT","Male","20-39","e5","Middle",42134,0,0
"Medium","Cyprus",196,"2040-2044","NAT","Male","20-39","e6","High",72828,0,0
"Medium","Cyprus",196,"2040-2044","NAT","Male","40-64","e4","Low",11215,0,0
"Medium","Cyprus",196,"2040-2044","NAT","Male","40-64","e5","Middle",59053,0,0
"Medium","Cyprus",196,"2040-2044","NAT","Male","40-64","e6","High",104653,0,0
"Medium","Cyprus",196,"2040-2044","NAT","Male","65+","e4","Low",18159,0,0
"Medium","Cyprus",196,"2040-2044","NAT","Male","65+","e5","Middle",47514,0,0
"Medium","Cyprus",196,"2040-2044","NAT","Male","65+","e6","High",38663,0,0
"Medium","Cyprus",196,"2040-2044","NEU","Female","0-19","e4","Low",2492,0,0
"Medium","Cyprus",196,"2040-2044","NEU","Female","0-19","e5","Middle",1285,0,0
"Medium","Cyprus",196,"2040-2044","NEU","Female","0-19","e6","High",22,0,0
"Medium","Cyprus",196,"2040-2044","NEU","Female","20-39","e4","Low",5830,0,0
"Medium","Cyprus",196,"2040-2044","NEU","Female","20-39","e5","Middle",8405,0,0
"Medium","Cyprus",196,"2040-2044","NEU","Female","20-39","e6","High",11324,0,0
"Medium","Cyprus",196,"2040-2044","NEU","Female","40-64","e4","Low",14304,0,0
"Medium","Cyprus",196,"2040-2044","NEU","Female","40-64","e5","Middle",20299,0,0
"Medium","Cyprus",196,"2040-2044","NEU","Female","40-64","e6","High",28136,0,0
"Medium","Cyprus",196,"2040-2044","NEU","Female","65+","e4","Low",7125,0,0
"Medium","Cyprus",196,"2040-2044","NEU","Female","65+","e5","Middle",13073,0,0
"Medium","Cyprus",196,"2040-2044","NEU","Female","65+","e6","High",14687,0,0
"Medium","Cyprus",196,"2040-2044","NEU","Male","0-19","e4","Low",2646,0,0
"Medium","Cyprus",196,"2040-2044","NEU","Male","0-19","e5","Middle",1183,0,0
"Medium","Cyprus",196,"2040-2044","NEU","Male","0-19","e6","High",19,0,0
"Medium","Cyprus",196,"2040-2044","NEU","Male","20-39","e4","Low",7953,0,0
"Medium","Cyprus",196,"2040-2044","NEU","Male","20-39","e5","Middle",8831,0,0
"Medium","Cyprus",196,"2040-2044","NEU","Male","20-39","e6","High",9528,0,0
"Medium","Cyprus",196,"2040-2044","NEU","Male","40-64","e4","Low",14421,0,0
"Medium","Cyprus",196,"2040-2044","NEU","Male","40-64","e5","Middle",17901,0,0
"Medium","Cyprus",196,"2040-2044","NEU","Male","40-64","e6","High",23546,0,0
"Medium","Cyprus",196,"2040-2044","NEU","Male","65+","e4","Low",3316,0,0
"Medium","Cyprus",196,"2040-2044","NEU","Male","65+","e5","Middle",6834,0,0
"Medium","Cyprus",196,"2040-2044","NEU","Male","65+","e6","High",8784,0,0
"Medium","Czechia",203,"2020-2024","EU","Female","0-19","e4","Low",5799,1080,544
"Medium","Czechia",203,"2020-2024","EU","Female","0-19","e5","Middle",327,729,349
"Medium","Czechia",203,"2020-2024","EU","Female","0-19","e6","High",0,0,0
"Medium","Czechia",203,"2020-2024","EU","Female","20-39","e4","Low",2452,217,28
"Medium","Czechia",203,"2020-2024","EU","Female","20-39","e5","Middle",16035,1350,916
"Medium","Czechia",203,"2020-2024","EU","Female","20-39","e6","High",22064,2063,1433
"Medium","Czechia",203,"2020-2024","EU","Female","40-64","e4","Low",8227,258,72
"Medium","Czechia",203,"2020-2024","EU","Female","40-64","e5","Middle",29484,972,1007
"Medium","Czechia",203,"2020-2024","EU","Female","40-64","e6","High",16290,756,638
"Medium","Czechia",203,"2020-2024","EU","Female","65+","e4","Low",24424,60,58
"Medium","Czechia",203,"2020-2024","EU","Female","65+","e5","Middle",27786,145,200
"Medium","Czechia",203,"2020-2024","EU","Female","65+","e6","High",5034,77,81
"Medium","Czechia",203,"2020-2024","EU","Male","0-19","e4","Low",6065,1189,559
"Medium","Czechia",203,"2020-2024","EU","Male","0-19","e5","Middle",347,860,416
"Medium","Czechia",203,"2020-2024","EU","Male","0-19","e6","High",2,212,73
"Medium","Czechia",203,"2020-2024","EU","Male","20-39","e4","Low",3124,361,47
"Medium","Czechia",203,"2020-2024","EU","Male","20-39","e5","Middle",18844,1910,1281
"Medium","Czechia",203,"2020-2024","EU","Male","20-39","e6","High",18807,2028,1244
"Medium","Czechia",203,"2020-2024","EU","Male","40-64","e4","Low",5949,301,48
"Medium","Czechia",203,"2020-2024","EU","Male","40-64","e5","Middle",36660,1239,1275
"Medium","Czechia",203,"2020-2024","EU","Male","40-64","e6","High",17243,854,673
"Medium","Czechia",203,"2020-2024","EU","Male","65+","e4","Low",6517,38,14
"Medium","Czechia",203,"2020-2024","EU","Male","65+","e5","Middle",22418,133,203
"Medium","Czechia",203,"2020-2024","EU","Male","65+","e6","High",6803,88,94
"Medium","Czechia",203,"2020-2024","NAT","Female","0-19","e4","Low",999403,1124,533
"Medium","Czechia",203,"2020-2024","NAT","Female","0-19","e5","Middle",28193,585,262
"Medium","Czechia",203,"2020-2024","NAT","Female","0-19","e6","High",38,278,154
"Medium","Czechia",203,"2020-2024","NAT","Female","20-39","e4","Low",82284,575,84
"Medium","Czechia",203,"2020-2024","NAT","Female","20-39","e5","Middle",620582,1697,1211
"Medium","Czechia",203,"2020-2024","NAT","Female","20-39","e6","High",433189,3582,2568
"Medium","Czechia",203,"2020-2024","NAT","Female","40-64","e4","Low",122901,893,244
"Medium","Czechia",203,"2020-2024","NAT","Female","40-64","e5","Middle",1220491,1489,1550
"Medium","Czechia",203,"2020-2024","NAT","Female","40-64","e6","High",380036,2190,1872
"Medium","Czechia",203,"2020-2024","NAT","Female","65+","e4","Low",263597,380,384
"Medium","Czechia",203,"2020-2024","NAT","Female","65+","e5","Middle",772021,492,752
"Medium","Czechia",203,"2020-2024","NAT","Female","65+","e6","High",118471,458,519
"Medium","Czechia",203,"2020-2024","NAT","Male","0-19","e4","Low",1050921,1244,555
"Medium","Czechia",203,"2020-2024","NAT","Male","0-19","e5","Middle",30733,665,305
"Medium","Czechia",203,"2020-2024","NAT","Male","0-19","e6","High",15,219,76
"Medium","Czechia",203,"2020-2024","NAT","Male","20-39","e4","Low",111082,633,89
"Medium","Czechia",203,"2020-2024","NAT","Male","20-39","e5","Middle",821378,1718,1182
"Medium","Czechia",203,"2020-2024","NAT","Male","20-39","e6","High",277987,2898,1807
"Medium","Czechia",203,"2020-2024","NAT","Male","40-64","e4","Low",87533,837,136
"Medium","Czechia",203,"2020-2024","NAT","Male","40-64","e5","Middle",1323989,1450,1491
"Medium","Czechia",203,"2020-2024","NAT","Male","40-64","e6","High",342701,1937,1531
"Medium","Czechia",203,"2020-2024","NAT","Male","65+","e4","Low",55584,299,111
"Medium","Czechia",203,"2020-2024","NAT","Male","65+","e5","Middle",637568,421,704
"Medium","Czechia",203,"2020-2024","NAT","Male","65+","e6","High",149646,454,509
"Medium","Czechia",203,"2020-2024","NEU","Female","0-19","e4","Low",13447,6756,2878
"Medium","Czechia",203,"2020-2024","NEU","Female","0-19","e5","Middle",2791,3095,1323
"Medium","Czechia",203,"2020-2024","NEU","Female","0-19","e6","High",5,843,467
"Medium","Czechia",203,"2020-2024","NEU","Female","20-39","e4","Low",4046,2946,370
"Medium","Czechia",203,"2020-2024","NEU","Female","20-39","e5","Middle",26839,5423,3633
"Medium","Czechia",203,"2020-2024","NEU","Female","20-39","e6","High",36614,4892,3396
"Medium","Czechia",203,"2020-2024","NEU","Female","40-64","e4","Low",4963,1736,412
"Medium","Czechia",203,"2020-2024","NEU","Female","40-64","e5","Middle",28406,2833,2919
"Medium","Czechia",203,"2020-2024","NEU","Female","40-64","e6","High",19759,1838,1550
"Medium","Czechia",203,"2020-2024","NEU","Female","65+","e4","Low",2127,153,149
"Medium","Czechia",203,"2020-2024","NEU","Female","65+","e5","Middle",5194,435,598
"Medium","Czechia",203,"2020-2024","NEU","Female","65+","e6","High",3536,229,240
"Medium","Czechia",203,"2020-2024","NEU","Male","0-19","e4","Low",14103,7402,3048
"Medium","Czechia",203,"2020-2024","NEU","Male","0-19","e5","Middle",2803,3381,1446
"Medium","Czechia",203,"2020-2024","NEU","Male","0-19","e6","High",4,791,273
"Medium","Czechia",203,"2020-2024","NEU","Male","20-39","e4","Low",5995,4216,536
"Medium","Czechia",203,"2020-2024","NEU","Male","20-39","e5","Middle",34936,6736,4487
"Medium","Czechia",203,"2020-2024","NEU","Male","20-39","e6","High",33763,5296,3240
"Medium","Czechia",203,"2020-2024","NEU","Male","40-64","e4","Low",5844,2287,360
"Medium","Czechia",203,"2020-2024","NEU","Male","40-64","e5","Middle",32572,2955,3038
"Medium","Czechia",203,"2020-2024","NEU","Male","40-64","e6","High",21874,1916,1512
"Medium","Czechia",203,"2020-2024","NEU","Male","65+","e4","Low",618,133,49
"Medium","Czechia",203,"2020-2024","NEU","Male","65+","e5","Middle",3374,263,402
"Medium","Czechia",203,"2020-2024","NEU","Male","65+","e6","High",3254,177,190
"Medium","Czechia",203,"2025-2029","EU","Female","0-19","e4","Low",4473,595,315
"Medium","Czechia",203,"2025-2029","EU","Female","0-19","e5","Middle",466,743,418
"Medium","Czechia",203,"2025-2029","EU","Female","0-19","e6","High",2,272,174
"Medium","Czechia",203,"2025-2029","EU","Female","20-39","e4","Low",1744,154,16
"Medium","Czechia",203,"2025-2029","EU","Female","20-39","e5","Middle",9481,1188,703
"Medium","Czechia",203,"2025-2029","EU","Female","20-39","e6","High",18186,2045,1324
"Medium","Czechia",203,"2025-2029","EU","Female","40-64","e4","Low",5859,212,44
"Medium","Czechia",203,"2025-2029","EU","Female","40-64","e5","Middle",27845,854,853
"Medium","Czechia",203,"2025-2029","EU","Female","40-64","e6","High",21322,796,685
"Medium","Czechia",203,"2025-2029","EU","Female","65+","e4","Low",20322,78,60
"Medium","Czechia",203,"2025-2029","EU","Female","65+","e5","Middle",28449,206,235
"Medium","Czechia",203,"2025-2029","EU","Female","65+","e6","High",6773,131,130
"Medium","Czechia",203,"2025-2029","EU","Male","0-19","e4","Low",4760,669,320
"Medium","Czechia",203,"2025-2029","EU","Male","0-19","e5","Middle",499,857,486
"Medium","Czechia",203,"2025-2029","EU","Male","0-19","e6","High",3,185,72
"Medium","Czechia",203,"2025-2029","EU","Male","20-39","e4","Low",2440,257,27
"Medium","Czechia",203,"2025-2029","EU","Male","20-39","e5","Middle",12134,1665,982
"Medium","Czechia",203,"2025-2029","EU","Male","20-39","e6","High",15285,1938,1078
"Medium","Czechia",203,"2025-2029","EU","Male","40-64","e4","Low",5361,270,43
"Medium","Czechia",203,"2025-2029","EU","Male","40-64","e5","Middle",35448,1099,1076
"Medium","Czechia",203,"2025-2029","EU","Male","40-64","e6","High",21027,863,678
"Medium","Czechia",203,"2025-2029","EU","Male","65+","e4","Low",5326,54,14
"Medium","Czechia",203,"2025-2029","EU","Male","65+","e5","Middle",22115,194,249
"Medium","Czechia",203,"2025-2029","EU","Male","65+","e6","High",8012,141,145
"Medium","Czechia",203,"2025-2029","NAT","Female","0-19","e4","Low",795562,786,391
"Medium","Czechia",203,"2025-2029","NAT","Female","0-19","e5","Middle",163781,732,392
"Medium","Czechia",203,"2025-2029","NAT","Female","0-19","e6","High",107781,383,245
"Medium","Czechia",203,"2025-2029","NAT","Female","20-39","e4","Low",82292,329,38
"Medium","Czechia",203,"2025-2029","NAT","Female","20-39","e5","Middle",517526,1532,953
"Medium","Czechia",203,"2025-2029","NAT","Female","20-39","e6","High",432485,3218,2120
"Medium","Czechia",203,"2025-2029","NAT","Female","40-64","e4","Low",98530,773,159
"Medium","Czechia",203,"2025-2029","NAT","Female","40-64","e5","Middle",1152138,1657,1654
"Medium","Czechia",203,"2025-2029","NAT","Female","40-64","e6","High",464425,2528,2192
"Medium","Czechia",203,"2025-2029","NAT","Female","65+","e4","Low",231581,290,232
"Medium","Czechia",203,"2025-2029","NAT","Female","65+","e5","Middle",834367,421,489
"Medium","Czechia",203,"2025-2029","NAT","Female","65+","e6","High",154404,430,432
"Medium","Czechia",203,"2025-2029","NAT","Male","0-19","e4","Low",835411,895,416
"Medium","Czechia",203,"2025-2029","NAT","Male","0-19","e5","Middle",172675,825,450
"Medium","Czechia",203,"2025-2029","NAT","Male","0-19","e6","High",113401,294,122
"Medium","Czechia",203,"2025-2029","NAT","Male","20-39","e4","Low",117712,435,48
"Medium","Czechia",203,"2025-2029","NAT","Male","20-39","e5","Middle",715578,1792,1084
"Medium","Czechia",203,"2025-2029","NAT","Male","20-39","e6","High",262785,2874,1618
"Medium","Czechia",203,"2025-2029","NAT","Male","40-64","e4","Low",93786,718,115
"Medium","Czechia",203,"2025-2029","NAT","Male","40-64","e5","Middle",1291339,1660,1629
"Medium","Czechia",203,"2025-2029","NAT","Male","40-64","e6","High",377929,2128,1670
"Medium","Czechia",203,"2025-2029","NAT","Male","65+","e4","Low",47852,214,60
"Medium","Czechia",203,"2025-2029","NAT","Male","65+","e5","Middle",676837,382,504
"Medium","Czechia",203,"2025-2029","NAT","Male","65+","e6","High",174433,404,422
"Medium","Czechia",203,"2025-2029","NEU","Female","0-19","e4","Low",11276,6280,2295
"Medium","Czechia",203,"2025-2029","NEU","Female","0-19","e5","Middle",2807,4050,2069
"Medium","Czechia",203,"2025-2029","NEU","Female","0-19","e6","High",4,980,627
"Medium","Czechia",203,"2025-2029","NEU","Female","20-39","e4","Low",5776,2900,286
"Medium","Czechia",203,"2025-2029","NEU","Female","20-39","e5","Middle",22400,5910,3461
"Medium","Czechia",203,"2025-2029","NEU","Female","20-39","e6","High",35330,5842,3777
"Medium","Czechia",203,"2025-2029","NEU","Female","40-64","e4","Low",7481,2010,401
"Medium","Czechia",203,"2025-2029","NEU","Female","40-64","e5","Middle",32395,2954,2913
"Medium","Czechia",203,"2025-2029","NEU","Female","40-64","e6","High",26590,2137,1837
"Medium","Czechia",203,"2025-2029","NEU","Female","65+","e4","Low",1797,285,214
"Medium","Czechia",203,"2025-2029","NEU","Female","65+","e5","Middle",6285,703,799
"Medium","Czechia",203,"2025-2029","NEU","Female","65+","e6","High",5298,420,419
"Medium","Czechia",203,"2025-2029","NEU","Male","0-19","e4","Low",12021,6882,2433
"Medium","Czechia",203,"2025-2029","NEU","Male","0-19","e5","Middle",2875,4415,2264
"Medium","Czechia",203,"2025-2029","NEU","Male","0-19","e6","High",4,916,358
"Medium","Czechia",203,"2025-2029","NEU","Male","20-39","e4","Low",8345,4041,409
"Medium","Czechia",203,"2025-2029","NEU","Male","20-39","e5","Middle",28766,7167,4211
"Medium","Czechia",203,"2025-2029","NEU","Male","20-39","e6","High",32395,6080,3374
"Medium","Czechia",203,"2025-2029","NEU","Male","40-64","e4","Low",9317,2629,423
"Medium","Czechia",203,"2025-2029","NEU","Male","40-64","e5","Middle",38459,3201,3084
"Medium","Czechia",203,"2025-2029","NEU","Male","40-64","e6","High",28780,2257,1771
"Medium","Czechia",203,"2025-2029","NEU","Male","65+","e4","Low",1115,271,71
"Medium","Czechia",203,"2025-2029","NEU","Male","65+","e5","Middle",4874,451,575
"Medium","Czechia",203,"2025-2029","NEU","Male","65+","e6","High",5063,323,333
"Medium","Czechia",203,"2030-2034","EU","Female","0-19","e4","Low",2777,441,234
"Medium","Czechia",203,"2030-2034","EU","Female","0-19","e5","Middle",501,797,435
"Medium","Czechia",203,"2030-2034","EU","Female","0-19","e6","High",2,260,159
"Medium","Czechia",203,"2030-2034","EU","Female","20-39","e4","Low",1121,110,9
"Medium","Czechia",203,"2030-2034","EU","Female","20-39","e5","Middle",6058,1059,565
"Medium","Czechia",203,"2030-2034","EU","Female","20-39","e6","High",13360,1964,1260
"Medium","Czechia",203,"2030-2034","EU","Female","40-64","e4","Low",4811,167,31
"Medium","Czechia",203,"2030-2034","EU","Female","40-64","e5","Middle",25703,789,734
"Medium","Czechia",203,"2030-2034","EU","Female","40-64","e6","High",26810,891,746
"Medium","Czechia",203,"2030-2034","EU","Female","65+","e4","Low",16464,71,32
"Medium","Czechia",203,"2030-2034","EU","Female","65+","e5","Middle",28121,223,217
"Medium","Czechia",203,"2030-2034","EU","Female","65+","e6","High",8252,163,148
"Medium","Czechia",203,"2030-2034","EU","Male","0-19","e4","Low",2966,502,238
"Medium","Czechia",203,"2030-2034","EU","Male","0-19","e5","Middle",557,904,498
"Medium","Czechia",203,"2030-2034","EU","Male","0-19","e6","High",4,171,63
"Medium","Czechia",203,"2030-2034","EU","Male","20-39","e4","Low",1669,184,15
"Medium","Czechia",203,"2030-2034","EU","Male","20-39","e5","Middle",7922,1490,810
"Medium","Czechia",203,"2030-2034","EU","Male","20-39","e6","High",11032,1811,967
"Medium","Czechia",203,"2030-2034","EU","Male","40-64","e4","Low",5147,226,36
"Medium","Czechia",203,"2030-2034","EU","Male","40-64","e5","Middle",33533,1017,921
"Medium","Czechia",203,"2030-2034","EU","Male","40-64","e6","High",25242,933,702
"Medium","Czechia",203,"2030-2034","EU","Male","65+","e4","Low",4481,53,9
"Medium","Czechia",203,"2030-2034","EU","Male","65+","e5","Middle",22104,211,228
"Medium","Czechia",203,"2030-2034","EU","Male","65+","e6","High",9262,161,152
"Medium","Czechia",203,"2030-2034","NAT","Female","0-19","e4","Low",552707,360,199
"Medium","Czechia",203,"2030-2034","NAT","Female","0-19","e5","Middle",265410,705,384
"Medium","Czechia",203,"2030-2034","NAT","Female","0-19","e6","High",213658,418,256
"Medium","Czechia",203,"2030-2034","NAT","Female","20-39","e4","Low",87773,211,18
"Medium","Czechia",203,"2030-2034","NAT","Female","20-39","e5","Middle",464045,1405,761
"Medium","Czechia",203,"2030-2034","NAT","Female","20-39","e6","High",442774,3193,2051
"Medium","Czechia",203,"2030-2034","NAT","Female","40-64","e4","Low",92661,604,111
"Medium","Czechia",203,"2030-2034","NAT","Female","40-64","e5","Middle",1069762,1784,1650
"Medium","Czechia",203,"2030-2034","NAT","Female","40-64","e6","High",549191,2727,2307
"Medium","Czechia",203,"2030-2034","NAT","Female","65+","e4","Low",195815,248,115
"Medium","Czechia",203,"2030-2034","NAT","Female","65+","e5","Middle",885472,464,454
"Medium","Czechia",203,"2030-2034","NAT","Female","65+","e6","High",193693,479,437
"Medium","Czechia",203,"2030-2034","NAT","Male","0-19","e4","Low",581096,436,212
"Medium","Czechia",203,"2030-2034","NAT","Male","0-19","e5","Middle",279108,811,450
"Medium","Czechia",203,"2030-2034","NAT","Male","0-19","e6","High",225034,329,139
"Medium","Czechia",203,"2030-2034","NAT","Male","20-39","e4","Low",133990,341,28
"Medium","Czechia",203,"2030-2034","NAT","Male","20-39","e5","Middle",660357,1819,996
"Medium","Czechia",203,"2030-2034","NAT","Male","20-39","e6","High",257614,3040,1624
"Medium","Czechia",203,"2030-2034","NAT","Male","40-64","e4","Low",103273,562,90
"Medium","Czechia",203,"2030-2034","NAT","Male","40-64","e5","Middle",1253349,1809,1646
"Medium","Czechia",203,"2030-2034","NAT","Male","40-64","e6","High",409944,2218,1687
"Medium","Czechia",203,"2030-2034","NAT","Male","65+","e4","Low",42783,170,31
"Medium","Czechia",203,"2030-2034","NAT","Male","65+","e5","Middle",713878,425,462
"Medium","Czechia",203,"2030-2034","NAT","Male","65+","e6","High",200374,432,409
"Medium","Czechia",203,"2030-2034","NEU","Female","0-19","e4","Low",9339,5406,1511
"Medium","Czechia",203,"2030-2034","NEU","Female","0-19","e5","Middle",3742,5095,2591
"Medium","Czechia",203,"2030-2034","NEU","Female","0-19","e6","High",6,1170,714
"Medium","Czechia",203,"2030-2034","NEU","Female","20-39","e4","Low",4956,2731,210
"Medium","Czechia",203,"2030-2034","NEU","Female","20-39","e5","Middle",19806,6417,3403
"Medium","Czechia",203,"2030-2034","NEU","Female","20-39","e6","High",32987,6688,4307
"Medium","Czechia",203,"2030-2034","NEU","Female","40-64","e4","Low",10341,2257,401
"Medium","Czechia",203,"2030-2034","NEU","Female","40-64","e5","Middle",34533,3148,2831
"Medium","Czechia",203,"2030-2034","NEU","Female","40-64","e6","High",35213,2574,2152
"Medium","Czechia",203,"2030-2034","NEU","Female","65+","e4","Low",2297,401,170
"Medium","Czechia",203,"2030-2034","NEU","Female","65+","e5","Middle",8761,839,817
"Medium","Czechia",203,"2030-2034","NEU","Female","65+","e6","High",7621,541,491
"Medium","Czechia",203,"2030-2034","NEU","Male","0-19","e4","Low",10047,5930,1604
"Medium","Czechia",203,"2030-2034","NEU","Male","0-19","e5","Middle",3821,5520,2837
"Medium","Czechia",203,"2030-2034","NEU","Male","0-19","e6","High",5,1078,394
"Medium","Czechia",203,"2030-2034","NEU","Male","20-39","e4","Low",7283,3745,292
"Medium","Czechia",203,"2030-2034","NEU","Male","20-39","e5","Middle",25564,7646,4156
"Medium","Czechia",203,"2030-2034","NEU","Male","20-39","e6","High",29927,6786,3648
"Medium","Czechia",203,"2030-2034","NEU","Male","40-64","e4","Low",13289,2910,463
"Medium","Czechia",203,"2030-2034","NEU","Male","40-64","e5","Middle",42096,3534,3061
"Medium","Czechia",203,"2030-2034","NEU","Male","40-64","e6","High",37000,2711,2029
"Medium","Czechia",203,"2030-2034","NEU","Male","65+","e4","Low",2207,400,69
"Medium","Czechia",203,"2030-2034","NEU","Male","65+","e5","Middle",7987,562,603
"Medium","Czechia",203,"2030-2034","NEU","Male","65+","e6","High",7682,419,392
"Medium","Czechia",203,"2035-2039","EU","Female","0-19","e4","Low",1123,346,180
"Medium","Czechia",203,"2035-2039","EU","Female","0-19","e5","Middle",412,731,374
"Medium","Czechia",203,"2035-2039","EU","Female","0-19","e6","High",1,259,161
"Medium","Czechia",203,"2035-2039","EU","Female","20-39","e4","Low",626,70,4
"Medium","Czechia",203,"2035-2039","EU","Female","20-39","e5","Middle",3933,930,445
"Medium","Czechia",203,"2035-2039","EU","Female","20-39","e6","High",9187,1866,1166
"Medium","Czechia",203,"2035-2039","EU","Female","40-64","e4","Low",4192,135,23
"Medium","Czechia",203,"2035-2039","EU","Female","40-64","e5","Middle",23304,745,616
"Medium","Czechia",203,"2035-2039","EU","Female","40-64","e6","High",31305,984,789
"Medium","Czechia",203,"2035-2039","EU","Female","65+","e4","Low",12979,59,15
"Medium","Czechia",203,"2035-2039","EU","Female","65+","e5","Middle",26887,227,222
"Medium","Czechia",203,"2035-2039","EU","Female","65+","e6","High",9955,191,157
"Medium","Czechia",203,"2035-2039","EU","Male","0-19","e4","Low",1161,395,185
"Medium","Czechia",203,"2035-2039","EU","Male","0-19","e5","Middle",430,836,439
"Medium","Czechia",203,"2035-2039","EU","Male","0-19","e6","High",2,172,64
"Medium","Czechia",203,"2035-2039","EU","Male","20-39","e4","Low",1117,121,7
"Medium","Czechia",203,"2035-2039","EU","Male","20-39","e5","Middle",5296,1329,665
"Medium","Czechia",203,"2035-2039","EU","Male","20-39","e6","High",8087,1683,854
"Medium","Czechia",203,"2035-2039","EU","Male","40-64","e4","Low",4907,188,29
"Medium","Czechia",203,"2035-2039","EU","Male","40-64","e5","Middle",29901,960,779
"Medium","Czechia",203,"2035-2039","EU","Male","40-64","e6","High",28114,984,705
"Medium","Czechia",203,"2035-2039","EU","Male","65+","e4","Low",3746,50,7
"Medium","Czechia",203,"2035-2039","EU","Male","65+","e5","Middle",22683,216,224
"Medium","Czechia",203,"2035-2039","EU","Male","65+","e6","High",10622,177,153
"Medium","Czechia",203,"2035-2039","NAT","Female","0-19","e4","Low",310126,260,137
"Medium","Czechia",203,"2035-2039","NAT","Female","0-19","e5","Middle",348742,537,274
"Medium","Czechia",203,"2035-2039","NAT","Female","0-19","e6","High",317481,329,201
"Medium","Czechia",203,"2035-2039","NAT","Female","20-39","e4","Low",89221,140,9
"Medium","Czechia",203,"2035-2039","NAT","Female","20-39","e5","Middle",412081,1331,636
"Medium","Czechia",203,"2035-2039","NAT","Female","20-39","e6","High",477126,3263,2027
"Medium","Czechia",203,"2035-2039","NAT","Female","40-64","e4","Low",97077,451,79
"Medium","Czechia",203,"2035-2039","NAT","Female","40-64","e5","Middle",946038,1768,1483
"Medium","Czechia",203,"2035-2039","NAT","Female","40-64","e6","High",634050,2765,2265
"Medium","Czechia",203,"2035-2039","NAT","Female","65+","e4","Low",159919,204,53
"Medium","Czechia",203,"2035-2039","NAT","Female","65+","e5","Middle",930394,519,507
"Medium","Czechia",203,"2035-2039","NAT","Female","65+","e6","High",232770,557,461
"Medium","Czechia",203,"2035-2039","NAT","Male","0-19","e4","Low",327198,311,146
"Medium","Czechia",203,"2035-2039","NAT","Male","0-19","e5","Middle",366320,613,324
"Medium","Czechia",203,"2035-2039","NAT","Male","0-19","e6","High",334710,258,107
"Medium","Czechia",203,"2035-2039","NAT","Male","20-39","e4","Low",151538,258,16
"Medium","Czechia",203,"2035-2039","NAT","Male","20-39","e5","Middle",610772,1825,910
"Medium","Czechia",203,"2035-2039","NAT","Male","20-39","e6","High",267330,3211,1621
"Medium","Czechia",203,"2035-2039","NAT","Male","40-64","e4","Low",115956,440,69
"Medium","Czechia",203,"2035-2039","NAT","Male","40-64","e5","Middle",1178530,1840,1522
"Medium","Czechia",203,"2035-2039","NAT","Male","40-64","e6","High",441591,2227,1629
"Medium","Czechia",203,"2035-2039","NAT","Male","65+","e4","Low",38586,142,19
"Medium","Czechia",203,"2035-2039","NAT","Male","65+","e5","Middle",751820,474,492
"Medium","Czechia",203,"2035-2039","NAT","Male","65+","e6","High",221326,491,424
"Medium","Czechia",203,"2035-2039","NEU","Female","0-19","e4","Low",6916,5344,1454
"Medium","Czechia",203,"2035-2039","NEU","Female","0-19","e5","Middle",3804,5404,2610
"Medium","Czechia",203,"2035-2039","NEU","Female","0-19","e6","High",5,1306,814
"Medium","Czechia",203,"2035-2039","NEU","Female","20-39","e4","Low",4508,2589,154
"Medium","Czechia",203,"2035-2039","NEU","Female","20-39","e5","Middle",17076,6976,3334
"Medium","Czechia",203,"2035-2039","NEU","Female","20-39","e6","High",30005,7678,4847
"Medium","Czechia",203,"2035-2039","NEU","Female","40-64","e4","Low",12384,2374,388
"Medium","Czechia",203,"2035-2039","NEU","Female","40-64","e5","Middle",36713,3497,2747
"Medium","Czechia",203,"2035-2039","NEU","Female","40-64","e6","High",45000,3151,2511
"Medium","Czechia",203,"2035-2039","NEU","Female","65+","e4","Low",3779,531,132
"Medium","Czechia",203,"2035-2039","NEU","Female","65+","e5","Middle",12953,844,823
"Medium","Czechia",203,"2035-2039","NEU","Female","65+","e6","High",10747,600,498
"Medium","Czechia",203,"2035-2039","NEU","Male","0-19","e4","Low",7479,5831,1546
"Medium","Czechia",203,"2035-2039","NEU","Male","0-19","e5","Middle",3913,5860,2889
"Medium","Czechia",203,"2035-2039","NEU","Male","0-19","e6","High",5,1184,440
"Medium","Czechia",203,"2035-2039","NEU","Male","20-39","e4","Low",6691,3520,211
"Medium","Czechia",203,"2035-2039","NEU","Male","20-39","e5","Middle",22321,8272,4168
"Medium","Czechia",203,"2035-2039","NEU","Male","20-39","e6","High",27366,7643,3931
"Medium","Czechia",203,"2035-2039","NEU","Male","40-64","e4","Low",16311,3011,456
"Medium","Czechia",203,"2035-2039","NEU","Male","40-64","e5","Middle",45621,3937,3004
"Medium","Czechia",203,"2035-2039","NEU","Male","40-64","e6","High",45791,3276,2313
"Medium","Czechia",203,"2035-2039","NEU","Male","65+","e4","Low",3756,525,71
"Medium","Czechia",203,"2035-2039","NEU","Male","65+","e5","Middle",12757,598,621
"Medium","Czechia",203,"2035-2039","NEU","Male","65+","e6","High",11013,469,405
"Medium","Czechia",203,"2040-2044","EU","Female","0-19","e4","Low",352,0,0
"Medium","Czechia",203,"2040-2044","EU","Female","0-19","e5","Middle",259,0,0
"Medium","Czechia",203,"2040-2044","EU","Female","0-19","e6","High",0,0,0
"Medium","Czechia",203,"2040-2044","EU","Female","20-39","e4","Low",383,0,0
"Medium","Czechia",203,"2040-2044","EU","Female","20-39","e5","Middle",2555,0,0
"Medium","Czechia",203,"2040-2044","EU","Female","20-39","e6","High",7602,0,0
"Medium","Czechia",203,"2040-2044","EU","Female","40-64","e4","Low",3505,0,0
"Medium","Czechia",203,"2040-2044","EU","Female","40-64","e5","Middle",19970,0,0
"Medium","Czechia",203,"2040-2044","EU","Female","40-64","e6","High",32535,0,0
"Medium","Czechia",203,"2040-2044","EU","Female","65+","e4","Low",10022,0,0
"Medium","Czechia",203,"2040-2044","EU","Female","65+","e5","Middle",25386,0,0
"Medium","Czechia",203,"2040-2044","EU","Female","65+","e6","High",12061,0,0
"Medium","Czechia",203,"2040-2044","EU","Male","0-19","e4","Low",390,0,0
"Medium","Czechia",203,"2040-2044","EU","Male","0-19","e5","Middle",272,0,0
"Medium","Czechia",203,"2040-2044","EU","Male","0-19","e6","High",0,0,0
"Medium","Czechia",203,"2040-2044","EU","Male","20-39","e4","Low",812,0,0
"Medium","Czechia",203,"2040-2044","EU","Male","20-39","e5","Middle",3741,0,0
"Medium","Czechia",203,"2040-2044","EU","Male","20-39","e6","High",7345,0,0
"Medium","Czechia",203,"2040-2044","EU","Male","40-64","e4","Low",4341,0,0
"Medium","Czechia",203,"2040-2044","EU","Male","40-64","e5","Middle",25317,0,0
"Medium","Czechia",203,"2040-2044","EU","Male","40-64","e6","High",28306,0,0
"Medium","Czechia",203,"2040-2044","EU","Male","65+","e4","Low",3155,0,0
"Medium","Czechia",203,"2040-2044","EU","Male","65+","e5","Middle",22797,0,0
"Medium","Czechia",203,"2040-2044","EU","Male","65+","e6","High",12231,0,0
"Medium","Czechia",203,"2040-2044","NAT","Female","0-19","e4","Low",303341,0,0
"Medium","Czechia",203,"2040-2044","NAT","Female","0-19","e5","Middle",289009,0,0
"Medium","Czechia",203,"2040-2044","NAT","Female","0-19","e6","High",321937,0,0
"Medium","Czechia",203,"2040-2044","NAT","Female","20-39","e4","Low",99009,0,0
"Medium","Czechia",203,"2040-2044","NAT","Female","20-39","e5","Middle",384619,0,0
"Medium","Czechia",203,"2040-2044","NAT","Female","20-39","e6","High",547102,0,0
"Medium","Czechia",203,"2040-2044","NAT","Female","40-64","e4","Low",95063,0,0
"Medium","Czechia",203,"2040-2044","NAT","Female","40-64","e5","Middle",750428,0,0
"Medium","Czechia",203,"2040-2044","NAT","Female","40-64","e6","High",678984,0,0
"Medium","Czechia",203,"2040-2044","NAT","Female","65+","e4","Low",130046,0,0
"Medium","Czechia",203,"2040-2044","NAT","Female","65+","e5","Middle",997229,0,0
"Medium","Czechia",203,"2040-2044","NAT","Female","65+","e6","High",286412,0,0
"Medium","Czechia",203,"2040-2044","NAT","Male","0-19","e4","Low",321327,0,0
"Medium","Czechia",203,"2040-2044","NAT","Male","0-19","e5","Middle",302924,0,0
"Medium","Czechia",203,"2040-2044","NAT","Male","0-19","e6","High",339891,0,0
"Medium","Czechia",203,"2040-2044","NAT","Male","20-39","e4","Low",181166,0,0
"Medium","Czechia",203,"2040-2044","NAT","Male","20-39","e5","Middle",599422,0,0
"Medium","Czechia",203,"2040-2044","NAT","Male","20-39","e6","High",300333,0,0
"Medium","Czechia",203,"2040-2044","NAT","Male","40-64","e4","Low",120679,0,0
"Medium","Czechia",203,"2040-2044","NAT","Male","40-64","e5","Middle",1013342,0,0
"Medium","Czechia",203,"2040-2044","NAT","Male","40-64","e6","High",444486,0,0
"Medium","Czechia",203,"2040-2044","NAT","Male","65+","e4","Low",38662,0,0
"Medium","Czechia",203,"2040-2044","NAT","Male","65+","e5","Middle",825446,0,0
"Medium","Czechia",203,"2040-2044","NAT","Male","65+","e6","High",250742,0,0
"Medium","Czechia",203,"2040-2044","NEU","Female","0-19","e4","Low",6041,0,0
"Medium","Czechia",203,"2040-2044","NEU","Female","0-19","e5","Middle",3373,0,0
"Medium","Czechia",203,"2040-2044","NEU","Female","0-19","e6","High",4,0,0
"Medium","Czechia",203,"2040-2044","NEU","Female","20-39","e4","Low",3984,0,0
"Medium","Czechia",203,"2040-2044","NEU","Female","20-39","e5","Middle",14502,0,0
"Medium","Czechia",203,"2040-2044","NEU","Female","20-39","e6","High",28618,0,0
"Medium","Czechia",203,"2040-2044","NEU","Female","40-64","e4","Low",13690,0,0
"Medium","Czechia",203,"2040-2044","NEU","Female","40-64","e5","Middle",36846,0,0
"Medium","Czechia",203,"2040-2044","NEU","Female","40-64","e6","High",53984,0,0
"Medium","Czechia",203,"2040-2044","NEU","Female","65+","e4","Low",6181,0,0
"Medium","Czechia",203,"2040-2044","NEU","Female","65+","e5","Middle",18171,0,0
"Medium","Czechia",203,"2040-2044","NEU","Female","65+","e6","High",14620,0,0
"Medium","Czechia",203,"2040-2044","NEU","Male","0-19","e4","Low",6491,0,0
"Medium","Czechia",203,"2040-2044","NEU","Male","0-19","e5","Middle",3463,0,0
"Medium","Czechia",203,"2040-2044","NEU","Male","0-19","e6","High",3,0,0
"Medium","Czechia",203,"2040-2044","NEU","Male","20-39","e4","Low",6106,0,0
"Medium","Czechia",203,"2040-2044","NEU","Male","20-39","e5","Middle",20000,0,0
"Medium","Czechia",203,"2040-2044","NEU","Male","20-39","e6","High",27356,0,0
"Medium","Czechia",203,"2040-2044","NEU","Male","40-64","e4","Low",18320,0,0
"Medium","Czechia",203,"2040-2044","NEU","Male","40-64","e5","Middle",47233,0,0
"Medium","Czechia",203,"2040-2044","NEU","Male","40-64","e6","High",53160,0,0
"Medium","Czechia",203,"2040-2044","NEU","Male","65+","e4","Low",5669,0,0
"Medium","Czechia",203,"2040-2044","NEU","Male","65+","e5","Middle",17481,0,0
"Medium","Czechia",203,"2040-2044","NEU","Male","65+","e6","High",14674,0,0
"Medium","Denmark",208,"2020-2024","EU","Female","0-19","e4","Low",10960,571,321
"Medium","Denmark",208,"2020-2024","EU","Female","0-19","e5","Middle",795,672,269
"Medium","Denmark",208,"2020-2024","EU","Female","0-19","e6","High",70,377,68
"Medium","Denmark",208,"2020-2024","EU","Female","20-39","e4","Low",3017,99,37
"Medium","Denmark",208,"2020-2024","EU","Female","20-39","e5","Middle",13860,1049,525
"Medium","Denmark",208,"2020-2024","EU","Female","20-39","e6","High",33662,3764,2145
"Medium","Denmark",208,"2020-2024","EU","Female","40-64","e4","Low",3134,161,91
"Medium","Denmark",208,"2020-2024","EU","Female","40-64","e5","Middle",12235,969,641
"Medium","Denmark",208,"2020-2024","EU","Female","40-64","e6","High",17773,1816,1426
"Medium","Denmark",208,"2020-2024","EU","Female","65+","e4","Low",3055,71,86
"Medium","Denmark",208,"2020-2024","EU","Female","65+","e5","Middle",4588,218,180
"Medium","Denmark",208,"2020-2024","EU","Female","65+","e6","High",4444,309,304
"Medium","Denmark",208,"2020-2024","EU","Male","0-19","e4","Low",11450,609,378
"Medium","Denmark",208,"2020-2024","EU","Male","0-19","e5","Middle",681,723,278
"Medium","Denmark",208,"2020-2024","EU","Male","0-19","e6","High",59,184,37
"Medium","Denmark",208,"2020-2024","EU","Male","20-39","e4","Low",4304,173,82
"Medium","Denmark",208,"2020-2024","EU","Male","20-39","e5","Middle",20239,1422,765
"Medium","Denmark",208,"2020-2024","EU","Male","20-39","e6","High",30269,2609,1545
"Medium","Denmark",208,"2020-2024","EU","Male","40-64","e4","Low",3788,183,110
"Medium","Denmark",208,"2020-2024","EU","Male","40-64","e5","Middle",16118,989,752
"Medium","Denmark",208,"2020-2024","EU","Male","40-64","e6","High",16145,1253,1027
"Medium","Denmark",208,"2020-2024","EU","Male","65+","e4","Low",1603,50,54
"Medium","Denmark",208,"2020-2024","EU","Male","65+","e5","Middle",4231,174,207
"Medium","Denmark",208,"2020-2024","EU","Male","65+","e6","High",3383,240,254
"Medium","Denmark",208,"2020-2024","NAT","Female","0-19","e4","Low",579035,134,74
"Medium","Denmark",208,"2020-2024","NAT","Female","0-19","e5","Middle",13214,261,100
"Medium","Denmark",208,"2020-2024","NAT","Female","0-19","e6","High",3,169,30
"Medium","Denmark",208,"2020-2024","NAT","Female","20-39","e4","Low",79260,49,19
"Medium","Denmark",208,"2020-2024","NAT","Female","20-39","e5","Middle",245855,361,181
"Medium","Denmark",208,"2020-2024","NAT","Female","20-39","e6","High",248162,1559,885
"Medium","Denmark",208,"2020-2024","NAT","Female","40-64","e4","Low",124757,120,67
"Medium","Denmark",208,"2020-2024","NAT","Female","40-64","e5","Middle",339248,420,279
"Medium","Denmark",208,"2020-2024","NAT","Female","40-64","e6","High",355991,1173,920
"Medium","Denmark",208,"2020-2024","NAT","Female","65+","e4","Low",231425,65,79
"Medium","Denmark",208,"2020-2024","NAT","Female","65+","e5","Middle",216732,151,133
"Medium","Denmark",208,"2020-2024","NAT","Female","65+","e6","High",145615,269,267
"Medium","Denmark",208,"2020-2024","NAT","Male","0-19","e4","Low",614230,148,92
"Medium","Denmark",208,"2020-2024","NAT","Male","0-19","e5","Middle",8929,261,96
"Medium","Denmark",208,"2020-2024","NAT","Male","0-19","e6","High",11,91,18
"Medium","Denmark",208,"2020-2024","NAT","Male","20-39","e4","Low",126737,76,36
"Medium","Denmark",208,"2020-2024","NAT","Male","20-39","e5","Middle",292935,405,217
"Medium","Denmark",208,"2020-2024","NAT","Male","20-39","e6","High",181374,1059,625
"Medium","Denmark",208,"2020-2024","NAT","Male","40-64","e4","Low",159008,146,87
"Medium","Denmark",208,"2020-2024","NAT","Male","40-64","e5","Middle",401390,416,315
"Medium","Denmark",208,"2020-2024","NAT","Male","40-64","e6","High",267436,883,723
"Medium","Denmark",208,"2020-2024","NAT","Male","65+","e4","Low",137929,52,57
"Medium","Denmark",208,"2020-2024","NAT","Male","65+","e5","Middle",239190,118,149
"Medium","Denmark",208,"2020-2024","NAT","Male","65+","e6","High",128433,196,214
"Medium","Denmark",208,"2020-2024","NEU","Female","0-19","e4","Low",25132,5629,2850
"Medium","Denmark",208,"2020-2024","NEU","Female","0-19","e5","Middle",695,2797,1024
"Medium","Denmark",208,"2020-2024","NEU","Female","0-19","e6","High",33,1227,221
"Medium","Denmark",208,"2020-2024","NEU","Female","20-39","e4","Low",18231,2095,732
"Medium","Denmark",208,"2020-2024","NEU","Female","20-39","e5","Middle",25831,3873,1916
"Medium","Denmark",208,"2020-2024","NEU","Female","20-39","e6","High",48933,7508,4296
"Medium","Denmark",208,"2020-2024","NEU","Female","40-64","e4","Low",27075,1241,634
"Medium","Denmark",208,"2020-2024","NEU","Female","40-64","e5","Middle",35034,1392,915
"Medium","Denmark",208,"2020-2024","NEU","Female","40-64","e6","High",34624,2197,1717
"Medium","Denmark",208,"2020-2024","NEU","Female","65+","e4","Low",6824,188,219
"Medium","Denmark",208,"2020-2024","NEU","Female","65+","e5","Middle",6300,211,172
"Medium","Denmark",208,"2020-2024","NEU","Female","65+","e6","High",5655,274,268
"Medium","Denmark",208,"2020-2024","NEU","Male","0-19","e4","Low",26738,5845,3294
"Medium","Denmark",208,"2020-2024","NEU","Male","0-19","e5","Middle",526,2894,1005
"Medium","Denmark",208,"2020-2024","NEU","Male","0-19","e6","High",31,804,162
"Medium","Denmark",208,"2020-2024","NEU","Male","20-39","e4","Low",24134,2642,1221
"Medium","Denmark",208,"2020-2024","NEU","Male","20-39","e5","Middle",22442,4574,2446
"Medium","Denmark",208,"2020-2024","NEU","Male","20-39","e6","High",39937,6176,3656
"Medium","Denmark",208,"2020-2024","NEU","Male","40-64","e4","Low",25436,1354,775
"Medium","Denmark",208,"2020-2024","NEU","Male","40-64","e5","Middle",30828,1489,1120
"Medium","Denmark",208,"2020-2024","NEU","Male","40-64","e6","High",31241,1934,1579
"Medium","Denmark",208,"2020-2024","NEU","Male","65+","e4","Low",5835,157,163
"Medium","Denmark",208,"2020-2024","NEU","Male","65+","e5","Middle",6458,178,210
"Medium","Denmark",208,"2020-2024","NEU","Male","65+","e6","High",6041,262,274
"Medium","Denmark",208,"2025-2029","EU","Female","0-19","e4","Low",7229,292,168
"Medium","Denmark",208,"2025-2029","EU","Female","0-19","e5","Middle",832,690,280
"Medium","Denmark",208,"2025-2029","EU","Female","0-19","e6","High",63,366,62
"Medium","Denmark",208,"2025-2029","EU","Female","20-39","e4","Low",2215,59,20
"Medium","Denmark",208,"2025-2029","EU","Female","20-39","e5","Middle",9979,827,410
"Medium","Denmark",208,"2025-2029","EU","Female","20-39","e6","High",33233,3297,1956
"Medium","Denmark",208,"2025-2029","EU","Female","40-64","e4","Low",3213,125,58
"Medium","Denmark",208,"2025-2029","EU","Female","40-64","e5","Middle",13356,835,534
"Medium","Denmark",208,"2025-2029","EU","Female","40-64","e6","High",24288,1864,1349
"Medium","Denmark",208,"2025-2029","EU","Female","65+","e4","Low",2886,60,58
"Medium","Denmark",208,"2025-2029","EU","Female","65+","e5","Middle",5866,268,170
"Medium","Denmark",208,"2025-2029","EU","Female","65+","e6","High",5854,390,346
"Medium","Denmark",208,"2025-2029","EU","Male","0-19","e4","Low",7581,314,207
"Medium","Denmark",208,"2025-2029","EU","Male","0-19","e5","Middle",744,741,294
"Medium","Denmark",208,"2025-2029","EU","Male","0-19","e6","High",57,175,33
"Medium","Denmark",208,"2025-2029","EU","Male","20-39","e4","Low",3209,108,51
"Medium","Denmark",208,"2025-2029","EU","Male","20-39","e5","Middle",16008,1161,626
"Medium","Denmark",208,"2025-2029","EU","Male","20-39","e6","High",27933,2301,1422
"Medium","Denmark",208,"2025-2029","EU","Male","40-64","e4","Low",4184,154,83
"Medium","Denmark",208,"2025-2029","EU","Male","40-64","e5","Middle",19412,886,627
"Medium","Denmark",208,"2025-2029","EU","Male","40-64","e6","High",22172,1242,947
"Medium","Denmark",208,"2025-2029","EU","Male","65+","e4","Low",1776,44,39
"Medium","Denmark",208,"2025-2029","EU","Male","65+","e5","Middle",5361,213,204
"Medium","Denmark",208,"2025-2029","EU","Male","65+","e6","High",4425,279,251
"Medium","Denmark",208,"2025-2029","NAT","Female","0-19","e4","Low",442722,76,44
"Medium","Denmark",208,"2025-2029","NAT","Female","0-19","e5","Middle",57359,198,75
"Medium","Denmark",208,"2025-2029","NAT","Female","0-19","e6","High",82164,145,29
"Medium","Denmark",208,"2025-2029","NAT","Female","20-39","e4","Low",83035,34,12
"Medium","Denmark",208,"2025-2029","NAT","Female","20-39","e5","Middle",237475,339,167
"Medium","Denmark",208,"2025-2029","NAT","Female","20-39","e6","High",285136,1516,902
"Medium","Denmark",208,"2025-2029","NAT","Female","40-64","e4","Low",96970,92,43
"Medium","Denmark",208,"2025-2029","NAT","Female","40-64","e5","Middle",312202,378,244
"Medium","Denmark",208,"2025-2029","NAT","Female","40-64","e6","High",368360,1192,873
"Medium","Denmark",208,"2025-2029","NAT","Female","65+","e4","Low",207845,47,46
"Medium","Denmark",208,"2025-2029","NAT","Female","65+","e5","Middle",243962,132,86
"Medium","Denmark",208,"2025-2029","NAT","Female","65+","e6","High",182671,276,249
"Medium","Denmark",208,"2025-2029","NAT","Male","0-19","e4","Low",470902,84,56
"Medium","Denmark",208,"2025-2029","NAT","Male","0-19","e5","Middle",55627,207,76
"Medium","Denmark",208,"2025-2029","NAT","Male","0-19","e6","High",86782,80,20
"Medium","Denmark",208,"2025-2029","NAT","Male","20-39","e4","Low",131874,54,26
"Medium","Denmark",208,"2025-2029","NAT","Male","20-39","e5","Middle",293943,397,212
"Medium","Denmark",208,"2025-2029","NAT","Male","20-39","e6","High",211272,1028,635
"Medium","Denmark",208,"2025-2029","NAT","Male","40-64","e4","Low",140117,120,65
"Medium","Denmark",208,"2025-2029","NAT","Male","40-64","e5","Middle",372959,389,279
"Medium","Denmark",208,"2025-2029","NAT","Male","40-64","e6","High",274125,890,685
"Medium","Denmark",208,"2025-2029","NAT","Male","65+","e4","Low",129326,39,35
"Medium","Denmark",208,"2025-2029","NAT","Male","65+","e5","Middle",263819,108,106
"Medium","Denmark",208,"2025-2029","NAT","Male","65+","e6","High",147364,184,168
"Medium","Denmark",208,"2025-2029","NEU","Female","0-19","e4","Low",18569,5095,2243
"Medium","Denmark",208,"2025-2029","NEU","Female","0-19","e5","Middle",1450,3596,1350
"Medium","Denmark",208,"2025-2029","NEU","Female","0-19","e6","High",35,1456,246
"Medium","Denmark",208,"2025-2029","NEU","Female","20-39","e4","Low",14436,1918,593
"Medium","Denmark",208,"2025-2029","NEU","Female","20-39","e5","Middle",20305,4150,2013
"Medium","Denmark",208,"2025-2029","NEU","Female","20-39","e6","High",47473,8519,5034
"Medium","Denmark",208,"2025-2029","NEU","Female","40-64","e4","Low",29552,1343,592
"Medium","Denmark",208,"2025-2029","NEU","Female","40-64","e5","Middle",38130,1623,989
"Medium","Denmark",208,"2025-2029","NEU","Female","40-64","e6","High",46496,2794,1984
"Medium","Denmark",208,"2025-2029","NEU","Female","65+","e4","Low",9095,245,235
"Medium","Denmark",208,"2025-2029","NEU","Female","65+","e5","Middle",9840,310,196
"Medium","Denmark",208,"2025-2029","NEU","Female","65+","e6","High",8597,415,367
"Medium","Denmark",208,"2025-2029","NEU","Male","0-19","e4","Low",19945,5280,2647
"Medium","Denmark",208,"2025-2029","NEU","Male","0-19","e5","Middle",1274,3722,1359
"Medium","Denmark",208,"2025-2029","NEU","Male","0-19","e6","High",35,942,181
"Medium","Denmark",208,"2025-2029","NEU","Male","20-39","e4","Low",20337,2437,1092
"Medium","Denmark",208,"2025-2029","NEU","Male","20-39","e5","Middle",19210,4918,2625
"Medium","Denmark",208,"2025-2029","NEU","Male","20-39","e6","High",37859,7006,4285
"Medium","Denmark",208,"2025-2029","NEU","Male","40-64","e4","Low",28793,1489,777
"Medium","Denmark",208,"2025-2029","NEU","Male","40-64","e5","Middle",31496,1742,1185
"Medium","Denmark",208,"2025-2029","NEU","Male","40-64","e6","High",40218,2350,1762
"Medium","Denmark",208,"2025-2029","NEU","Male","65+","e4","Low",7635,211,185
"Medium","Denmark",208,"2025-2029","NEU","Male","65+","e5","Middle",10300,263,249
"Medium","Denmark",208,"2025-2029","NEU","Male","65+","e6","High",9422,369,332
"Medium","Denmark",208,"2030-2034","EU","Female","0-19","e4","Low",3849,202,119
"Medium","Denmark",208,"2030-2034","EU","Female","0-19","e5","Middle",746,658,259
"Medium","Denmark",208,"2030-2034","EU","Female","0-19","e6","High",55,333,49
"Medium","Denmark",208,"2030-2034","EU","Female","20-39","e4","Low",1601,36,10
"Medium","Denmark",208,"2030-2034","EU","Female","20-39","e5","Middle",7357,662,312
"Medium","Denmark",208,"2030-2034","EU","Female","20-39","e6","High",27725,2982,1775
"Medium","Denmark",208,"2030-2034","EU","Female","40-64","e4","Low",3465,94,39
"Medium","Denmark",208,"2030-2034","EU","Female","40-64","e5","Middle",14444,725,430
"Medium","Denmark",208,"2030-2034","EU","Female","40-64","e6","High",32998,1915,1314
"Medium","Denmark",208,"2030-2034","EU","Female","65+","e4","Low",2690,48,39
"Medium","Denmark",208,"2030-2034","EU","Female","65+","e5","Middle",7277,281,190
"Medium","Denmark",208,"2030-2034","EU","Female","65+","e6","High",7593,444,367
"Medium","Denmark",208,"2030-2034","EU","Male","0-19","e4","Low",3990,217,149
"Medium","Denmark",208,"2030-2034","EU","Male","0-19","e5","Middle",638,705,273
"Medium","Denmark",208,"2030-2034","EU","Male","0-19","e6","High",47,156,26
"Medium","Denmark",208,"2030-2034","EU","Male","20-39","e4","Low",2442,69,30
"Medium","Denmark",208,"2030-2034","EU","Male","20-39","e5","Middle",12173,962,508
"Medium","Denmark",208,"2030-2034","EU","Male","20-39","e6","High",22094,2044,1271
"Medium","Denmark",208,"2030-2034","EU","Male","40-64","e4","Low",4601,124,63
"Medium","Denmark",208,"2030-2034","EU","Male","40-64","e5","Middle",22343,799,521
"Medium","Denmark",208,"2030-2034","EU","Male","40-64","e6","High",29785,1268,923
"Medium","Denmark",208,"2030-2034","EU","Male","65+","e4","Low",1902,39,32
"Medium","Denmark",208,"2030-2034","EU","Male","65+","e5","Middle",6678,223,202
"Medium","Denmark",208,"2030-2034","EU","Male","65+","e6","High",5945,293,256
"Medium","Denmark",208,"2030-2034","NAT","Female","0-19","e4","Low",310562,34,19
"Medium","Denmark",208,"2030-2034","NAT","Female","0-19","e5","Middle",98361,158,59
"Medium","Denmark",208,"2030-2034","NAT","Female","0-19","e6","High",175955,131,34
"Medium","Denmark",208,"2030-2034","NAT","Female","20-39","e4","Low",84782,23,7
"Medium","Denmark",208,"2030-2034","NAT","Female","20-39","e5","Middle",224381,292,140
"Medium","Denmark",208,"2030-2034","NAT","Female","20-39","e6","High",315985,1484,896
"Medium","Denmark",208,"2030-2034","NAT","Female","40-64","e4","Low",81666,68,29
"Medium","Denmark",208,"2030-2034","NAT","Female","40-64","e5","Middle",269903,337,204
"Medium","Denmark",208,"2030-2034","NAT","Female","40-64","e6","High",383796,1170,821
"Medium","Denmark",208,"2030-2034","NAT","Female","65+","e4","Low",180972,37,29
"Medium","Denmark",208,"2030-2034","NAT","Female","65+","e5","Middle",280021,128,86
"Medium","Denmark",208,"2030-2034","NAT","Female","65+","e6","High",220270,291,241
"Medium","Denmark",208,"2030-2034","NAT","Male","0-19","e4","Low",331656,38,25
"Medium","Denmark",208,"2030-2034","NAT","Male","0-19","e5","Middle",99298,175,64
"Medium","Denmark",208,"2030-2034","NAT","Male","0-19","e6","High",185644,78,28
"Medium","Denmark",208,"2030-2034","NAT","Male","20-39","e4","Low",135012,40,18
"Medium","Denmark",208,"2030-2034","NAT","Male","20-39","e5","Middle",287348,366,195
"Medium","Denmark",208,"2030-2034","NAT","Male","20-39","e6","High",235040,1030,646
"Medium","Denmark",208,"2030-2034","NAT","Male","40-64","e4","Low",125452,93,48
"Medium","Denmark",208,"2030-2034","NAT","Male","40-64","e5","Middle",338576,352,236
"Medium","Denmark",208,"2030-2034","NAT","Male","40-64","e6","High",284229,845,631
"Medium","Denmark",208,"2030-2034","NAT","Male","65+","e4","Low",123361,35,29
"Medium","Denmark",208,"2030-2034","NAT","Male","65+","e5","Middle",290812,114,103
"Medium","Denmark",208,"2030-2034","NAT","Male","65+","e6","High",166686,196,171
"Medium","Denmark",208,"2030-2034","NEU","Female","0-19","e4","Low",12270,4253,1564
"Medium","Denmark",208,"2030-2034","NEU","Female","0-19","e5","Middle",1670,4357,1626
"Medium","Denmark",208,"2030-2034","NEU","Female","0-19","e6","High",32,1693,249
"Medium","Denmark",208,"2030-2034","NEU","Female","20-39","e4","Low",11705,1738,442
"Medium","Denmark",208,"2030-2034","NEU","Female","20-39","e5","Middle",17021,4461,2034
"Medium","Denmark",208,"2030-2034","NEU","Female","20-39","e6","High",43099,9555,5637
"Medium","Denmark",208,"2030-2034","NEU","Female","40-64","e4","Low",30456,1394,562
"Medium","Denmark",208,"2030-2034","NEU","Female","40-64","e5","Middle",38771,1862,1029
"Medium","Denmark",208,"2030-2034","NEU","Female","40-64","e6","High",59873,3453,2315
"Medium","Denmark",208,"2030-2034","NEU","Female","65+","e4","Low",12150,296,228
"Medium","Denmark",208,"2030-2034","NEU","Female","65+","e5","Middle",14922,394,268
"Medium","Denmark",208,"2030-2034","NEU","Female","65+","e6","High",12557,548,452
"Medium","Denmark",208,"2030-2034","NEU","Male","0-19","e4","Low",13020,4384,1918
"Medium","Denmark",208,"2030-2034","NEU","Male","0-19","e5","Middle",1490,4519,1658
"Medium","Denmark",208,"2030-2034","NEU","Male","0-19","e6","High",32,1078,179
"Medium","Denmark",208,"2030-2034","NEU","Male","20-39","e4","Low",17498,2218,913
"Medium","Denmark",208,"2030-2034","NEU","Male","20-39","e5","Middle",15941,5287,2740
"Medium","Denmark",208,"2030-2034","NEU","Male","20-39","e6","High",34477,7812,4784
"Medium","Denmark",208,"2030-2034","NEU","Male","40-64","e4","Low",31428,1567,780
"Medium","Denmark",208,"2030-2034","NEU","Male","40-64","e5","Middle",31603,2019,1247
"Medium","Denmark",208,"2030-2034","NEU","Male","40-64","e6","High",49437,2817,2010
"Medium","Denmark",208,"2030-2034","NEU","Male","65+","e4","Low",10230,263,216
"Medium","Denmark",208,"2030-2034","NEU","Male","65+","e5","Middle",14945,334,303
"Medium","Denmark",208,"2030-2034","NEU","Male","65+","e6","High",13567,469,409
"Medium","Denmark",208,"2035-2039","EU","Female","0-19","e4","Low",1203,145,91
"Medium","Denmark",208,"2035-2039","EU","Female","0-19","e5","Middle",476,531,211
"Medium","Denmark",208,"2035-2039","EU","Female","0-19","e6","High",26,300,45
"Medium","Denmark",208,"2035-2039","EU","Female","20-39","e4","Low",1044,21,5
"Medium","Denmark",208,"2035-2039","EU","Female","20-39","e5","Middle",4868,524,219
"Medium","Denmark",208,"2035-2039","EU","Female","20-39","e6","High",20480,2742,1538
"Medium","Denmark",208,"2035-2039","EU","Female","40-64","e4","Low",3563,68,26
"Medium","Denmark",208,"2035-2039","EU","Female","40-64","e5","Middle",14857,614,331
"Medium","Denmark",208,"2035-2039","EU","Female","40-64","e6","High",41996,1891,1275
"Medium","Denmark",208,"2035-2039","EU","Female","65+","e4","Low",2608,39,24
"Medium","Denmark",208,"2035-2039","EU","Female","65+","e5","Middle",8858,265,206
"Medium","Denmark",208,"2035-2039","EU","Female","65+","e6","High",10064,466,388
"Medium","Denmark",208,"2035-2039","EU","Male","0-19","e4","Low",1279,156,114
"Medium","Denmark",208,"2035-2039","EU","Male","0-19","e5","Middle",432,574,226
"Medium","Denmark",208,"2035-2039","EU","Male","0-19","e6","High",24,139,24
"Medium","Denmark",208,"2035-2039","EU","Male","20-39","e4","Low",1537,43,16
"Medium","Denmark",208,"2035-2039","EU","Male","20-39","e5","Middle",8053,791,386
"Medium","Denmark",208,"2035-2039","EU","Male","20-39","e6","High",15971,1827,1071
"Medium","Denmark",208,"2035-2039","EU","Male","40-64","e4","Low",4965,95,46
"Medium","Denmark",208,"2035-2039","EU","Male","40-64","e5","Middle",24276,702,426
"Medium","Denmark",208,"2035-2039","EU","Male","40-64","e6","High",36400,1250,899
"Medium","Denmark",208,"2035-2039","EU","Male","65+","e4","Low",2061,35,26
"Medium","Denmark",208,"2035-2039","EU","Male","65+","e5","Middle",8504,217,204
"Medium","Denmark",208,"2035-2039","EU","Male","65+","e6","High",8174,295,270
"Medium","Denmark",208,"2035-2039","NAT","Female","0-19","e4","Low",189878,27,16
"Medium","Denmark",208,"2035-2039","NAT","Female","0-19","e5","Middle",138008,98,36
"Medium","Denmark",208,"2035-2039","NAT","Female","0-19","e6","High",276917,86,27
"Medium","Denmark",208,"2035-2039","NAT","Female","20-39","e4","Low",78586,15,4
"Medium","Denmark",208,"2035-2039","NAT","Female","20-39","e5","Middle",202788,244,106
"Medium","Denmark",208,"2035-2039","NAT","Female","20-39","e6","High",326222,1422,825
"Medium","Denmark",208,"2035-2039","NAT","Female","40-64","e4","Low",78070,49,19
"Medium","Denmark",208,"2035-2039","NAT","Female","40-64","e5","Middle",225801,293,161
"Medium","Denmark",208,"2035-2039","NAT","Female","40-64","e6","High",411626,1135,778
"Medium","Denmark",208,"2035-2039","NAT","Female","65+","e4","Low",153679,33,20
"Medium","Denmark",208,"2035-2039","NAT","Female","65+","e5","Middle",308338,139,108
"Medium","Denmark",208,"2035-2039","NAT","Female","65+","e6","High",261153,331,275
"Medium","Denmark",208,"2035-2039","NAT","Male","0-19","e4","Low",205079,29,20
"Medium","Denmark",208,"2035-2039","NAT","Male","0-19","e5","Middle",140938,104,38
"Medium","Denmark",208,"2035-2039","NAT","Male","0-19","e6","High",291964,52,24
"Medium","Denmark",208,"2035-2039","NAT","Male","20-39","e4","Low",126635,30,12
"Medium","Denmark",208,"2035-2039","NAT","Male","20-39","e5","Middle",267219,335,168
"Medium","Denmark",208,"2035-2039","NAT","Male","20-39","e6","High",244161,1005,610
"Medium","Denmark",208,"2035-2039","NAT","Male","40-64","e4","Low",120943,70,34
"Medium","Denmark",208,"2035-2039","NAT","Male","40-64","e5","Middle",308986,306,190
"Medium","Denmark",208,"2035-2039","NAT","Male","40-64","e6","High",302228,781,571
"Medium","Denmark",208,"2035-2039","NAT","Male","65+","e4","Low",118687,35,26
"Medium","Denmark",208,"2035-2039","NAT","Male","65+","e5","Middle",309708,127,119
"Medium","Denmark",208,"2035-2039","NAT","Male","65+","e6","High",189515,233,213
"Medium","Denmark",208,"2035-2039","NEU","Female","0-19","e4","Low",6866,4116,1558
"Medium","Denmark",208,"2035-2039","NEU","Female","0-19","e5","Middle",1834,4543,1727
"Medium","Denmark",208,"2035-2039","NEU","Female","0-19","e6","High",19,1810,274
"Medium","Denmark",208,"2035-2039","NEU","Female","20-39","e4","Low",9268,1596,311
"Medium","Denmark",208,"2035-2039","NEU","Female","20-39","e5","Middle",14693,4799,1936
"Medium","Denmark",208,"2035-2039","NEU","Female","20-39","e6","High",40907,10822,5996
"Medium","Denmark",208,"2035-2039","NEU","Female","40-64","e4","Low",29252,1385,526
"Medium","Denmark",208,"2035-2039","NEU","Female","40-64","e5","Middle",36509,2122,1098
"Medium","Denmark",208,"2035-2039","NEU","Female","40-64","e6","High",70757,4162,2778
"Medium","Denmark",208,"2035-2039","NEU","Female","65+","e4","Low",16327,343,205
"Medium","Denmark",208,"2035-2039","NEU","Female","65+","e5","Middle",21221,420,328
"Medium","Denmark",208,"2035-2039","NEU","Female","65+","e6","High",18060,646,537
"Medium","Denmark",208,"2035-2039","NEU","Male","0-19","e4","Low",7103,4222,1911
"Medium","Denmark",208,"2035-2039","NEU","Male","0-19","e5","Middle",1717,4725,1780
"Medium","Denmark",208,"2035-2039","NEU","Male","0-19","e6","High",18,1145,198
"Medium","Denmark",208,"2035-2039","NEU","Male","20-39","e4","Low",15059,2035,723
"Medium","Denmark",208,"2035-2039","NEU","Male","20-39","e5","Middle",14140,5700,2719
"Medium","Denmark",208,"2035-2039","NEU","Male","20-39","e6","High",32857,8766,5044
"Medium","Denmark",208,"2035-2039","NEU","Male","40-64","e4","Low",32223,1574,771
"Medium","Denmark",208,"2035-2039","NEU","Male","40-64","e5","Middle",29417,2304,1353
"Medium","Denmark",208,"2035-2039","NEU","Male","40-64","e6","High",57453,3354,2395
"Medium","Denmark",208,"2035-2039","NEU","Male","65+","e4","Low",13351,313,226
"Medium","Denmark",208,"2035-2039","NEU","Male","65+","e5","Middle",19633,368,345
"Medium","Denmark",208,"2035-2039","NEU","Male","65+","e6","High",17794,535,490
"Medium","Denmark",208,"2040-2044","EU","Female","0-19","e4","Low",146,0,0
"Medium","Denmark",208,"2040-2044","EU","Female","0-19","e5","Middle",182,0,0
"Medium","Denmark",208,"2040-2044","EU","Female","0-19","e6","High",2,0,0
"Medium","Denmark",208,"2040-2044","EU","Female","20-39","e4","Low",571,0,0
"Medium","Denmark",208,"2040-2044","EU","Female","20-39","e5","Middle",2703,0,0
"Medium","Denmark",208,"2040-2044","EU","Female","20-39","e6","High",14385,0,0
"Medium","Denmark",208,"2040-2044","EU","Female","40-64","e4","Low",3449,0,0
"Medium","Denmark",208,"2040-2044","EU","Female","40-64","e5","Middle",14180,0,0
"Medium","Denmark",208,"2040-2044","EU","Female","40-64","e6","High",48067,0,0
"Medium","Denmark",208,"2040-2044","EU","Female","65+","e4","Low",2607,0,0
"Medium","Denmark",208,"2040-2044","EU","Female","65+","e5","Middle",10288,0,0
"Medium","Denmark",208,"2040-2044","EU","Female","65+","e6","High",13064,0,0
"Medium","Denmark",208,"2040-2044","EU","Male","0-19","e4","Low",141,0,0
"Medium","Denmark",208,"2040-2044","EU","Male","0-19","e5","Middle",175,0,0
"Medium","Denmark",208,"2040-2044","EU","Male","0-19","e6","High",2,0,0
"Medium","Denmark",208,"2040-2044","EU","Male","20-39","e4","Low",881,0,0
"Medium","Denmark",208,"2040-2044","EU","Male","20-39","e5","Middle",4821,0,0
"Medium","Denmark",208,"2040-2044","EU","Male","20-39","e6","High",11177,0,0
"Medium","Denmark",208,"2040-2044","EU","Male","40-64","e4","Low",4825,0,0
"Medium","Denmark",208,"2040-2044","EU","Male","40-64","e5","Middle",24180,0,0
"Medium","Denmark",208,"2040-2044","EU","Male","40-64","e6","High",40330,0,0
"Medium","Denmark",208,"2040-2044","EU","Male","65+","e4","Low",2303,0,0
"Medium","Denmark",208,"2040-2044","EU","Male","65+","e5","Middle",10509,0,0
"Medium","Denmark",208,"2040-2044","EU","Male","65+","e6","High",10613,0,0
"Medium","Denmark",208,"2040-2044","NAT","Female","0-19","e4","Low",189764,0,0
"Medium","Denmark",208,"2040-2044","NAT","Female","0-19","e5","Middle",129016,0,0
"Medium","Denmark",208,"2040-2044","NAT","Female","0-19","e6","High",299915,0,0
"Medium","Denmark",208,"2040-2044","NAT","Female","20-39","e4","Low",77066,0,0
"Medium","Denmark",208,"2040-2044","NAT","Female","20-39","e5","Middle",189913,0,0
"Medium","Denmark",208,"2040-2044","NAT","Female","20-39","e6","High",326462,0,0
"Medium","Denmark",208,"2040-2044","NAT","Female","40-64","e4","Low",77253,0,0
"Medium","Denmark",208,"2040-2044","NAT","Female","40-64","e5","Middle",195331,0,0
"Medium","Denmark",208,"2040-2044","NAT","Female","40-64","e6","High",438447,0,0
"Medium","Denmark",208,"2040-2044","NAT","Female","65+","e4","Low",128104,0,0
"Medium","Denmark",208,"2040-2044","NAT","Female","65+","e5","Middle",316106,0,0
"Medium","Denmark",208,"2040-2044","NAT","Female","65+","e6","High",303011,0,0
"Medium","Denmark",208,"2040-2044","NAT","Male","0-19","e4","Low",204820,0,0
"Medium","Denmark",208,"2040-2044","NAT","Male","0-19","e5","Middle",131331,0,0
"Medium","Denmark",208,"2040-2044","NAT","Male","0-19","e6","High",315952,0,0
"Medium","Denmark",208,"2040-2044","NAT","Male","20-39","e4","Low",124405,0,0
"Medium","Denmark",208,"2040-2044","NAT","Male","20-39","e5","Middle",251614,0,0
"Medium","Denmark",208,"2040-2044","NAT","Male","20-39","e6","High",246313,0,0
"Medium","Denmark",208,"2040-2044","NAT","Male","40-64","e4","Low",121443,0,0
"Medium","Denmark",208,"2040-2044","NAT","Male","40-64","e5","Middle",289459,0,0
"Medium","Denmark",208,"2040-2044","NAT","Male","40-64","e6","High",322160,0,0
"Medium","Denmark",208,"2040-2044","NAT","Male","65+","e4","Low",110576,0,0
"Medium","Denmark",208,"2040-2044","NAT","Male","65+","e5","Middle",315599,0,0
"Medium","Denmark",208,"2040-2044","NAT","Male","65+","e6","High",212851,0,0
"Medium","Denmark",208,"2040-2044","NEU","Female","0-19","e4","Low",4961,0,0
"Medium","Denmark",208,"2040-2044","NEU","Female","0-19","e5","Middle",1775,0,0
"Medium","Denmark",208,"2040-2044","NEU","Female","0-19","e6","High",10,0,0
"Medium","Denmark",208,"2040-2044","NEU","Female","20-39","e4","Low",7374,0,0
"Medium","Denmark",208,"2040-2044","NEU","Female","20-39","e5","Middle",12023,0,0
"Medium","Denmark",208,"2040-2044","NEU","Female","20-39","e6","High",41268,0,0
"Medium","Denmark",208,"2040-2044","NEU","Female","40-64","e4","Low",26486,0,0
"Medium","Denmark",208,"2040-2044","NEU","Female","40-64","e5","Middle",32777,0,0
"Medium","Denmark",208,"2040-2044","NEU","Female","40-64","e6","High",78422,0,0
"Medium","Denmark",208,"2040-2044","NEU","Female","65+","e4","Low",20380,0,0
"Medium","Denmark",208,"2040-2044","NEU","Female","65+","e5","Middle",27187,0,0
"Medium","Denmark",208,"2040-2044","NEU","Female","65+","e6","High",24461,0,0
"Medium","Denmark",208,"2040-2044","NEU","Male","0-19","e4","Low",4981,0,0
"Medium","Denmark",208,"2040-2044","NEU","Male","0-19","e5","Middle",1692,0,0
"Medium","Denmark",208,"2040-2044","NEU","Male","0-19","e6","High",10,0,0
"Medium","Denmark",208,"2040-2044","NEU","Male","20-39","e4","Low",12907,0,0
"Medium","Denmark",208,"2040-2044","NEU","Male","20-39","e5","Middle",11963,0,0
"Medium","Denmark",208,"2040-2044","NEU","Male","20-39","e6","High",33435,0,0
"Medium","Denmark",208,"2040-2044","NEU","Male","40-64","e4","Low",31679,0,0
"Medium","Denmark",208,"2040-2044","NEU","Male","40-64","e5","Middle",27305,0,0
"Medium","Denmark",208,"2040-2044","NEU","Male","40-64","e6","High",63394,0,0
"Medium","Denmark",208,"2040-2044","NEU","Male","65+","e4","Low",15954,0,0
"Medium","Denmark",208,"2040-2044","NEU","Male","65+","e5","Middle",22566,0,0
"Medium","Denmark",208,"2040-2044","NEU","Male","65+","e6","High",21702,0,0
"Medium","Estonia",233,"2020-2024","EU","Female","0-19","e4","Low",1970,105,80
"Medium","Estonia",233,"2020-2024","EU","Female","0-19","e5","Middle",94,29,33
"Medium","Estonia",233,"2020-2024","EU","Female","0-19","e6","High",0,0,0
"Medium","Estonia",233,"2020-2024","EU","Female","20-39","e4","Low",190,19,12
"Medium","Estonia",233,"2020-2024","EU","Female","20-39","e5","Middle",1235,43,43
"Medium","Estonia",233,"2020-2024","EU","Female","20-39","e6","High",2641,216,318
"Medium","Estonia",233,"2020-2024","EU","Female","40-64","e4","Low",184,33,9
"Medium","Estonia",233,"2020-2024","EU","Female","40-64","e5","Middle",647,39,31
"Medium","Estonia",233,"2020-2024","EU","Female","40-64","e6","High",1557,160,245
"Medium","Estonia",233,"2020-2024","EU","Female","65+","e4","Low",410,18,11
"Medium","Estonia",233,"2020-2024","EU","Female","65+","e5","Middle",610,9,10
"Medium","Estonia",233,"2020-2024","EU","Female","65+","e6","High",954,33,62
"Medium","Estonia",233,"2020-2024","EU","Male","0-19","e4","Low",1943,111,94
"Medium","Estonia",233,"2020-2024","EU","Male","0-19","e5","Middle",56,34,40
"Medium","Estonia",233,"2020-2024","EU","Male","0-19","e6","High",0,0,0
"Medium","Estonia",233,"2020-2024","EU","Male","20-39","e4","Low",361,36,43
"Medium","Estonia",233,"2020-2024","EU","Male","20-39","e5","Middle",1640,60,80
"Medium","Estonia",233,"2020-2024","EU","Male","20-39","e6","High",3396,131,192
"Medium","Estonia",233,"2020-2024","EU","Male","40-64","e4","Low",317,33,20
"Medium","Estonia",233,"2020-2024","EU","Male","40-64","e5","Middle",1270,41,54
"Medium","Estonia",233,"2020-2024","EU","Male","40-64","e6","High",2895,90,169
"Medium","Estonia",233,"2020-2024","EU","Male","65+","e4","Low",271,12,12
"Medium","Estonia",233,"2020-2024","EU","Male","65+","e5","Middle",430,9,10
"Medium","Estonia",233,"2020-2024","EU","Male","65+","e6","High",898,22,43
"Medium","Estonia",233,"2020-2024","NAT","Female","0-19","e4","Low",127977,295,233
"Medium","Estonia",233,"2020-2024","NAT","Female","0-19","e5","Middle",3706,96,119
"Medium","Estonia",233,"2020-2024","NAT","Female","0-19","e6","High",0,0,0
"Medium","Estonia",233,"2020-2024","NAT","Female","20-39","e4","Low",17424,143,102
"Medium","Estonia",233,"2020-2024","NAT","Female","20-39","e5","Middle",51534,253,275
"Medium","Estonia",233,"2020-2024","NAT","Female","20-39","e6","High",78865,1370,2171
"Medium","Estonia",233,"2020-2024","NAT","Female","40-64","e4","Low",14547,266,78
"Medium","Estonia",233,"2020-2024","NAT","Female","40-64","e5","Middle",56044,180,145
"Medium","Estonia",233,"2020-2024","NAT","Female","40-64","e6","High",120114,863,1301
"Medium","Estonia",233,"2020-2024","NAT","Female","65+","e4","Low",28906,50,31
"Medium","Estonia",233,"2020-2024","NAT","Female","65+","e5","Middle",41227,23,26
"Medium","Estonia",233,"2020-2024","NAT","Female","65+","e6","High",50147,91,168
"Medium","Estonia",233,"2020-2024","NAT","Male","0-19","e4","Low",136520,305,270
"Medium","Estonia",233,"2020-2024","NAT","Male","0-19","e5","Middle",2999,114,139
"Medium","Estonia",233,"2020-2024","NAT","Male","0-19","e6","High",0,0,0
"Medium","Estonia",233,"2020-2024","NAT","Male","20-39","e4","Low",35000,180,236
"Medium","Estonia",233,"2020-2024","NAT","Male","20-39","e5","Middle",72169,273,373
"Medium","Estonia",233,"2020-2024","NAT","Male","20-39","e6","High",50476,734,1176
"Medium","Estonia",233,"2020-2024","NAT","Male","40-64","e4","Low",27449,208,132
"Medium","Estonia",233,"2020-2024","NAT","Male","40-64","e5","Middle",80964,153,203
"Medium","Estonia",233,"2020-2024","NAT","Male","40-64","e6","High",72021,446,821
"Medium","Estonia",233,"2020-2024","NAT","Male","65+","e4","Low",19222,27,27
"Medium","Estonia",233,"2020-2024","NAT","Male","65+","e5","Middle",23297,17,19
"Medium","Estonia",233,"2020-2024","NAT","Male","65+","e6","High",23344,43,84
"Medium","Estonia",233,"2020-2024","NEU","Female","0-19","e4","Low",3082,2124,1472
"Medium","Estonia",233,"2020-2024","NEU","Female","0-19","e5","Middle",145,590,555
"Medium","Estonia",233,"2020-2024","NEU","Female","0-19","e6","High",0,0,0
"Medium","Estonia",233,"2020-2024","NEU","Female","20-39","e4","Low",388,455,272
"Medium","Estonia",233,"2020-2024","NEU","Female","20-39","e5","Middle",1763,939,963
"Medium","Estonia",233,"2020-2024","NEU","Female","20-39","e6","High",9282,2111,3189
"Medium","Estonia",233,"2020-2024","NEU","Female","40-64","e4","Low",1028,352,107
"Medium","Estonia",233,"2020-2024","NEU","Female","40-64","e5","Middle",9050,810,645
"Medium","Estonia",233,"2020-2024","NEU","Female","40-64","e6","High",22326,1508,2317
"Medium","Estonia",233,"2020-2024","NEU","Female","65+","e4","Low",9677,90,56
"Medium","Estonia",233,"2020-2024","NEU","Female","65+","e5","Middle",16701,200,220
"Medium","Estonia",233,"2020-2024","NEU","Female","65+","e6","High",25349,333,615
"Medium","Estonia",233,"2020-2024","NEU","Male","0-19","e4","Low",3018,2213,1662
"Medium","Estonia",233,"2020-2024","NEU","Male","0-19","e5","Middle",148,606,613
"Medium","Estonia",233,"2020-2024","NEU","Male","0-19","e6","High",0,0,0
"Medium","Estonia",233,"2020-2024","NEU","Male","20-39","e4","Low",816,582,688
"Medium","Estonia",233,"2020-2024","NEU","Male","20-39","e5","Middle",2801,1079,1451
"Medium","Estonia",233,"2020-2024","NEU","Male","20-39","e6","High",11128,1684,2470
"Medium","Estonia",233,"2020-2024","NEU","Male","40-64","e4","Low",1618,351,227
"Medium","Estonia",233,"2020-2024","NEU","Male","40-64","e5","Middle",10397,674,887
"Medium","Estonia",233,"2020-2024","NEU","Male","40-64","e6","High",17595,799,1496
"Medium","Estonia",233,"2020-2024","NEU","Male","65+","e4","Low",3725,60,58
"Medium","Estonia",233,"2020-2024","NEU","Male","65+","e5","Middle",8075,121,134
"Medium","Estonia",233,"2020-2024","NEU","Male","65+","e6","High",13051,174,338
"Medium","Estonia",233,"2025-2029","EU","Female","0-19","e4","Low",1524,63,49
"Medium","Estonia",233,"2025-2029","EU","Female","0-19","e5","Middle",108,39,42
"Medium","Estonia",233,"2025-2029","EU","Female","0-19","e6","High",2,35,38
"Medium","Estonia",233,"2025-2029","EU","Female","20-39","e4","Low",170,11,6
"Medium","Estonia",233,"2025-2029","EU","Female","20-39","e5","Middle",879,45,40
"Medium","Estonia",233,"2025-2029","EU","Female","20-39","e6","High",2793,239,323
"Medium","Estonia",233,"2025-2029","EU","Female","40-64","e4","Low",191,28,9
"Medium","Estonia",233,"2025-2029","EU","Female","40-64","e5","Middle",605,40,30
"Medium","Estonia",233,"2025-2029","EU","Female","40-64","e6","High",1629,160,219
"Medium","Estonia",233,"2025-2029","EU","Female","65+","e4","Low",310,15,6
"Medium","Estonia",233,"2025-2029","EU","Female","65+","e5","Middle",637,11,10
"Medium","Estonia",233,"2025-2029","EU","Female","65+","e6","High",1085,38,68
"Medium","Estonia",233,"2025-2029","EU","Male","0-19","e4","Low",1555,65,59
"Medium","Estonia",233,"2025-2029","EU","Male","0-19","e5","Middle",81,45,51
"Medium","Estonia",233,"2025-2029","EU","Male","0-19","e6","High",3,15,13
"Medium","Estonia",233,"2025-2029","EU","Male","20-39","e4","Low",285,24,25
"Medium","Estonia",233,"2025-2029","EU","Male","20-39","e5","Middle",1164,64,76
"Medium","Estonia",233,"2025-2029","EU","Male","20-39","e6","High",3120,143,191
"Medium","Estonia",233,"2025-2029","EU","Male","40-64","e4","Low",345,30,20
"Medium","Estonia",233,"2025-2029","EU","Male","40-64","e5","Middle",1265,42,52
"Medium","Estonia",233,"2025-2029","EU","Male","40-64","e6","High",3101,88,153
"Medium","Estonia",233,"2025-2029","EU","Male","65+","e4","Low",201,10,6
"Medium","Estonia",233,"2025-2029","EU","Male","65+","e5","Middle",506,10,12
"Medium","Estonia",233,"2025-2029","EU","Male","65+","e6","High",1089,23,47
"Medium","Estonia",233,"2025-2029","NAT","Female","0-19","e4","Low",102346,182,142
"Medium","Estonia",233,"2025-2029","NAT","Female","0-19","e5","Middle",13202,99,138
"Medium","Estonia",233,"2025-2029","NAT","Female","0-19","e6","High",18249,96,108
"Medium","Estonia",233,"2025-2029","NAT","Female","20-39","e4","Low",18321,74,45
"Medium","Estonia",233,"2025-2029","NAT","Female","20-39","e5","Middle",47351,236,226
"Medium","Estonia",233,"2025-2029","NAT","Female","20-39","e6","High",69221,1312,1876
"Medium","Estonia",233,"2025-2029","NAT","Female","40-64","e4","Low",16010,224,74
"Medium","Estonia",233,"2025-2029","NAT","Female","40-64","e5","Middle",53276,209,158
"Medium","Estonia",233,"2025-2029","NAT","Female","40-64","e6","High",125477,1106,1497
"Medium","Estonia",233,"2025-2029","NAT","Female","65+","e4","Low",20137,61,24
"Medium","Estonia",233,"2025-2029","NAT","Female","65+","e5","Middle",44583,38,34
"Medium","Estonia",233,"2025-2029","NAT","Female","65+","e6","High",63398,155,278
"Medium","Estonia",233,"2025-2029","NAT","Male","0-19","e4","Low",109612,189,170
"Medium","Estonia",233,"2025-2029","NAT","Male","0-19","e5","Middle",12877,123,170
"Medium","Estonia",233,"2025-2029","NAT","Male","0-19","e6","High",19358,44,44
"Medium","Estonia",233,"2025-2029","NAT","Male","20-39","e4","Low",35849,114,128
"Medium","Estonia",233,"2025-2029","NAT","Male","20-39","e5","Middle",63926,282,348
"Medium","Estonia",233,"2025-2029","NAT","Male","20-39","e6","High",44511,700,1010
"Medium","Estonia",233,"2025-2029","NAT","Male","40-64","e4","Low",31067,191,138
"Medium","Estonia",233,"2025-2029","NAT","Male","40-64","e5","Middle",79696,187,234
"Medium","Estonia",233,"2025-2029","NAT","Male","40-64","e6","High",77095,549,948
"Medium","Estonia",233,"2025-2029","NAT","Male","65+","e4","Low",14080,35,21
"Medium","Estonia",233,"2025-2029","NAT","Male","65+","e5","Middle",29681,30,34
"Medium","Estonia",233,"2025-2029","NAT","Male","65+","e6","High",29562,71,145
"Medium","Estonia",233,"2025-2029","NEU","Female","0-19","e4","Low",2955,1888,1177
"Medium","Estonia",233,"2025-2029","NEU","Female","0-19","e5","Middle",378,860,779
"Medium","Estonia",233,"2025-2029","NEU","Female","0-19","e6","High",3,425,459
"Medium","Estonia",233,"2025-2029","NEU","Female","20-39","e4","Low",474,469,225
"Medium","Estonia",233,"2025-2029","NEU","Female","20-39","e5","Middle",985,956,860
"Medium","Estonia",233,"2025-2029","NEU","Female","20-39","e6","High",6331,2281,3113
"Medium","Estonia",233,"2025-2029","NEU","Female","40-64","e4","Low",1000,408,140
"Medium","Estonia",233,"2025-2029","NEU","Female","40-64","e5","Middle",5760,793,594
"Medium","Estonia",233,"2025-2029","NEU","Female","40-64","e6","High",16189,1572,2148
"Medium","Estonia",233,"2025-2029","NEU","Female","65+","e4","Low",5791,92,36
"Medium","Estonia",233,"2025-2029","NEU","Female","65+","e5","Middle",16998,235,215
"Medium","Estonia",233,"2025-2029","NEU","Female","65+","e6","High",29067,383,687
"Medium","Estonia",233,"2025-2029","NEU","Male","0-19","e4","Low",2827,1948,1362
"Medium","Estonia",233,"2025-2029","NEU","Male","0-19","e5","Middle",328,885,867
"Medium","Estonia",233,"2025-2029","NEU","Male","0-19","e6","High",3,316,260
"Medium","Estonia",233,"2025-2029","NEU","Male","20-39","e4","Low",461,578,576
"Medium","Estonia",233,"2025-2029","NEU","Male","20-39","e5","Middle",1258,1076,1306
"Medium","Estonia",233,"2025-2029","NEU","Male","20-39","e6","High",7665,1824,2428
"Medium","Estonia",233,"2025-2029","NEU","Male","40-64","e4","Low",1557,393,289
"Medium","Estonia",233,"2025-2029","NEU","Male","40-64","e5","Middle",7325,670,835
"Medium","Estonia",233,"2025-2029","NEU","Male","40-64","e6","High",14913,825,1435
"Medium","Estonia",233,"2025-2029","NEU","Male","65+","e4","Low",2284,64,39
"Medium","Estonia",233,"2025-2029","NEU","Male","65+","e5","Middle",8915,141,162
"Medium","Estonia",233,"2025-2029","NEU","Male","65+","e6","High",15142,188,382
"Medium","Estonia",233,"2030-2034","EU","Female","0-19","e4","Low",973,44,35
"Medium","Estonia",233,"2030-2034","EU","Female","0-19","e5","Middle",176,51,45
"Medium","Estonia",233,"2030-2034","EU","Female","0-19","e6","High",3,34,34
"Medium","Estonia",233,"2030-2034","EU","Female","20-39","e4","Low",136,7,3
"Medium","Estonia",233,"2030-2034","EU","Female","20-39","e5","Middle",724,45,37
"Medium","Estonia",233,"2030-2034","EU","Female","20-39","e6","High",2671,263,342
"Medium","Estonia",233,"2030-2034","EU","Female","40-64","e4","Low",212,22,7
"Medium","Estonia",233,"2030-2034","EU","Female","40-64","e5","Middle",627,42,30
"Medium","Estonia",233,"2030-2034","EU","Female","40-64","e6","High",1832,167,205
"Medium","Estonia",233,"2030-2034","EU","Female","65+","e4","Low",238,13,3
"Medium","Estonia",233,"2030-2034","EU","Female","65+","e5","Middle",632,14,10
"Medium","Estonia",233,"2030-2034","EU","Female","65+","e6","High",1163,45,74
"Medium","Estonia",233,"2030-2034","EU","Male","0-19","e4","Low",1005,44,44
"Medium","Estonia",233,"2030-2034","EU","Male","0-19","e5","Middle",127,57,54
"Medium","Estonia",233,"2030-2034","EU","Male","0-19","e6","High",4,15,12
"Medium","Estonia",233,"2030-2034","EU","Male","20-39","e4","Low",226,15,13
"Medium","Estonia",233,"2030-2034","EU","Male","20-39","e5","Middle",932,65,75
"Medium","Estonia",233,"2030-2034","EU","Male","20-39","e6","High",2595,154,193
"Medium","Estonia",233,"2030-2034","EU","Male","40-64","e4","Low",367,25,18
"Medium","Estonia",233,"2030-2034","EU","Male","40-64","e5","Middle",1268,43,51
"Medium","Estonia",233,"2030-2034","EU","Male","40-64","e6","High",3376,91,149
"Medium","Estonia",233,"2030-2034","EU","Male","65+","e4","Low",159,9,3
"Medium","Estonia",233,"2030-2034","EU","Male","65+","e5","Middle",588,12,14
"Medium","Estonia",233,"2030-2034","EU","Male","65+","e6","High",1321,26,50
"Medium","Estonia",233,"2030-2034","NAT","Female","0-19","e4","Low",72292,81,64
"Medium","Estonia",233,"2030-2034","NAT","Female","0-19","e5","Middle",20870,88,107
"Medium","Estonia",233,"2030-2034","NAT","Female","0-19","e6","High",35035,102,118
"Medium","Estonia",233,"2030-2034","NAT","Female","20-39","e4","Low",19878,39,17
"Medium","Estonia",233,"2030-2034","NAT","Female","20-39","e5","Middle",44494,210,173
"Medium","Estonia",233,"2030-2034","NAT","Female","20-39","e6","High",61724,1283,1661
"Medium","Estonia",233,"2030-2034","NAT","Female","40-64","e4","Low",18588,176,63
"Medium","Estonia",233,"2030-2034","NAT","Female","40-64","e5","Middle",52782,246,177
"Medium","Estonia",233,"2030-2034","NAT","Female","40-64","e6","High",127518,1350,1651
"Medium","Estonia",233,"2030-2034","NAT","Female","65+","e4","Low",13941,63,14
"Medium","Estonia",233,"2030-2034","NAT","Female","65+","e5","Middle",46436,55,41
"Medium","Estonia",233,"2030-2034","NAT","Female","65+","e6","High",76794,234,384
"Medium","Estonia",233,"2030-2034","NAT","Male","0-19","e4","Low",77701,83,81
"Medium","Estonia",233,"2030-2034","NAT","Male","0-19","e5","Middle",20980,108,133
"Medium","Estonia",233,"2030-2034","NAT","Male","0-19","e6","High",37163,60,69
"Medium","Estonia",233,"2030-2034","NAT","Male","20-39","e4","Low",37567,72,64
"Medium","Estonia",233,"2030-2034","NAT","Male","20-39","e5","Middle",56473,276,315
"Medium","Estonia",233,"2030-2034","NAT","Male","20-39","e6","High",39643,698,893
"Medium","Estonia",233,"2030-2034","NAT","Male","40-64","e4","Low",36278,163,128
"Medium","Estonia",233,"2030-2034","NAT","Male","40-64","e5","Middle",80144,225,265
"Medium","Estonia",233,"2030-2034","NAT","Male","40-64","e6","High",79884,636,1047
"Medium","Estonia",233,"2030-2034","NAT","Male","65+","e4","Low",10324,38,14
"Medium","Estonia",233,"2030-2034","NAT","Male","65+","e5","Middle",36613,45,52
"Medium","Estonia",233,"2030-2034","NAT","Male","65+","e6","High",36195,105,205
"Medium","Estonia",233,"2030-2034","NEU","Female","0-19","e4","Low",2623,1578,800
"Medium","Estonia",233,"2030-2034","NEU","Female","0-19","e5","Middle",608,1129,929
"Medium","Estonia",233,"2030-2034","NEU","Female","0-19","e6","High",4,485,488
"Medium","Estonia",233,"2030-2034","NEU","Female","20-39","e4","Low",447,451,174
"Medium","Estonia",233,"2030-2034","NEU","Female","20-39","e5","Middle",754,995,811
"Medium","Estonia",233,"2030-2034","NEU","Female","20-39","e6","High",4038,2460,3207
"Medium","Estonia",233,"2030-2034","NEU","Female","40-64","e4","Low",1145,457,171
"Medium","Estonia",233,"2030-2034","NEU","Female","40-64","e5","Middle",4030,777,554
"Medium","Estonia",233,"2030-2034","NEU","Female","40-64","e6","High",12544,1643,2011
"Medium","Estonia",233,"2030-2034","NEU","Female","65+","e4","Low",3303,102,23
"Medium","Estonia",233,"2030-2034","NEU","Female","65+","e5","Middle",15434,251,188
"Medium","Estonia",233,"2030-2034","NEU","Female","65+","e6","High",29447,403,663
"Medium","Estonia",233,"2030-2034","NEU","Male","0-19","e4","Low",2523,1611,963
"Medium","Estonia",233,"2030-2034","NEU","Male","0-19","e5","Middle",592,1177,1038
"Medium","Estonia",233,"2030-2034","NEU","Male","0-19","e6","High",5,348,268
"Medium","Estonia",233,"2030-2034","NEU","Male","20-39","e4","Low",345,549,472
"Medium","Estonia",233,"2030-2034","NEU","Male","20-39","e5","Middle",609,1099,1254
"Medium","Estonia",233,"2030-2034","NEU","Male","20-39","e6","High",4372,1945,2450
"Medium","Estonia",233,"2030-2034","NEU","Male","40-64","e4","Low",1369,430,350
"Medium","Estonia",233,"2030-2034","NEU","Male","40-64","e5","Middle",5141,672,788
"Medium","Estonia",233,"2030-2034","NEU","Male","40-64","e6","High",13791,874,1441
"Medium","Estonia",233,"2030-2034","NEU","Male","65+","e4","Low",1442,75,27
"Medium","Estonia",233,"2030-2034","NEU","Male","65+","e5","Middle",8724,149,172
"Medium","Estonia",233,"2030-2034","NEU","Male","65+","e6","High",15408,193,376
"Medium","Estonia",233,"2035-2039","EU","Female","0-19","e4","Low",276,34,27
"Medium","Estonia",233,"2035-2039","EU","Female","0-19","e5","Middle",90,53,46
"Medium","Estonia",233,"2035-2039","EU","Female","0-19","e6","High",1,37,37
"Medium","Estonia",233,"2035-2039","EU","Female","20-39","e4","Low",109,4,1
"Medium","Estonia",233,"2035-2039","EU","Female","20-39","e5","Middle",711,44,33
"Medium","Estonia",233,"2035-2039","EU","Female","20-39","e6","High",2204,277,349
"Medium","Estonia",233,"2035-2039","EU","Female","40-64","e4","Low",226,17,6
"Medium","Estonia",233,"2035-2039","EU","Female","40-64","e5","Middle",710,44,28
"Medium","Estonia",233,"2035-2039","EU","Female","40-64","e6","High",2515,188,203
"Medium","Estonia",233,"2035-2039","EU","Female","65+","e4","Low",201,11,2
"Medium","Estonia",233,"2035-2039","EU","Female","65+","e5","Middle",612,17,12
"Medium","Estonia",233,"2035-2039","EU","Female","65+","e6","High",1186,54,76
"Medium","Estonia",233,"2035-2039","EU","Male","0-19","e4","Low",286,33,32
"Medium","Estonia",233,"2035-2039","EU","Male","0-19","e5","Middle",69,60,56
"Medium","Estonia",233,"2035-2039","EU","Male","0-19","e6","High",2,17,14
"Medium","Estonia",233,"2035-2039","EU","Male","20-39","e4","Low",184,9,7
"Medium","Estonia",233,"2035-2039","EU","Male","20-39","e5","Middle",782,64,70
"Medium","Estonia",233,"2035-2039","EU","Male","20-39","e6","High",1935,161,196
"Medium","Estonia",233,"2035-2039","EU","Male","40-64","e4","Low",380,20,16
"Medium","Estonia",233,"2035-2039","EU","Male","40-64","e5","Middle",1365,46,49
"Medium","Estonia",233,"2035-2039","EU","Male","40-64","e6","High",3893,97,149
"Medium","Estonia",233,"2035-2039","EU","Male","65+","e4","Low",141,9,2
"Medium","Estonia",233,"2035-2039","EU","Male","65+","e5","Middle",640,15,18
"Medium","Estonia",233,"2035-2039","EU","Male","65+","e6","High",1526,29,49
"Medium","Estonia",233,"2035-2039","NAT","Female","0-19","e4","Low",43388,64,49
"Medium","Estonia",233,"2035-2039","NAT","Female","0-19","e5","Middle",27938,74,83
"Medium","Estonia",233,"2035-2039","NAT","Female","0-19","e6","High",50537,94,105
"Medium","Estonia",233,"2035-2039","NAT","Female","20-39","e4","Low",22181,21,7
"Medium","Estonia",233,"2035-2039","NAT","Female","20-39","e5","Middle",42356,176,133
"Medium","Estonia",233,"2035-2039","NAT","Female","20-39","e6","High",60712,1195,1495
"Medium","Estonia",233,"2035-2039","NAT","Female","40-64","e4","Low",20568,133,49
"Medium","Estonia",233,"2035-2039","NAT","Female","40-64","e5","Middle",48652,265,172
"Medium","Estonia",233,"2035-2039","NAT","Female","40-64","e6","High",125525,1538,1661
"Medium","Estonia",233,"2035-2039","NAT","Female","65+","e4","Low",10414,56,10
"Medium","Estonia",233,"2035-2039","NAT","Female","65+","e5","Middle",47353,70,47
"Medium","Estonia",233,"2035-2039","NAT","Female","65+","e6","High",87369,317,450
"Medium","Estonia",233,"2035-2039","NAT","Male","0-19","e4","Low",47331,63,59
"Medium","Estonia",233,"2035-2039","NAT","Male","0-19","e5","Middle",28481,88,105
"Medium","Estonia",233,"2035-2039","NAT","Male","0-19","e6","High",53588,60,66
"Medium","Estonia",233,"2035-2039","NAT","Male","20-39","e4","Low",41948,44,34
"Medium","Estonia",233,"2035-2039","NAT","Male","20-39","e5","Middle",51245,252,274
"Medium","Estonia",233,"2035-2039","NAT","Male","20-39","e6","High",38354,690,841
"Medium","Estonia",233,"2035-2039","NAT","Male","40-64","e4","Low",38653,134,106
"Medium","Estonia",233,"2035-2039","NAT","Male","40-64","e5","Middle",75050,245,259
"Medium","Estonia",233,"2035-2039","NAT","Male","40-64","e6","High",81186,677,1042
"Medium","Estonia",233,"2035-2039","NAT","Male","65+","e4","Low",8333,38,10
"Medium","Estonia",233,"2035-2039","NAT","Male","65+","e5","Middle",42667,61,72
"Medium","Estonia",233,"2035-2039","NAT","Male","65+","e6","High",40743,144,242
"Medium","Estonia",233,"2035-2039","NEU","Female","0-19","e4","Low",2030,1520,716
"Medium","Estonia",233,"2035-2039","NEU","Female","0-19","e5","Middle",768,1156,911
"Medium","Estonia",233,"2035-2039","NEU","Female","0-19","e6","High",3,499,496
"Medium","Estonia",233,"2035-2039","NEU","Female","20-39","e4","Low",429,426,139
"Medium","Estonia",233,"2035-2039","NEU","Female","20-39","e5","Middle",761,1057,797
"Medium","Estonia",233,"2035-2039","NEU","Female","20-39","e6","High",2542,2768,3511
"Medium","Estonia",233,"2035-2039","NEU","Female","40-64","e4","Low",1270,482,180
"Medium","Estonia",233,"2035-2039","NEU","Female","40-64","e5","Middle",3078,788,511
"Medium","Estonia",233,"2035-2039","NEU","Female","40-64","e6","High",11456,1737,1878
"Medium","Estonia",233,"2035-2039","NEU","Female","65+","e4","Low",2101,122,21
"Medium","Estonia",233,"2035-2039","NEU","Female","65+","e5","Middle",13067,238,161
"Medium","Estonia",233,"2035-2039","NEU","Female","65+","e6","High",26590,392,559
"Medium","Estonia",233,"2035-2039","NEU","Male","0-19","e4","Low",1904,1545,863
"Medium","Estonia",233,"2035-2039","NEU","Male","0-19","e5","Middle",744,1212,1040
"Medium","Estonia",233,"2035-2039","NEU","Male","0-19","e6","High",4,353,280
"Medium","Estonia",233,"2035-2039","NEU","Male","20-39","e4","Low",313,518,411
"Medium","Estonia",233,"2035-2039","NEU","Male","20-39","e5","Middle",464,1158,1280
"Medium","Estonia",233,"2035-2039","NEU","Male","20-39","e6","High",2486,2106,2569
"Medium","Estonia",233,"2035-2039","NEU","Male","40-64","e4","Low",1169,445,356
"Medium","Estonia",233,"2035-2039","NEU","Male","40-64","e5","Middle",3763,685,718
"Medium","Estonia",233,"2035-2039","NEU","Male","40-64","e6","High",13215,964,1476
"Medium","Estonia",233,"2035-2039","NEU","Male","65+","e4","Low",1043,90,23
"Medium","Estonia",233,"2035-2039","NEU","Male","65+","e5","Middle",7682,142,166
"Medium","Estonia",233,"2035-2039","NEU","Male","65+","e6","High",13994,184,311
"Medium","Estonia",233,"2040-2044","EU","Female","0-19","e4","Low",29,0,0
"Medium","Estonia",233,"2040-2044","EU","Female","0-19","e5","Middle",30,0,0
"Medium","Estonia",233,"2040-2044","EU","Female","0-19","e6","High",0,0,0
"Medium","Estonia",233,"2040-2044","EU","Female","20-39","e4","Low",57,0,0
"Medium","Estonia",233,"2040-2044","EU","Female","20-39","e5","Middle",398,0,0
"Medium","Estonia",233,"2040-2044","EU","Female","20-39","e6","High",1486,0,0
"Medium","Estonia",233,"2040-2044","EU","Female","40-64","e4","Low",227,0,0
"Medium","Estonia",233,"2040-2044","EU","Female","40-64","e5","Middle",765,0,0
"Medium","Estonia",233,"2040-2044","EU","Female","40-64","e6","High",3328,0,0
"Medium","Estonia",233,"2040-2044","EU","Female","65+","e4","Low",198,0,0
"Medium","Estonia",233,"2040-2044","EU","Female","65+","e5","Middle",611,0,0
"Medium","Estonia",233,"2040-2044","EU","Female","65+","e6","High",1190,0,0
"Medium","Estonia",233,"2040-2044","EU","Male","0-19","e4","Low",26,0,0
"Medium","Estonia",233,"2040-2044","EU","Male","0-19","e5","Middle",27,0,0
"Medium","Estonia",233,"2040-2044","EU","Male","0-19","e6","High",0,0,0
"Medium","Estonia",233,"2040-2044","EU","Male","20-39","e4","Low",115,0,0
"Medium","Estonia",233,"2040-2044","EU","Male","20-39","e5","Middle",457,0,0
"Medium","Estonia",233,"2040-2044","EU","Male","20-39","e6","High",1321,0,0
"Medium","Estonia",233,"2040-2044","EU","Male","40-64","e4","Low",361,0,0
"Medium","Estonia",233,"2040-2044","EU","Male","40-64","e5","Middle",1362,0,0
"Medium","Estonia",233,"2040-2044","EU","Male","40-64","e6","High",4143,0,0
"Medium","Estonia",233,"2040-2044","EU","Male","65+","e4","Low",159,0,0
"Medium","Estonia",233,"2040-2044","EU","Male","65+","e5","Middle",690,0,0
"Medium","Estonia",233,"2040-2044","EU","Male","65+","e6","High",1765,0,0
"Medium","Estonia",233,"2040-2044","NAT","Female","0-19","e4","Low",42210,0,0
"Medium","Estonia",233,"2040-2044","NAT","Female","0-19","e5","Middle",25273,0,0
"Medium","Estonia",233,"2040-2044","NAT","Female","0-19","e6","High",47595,0,0
"Medium","Estonia",233,"2040-2044","NAT","Female","20-39","e4","Low",25604,0,0
"Medium","Estonia",233,"2040-2044","NAT","Female","20-39","e5","Middle",41405,0,0
"Medium","Estonia",233,"2040-2044","NAT","Female","20-39","e6","High",63722,0,0
"Medium","Estonia",233,"2040-2044","NAT","Female","40-64","e4","Low",20600,0,0
"Medium","Estonia",233,"2040-2044","NAT","Female","40-64","e5","Middle",43029,0,0
"Medium","Estonia",233,"2040-2044","NAT","Female","40-64","e6","High",118397,0,0
"Medium","Estonia",233,"2040-2044","NAT","Female","65+","e4","Low",10150,0,0
"Medium","Estonia",233,"2040-2044","NAT","Female","65+","e5","Middle",47808,0,0
"Medium","Estonia",233,"2040-2044","NAT","Female","65+","e6","High",97511,0,0
"Medium","Estonia",233,"2040-2044","NAT","Male","0-19","e4","Low",45730,0,0
"Medium","Estonia",233,"2040-2044","NAT","Male","0-19","e5","Middle",25656,0,0
"Medium","Estonia",233,"2040-2044","NAT","Male","0-19","e6","High",50474,0,0
"Medium","Estonia",233,"2040-2044","NAT","Male","20-39","e4","Low",47780,0,0
"Medium","Estonia",233,"2040-2044","NAT","Male","20-39","e5","Middle",49512,0,0
"Medium","Estonia",233,"2040-2044","NAT","Male","20-39","e6","High",40211,0,0
"Medium","Estonia",233,"2040-2044","NAT","Male","40-64","e4","Low",38241,0,0
"Medium","Estonia",233,"2040-2044","NAT","Male","40-64","e5","Middle",67388,0,0
"Medium","Estonia",233,"2040-2044","NAT","Male","40-64","e6","High",77371,0,0
"Medium","Estonia",233,"2040-2044","NAT","Male","65+","e4","Low",9647,0,0
"Medium","Estonia",233,"2040-2044","NAT","Male","65+","e5","Middle",46361,0,0
"Medium","Estonia",233,"2040-2044","NAT","Male","65+","e6","High",46494,0,0
"Medium","Estonia",233,"2040-2044","NEU","Female","0-19","e4","Low",1932,0,0
"Medium","Estonia",233,"2040-2044","NEU","Female","0-19","e5","Middle",800,0,0
"Medium","Estonia",233,"2040-2044","NEU","Female","0-19","e6","High",3,0,0
"Medium","Estonia",233,"2040-2044","NEU","Female","20-39","e4","Low",401,0,0
"Medium","Estonia",233,"2040-2044","NEU","Female","20-39","e5","Middle",645,0,0
"Medium","Estonia",233,"2040-2044","NEU","Female","20-39","e6","High",2420,0,0
"Medium","Estonia",233,"2040-2044","NEU","Female","40-64","e4","Low",1265,0,0
"Medium","Estonia",233,"2040-2044","NEU","Female","40-64","e5","Middle",2337,0,0
"Medium","Estonia",233,"2040-2044","NEU","Female","40-64","e6","High",9808,0,0
"Medium","Estonia",233,"2040-2044","NEU","Female","65+","e4","Low",1731,0,0
"Medium","Estonia",233,"2040-2044","NEU","Female","65+","e5","Middle",10716,0,0
"Medium","Estonia",233,"2040-2044","NEU","Female","65+","e6","High",23080,0,0
"Medium","Estonia",233,"2040-2044","NEU","Male","0-19","e4","Low",1833,0,0
"Medium","Estonia",233,"2040-2044","NEU","Male","0-19","e5","Middle",782,0,0
"Medium","Estonia",233,"2040-2044","NEU","Male","0-19","e6","High",3,0,0
"Medium","Estonia",233,"2040-2044","NEU","Male","20-39","e4","Low",262,0,0
"Medium","Estonia",233,"2040-2044","NEU","Male","20-39","e5","Middle",257,0,0
"Medium","Estonia",233,"2040-2044","NEU","Male","20-39","e6","High",2228,0,0
"Medium","Estonia",233,"2040-2044","NEU","Male","40-64","e4","Low",876,0,0
"Medium","Estonia",233,"2040-2044","NEU","Male","40-64","e5","Middle",2597,0,0
"Medium","Estonia",233,"2040-2044","NEU","Male","40-64","e6","High",11251,0,0
"Medium","Estonia",233,"2040-2044","NEU","Male","65+","e4","Low",989,0,0
"Medium","Estonia",233,"2040-2044","NEU","Male","65+","e5","Middle",6474,0,0
"Medium","Estonia",233,"2040-2044","NEU","Male","65+","e6","High",12473,0,0
"Medium","Finland",246,"2020-2024","EU","Female","0-19","e4","Low",7590,490,202
"Medium","Finland",246,"2020-2024","EU","Female","0-19","e5","Middle",197,415,177
"Medium","Finland",246,"2020-2024","EU","Female","0-19","e6","High",0,0,0
"Medium","Finland",246,"2020-2024","EU","Female","20-39","e4","Low",8571,72,10
"Medium","Finland",246,"2020-2024","EU","Female","20-39","e5","Middle",7039,530,301
"Medium","Finland",246,"2020-2024","EU","Female","20-39","e6","High",6221,2462,1326
"Medium","Finland",246,"2020-2024","EU","Female","40-64","e4","Low",6916,83,13
"Medium","Finland",246,"2020-2024","EU","Female","40-64","e5","Middle",9126,364,211
"Medium","Finland",246,"2020-2024","EU","Female","40-64","e6","High",9534,1091,790
"Medium","Finland",246,"2020-2024","EU","Female","65+","e4","Low",1341,24,13
"Medium","Finland",246,"2020-2024","EU","Female","65+","e5","Middle",950,55,50
"Medium","Finland",246,"2020-2024","EU","Female","65+","e6","High",954,116,100
"Medium","Finland",246,"2020-2024","EU","Male","0-19","e4","Low",8122,547,208
"Medium","Finland",246,"2020-2024","EU","Male","0-19","e5","Middle",186,484,184
"Medium","Finland",246,"2020-2024","EU","Male","0-19","e6","High",0,0,0
"Medium","Finland",246,"2020-2024","EU","Male","20-39","e4","Low",13983,165,30
"Medium","Finland",246,"2020-2024","EU","Male","20-39","e5","Middle",6836,807,449
"Medium","Finland",246,"2020-2024","EU","Male","20-39","e6","High",4535,1954,886
"Medium","Finland",246,"2020-2024","EU","Male","40-64","e4","Low",13551,122,25
"Medium","Finland",246,"2020-2024","EU","Male","40-64","e5","Middle",9367,453,290
"Medium","Finland",246,"2020-2024","EU","Male","40-64","e6","High",7636,906,534
"Medium","Finland",246,"2020-2024","EU","Male","65+","e4","Low",1580,26,16
"Medium","Finland",246,"2020-2024","EU","Male","65+","e5","Middle",991,54,48
"Medium","Finland",246,"2020-2024","EU","Male","65+","e6","High",1102,110,84
"Medium","Finland",246,"2020-2024","NAT","Female","0-19","e4","Low",523971,194,75
"Medium","Finland",246,"2020-2024","NAT","Female","0-19","e5","Middle",19987,181,75
"Medium","Finland",246,"2020-2024","NAT","Female","0-19","e6","High",0,0,0
"Medium","Finland",246,"2020-2024","NAT","Female","20-39","e4","Low",44669,97,15
"Medium","Finland",246,"2020-2024","NAT","Female","20-39","e5","Middle",306982,534,324
"Medium","Finland",246,"2020-2024","NAT","Female","20-39","e6","High",245026,2439,1333
"Medium","Finland",246,"2020-2024","NAT","Female","40-64","e4","Low",64605,326,56
"Medium","Finland",246,"2020-2024","NAT","Female","40-64","e5","Middle",307022,650,386
"Medium","Finland",246,"2020-2024","NAT","Female","40-64","e6","High",440755,1902,1415
"Medium","Finland",246,"2020-2024","NAT","Female","65+","e4","Low",278327,188,106
"Medium","Finland",246,"2020-2024","NAT","Female","65+","e5","Middle",227754,213,198
"Medium","Finland",246,"2020-2024","NAT","Female","65+","e6","High",177405,446,390
"Medium","Finland",246,"2020-2024","NAT","Male","0-19","e4","Low",549778,210,75
"Medium","Finland",246,"2020-2024","NAT","Male","0-19","e5","Middle",19910,202,75
"Medium","Finland",246,"2020-2024","NAT","Male","0-19","e6","High",0,0,0
"Medium","Finland",246,"2020-2024","NAT","Male","20-39","e4","Low",76823,107,20
"Medium","Finland",246,"2020-2024","NAT","Male","20-39","e5","Middle",381259,470,274
"Medium","Finland",246,"2020-2024","NAT","Male","20-39","e6","High",168167,1376,628
"Medium","Finland",246,"2020-2024","NAT","Male","40-64","e4","Low",119482,314,70
"Medium","Finland",246,"2020-2024","NAT","Male","40-64","e5","Middle",381311,524,340
"Medium","Finland",246,"2020-2024","NAT","Male","40-64","e6","High",311594,1415,860
"Medium","Finland",246,"2020-2024","NAT","Male","65+","e4","Low",201634,141,91
"Medium","Finland",246,"2020-2024","NAT","Male","65+","e5","Middle",178000,157,141
"Medium","Finland",246,"2020-2024","NAT","Male","65+","e6","High",154613,373,289
"Medium","Finland",246,"2020-2024","NEU","Female","0-19","e4","Low",18108,3953,1330
"Medium","Finland",246,"2020-2024","NEU","Female","0-19","e5","Middle",393,1466,568
"Medium","Finland",246,"2020-2024","NEU","Female","0-19","e6","High",0,0,0
"Medium","Finland",246,"2020-2024","NEU","Female","20-39","e4","Low",24417,1522,197
"Medium","Finland",246,"2020-2024","NEU","Female","20-39","e5","Middle",12637,1877,1000
"Medium","Finland",246,"2020-2024","NEU","Female","20-39","e6","High",13588,3154,1687
"Medium","Finland",246,"2020-2024","NEU","Female","40-64","e4","Low",13751,833,122
"Medium","Finland",246,"2020-2024","NEU","Female","40-64","e5","Middle",8526,498,290
"Medium","Finland",246,"2020-2024","NEU","Female","40-64","e6","High",7776,809,579
"Medium","Finland",246,"2020-2024","NEU","Female","65+","e4","Low",1827,77,40
"Medium","Finland",246,"2020-2024","NEU","Female","65+","e5","Middle",465,46,41
"Medium","Finland",246,"2020-2024","NEU","Female","65+","e6","High",545,61,52
"Medium","Finland",246,"2020-2024","NEU","Male","0-19","e4","Low",19215,4221,1348
"Medium","Finland",246,"2020-2024","NEU","Male","0-19","e5","Middle",277,1638,564
"Medium","Finland",246,"2020-2024","NEU","Male","0-19","e6","High",0,0,0
"Medium","Finland",246,"2020-2024","NEU","Male","20-39","e4","Low",31829,1987,333
"Medium","Finland",246,"2020-2024","NEU","Male","20-39","e5","Middle",14399,2366,1236
"Medium","Finland",246,"2020-2024","NEU","Male","20-39","e6","High",14165,3253,1468
"Medium","Finland",246,"2020-2024","NEU","Male","40-64","e4","Low",15860,998,195
"Medium","Finland",246,"2020-2024","NEU","Male","40-64","e5","Middle",8931,570,367
"Medium","Finland",246,"2020-2024","NEU","Male","40-64","e6","High",9343,956,558
"Medium","Finland",246,"2020-2024","NEU","Male","65+","e4","Low",1980,84,50
"Medium","Finland",246,"2020-2024","NEU","Male","65+","e5","Middle",733,44,38
"Medium","Finland",246,"2020-2024","NEU","Male","65+","e6","High",1043,81,61
"Medium","Finland",246,"2025-2029","EU","Female","0-19","e4","Low",5280,237,106
"Medium","Finland",246,"2025-2029","EU","Female","0-19","e5","Middle",265,434,182
"Medium","Finland",246,"2025-2029","EU","Female","0-19","e6","High",2,274,38
"Medium","Finland",246,"2025-2029","EU","Female","20-39","e4","Low",7600,44,6
"Medium","Finland",246,"2025-2029","EU","Female","20-39","e5","Middle",5212,419,217
"Medium","Finland",246,"2025-2029","EU","Female","20-39","e6","High",5215,2258,1190
"Medium","Finland",246,"2025-2029","EU","Female","40-64","e4","Low",8352,72,10
"Medium","Finland",246,"2025-2029","EU","Female","40-64","e5","Middle",10777,338,193
"Medium","Finland",246,"2025-2029","EU","Female","40-64","e6","High",11995,1166,761
"Medium","Finland",246,"2025-2029","EU","Female","65+","e4","Low",2071,23,8
"Medium","Finland",246,"2025-2029","EU","Female","65+","e5","Middle",1780,72,54
"Medium","Finland",246,"2025-2029","EU","Female","65+","e6","High",1683,157,133
"Medium","Finland",246,"2025-2029","EU","Male","0-19","e4","Low",5604,272,108
"Medium","Finland",246,"2025-2029","EU","Male","0-19","e5","Middle",243,505,192
"Medium","Finland",246,"2025-2029","EU","Male","0-19","e6","High",2,110,4
"Medium","Finland",246,"2025-2029","EU","Male","20-39","e4","Low",11337,105,18
"Medium","Finland",246,"2025-2029","EU","Male","20-39","e5","Middle",4921,641,328
"Medium","Finland",246,"2025-2029","EU","Male","20-39","e6","High",3763,1697,752
"Medium","Finland",246,"2025-2029","EU","Male","40-64","e4","Low",17053,111,21
"Medium","Finland",246,"2025-2029","EU","Male","40-64","e5","Middle",11114,421,268
"Medium","Finland",246,"2025-2029","EU","Male","40-64","e6","High",9656,945,507
"Medium","Finland",246,"2025-2029","EU","Male","65+","e4","Low",2337,24,10
"Medium","Finland",246,"2025-2029","EU","Male","65+","e5","Middle",1561,69,55
"Medium","Finland",246,"2025-2029","EU","Male","65+","e6","High",1619,135,96
"Medium","Finland",246,"2025-2029","NAT","Female","0-19","e4","Low",400618,132,54
"Medium","Finland",246,"2025-2029","NAT","Female","0-19","e5","Middle",67798,210,88
"Medium","Finland",246,"2025-2029","NAT","Female","0-19","e6","High",52236,170,31
"Medium","Finland",246,"2025-2029","NAT","Female","20-39","e4","Low",44584,57,8
"Medium","Finland",246,"2025-2029","NAT","Female","20-39","e5","Middle",295168,433,245
"Medium","Finland",246,"2025-2029","NAT","Female","20-39","e6","High",238847,2168,1171
"Medium","Finland",246,"2025-2029","NAT","Female","40-64","e4","Low",48732,213,30
"Medium","Finland",246,"2025-2029","NAT","Female","40-64","e5","Middle",286641,557,320
"Medium","Finland",246,"2025-2029","NAT","Female","40-64","e6","High",446566,1971,1314
"Medium","Finland",246,"2025-2029","NAT","Female","65+","e4","Low",226806,161,57
"Medium","Finland",246,"2025-2029","NAT","Female","65+","e5","Middle",273155,231,178
"Medium","Finland",246,"2025-2029","NAT","Female","65+","e6","High",236240,524,443
"Medium","Finland",246,"2025-2029","NAT","Male","0-19","e4","Low",419811,146,55
"Medium","Finland",246,"2025-2029","NAT","Male","0-19","e5","Middle",70004,238,90
"Medium","Finland",246,"2025-2029","NAT","Male","0-19","e6","High",54943,85,13
"Medium","Finland",246,"2025-2029","NAT","Male","20-39","e4","Low",70960,78,14
"Medium","Finland",246,"2025-2029","NAT","Male","20-39","e5","Middle",372487,455,249
"Medium","Finland",246,"2025-2029","NAT","Male","20-39","e6","High",163391,1385,619
"Medium","Finland",246,"2025-2029","NAT","Male","40-64","e4","Low",101581,220,43
"Medium","Finland",246,"2025-2029","NAT","Male","40-64","e5","Middle",374369,468,299
"Medium","Finland",246,"2025-2029","NAT","Male","40-64","e6","High",312165,1365,758
"Medium","Finland",246,"2025-2029","NAT","Male","65+","e4","Low",174459,124,52
"Medium","Finland",246,"2025-2029","NAT","Male","65+","e5","Middle",223256,173,138
"Medium","Finland",246,"2025-2029","NAT","Male","65+","e6","High",187689,409,292
"Medium","Finland",246,"2025-2029","NEU","Female","0-19","e4","Low",13656,3623,1046
"Medium","Finland",246,"2025-2029","NEU","Female","0-19","e5","Middle",752,1945,747
"Medium","Finland",246,"2025-2029","NEU","Female","0-19","e6","High",2,675,93
"Medium","Finland",246,"2025-2029","NEU","Female","20-39","e4","Low",23379,1439,162
"Medium","Finland",246,"2025-2029","NEU","Female","20-39","e5","Middle",11359,2116,1037
"Medium","Finland",246,"2025-2029","NEU","Female","20-39","e6","High",13419,3967,2067
"Medium","Finland",246,"2025-2029","NEU","Female","40-64","e4","Low",19116,972,132
"Medium","Finland",246,"2025-2029","NEU","Female","40-64","e5","Middle",11315,650,380
"Medium","Finland",246,"2025-2029","NEU","Female","40-64","e6","High",11747,1162,741
"Medium","Finland",246,"2025-2029","NEU","Female","65+","e4","Low",2734,121,39
"Medium","Finland",246,"2025-2029","NEU","Female","65+","e5","Middle",985,82,62
"Medium","Finland",246,"2025-2029","NEU","Female","65+","e6","High",1070,110,93
"Medium","Finland",246,"2025-2029","NEU","Male","0-19","e4","Low",14612,3864,1049
"Medium","Finland",246,"2025-2029","NEU","Male","0-19","e5","Middle",638,2145,746
"Medium","Finland",246,"2025-2029","NEU","Male","0-19","e6","High",2,416,17
"Medium","Finland",246,"2025-2029","NEU","Male","20-39","e4","Low",29465,1862,287
"Medium","Finland",246,"2025-2029","NEU","Male","20-39","e5","Middle",12871,2597,1268
"Medium","Finland",246,"2025-2029","NEU","Male","20-39","e6","High",13925,3859,1690
"Medium","Finland",246,"2025-2029","NEU","Male","40-64","e4","Low",22792,1155,211
"Medium","Finland",246,"2025-2029","NEU","Male","40-64","e5","Middle",11656,726,472
"Medium","Finland",246,"2025-2029","NEU","Male","40-64","e6","High",13912,1305,687
"Medium","Finland",246,"2025-2029","NEU","Male","65+","e4","Low",2824,123,48
"Medium","Finland",246,"2025-2029","NEU","Male","65+","e5","Middle",1401,75,59
"Medium","Finland",246,"2025-2029","NEU","Male","65+","e6","High",1785,130,92
"Medium","Finland",246,"2030-2034","EU","Female","0-19","e4","Low",2703,159,63
"Medium","Finland",246,"2030-2034","EU","Female","0-19","e5","Middle",233,414,165
"Medium","Finland",246,"2030-2034","EU","Female","0-19","e6","High",1,244,32
"Medium","Finland",246,"2030-2034","EU","Female","20-39","e4","Low",7024,26,3
"Medium","Finland",246,"2030-2034","EU","Female","20-39","e5","Middle",3913,336,159
"Medium","Finland",246,"2030-2034","EU","Female","20-39","e6","High",4285,2090,1086
"Medium","Finland",246,"2030-2034","EU","Female","40-64","e4","Low",9893,58,8
"Medium","Finland",246,"2030-2034","EU","Female","40-64","e5","Middle",11610,309,168
"Medium","Finland",246,"2030-2034","EU","Female","40-64","e6","High",13659,1242,727
"Medium","Finland",246,"2030-2034","EU","Female","65+","e4","Low",2940,22,5
"Medium","Finland",246,"2030-2034","EU","Female","65+","e5","Middle",2896,82,54
"Medium","Finland",246,"2030-2034","EU","Female","65+","e6","High",2755,203,172
"Medium","Finland",246,"2030-2034","EU","Male","0-19","e4","Low",2819,182,64
"Medium","Finland",246,"2030-2034","EU","Male","0-19","e5","Middle",216,477,176
"Medium","Finland",246,"2030-2034","EU","Male","0-19","e6","High",1,96,4
"Medium","Finland",246,"2030-2034","EU","Male","20-39","e4","Low",9719,67,10
"Medium","Finland",246,"2030-2034","EU","Male","20-39","e5","Middle",3758,529,252
"Medium","Finland",246,"2030-2034","EU","Male","20-39","e6","High",2946,1486,645
"Medium","Finland",246,"2030-2034","EU","Male","40-64","e4","Low",19457,96,17
"Medium","Finland",246,"2030-2034","EU","Male","40-64","e5","Middle",11793,384,235
"Medium","Finland",246,"2030-2034","EU","Male","40-64","e6","High",10913,998,490
"Medium","Finland",246,"2030-2034","EU","Male","65+","e4","Low",3505,22,6
"Medium","Finland",246,"2030-2034","EU","Male","65+","e5","Middle",2402,78,57
"Medium","Finland",246,"2030-2034","EU","Male","65+","e6","High",2416,156,108
"Medium","Finland",246,"2030-2034","NAT","Female","0-19","e4","Low",271425,73,30
"Medium","Finland",246,"2030-2034","NAT","Female","0-19","e5","Middle",115680,212,87
"Medium","Finland",246,"2030-2034","NAT","Female","0-19","e6","High",107736,197,46
"Medium","Finland",246,"2030-2034","NAT","Female","20-39","e4","Low",45032,35,4
"Medium","Finland",246,"2030-2034","NAT","Female","20-39","e5","Middle",288832,346,177
"Medium","Finland",246,"2030-2034","NAT","Female","20-39","e6","High",239686,2005,1070
"Medium","Finland",246,"2030-2034","NAT","Female","40-64","e4","Low",43457,133,17
"Medium","Finland",246,"2030-2034","NAT","Female","40-64","e5","Middle",274380,482,264
"Medium","Finland",246,"2030-2034","NAT","Female","40-64","e6","High",433072,1992,1185
"Medium","Finland",246,"2030-2034","NAT","Female","65+","e4","Low",176232,121,27
"Medium","Finland",246,"2030-2034","NAT","Female","65+","e5","Middle",307721,235,155
"Medium","Finland",246,"2030-2034","NAT","Female","65+","e6","High",298412,571,485
"Medium","Finland",246,"2030-2034","NAT","Male","0-19","e4","Low",285018,82,30
"Medium","Finland",246,"2030-2034","NAT","Male","0-19","e5","Middle",120530,247,92
"Medium","Finland",246,"2030-2034","NAT","Male","0-19","e6","High",113331,111,29
"Medium","Finland",246,"2030-2034","NAT","Male","20-39","e4","Low",67701,59,10
"Medium","Finland",246,"2030-2034","NAT","Male","20-39","e5","Middle",369847,424,217
"Medium","Finland",246,"2030-2034","NAT","Male","20-39","e6","High",161917,1394,612
"Medium","Finland",246,"2030-2034","NAT","Male","40-64","e4","Low",91203,147,26
"Medium","Finland",246,"2030-2034","NAT","Male","40-64","e5","Middle",368569,423,260
"Medium","Finland",246,"2030-2034","NAT","Male","40-64","e6","High",302904,1297,656
"Medium","Finland",246,"2030-2034","NAT","Male","65+","e4","Low",144796,104,30
"Medium","Finland",246,"2030-2034","NAT","Male","65+","e5","Middle",262990,183,135
"Medium","Finland",246,"2030-2034","NAT","Male","65+","e6","High",218658,441,308
"Medium","Finland",246,"2030-2034","NEU","Female","0-19","e4","Low",9578,3039,642
"Medium","Finland",246,"2030-2034","NEU","Female","0-19","e5","Middle",973,2461,920
"Medium","Finland",246,"2030-2034","NEU","Female","0-19","e6","High",2,806,106
"Medium","Finland",246,"2030-2034","NEU","Female","20-39","e4","Low",21288,1338,121
"Medium","Finland",246,"2030-2034","NEU","Female","20-39","e5","Middle",9994,2353,1071
"Medium","Finland",246,"2030-2034","NEU","Female","20-39","e6","High",13132,4725,2436
"Medium","Finland",246,"2030-2034","NEU","Female","40-64","e4","Low",25314,1057,140
"Medium","Finland",246,"2030-2034","NEU","Female","40-64","e5","Middle",13833,806,448
"Medium","Finland",246,"2030-2034","NEU","Female","40-64","e6","High",16225,1582,906
"Medium","Finland",246,"2030-2034","NEU","Female","65+","e4","Low",4429,174,36
"Medium","Finland",246,"2030-2034","NEU","Female","65+","e5","Middle",1990,119,77
"Medium","Finland",246,"2030-2034","NEU","Female","65+","e6","High",1954,168,142
"Medium","Finland",246,"2030-2034","NEU","Male","0-19","e4","Low",10323,3236,633
"Medium","Finland",246,"2030-2034","NEU","Male","0-19","e5","Middle",872,2697,933
"Medium","Finland",246,"2030-2034","NEU","Male","0-19","e6","High",2,481,19
"Medium","Finland",246,"2030-2034","NEU","Male","20-39","e4","Low",26586,1718,237
"Medium","Finland",246,"2030-2034","NEU","Male","20-39","e5","Middle",10767,2842,1317
"Medium","Finland",246,"2030-2034","NEU","Male","20-39","e6","High",12979,4422,1900
"Medium","Finland",246,"2030-2034","NEU","Male","40-64","e4","Low",30665,1257,221
"Medium","Finland",246,"2030-2034","NEU","Male","40-64","e5","Middle",14397,893,553
"Medium","Finland",246,"2030-2034","NEU","Male","40-64","e6","High",18829,1693,819
"Medium","Finland",246,"2030-2034","NEU","Male","65+","e4","Low",4267,168,47
"Medium","Finland",246,"2030-2034","NEU","Male","65+","e5","Middle",2530,104,76
"Medium","Finland",246,"2030-2034","NEU","Male","65+","e6","High",2941,182,126
"Medium","Finland",246,"2035-2039","EU","Female","0-19","e4","Low",858,110,42
"Medium","Finland",246,"2035-2039","EU","Female","0-19","e5","Middle",221,322,115
"Medium","Finland",246,"2035-2039","EU","Female","0-19","e6","High",0,208,24
"Medium","Finland",246,"2035-2039","EU","Female","20-39","e4","Low",6628,15,1
"Medium","Finland",246,"2035-2039","EU","Female","20-39","e5","Middle",3215,262,112
"Medium","Finland",246,"2035-2039","EU","Female","20-39","e6","High",3665,1927,972
"Medium","Finland",246,"2035-2039","EU","Female","40-64","e4","Low",10732,44,6
"Medium","Finland",246,"2035-2039","EU","Female","40-64","e5","Middle",10794,268,141
"Medium","Finland",246,"2035-2039","EU","Female","40-64","e6","High",14015,1243,679
"Medium","Finland",246,"2035-2039","EU","Female","65+","e4","Low",3987,20,3
"Medium","Finland",246,"2035-2039","EU","Female","65+","e5","Middle",4653,88,53
"Medium","Finland",246,"2035-2039","EU","Female","65+","e6","High",4507,239,192
"Medium","Finland",246,"2035-2039","EU","Male","0-19","e4","Low",905,126,43
"Medium","Finland",246,"2035-2039","EU","Male","0-19","e5","Middle",218,374,124
"Medium","Finland",246,"2035-2039","EU","Male","0-19","e6","High",0,82,3
"Medium","Finland",246,"2035-2039","EU","Male","20-39","e4","Low",8756,41,5
"Medium","Finland",246,"2035-2039","EU","Male","20-39","e5","Middle",2919,426,190
"Medium","Finland",246,"2035-2039","EU","Male","20-39","e6","High",2442,1318,552
"Medium","Finland",246,"2035-2039","EU","Male","40-64","e4","Low",19823,76,13
"Medium","Finland",246,"2035-2039","EU","Male","40-64","e5","Middle",10940,334,198
"Medium","Finland",246,"2035-2039","EU","Male","40-64","e6","High",11134,980,459
"Medium","Finland",246,"2035-2039","EU","Male","65+","e4","Low",5228,21,5
"Medium","Finland",246,"2035-2039","EU","Male","65+","e5","Middle",3983,83,57
"Medium","Finland",246,"2035-2039","EU","Male","65+","e6","High",3681,176,117
"Medium","Finland",246,"2035-2039","NAT","Female","0-19","e4","Low",144868,54,21
"Medium","Finland",246,"2035-2039","NAT","Female","0-19","e5","Middle",161768,172,62
"Medium","Finland",246,"2035-2039","NAT","Female","0-19","e6","High",165447,181,39
"Medium","Finland",246,"2035-2039","NAT","Female","20-39","e4","Low",43106,19,2
"Medium","Finland",246,"2035-2039","NAT","Female","20-39","e5","Middle",287549,266,119
"Medium","Finland",246,"2035-2039","NAT","Female","20-39","e6","High",231800,1849,948
"Medium","Finland",246,"2035-2039","NAT","Female","40-64","e4","Low",42777,85,11
"Medium","Finland",246,"2035-2039","NAT","Female","40-64","e5","Middle",270220,418,221
"Medium","Finland",246,"2035-2039","NAT","Female","40-64","e6","High",427844,2012,1103
"Medium","Finland",246,"2035-2039","NAT","Female","65+","e4","Low",133478,83,14
"Medium","Finland",246,"2035-2039","NAT","Female","65+","e5","Middle",321024,217,131
"Medium","Finland",246,"2035-2039","NAT","Female","65+","e6","High",355007,595,481
"Medium","Finland",246,"2035-2039","NAT","Male","0-19","e4","Low",152396,60,21
"Medium","Finland",246,"2035-2039","NAT","Male","0-19","e5","Middle",169218,202,67
"Medium","Finland",246,"2035-2039","NAT","Male","0-19","e6","High",174072,100,25
"Medium","Finland",246,"2035-2039","NAT","Male","20-39","e4","Low",62788,40,5
"Medium","Finland",246,"2035-2039","NAT","Male","20-39","e5","Middle",369312,373,176
"Medium","Finland",246,"2035-2039","NAT","Male","20-39","e6","High",154618,1352,571
"Medium","Finland",246,"2035-2039","NAT","Male","40-64","e4","Low",84947,102,17
"Medium","Finland",246,"2035-2039","NAT","Male","40-64","e5","Middle",373552,385,229
"Medium","Finland",246,"2035-2039","NAT","Male","40-64","e6","High",298928,1259,594
"Medium","Finland",246,"2035-2039","NAT","Male","65+","e4","Low",119449,80,19
"Medium","Finland",246,"2035-2039","NAT","Male","65+","e5","Middle",283911,176,122
"Medium","Finland",246,"2035-2039","NAT","Male","65+","e6","High",244441,451,301
"Medium","Finland",246,"2035-2039","NEU","Female","0-19","e4","Low",5829,2953,586
"Medium","Finland",246,"2035-2039","NEU","Female","0-19","e5","Middle",1312,2613,881
"Medium","Finland",246,"2035-2039","NEU","Female","0-19","e6","High",1,876,99
"Medium","Finland",246,"2035-2039","NEU","Female","20-39","e4","Low",19382,1248,87
"Medium","Finland",246,"2035-2039","NEU","Female","20-39","e5","Middle",9166,2596,1081
"Medium","Finland",246,"2035-2039","NEU","Female","20-39","e6","High",12659,5631,2834
"Medium","Finland",246,"2035-2039","NEU","Female","40-64","e4","Low",30873,1080,139
"Medium","Finland",246,"2035-2039","NEU","Female","40-64","e5","Middle",15258,968,518
"Medium","Finland",246,"2035-2039","NEU","Female","40-64","e6","High",20558,2042,1106
"Medium","Finland",246,"2035-2039","NEU","Female","65+","e4","Low",6916,231,37
"Medium","Finland",246,"2035-2039","NEU","Female","65+","e5","Middle",3686,144,87
"Medium","Finland",246,"2035-2039","NEU","Female","65+","e6","High",3265,226,181
"Medium","Finland",246,"2035-2039","NEU","Male","0-19","e4","Low",6223,3130,577
"Medium","Finland",246,"2035-2039","NEU","Male","0-19","e5","Middle",1260,2864,900
"Medium","Finland",246,"2035-2039","NEU","Male","0-19","e6","High",1,513,17
"Medium","Finland",246,"2035-2039","NEU","Male","20-39","e4","Low",24020,1587,191
"Medium","Finland",246,"2035-2039","NEU","Male","20-39","e5","Middle",9871,3126,1366
"Medium","Finland",246,"2035-2039","NEU","Male","20-39","e6","High",11954,5085,2124
"Medium","Finland",246,"2035-2039","NEU","Male","40-64","e4","Low",37429,1288,222
"Medium","Finland",246,"2035-2039","NEU","Male","40-64","e5","Middle",15619,1058,632
"Medium","Finland",246,"2035-2039","NEU","Male","40-64","e6","High",23432,2118,985
"Medium","Finland",246,"2035-2039","NEU","Male","65+","e4","Low",6619,223,52
"Medium","Finland",246,"2035-2039","NEU","Male","65+","e5","Middle",4129,128,88
"Medium","Finland",246,"2035-2039","NEU","Male","65+","e6","High",4403,237,157
"Medium","Finland",246,"2040-2044","EU","Female","0-19","e4","Low",183,0,0
"Medium","Finland",246,"2040-2044","EU","Female","0-19","e5","Middle",149,0,0
"Medium","Finland",246,"2040-2044","EU","Female","0-19","e6","High",0,0,0
"Medium","Finland",246,"2040-2044","EU","Female","20-39","e4","Low",6101,0,0
"Medium","Finland",246,"2040-2044","EU","Female","20-39","e5","Middle",2388,0,0
"Medium","Finland",246,"2040-2044","EU","Female","20-39","e6","High",3264,0,0
"Medium","Finland",246,"2040-2044","EU","Female","40-64","e4","Low",10917,0,0
"Medium","Finland",246,"2040-2044","EU","Female","40-64","e5","Middle",9404,0,0
"Medium","Finland",246,"2040-2044","EU","Female","40-64","e6","High",12993,0,0
"Medium","Finland",246,"2040-2044","EU","Female","65+","e4","Low",4998,0,0
"Medium","Finland",246,"2040-2044","EU","Female","65+","e5","Middle",6641,0,0
"Medium","Finland",246,"2040-2044","EU","Female","65+","e6","High",7109,0,0
"Medium","Finland",246,"2040-2044","EU","Male","0-19","e4","Low",198,0,0
"Medium","Finland",246,"2040-2044","EU","Male","0-19","e5","Middle",150,0,0
"Medium","Finland",246,"2040-2044","EU","Male","0-19","e6","High",0,0,0
"Medium","Finland",246,"2040-2044","EU","Male","20-39","e4","Low",7693,0,0
"Medium","Finland",246,"2040-2044","EU","Male","20-39","e5","Middle",2209,0,0
"Medium","Finland",246,"2040-2044","EU","Male","20-39","e6","High",2131,0,0
"Medium","Finland",246,"2040-2044","EU","Male","40-64","e4","Low",18714,0,0
"Medium","Finland",246,"2040-2044","EU","Male","40-64","e5","Middle",9137,0,0
"Medium","Finland",246,"2040-2044","EU","Male","40-64","e6","High",10217,0,0
"Medium","Finland",246,"2040-2044","EU","Male","65+","e4","Low",7383,0,0
"Medium","Finland",246,"2040-2044","EU","Male","65+","e5","Middle",5957,0,0
"Medium","Finland",246,"2040-2044","EU","Male","65+","e6","High",5567,0,0
"Medium","Finland",246,"2040-2044","NAT","Female","0-19","e4","Low",136602,0,0
"Medium","Finland",246,"2040-2044","NAT","Female","0-19","e5","Middle",165217,0,0
"Medium","Finland",246,"2040-2044","NAT","Female","0-19","e6","High",173964,0,0
"Medium","Finland",246,"2040-2044","NAT","Female","20-39","e4","Low",41389,0,0
"Medium","Finland",246,"2040-2044","NAT","Female","20-39","e5","Middle",272762,0,0
"Medium","Finland",246,"2040-2044","NAT","Female","20-39","e6","High",230853,0,0
"Medium","Finland",246,"2040-2044","NAT","Female","40-64","e4","Low",43663,0,0
"Medium","Finland",246,"2040-2044","NAT","Female","40-64","e5","Middle",276441,0,0
"Medium","Finland",246,"2040-2044","NAT","Female","40-64","e6","High",422041,0,0
"Medium","Finland",246,"2040-2044","NAT","Female","65+","e4","Low",96351,0,0
"Medium","Finland",246,"2040-2044","NAT","Female","65+","e5","Middle",312435,0,0
"Medium","Finland",246,"2040-2044","NAT","Female","65+","e6","High",395209,0,0
"Medium","Finland",246,"2040-2044","NAT","Male","0-19","e4","Low",144055,0,0
"Medium","Finland",246,"2040-2044","NAT","Male","0-19","e5","Middle",173078,0,0
"Medium","Finland",246,"2040-2044","NAT","Male","0-19","e6","High",183062,0,0
"Medium","Finland",246,"2040-2044","NAT","Male","20-39","e4","Low",57371,0,0
"Medium","Finland",246,"2040-2044","NAT","Male","20-39","e5","Middle",357418,0,0
"Medium","Finland",246,"2040-2044","NAT","Male","20-39","e6","High",152853,0,0
"Medium","Finland",246,"2040-2044","NAT","Male","40-64","e4","Low",81919,0,0
"Medium","Finland",246,"2040-2044","NAT","Male","40-64","e5","Middle",384862,0,0
"Medium","Finland",246,"2040-2044","NAT","Male","40-64","e6","High",293722,0,0
"Medium","Finland",246,"2040-2044","NAT","Male","65+","e4","Low",95983,0,0
"Medium","Finland",246,"2040-2044","NAT","Male","65+","e5","Middle",285565,0,0
"Medium","Finland",246,"2040-2044","NAT","Male","65+","e6","High",259532,0,0
"Medium","Finland",246,"2040-2044","NEU","Female","0-19","e4","Low",4369,0,0
"Medium","Finland",246,"2040-2044","NEU","Female","0-19","e5","Middle",1340,0,0
"Medium","Finland",246,"2040-2044","NEU","Female","0-19","e6","High",1,0,0
"Medium","Finland",246,"2040-2044","NEU","Female","20-39","e4","Low",18414,0,0
"Medium","Finland",246,"2040-2044","NEU","Female","20-39","e5","Middle",8299,0,0
"Medium","Finland",246,"2040-2044","NEU","Female","20-39","e6","High",12990,0,0
"Medium","Finland",246,"2040-2044","NEU","Female","40-64","e4","Low",33797,0,0
"Medium","Finland",246,"2040-2044","NEU","Female","40-64","e5","Middle",15658,0,0
"Medium","Finland",246,"2040-2044","NEU","Female","40-64","e6","High",23727,0,0
"Medium","Finland",246,"2040-2044","NEU","Female","65+","e4","Low",10199,0,0
"Medium","Finland",246,"2040-2044","NEU","Female","65+","e5","Middle",5946,0,0
"Medium","Finland",246,"2040-2044","NEU","Female","65+","e6","High",5308,0,0
"Medium","Finland",246,"2040-2044","NEU","Male","0-19","e4","Low",4599,0,0
"Medium","Finland",246,"2040-2044","NEU","Male","0-19","e5","Middle",1314,0,0
"Medium","Finland",246,"2040-2044","NEU","Male","0-19","e6","High",1,0,0
"Medium","Finland",246,"2040-2044","NEU","Male","20-39","e4","Low",22074,0,0
"Medium","Finland",246,"2040-2044","NEU","Male","20-39","e5","Middle",8833,0,0
"Medium","Finland",246,"2040-2044","NEU","Male","20-39","e6","High",11697,0,0
"Medium","Finland",246,"2040-2044","NEU","Male","40-64","e4","Low",41522,0,0
"Medium","Finland",246,"2040-2044","NEU","Male","40-64","e5","Middle",16340,0,0
"Medium","Finland",246,"2040-2044","NEU","Male","40-64","e6","High",26911,0,0
"Medium","Finland",246,"2040-2044","NEU","Male","65+","e4","Low",9654,0,0
"Medium","Finland",246,"2040-2044","NEU","Male","65+","e5","Middle",5731,0,0
"Medium","Finland",246,"2040-2044","NEU","Male","65+","e6","High",6495,0,0
"Medium","France",250,"2020-2024","EU","Female","0-19","e4","Low",91735,4895,2509
"Medium","France",250,"2020-2024","EU","Female","0-19","e5","Middle",10319,5698,3550
"Medium","France",250,"2020-2024","EU","Female","0-19","e6","High",668,4160,3345
"Medium","France",250,"2020-2024","EU","Female","20-39","e4","Low",35902,1432,278
"Medium","France",250,"2020-2024","EU","Female","20-39","e5","Middle",58994,6755,4220
"Medium","France",250,"2020-2024","EU","Female","20-39","e6","High",96687,28806,23206
"Medium","France",250,"2020-2024","EU","Female","40-64","e4","Low",125773,2789,1472
"Medium","France",250,"2020-2024","EU","Female","40-64","e5","Middle",130857,5218,6542
"Medium","France",250,"2020-2024","EU","Female","40-64","e6","High",127768,13096,15064
"Medium","France",250,"2020-2024","EU","Female","65+","e4","Low",229556,1311,1615
"Medium","France",250,"2020-2024","EU","Female","65+","e5","Middle",74164,1272,2212
"Medium","France",250,"2020-2024","EU","Female","65+","e6","High",48099,2487,3232
"Medium","France",250,"2020-2024","EU","Male","0-19","e4","Low",96559,5013,2893
"Medium","France",250,"2020-2024","EU","Male","0-19","e5","Middle",10141,5532,4576
"Medium","France",250,"2020-2024","EU","Male","0-19","e6","High",583,1966,2247
"Medium","France",250,"2020-2024","EU","Male","20-39","e4","Low",46534,2345,669
"Medium","France",250,"2020-2024","EU","Male","20-39","e5","Middle",63434,6721,5577
"Medium","France",250,"2020-2024","EU","Male","20-39","e6","High",59429,18528,17969
"Medium","France",250,"2020-2024","EU","Male","40-64","e4","Low",126014,3012,1636
"Medium","France",250,"2020-2024","EU","Male","40-64","e5","Middle",145411,4749,6947
"Medium","France",250,"2020-2024","EU","Male","40-64","e6","High",92129,9464,11894
"Medium","France",250,"2020-2024","EU","Male","65+","e4","Low",149901,918,1151
"Medium","France",250,"2020-2024","EU","Male","65+","e5","Middle",75587,998,2245
"Medium","France",250,"2020-2024","EU","Male","65+","e6","High",45642,2121,3044
"Medium","France",250,"2020-2024","NAT","Female","0-19","e4","Low",6410595,1067,540
"Medium","France",250,"2020-2024","NAT","Female","0-19","e5","Middle",647245,1549,962
"Medium","France",250,"2020-2024","NAT","Female","0-19","e6","High",30343,1159,932
"Medium","France",250,"2020-2024","NAT","Female","20-39","e4","Low",532955,697,141
"Medium","France",250,"2020-2024","NAT","Female","20-39","e5","Middle",2593396,3427,2254
"Medium","France",250,"2020-2024","NAT","Female","20-39","e6","High",3357228,16418,13966
"Medium","France",250,"2020-2024","NAT","Female","40-64","e4","Low",1650167,1136,552
"Medium","France",250,"2020-2024","NAT","Female","40-64","e5","Middle",3963346,3677,4517
"Medium","France",250,"2020-2024","NAT","Female","40-64","e6","High",3262327,12230,14193
"Medium","France",250,"2020-2024","NAT","Female","65+","e4","Low",3601092,406,500
"Medium","France",250,"2020-2024","NAT","Female","65+","e5","Middle",2120147,889,1563
"Medium","France",250,"2020-2024","NAT","Female","65+","e6","High",942159,1824,2372
"Medium","France",250,"2020-2024","NAT","Male","0-19","e4","Low",6730009,1059,611
"Medium","France",250,"2020-2024","NAT","Male","0-19","e5","Middle",658839,1404,1159
"Medium","France",250,"2020-2024","NAT","Male","0-19","e6","High",26295,580,663
"Medium","France",250,"2020-2024","NAT","Male","20-39","e4","Low",738126,927,273
"Medium","France",250,"2020-2024","NAT","Male","20-39","e5","Middle",3043369,2961,2589
"Medium","France",250,"2020-2024","NAT","Male","20-39","e6","High",2654330,11083,11225
"Medium","France",250,"2020-2024","NAT","Male","40-64","e4","Low",1471410,1093,551
"Medium","France",250,"2020-2024","NAT","Male","40-64","e5","Middle",4299056,3087,4415
"Medium","France",250,"2020-2024","NAT","Male","40-64","e6","High",2741113,8228,10580
"Medium","France",250,"2020-2024","NAT","Male","65+","e4","Low",1866326,224,281
"Medium","France",250,"2020-2024","NAT","Male","65+","e5","Middle",2045574,542,1239
"Medium","France",250,"2020-2024","NAT","Male","65+","e6","High",981026,1046,1509
"Medium","France",250,"2020-2024","NEU","Female","0-19","e4","Low",227858,76319,36331
"Medium","France",250,"2020-2024","NEU","Female","0-19","e5","Middle",39668,31404,19412
"Medium","France",250,"2020-2024","NEU","Female","0-19","e6","High",3290,22634,18201
"Medium","France",250,"2020-2024","NEU","Female","20-39","e4","Low",241341,39659,7195
"Medium","France",250,"2020-2024","NEU","Female","20-39","e5","Middle",296949,41434,25354
"Medium","France",250,"2020-2024","NEU","Female","20-39","e6","High",423633,92152,73099
"Medium","France",250,"2020-2024","NEU","Female","40-64","e4","Low",509053,19705,9074
"Medium","France",250,"2020-2024","NEU","Female","40-64","e5","Middle",391831,11292,13624
"Medium","France",250,"2020-2024","NEU","Female","40-64","e6","High",382691,18761,21676
"Medium","France",250,"2020-2024","NEU","Female","65+","e4","Low",357279,3465,4131
"Medium","France",250,"2020-2024","NEU","Female","65+","e5","Middle",157476,1692,2919
"Medium","France",250,"2020-2024","NEU","Female","65+","e6","High",117180,2377,3069
"Medium","France",250,"2020-2024","NEU","Male","0-19","e4","Low",251757,74821,40654
"Medium","France",250,"2020-2024","NEU","Male","0-19","e5","Middle",42527,27918,23004
"Medium","France",250,"2020-2024","NEU","Male","0-19","e6","High",2895,13276,15172
"Medium","France",250,"2020-2024","NEU","Male","20-39","e4","Low",228299,42578,11709
"Medium","France",250,"2020-2024","NEU","Male","20-39","e5","Middle",297561,39556,32446
"Medium","France",250,"2020-2024","NEU","Male","20-39","e6","High",326282,72753,69499
"Medium","France",250,"2020-2024","NEU","Male","40-64","e4","Low",417704,18794,9515
"Medium","France",250,"2020-2024","NEU","Male","40-64","e5","Middle",427247,12056,17167
"Medium","France",250,"2020-2024","NEU","Male","40-64","e6","High",373405,18210,23069
"Medium","France",250,"2020-2024","NEU","Male","65+","e4","Low",315034,2645,3208
"Medium","France",250,"2020-2024","NEU","Male","65+","e5","Middle",167786,1513,3361
"Medium","France",250,"2020-2024","NEU","Male","65+","e6","High",150655,2651,3764
"Medium","France",250,"2025-2029","EU","Female","0-19","e4","Low",62289,2739,1184
"Medium","France",250,"2025-2029","EU","Female","0-19","e5","Middle",11913,5215,3077
"Medium","France",250,"2025-2029","EU","Female","0-19","e6","High",759,3495,2654
"Medium","France",250,"2025-2029","EU","Female","20-39","e4","Low",28714,867,141
"Medium","France",250,"2025-2029","EU","Female","20-39","e5","Middle",50122,5539,3148
"Medium","France",250,"2025-2029","EU","Female","20-39","e6","High",93819,25824,20546
"Medium","France",250,"2025-2029","EU","Female","40-64","e4","Low",101247,1982,845
"Medium","France",250,"2025-2029","EU","Female","40-64","e5","Middle",116087,4235,4947
"Medium","France",250,"2025-2029","EU","Female","40-64","e6","High",137005,12465,14195
"Medium","France",250,"2025-2029","EU","Female","65+","e4","Low",214837,1007,1038
"Medium","France",250,"2025-2029","EU","Female","65+","e5","Middle",91792,1439,2217
"Medium","France",250,"2025-2029","EU","Female","65+","e6","High",61940,2961,3435
"Medium","France",250,"2025-2029","EU","Male","0-19","e4","Low",65464,2723,1398
"Medium","France",250,"2025-2029","EU","Male","0-19","e5","Middle",11372,5037,3821
"Medium","France",250,"2025-2029","EU","Male","0-19","e6","High",678,1514,1622
"Medium","France",250,"2025-2029","EU","Male","20-39","e4","Low",40259,1527,400
"Medium","France",250,"2025-2029","EU","Male","20-39","e5","Middle",54170,5859,4590
"Medium","France",250,"2025-2029","EU","Male","20-39","e6","High",56460,16702,16186
"Medium","France",250,"2025-2029","EU","Male","40-64","e4","Low",110521,2325,1067
"Medium","France",250,"2025-2029","EU","Male","40-64","e5","Middle",127355,3949,5214
"Medium","France",250,"2025-2029","EU","Male","40-64","e6","High",90626,8650,10719
"Medium","France",250,"2025-2029","EU","Male","65+","e4","Low",136746,730,746
"Medium","France",250,"2025-2029","EU","Male","65+","e5","Middle",91022,1106,2130
"Medium","France",250,"2025-2029","EU","Male","65+","e6","High",54707,2259,2810
"Medium","France",250,"2025-2029","NAT","Female","0-19","e4","Low",4824139,691,305
"Medium","France",250,"2025-2029","NAT","Female","0-19","e5","Middle",1284711,1529,883
"Medium","France",250,"2025-2029","NAT","Female","0-19","e6","High",874309,1197,954
"Medium","France",250,"2025-2029","NAT","Female","20-39","e4","Low",484895,443,76
"Medium","France",250,"2025-2029","NAT","Female","20-39","e5","Middle",2443431,2715,1600
"Medium","France",250,"2025-2029","NAT","Female","20-39","e6","High",3605704,13138,10643
"Medium","France",250,"2025-2029","NAT","Female","40-64","e4","Low",1242207,931,378
"Medium","France",250,"2025-2029","NAT","Female","40-64","e5","Middle",3786828,3370,3900
"Medium","France",250,"2025-2029","NAT","Female","40-64","e6","High",3745701,12810,14662
"Medium","France",250,"2025-2029","NAT","Female","65+","e4","Low",3273943,365,380
"Medium","France",250,"2025-2029","NAT","Female","65+","e5","Middle",2623271,995,1552
"Medium","France",250,"2025-2029","NAT","Female","65+","e6","High",1256740,2235,2614
"Medium","France",250,"2025-2029","NAT","Male","0-19","e4","Low",5066680,671,358
"Medium","France",250,"2025-2029","NAT","Male","0-19","e5","Middle",1323769,1426,1085
"Medium","France",250,"2025-2029","NAT","Male","0-19","e6","High",911145,622,696
"Medium","France",250,"2025-2029","NAT","Male","20-39","e4","Low",724029,619,167
"Medium","France",250,"2025-2029","NAT","Male","20-39","e5","Middle",2969158,2475,1972
"Medium","France",250,"2025-2029","NAT","Male","20-39","e6","High",2912186,8774,8567
"Medium","France",250,"2025-2029","NAT","Male","40-64","e4","Low",1220853,971,429
"Medium","France",250,"2025-2029","NAT","Male","40-64","e5","Middle",4168664,3013,3941
"Medium","France",250,"2025-2029","NAT","Male","40-64","e6","High",3039353,8771,10978
"Medium","France",250,"2025-2029","NAT","Male","65+","e4","Low",1692495,207,213
"Medium","France",250,"2025-2029","NAT","Male","65+","e5","Middle",2473166,632,1235
"Medium","France",250,"2025-2029","NAT","Male","65+","e6","High",1218772,1218,1527
"Medium","France",250,"2025-2029","NEU","Female","0-19","e4","Low",162374,70250,26837
"Medium","France",250,"2025-2029","NEU","Female","0-19","e5","Middle",34442,39750,23339
"Medium","France",250,"2025-2029","NEU","Female","0-19","e6","High",2569,26746,20311
"Medium","France",250,"2025-2029","NEU","Female","20-39","e4","Low",208721,37125,5775
"Medium","France",250,"2025-2029","NEU","Female","20-39","e5","Middle",245455,44327,24891
"Medium","France",250,"2025-2029","NEU","Female","20-39","e6","High",386517,105919,83943
"Medium","France",250,"2025-2029","NEU","Female","40-64","e4","Low",501608,21028,7777
"Medium","France",250,"2025-2029","NEU","Female","40-64","e5","Middle",408490,13340,14411
"Medium","France",250,"2025-2029","NEU","Female","40-64","e6","High",439642,25224,28461
"Medium","France",250,"2025-2029","NEU","Female","65+","e4","Low",405384,4114,4152
"Medium","France",250,"2025-2029","NEU","Female","65+","e5","Middle",206481,2366,3626
"Medium","France",250,"2025-2029","NEU","Female","65+","e6","High",165408,3434,3977
"Medium","France",250,"2025-2029","NEU","Male","0-19","e4","Low",168639,68027,30528
"Medium","France",250,"2025-2029","NEU","Male","0-19","e5","Middle",29784,36244,27369
"Medium","France",250,"2025-2029","NEU","Male","0-19","e6","High",1975,15631,16741
"Medium","France",250,"2025-2029","NEU","Male","20-39","e4","Low",213889,39738,10244
"Medium","France",250,"2025-2029","NEU","Male","20-39","e5","Middle",254971,42151,32962
"Medium","France",250,"2025-2029","NEU","Male","20-39","e6","High",286923,83555,80712
"Medium","France",250,"2025-2029","NEU","Male","40-64","e4","Low",425357,20521,8719
"Medium","France",250,"2025-2029","NEU","Male","40-64","e5","Middle",430239,14122,17646
"Medium","France",250,"2025-2029","NEU","Male","40-64","e6","High",387614,22707,28064
"Medium","France",250,"2025-2029","NEU","Male","65+","e4","Low",311998,3152,3157
"Medium","France",250,"2025-2029","NEU","Male","65+","e5","Middle",207277,2121,4050
"Medium","France",250,"2025-2029","NEU","Male","65+","e6","High",197263,3577,4425
"Medium","France",250,"2030-2034","EU","Female","0-19","e4","Low",31684,1918,696
"Medium","France",250,"2030-2034","EU","Female","0-19","e5","Middle",10136,4826,2661
"Medium","France",250,"2030-2034","EU","Female","0-19","e6","High",655,2825,1960
"Medium","France",250,"2030-2034","EU","Female","20-39","e4","Low",23422,560,79
"Medium","France",250,"2030-2034","EU","Female","20-39","e5","Middle",43325,4584,2387
"Medium","France",250,"2030-2034","EU","Female","20-39","e6","High",93938,23497,18594
"Medium","France",250,"2030-2034","EU","Female","40-64","e4","Low",81732,1379,479
"Medium","France",250,"2030-2034","EU","Female","40-64","e5","Middle",98412,3485,3638
"Medium","France",250,"2030-2034","EU","Female","40-64","e6","High",142909,11908,13223
"Medium","France",250,"2030-2034","EU","Female","65+","e4","Low",199561,812,696
"Medium","France",250,"2030-2034","EU","Female","65+","e5","Middle",111363,1492,2186
"Medium","France",250,"2030-2034","EU","Female","65+","e6","High",77646,3274,3603
"Medium","France",250,"2030-2034","EU","Male","0-19","e4","Low",33428,1857,832
"Medium","France",250,"2030-2034","EU","Male","0-19","e5","Middle",9746,4708,3261
"Medium","France",250,"2030-2034","EU","Male","0-19","e6","High",598,1214,1187
"Medium","France",250,"2030-2034","EU","Male","20-39","e4","Low",35061,1039,257
"Medium","France",250,"2030-2034","EU","Male","20-39","e5","Middle",48768,5059,3791
"Medium","France",250,"2030-2034","EU","Male","20-39","e6","High",58129,14769,14435
"Medium","France",250,"2030-2034","EU","Male","40-64","e4","Low",95497,1738,688
"Medium","France",250,"2030-2034","EU","Male","40-64","e5","Middle",105960,3362,3874
"Medium","France",250,"2030-2034","EU","Male","40-64","e6","High",87551,8236,9894
"Medium","France",250,"2030-2034","EU","Male","65+","e4","Low",125955,650,544
"Medium","France",250,"2030-2034","EU","Male","65+","e5","Middle",107594,1131,1987
"Medium","France",250,"2030-2034","EU","Male","65+","e6","High",63698,2296,2654
"Medium","France",250,"2030-2034","NAT","Female","0-19","e4","Low",3182196,361,129
"Medium","France",250,"2030-2034","NAT","Female","0-19","e5","Middle",1828151,1355,721
"Medium","France",250,"2030-2034","NAT","Female","0-19","e6","High",1771462,1168,948
"Medium","France",250,"2030-2034","NAT","Female","20-39","e4","Low",431931,281,41
"Medium","France",250,"2030-2034","NAT","Female","20-39","e5","Middle",2251700,2190,1162
"Medium","France",250,"2030-2034","NAT","Female","20-39","e6","High",4029143,11575,9218
"Medium","France",250,"2030-2034","NAT","Female","40-64","e4","Low",954693,741,249
"Medium","France",250,"2030-2034","NAT","Female","40-64","e5","Middle",3515523,3042,3192
"Medium","France",250,"2030-2034","NAT","Female","40-64","e6","High",4108241,12572,14077
"Medium","France",250,"2030-2034","NAT","Female","65+","e4","Low",2937284,329,282
"Medium","France",250,"2030-2034","NAT","Female","65+","e5","Middle",3169844,1102,1616
"Medium","France",250,"2030-2034","NAT","Female","65+","e6","High",1631641,2635,2899
"Medium","France",250,"2030-2034","NAT","Male","0-19","e4","Low",3349065,352,156
"Medium","France",250,"2030-2034","NAT","Male","0-19","e5","Middle",1891883,1317,914
"Medium","France",250,"2030-2034","NAT","Male","0-19","e6","High",1853917,652,738
"Medium","France",250,"2030-2034","NAT","Male","20-39","e4","Low",702675,421,106
"Medium","France",250,"2030-2034","NAT","Male","20-39","e5","Middle",2882806,2155,1625
"Medium","France",250,"2030-2034","NAT","Male","20-39","e6","High",3322235,7577,7406
"Medium","France",250,"2030-2034","NAT","Male","40-64","e4","Low",1040732,827,321
"Medium","France",250,"2030-2034","NAT","Male","40-64","e5","Middle",3931288,2814,3274
"Medium","France",250,"2030-2034","NAT","Male","40-64","e6","High",3260178,8767,10609
"Medium","France",250,"2030-2034","NAT","Male","65+","e4","Low",1540299,215,179
"Medium","France",250,"2030-2034","NAT","Male","65+","e5","Middle",2920103,777,1365
"Medium","France",250,"2030-2034","NAT","Male","65+","e6","High",1476981,1507,1736
"Medium","France",250,"2030-2034","NEU","Female","0-19","e4","Low",107993,60790,15964
"Medium","France",250,"2030-2034","NEU","Female","0-19","e5","Middle",34013,47704,26220
"Medium","France",250,"2030-2034","NEU","Female","0-19","e6","High",2413,30929,21458
"Medium","France",250,"2030-2034","NEU","Female","20-39","e4","Low",160685,34397,4667
"Medium","France",250,"2030-2034","NEU","Female","20-39","e5","Middle",212906,47453,24337
"Medium","France",250,"2030-2034","NEU","Female","20-39","e6","High",360649,119820,94428
"Medium","France",250,"2030-2034","NEU","Female","40-64","e4","Low",494837,21733,6555
"Medium","France",250,"2030-2034","NEU","Female","40-64","e5","Middle",415090,15464,14495
"Medium","France",250,"2030-2034","NEU","Female","40-64","e6","High",499872,32789,35296
"Medium","France",250,"2030-2034","NEU","Female","65+","e4","Low",442412,4519,3779
"Medium","France",250,"2030-2034","NEU","Female","65+","e5","Middle",254523,2912,4256
"Medium","France",250,"2030-2034","NEU","Female","65+","e6","High",212985,4498,4939
"Medium","France",250,"2030-2034","NEU","Male","0-19","e4","Low",111494,57809,18882
"Medium","France",250,"2030-2034","NEU","Male","0-19","e5","Middle",29378,44309,30619
"Medium","France",250,"2030-2034","NEU","Male","0-19","e6","High",1855,17835,17450
"Medium","France",250,"2030-2034","NEU","Male","20-39","e4","Low",175831,36474,8889
"Medium","France",250,"2030-2034","NEU","Male","20-39","e5","Middle",221307,45017,33553
"Medium","France",250,"2030-2034","NEU","Male","20-39","e6","High",257192,94261,91757
"Medium","France",250,"2030-2034","NEU","Male","40-64","e4","Low",427294,21522,7896
"Medium","France",250,"2030-2034","NEU","Male","40-64","e5","Middle",418543,16326,17391
"Medium","France",250,"2030-2034","NEU","Male","40-64","e6","High",401964,27794,32797
"Medium","France",250,"2030-2034","NEU","Male","65+","e4","Low",306870,3579,2943
"Medium","France",250,"2030-2034","NEU","Male","65+","e5","Middle",245232,2594,4533
"Medium","France",250,"2030-2034","NEU","Male","65+","e6","High",239124,4441,5111
"Medium","France",250,"2035-2039","EU","Female","0-19","e4","Low",9734,1387,507
"Medium","France",250,"2035-2039","EU","Female","0-19","e5","Middle",5899,4027,2038
"Medium","France",250,"2035-2039","EU","Female","0-19","e6","High",349,2546,1592
"Medium","France",250,"2035-2039","EU","Female","20-39","e4","Low",18981,346,44
"Medium","France",250,"2035-2039","EU","Female","20-39","e5","Middle",37331,3630,1732
"Medium","France",250,"2035-2039","EU","Female","20-39","e6","High",94401,20795,16335
"Medium","France",250,"2035-2039","EU","Female","40-64","e4","Low",65113,932,275
"Medium","France",250,"2035-2039","EU","Female","40-64","e5","Middle",78615,2883,2572
"Medium","France",250,"2035-2039","EU","Female","40-64","e6","High",146575,11267,11924
"Medium","France",250,"2035-2039","EU","Female","65+","e4","Low",181919,664,440
"Medium","France",250,"2035-2039","EU","Female","65+","e5","Middle",126601,1370,2020
"Medium","France",250,"2035-2039","EU","Female","65+","e6","High",93622,3267,3768
"Medium","France",250,"2035-2039","EU","Male","0-19","e4","Low",10182,1334,605
"Medium","France",250,"2035-2039","EU","Male","0-19","e5","Middle",5576,3978,2529
"Medium","France",250,"2035-2039","EU","Male","0-19","e6","High",323,1084,961
"Medium","France",250,"2035-2039","EU","Male","20-39","e4","Low",31590,683,163
"Medium","France",250,"2035-2039","EU","Male","20-39","e5","Middle",43038,4178,2996
"Medium","France",250,"2035-2039","EU","Male","20-39","e6","High",60272,12775,12509
"Medium","France",250,"2035-2039","EU","Male","40-64","e4","Low",79492,1252,439
"Medium","France",250,"2035-2039","EU","Male","40-64","e5","Middle",86054,2893,2852
"Medium","France",250,"2035-2039","EU","Male","40-64","e6","High",84574,7679,8820
"Medium","France",250,"2035-2039","EU","Male","65+","e4","Low",116103,606,404
"Medium","France",250,"2035-2039","EU","Male","65+","e5","Middle",117881,1052,1769
"Medium","France",250,"2035-2039","EU","Male","65+","e6","High",71182,2196,2652
"Medium","France",250,"2035-2039","NAT","Female","0-19","e4","Low",1584411,291,110
"Medium","France",250,"2035-2039","NAT","Female","0-19","e5","Middle",2280732,971,474
"Medium","France",250,"2035-2039","NAT","Female","0-19","e6","High",2767028,867,675
"Medium","France",250,"2035-2039","NAT","Female","20-39","e4","Low",377672,183,24
"Medium","France",250,"2035-2039","NAT","Female","20-39","e5","Middle",2147638,1836,891
"Medium","France",250,"2035-2039","NAT","Female","20-39","e6","High",4469490,10860,8669
"Medium","France",250,"2035-2039","NAT","Female","40-64","e4","Low",776086,547,157
"Medium","France",250,"2035-2039","NAT","Female","40-64","e5","Middle",3071447,2577,2366
"Medium","France",250,"2035-2039","NAT","Female","40-64","e6","High",4428026,11843,12784
"Medium","France",250,"2035-2039","NAT","Female","65+","e4","Low",2568392,322,213
"Medium","France",250,"2035-2039","NAT","Female","65+","e5","Middle",3658890,1217,1794
"Medium","France",250,"2035-2039","NAT","Female","65+","e6","High",2082621,3205,3700
"Medium","France",250,"2035-2039","NAT","Male","0-19","e4","Low",1680136,275,131
"Medium","France",250,"2035-2039","NAT","Male","0-19","e5","Middle",2368310,927,591
"Medium","France",250,"2035-2039","NAT","Male","0-19","e6","High",2901628,496,541
"Medium","France",250,"2035-2039","NAT","Male","20-39","e4","Low",675874,302,73
"Medium","France",250,"2035-2039","NAT","Male","20-39","e5","Middle",2853124,1957,1423
"Medium","France",250,"2035-2039","NAT","Male","20-39","e6","High",3740376,7115,7053
"Medium","France",250,"2035-2039","NAT","Male","40-64","e4","Low",923336,643,223
"Medium","France",250,"2035-2039","NAT","Male","40-64","e5","Middle",3573043,2445,2487
"Medium","France",250,"2035-2039","NAT","Male","40-64","e6","High",3460513,8180,9544
"Medium","France",250,"2035-2039","NAT","Male","65+","e4","Low",1382613,251,166
"Medium","France",250,"2035-2039","NAT","Male","65+","e5","Middle",3283961,936,1571
"Medium","France",250,"2035-2039","NAT","Male","65+","e6","High",1779358,1987,2405
"Medium","France",250,"2035-2039","NEU","Female","0-19","e4","Low",67141,58373,14966
"Medium","France",250,"2035-2039","NEU","Female","0-19","e5","Middle",31030,49296,25063
"Medium","France",250,"2035-2039","NEU","Female","0-19","e6","High",1870,32645,20409
"Medium","France",250,"2035-2039","NEU","Female","20-39","e4","Low",132612,32151,3875
"Medium","France",250,"2035-2039","NEU","Female","20-39","e5","Middle",187516,51130,23696
"Medium","France",250,"2035-2039","NEU","Female","20-39","e6","High",349897,136438,105521
"Medium","France",250,"2035-2039","NEU","Female","40-64","e4","Low",470241,21766,5579
"Medium","France",250,"2035-2039","NEU","Female","40-64","e5","Middle",418733,17669,14313
"Medium","France",250,"2035-2039","NEU","Female","40-64","e6","High",553448,40702,41311
"Medium","France",250,"2035-2039","NEU","Female","65+","e4","Low",471310,4956,3177
"Medium","France",250,"2035-2039","NEU","Female","65+","e5","Middle",295076,3149,4636
"Medium","France",250,"2035-2039","NEU","Female","65+","e6","High",257072,5381,6219
"Medium","France",250,"2035-2039","NEU","Male","0-19","e4","Low",67377,55133,17618
"Medium","France",250,"2035-2039","NEU","Male","0-19","e5","Middle",27083,46011,29340
"Medium","France",250,"2035-2039","NEU","Male","0-19","e6","High",1451,18737,16610
"Medium","France",250,"2035-2039","NEU","Male","20-39","e4","Low",147134,33534,7773
"Medium","France",250,"2035-2039","NEU","Male","20-39","e5","Middle",191554,48530,34130
"Medium","France",250,"2035-2039","NEU","Male","20-39","e6","High",233024,106155,102185
"Medium","France",250,"2035-2039","NEU","Male","40-64","e4","Low",414136,21788,7133
"Medium","France",250,"2035-2039","NEU","Male","40-64","e5","Middle",408998,18526,17001
"Medium","France",250,"2035-2039","NEU","Male","40-64","e6","High",415001,33757,37618
"Medium","France",250,"2035-2039","NEU","Male","65+","e4","Low",306028,4057,2652
"Medium","France",250,"2035-2039","NEU","Male","65+","e5","Middle",275610,2864,4789
"Medium","France",250,"2035-2039","NEU","Male","65+","e6","High",269909,5076,6140
"Medium","France",250,"2040-2044","EU","Female","0-19","e4","Low",1190,0,0
"Medium","France",250,"2040-2044","EU","Female","0-19","e5","Middle",1121,0,0
"Medium","France",250,"2040-2044","EU","Female","0-19","e6","High",15,0,0
"Medium","France",250,"2040-2044","EU","Female","20-39","e4","Low",14627,0,0
"Medium","France",250,"2040-2044","EU","Female","20-39","e5","Middle",27089,0,0
"Medium","France",250,"2040-2044","EU","Female","20-39","e6","High",90107,0,0
"Medium","France",250,"2040-2044","EU","Female","40-64","e4","Low",52504,0,0
"Medium","France",250,"2040-2044","EU","Female","40-64","e5","Middle",65075,0,0
"Medium","France",250,"2040-2044","EU","Female","40-64","e6","High",149158,0,0
"Medium","France",250,"2040-2044","EU","Female","65+","e4","Low",160860,0,0
"Medium","France",250,"2040-2044","EU","Female","65+","e5","Middle",131861,0,0
"Medium","France",250,"2040-2044","EU","Female","65+","e6","High",107804,0,0
"Medium","France",250,"2040-2044","EU","Male","0-19","e4","Low",1043,0,0
"Medium","France",250,"2040-2044","EU","Male","0-19","e5","Middle",925,0,0
"Medium","France",250,"2040-2044","EU","Male","0-19","e6","High",14,0,0
"Medium","France",250,"2040-2044","EU","Male","20-39","e4","Low",26356,0,0
"Medium","France",250,"2040-2044","EU","Male","20-39","e5","Middle",33566,0,0
"Medium","France",250,"2040-2044","EU","Male","20-39","e6","High",58749,0,0
"Medium","France",250,"2040-2044","EU","Male","40-64","e4","Low",66371,0,0
"Medium","France",250,"2040-2044","EU","Male","40-64","e5","Middle",71962,0,0
"Medium","France",250,"2040-2044","EU","Male","40-64","e6","High",82187,0,0
"Medium","France",250,"2040-2044","EU","Male","65+","e4","Low",105487,0,0
"Medium","France",250,"2040-2044","EU","Male","65+","e5","Middle",118821,0,0
"Medium","France",250,"2040-2044","EU","Male","65+","e6","High",75964,0,0
"Medium","France",250,"2040-2044","NAT","Female","0-19","e4","Low",1507414,0,0
"Medium","France",250,"2040-2044","NAT","Female","0-19","e5","Middle",2146785,0,0
"Medium","France",250,"2040-2044","NAT","Female","0-19","e6","High",3051816,0,0
"Medium","France",250,"2040-2044","NAT","Female","20-39","e4","Low",333912,0,0
"Medium","France",250,"2040-2044","NAT","Female","20-39","e5","Middle",1956931,0,0
"Medium","France",250,"2040-2044","NAT","Female","20-39","e6","High",4790107,0,0
"Medium","France",250,"2040-2044","NAT","Female","40-64","e4","Low",645394,0,0
"Medium","France",250,"2040-2044","NAT","Female","40-64","e5","Middle",2696181,0,0
"Medium","France",250,"2040-2044","NAT","Female","40-64","e6","High",4664320,0,0
"Medium","France",250,"2040-2044","NAT","Female","65+","e4","Low",2196791,0,0
"Medium","France",250,"2040-2044","NAT","Female","65+","e5","Middle",3986963,0,0
"Medium","France",250,"2040-2044","NAT","Female","65+","e6","High",2675270,0,0
"Medium","France",250,"2040-2044","NAT","Male","0-19","e4","Low",1605191,0,0
"Medium","France",250,"2040-2044","NAT","Male","0-19","e5","Middle",2232586,0,0
"Medium","France",250,"2040-2044","NAT","Male","0-19","e6","High",3203943,0,0
"Medium","France",250,"2040-2044","NAT","Male","20-39","e4","Low",640474,0,0
"Medium","France",250,"2040-2044","NAT","Male","20-39","e5","Middle",2690107,0,0
"Medium","France",250,"2040-2044","NAT","Male","20-39","e6","High",4040955,0,0
"Medium","France",250,"2040-2044","NAT","Male","40-64","e4","Low",838855,0,0
"Medium","France",250,"2040-2044","NAT","Male","40-64","e5","Middle",3291505,0,0
"Medium","France",250,"2040-2044","NAT","Male","40-64","e6","High",3631219,0,0
"Medium","France",250,"2040-2044","NAT","Male","65+","e4","Low",1227854,0,0
"Medium","France",250,"2040-2044","NAT","Male","65+","e5","Middle",3521666,0,0
"Medium","France",250,"2040-2044","NAT","Male","65+","e6","High",2173553,0,0
"Medium","France",250,"2040-2044","NEU","Female","0-19","e4","Low",50335,0,0
"Medium","France",250,"2040-2044","NEU","Female","0-19","e5","Middle",20708,0,0
"Medium","France",250,"2040-2044","NEU","Female","0-19","e6","High",812,0,0
"Medium","France",250,"2040-2044","NEU","Female","20-39","e4","Low",109601,0,0
"Medium","France",250,"2040-2044","NEU","Female","20-39","e5","Middle",169924,0,0
"Medium","France",250,"2040-2044","NEU","Female","20-39","e6","High",349409,0,0
"Medium","France",250,"2040-2044","NEU","Female","40-64","e4","Low",428969,0,0
"Medium","France",250,"2040-2044","NEU","Female","40-64","e5","Middle",402060,0,0
"Medium","France",250,"2040-2044","NEU","Female","40-64","e6","High",589662,0,0
"Medium","France",250,"2040-2044","NEU","Female","65+","e4","Low",503540,0,0
"Medium","France",250,"2040-2044","NEU","Female","65+","e5","Middle",339824,0,0
"Medium","France",250,"2040-2044","NEU","Female","65+","e6","High",308815,0,0
"Medium","France",250,"2040-2044","NEU","Male","0-19","e4","Low",47662,0,0
"Medium","France",250,"2040-2044","NEU","Male","0-19","e5","Middle",17065,0,0
"Medium","France",250,"2040-2044","NEU","Male","0-19","e6","High",613,0,0
"Medium","France",250,"2040-2044","NEU","Male","20-39","e4","Low",119972,0,0
"Medium","France",250,"2040-2044","NEU","Male","20-39","e5","Middle",165700,0,0
"Medium","France",250,"2040-2044","NEU","Male","20-39","e6","High",212392,0,0
"Medium","France",250,"2040-2044","NEU","Male","40-64","e4","Low",385734,0,0
"Medium","France",250,"2040-2044","NEU","Male","40-64","e5","Middle",383375,0,0
"Medium","France",250,"2040-2044","NEU","Male","40-64","e6","High",419151,0,0
"Medium","France",250,"2040-2044","NEU","Male","65+","e4","Low",317943,0,0
"Medium","France",250,"2040-2044","NEU","Male","65+","e5","Middle",309651,0,0
"Medium","France",250,"2040-2044","NEU","Male","65+","e6","High",299471,0,0
"Medium","Germany",276,"2020-2024","EU","Female","0-19","e4","Low",215939,24150,9283
"Medium","Germany",276,"2020-2024","EU","Female","0-19","e5","Middle",8260,14903,5563
"Medium","Germany",276,"2020-2024","EU","Female","0-19","e6","High",1211,9958,3560
"Medium","Germany",276,"2020-2024","EU","Female","20-39","e4","Low",193509,4647,1026
"Medium","Germany",276,"2020-2024","EU","Female","20-39","e5","Middle",158220,24933,12256
"Medium","Germany",276,"2020-2024","EU","Female","20-39","e6","High",334639,67715,45540
"Medium","Germany",276,"2020-2024","EU","Female","40-64","e4","Low",304947,6750,2244
"Medium","Germany",276,"2020-2024","EU","Female","40-64","e5","Middle",250537,20820,15211
"Medium","Germany",276,"2020-2024","EU","Female","40-64","e6","High",550667,21026,24153
"Medium","Germany",276,"2020-2024","EU","Female","65+","e4","Low",516969,2791,1582
"Medium","Germany",276,"2020-2024","EU","Female","65+","e5","Middle",388291,4518,4741
"Medium","Germany",276,"2020-2024","EU","Female","65+","e6","High",392785,3742,4295
"Medium","Germany",276,"2020-2024","EU","Male","0-19","e4","Low",235593,27543,10698
"Medium","Germany",276,"2020-2024","EU","Male","0-19","e5","Middle",7203,15255,6964
"Medium","Germany",276,"2020-2024","EU","Male","0-19","e6","High",1218,6275,1622
"Medium","Germany",276,"2020-2024","EU","Male","20-39","e4","Low",248745,7439,1834
"Medium","Germany",276,"2020-2024","EU","Male","20-39","e5","Middle",187468,28680,19058
"Medium","Germany",276,"2020-2024","EU","Male","20-39","e6","High",279253,59862,40050
"Medium","Germany",276,"2020-2024","EU","Male","40-64","e4","Low",331144,6716,1870
"Medium","Germany",276,"2020-2024","EU","Male","40-64","e5","Middle",277435,19351,17217
"Medium","Germany",276,"2020-2024","EU","Male","40-64","e6","High",463906,22948,24839
"Medium","Germany",276,"2020-2024","EU","Male","65+","e4","Low",198220,1764,543
"Medium","Germany",276,"2020-2024","EU","Male","65+","e5","Middle",305980,3612,4548
"Medium","Germany",276,"2020-2024","EU","Male","65+","e6","High",418843,4834,6170
"Medium","Germany",276,"2020-2024","NAT","Female","0-19","e4","Low",6393138,4077,1494
"Medium","Germany",276,"2020-2024","NAT","Female","0-19","e5","Middle",333835,3964,1420
"Medium","Germany",276,"2020-2024","NAT","Female","0-19","e6","High",34816,3126,1118
"Medium","Germany",276,"2020-2024","NAT","Female","20-39","e4","Low",867199,3356,769
"Medium","Germany",276,"2020-2024","NAT","Female","20-39","e5","Middle",2322299,8938,4422
"Medium","Germany",276,"2020-2024","NAT","Female","20-39","e6","High",4390335,29538,20553
"Medium","Germany",276,"2020-2024","NAT","Female","40-64","e4","Low",1394108,5308,1671
"Medium","Germany",276,"2020-2024","NAT","Female","40-64","e5","Middle",3951579,8413,6003
"Medium","Germany",276,"2020-2024","NAT","Female","40-64","e6","High",6154457,18073,20474
"Medium","Germany",276,"2020-2024","NAT","Female","65+","e4","Low",2324452,1455,835
"Medium","Germany",276,"2020-2024","NAT","Female","65+","e5","Middle",3164553,1847,1981
"Medium","Germany",276,"2020-2024","NAT","Female","65+","e6","High",2764984,2594,2925
"Medium","Germany",276,"2020-2024","NAT","Male","0-19","e4","Low",6863116,4786,1796
"Medium","Germany",276,"2020-2024","NAT","Male","0-19","e5","Middle",295884,3924,1687
"Medium","Germany",276,"2020-2024","NAT","Male","0-19","e6","High",20007,2396,619
"Medium","Germany",276,"2020-2024","NAT","Male","20-39","e4","Low",1130558,4240,1066
"Medium","Germany",276,"2020-2024","NAT","Male","20-39","e5","Middle",3100698,8098,5399
"Medium","Germany",276,"2020-2024","NAT","Male","20-39","e6","High",3917898,26627,18427
"Medium","Germany",276,"2020-2024","NAT","Male","40-64","e4","Low",1167425,5056,1377
"Medium","Germany",276,"2020-2024","NAT","Male","40-64","e5","Middle",4292160,6617,5752
"Medium","Germany",276,"2020-2024","NAT","Male","40-64","e6","High",6183973,21496,22778
"Medium","Germany",276,"2020-2024","NAT","Male","65+","e4","Low",735428,994,308
"Medium","Germany",276,"2020-2024","NAT","Male","65+","e5","Middle",2517217,1267,1627
"Medium","Germany",276,"2020-2024","NAT","Male","65+","e6","High",3243218,3231,4120
"Medium","Germany",276,"2020-2024","NEU","Female","0-19","e4","Low",427476,103403,36614
"Medium","Germany",276,"2020-2024","NEU","Female","0-19","e5","Middle",21648,39184,12909
"Medium","Germany",276,"2020-2024","NEU","Female","0-19","e6","High",2966,18485,6609
"Medium","Germany",276,"2020-2024","NEU","Female","20-39","e4","Low",501853,41619,8707
"Medium","Germany",276,"2020-2024","NEU","Female","20-39","e5","Middle",347605,56719,27578
"Medium","Germany",276,"2020-2024","NEU","Female","20-39","e6","High",761470,91569,61047
"Medium","Germany",276,"2020-2024","NEU","Female","40-64","e4","Low",910504,23041,7154
"Medium","Germany",276,"2020-2024","NEU","Female","40-64","e5","Middle",331516,25842,18781
"Medium","Germany",276,"2020-2024","NEU","Female","40-64","e6","High",778283,24566,28369
"Medium","Germany",276,"2020-2024","NEU","Female","65+","e4","Low",379395,3340,1858
"Medium","Germany",276,"2020-2024","NEU","Female","65+","e5","Middle",100775,4783,5008
"Medium","Germany",276,"2020-2024","NEU","Female","65+","e6","High",207652,3863,4461
"Medium","Germany",276,"2020-2024","NEU","Male","0-19","e4","Low",472308,109503,40221
"Medium","Germany",276,"2020-2024","NEU","Male","0-19","e5","Middle",15732,37965,14544
"Medium","Germany",276,"2020-2024","NEU","Male","0-19","e6","High",2351,19734,5102
"Medium","Germany",276,"2020-2024","NEU","Male","20-39","e4","Low",607557,47038,11230
"Medium","Germany",276,"2020-2024","NEU","Male","20-39","e5","Middle",440235,53711,35554
"Medium","Germany",276,"2020-2024","NEU","Male","20-39","e6","High",649779,103306,67672
"Medium","Germany",276,"2020-2024","NEU","Male","40-64","e4","Low",863846,21400,5835
"Medium","Germany",276,"2020-2024","NEU","Male","40-64","e5","Middle",405518,21446,18852
"Medium","Germany",276,"2020-2024","NEU","Male","40-64","e6","High",664266,31464,34104
"Medium","Germany",276,"2020-2024","NEU","Male","65+","e4","Low",248179,2532,771
"Medium","Germany",276,"2020-2024","NEU","Male","65+","e5","Middle",103966,2696,3380
"Medium","Germany",276,"2020-2024","NEU","Male","65+","e6","High",188456,4725,6033
"Medium","Germany",276,"2025-2029","EU","Female","0-19","e4","Low",154310,14125,5483
"Medium","Germany",276,"2025-2029","EU","Female","0-19","e5","Middle",11532,15364,5612
"Medium","Germany",276,"2025-2029","EU","Female","0-19","e6","High",1304,9556,3122
"Medium","Germany",276,"2025-2029","EU","Female","20-39","e4","Low",160712,2977,548
"Medium","Germany",276,"2025-2029","EU","Female","20-39","e5","Middle",130081,20314,8872
"Medium","Germany",276,"2025-2029","EU","Female","20-39","e6","High",290400,61387,39450
"Medium","Germany",276,"2025-2029","EU","Female","40-64","e4","Low",303928,5286,1596
"Medium","Germany",276,"2025-2029","EU","Female","40-64","e5","Middle",258590,18213,11929
"Medium","Germany",276,"2025-2029","EU","Female","40-64","e6","High",590662,21940,23410
"Medium","Germany",276,"2025-2029","EU","Female","65+","e4","Low",390354,2448,1191
"Medium","Germany",276,"2025-2029","EU","Female","65+","e5","Middle",339475,5216,5033
"Medium","Germany",276,"2025-2029","EU","Female","65+","e6","High",398692,4303,5554
"Medium","Germany",276,"2025-2029","EU","Male","0-19","e4","Low",170096,16539,6476
"Medium","Germany",276,"2025-2029","EU","Male","0-19","e5","Middle",10005,15864,6752
"Medium","Germany",276,"2025-2029","EU","Male","0-19","e6","High",1305,5870,1357
"Medium","Germany",276,"2025-2029","EU","Male","20-39","e4","Low",210366,4893,1118
"Medium","Germany",276,"2025-2029","EU","Male","20-39","e5","Middle",153038,24351,14616
"Medium","Germany",276,"2025-2029","EU","Male","20-39","e6","High",235526,53419,33768
"Medium","Germany",276,"2025-2029","EU","Male","40-64","e4","Low",345986,5748,1538
"Medium","Germany",276,"2025-2029","EU","Male","40-64","e5","Middle",284938,17380,13931
"Medium","Germany",276,"2025-2029","EU","Male","40-64","e6","High",487956,23069,22548
"Medium","Germany",276,"2025-2029","EU","Male","65+","e4","Low",167558,1593,490
"Medium","Germany",276,"2025-2029","EU","Male","65+","e5","Middle",252252,4147,4887
"Medium","Germany",276,"2025-2029","EU","Male","65+","e6","High",386145,5096,6607
"Medium","Germany",276,"2025-2029","NAT","Female","0-19","e4","Low",5069837,2668,1023
"Medium","Germany",276,"2025-2029","NAT","Female","0-19","e5","Middle",754548,3155,1043
"Medium","Germany",276,"2025-2029","NAT","Female","0-19","e6","High",1081915,2766,958
"Medium","Germany",276,"2025-2029","NAT","Female","20-39","e4","Low",831888,2317,455
"Medium","Germany",276,"2025-2029","NAT","Female","20-39","e5","Middle",2085015,8493,3776
"Medium","Germany",276,"2025-2029","NAT","Female","20-39","e6","High",4502558,28107,18736
"Medium","Germany",276,"2025-2029","NAT","Female","40-64","e4","Low",1204333,4799,1421
"Medium","Germany",276,"2025-2029","NAT","Female","40-64","e5","Middle",3477800,8894,5870
"Medium","Germany",276,"2025-2029","NAT","Female","40-64","e6","High",6129499,20214,21803
"Medium","Germany",276,"2025-2029","NAT","Female","65+","e4","Low",1948282,1306,640
"Medium","Germany",276,"2025-2029","NAT","Female","65+","e5","Middle",3490407,1909,1862
"Medium","Germany",276,"2025-2029","NAT","Female","65+","e6","High",3516615,3003,3872
"Medium","Germany",276,"2025-2029","NAT","Male","0-19","e4","Low",5424993,3162,1232
"Medium","Germany",276,"2025-2029","NAT","Male","0-19","e5","Middle",734508,3215,1259
"Medium","Germany",276,"2025-2029","NAT","Male","0-19","e6","High",1125591,2217,579
"Medium","Germany",276,"2025-2029","NAT","Male","20-39","e4","Low",1148364,3121,737
"Medium","Germany",276,"2025-2029","NAT","Male","20-39","e5","Middle",2895524,8279,5022
"Medium","Germany",276,"2025-2029","NAT","Male","20-39","e6","High",3975950,25538,16730
"Medium","Germany",276,"2025-2029","NAT","Male","40-64","e4","Low",1103668,4707,1249
"Medium","Germany",276,"2025-2029","NAT","Male","40-64","e5","Middle",3925014,7211,5827
"Medium","Germany",276,"2025-2029","NAT","Male","40-64","e6","High",5980045,23694,23497
"Medium","Germany",276,"2025-2029","NAT","Male","65+","e4","Low",694646,902,277
"Medium","Germany",276,"2025-2029","NAT","Male","65+","e5","Middle",2739588,1367,1625
"Medium","Germany",276,"2025-2029","NAT","Male","65+","e6","High",3772064,3729,4842
"Medium","Germany",276,"2025-2029","NEU","Female","0-19","e4","Low",336770,98622,31359
"Medium","Germany",276,"2025-2029","NEU","Female","0-19","e5","Middle",36027,52802,17436
"Medium","Germany",276,"2025-2029","NEU","Female","0-19","e6","High",3302,22930,7491
"Medium","Germany",276,"2025-2029","NEU","Female","20-39","e4","Low",390554,40072,6861
"Medium","Germany",276,"2025-2029","NEU","Female","20-39","e5","Middle",295737,63082,27159
"Medium","Germany",276,"2025-2029","NEU","Female","20-39","e6","High",655648,108217,68892
"Medium","Germany",276,"2025-2029","NEU","Female","40-64","e4","Low",960241,25946,7436
"Medium","Germany",276,"2025-2029","NEU","Female","40-64","e5","Middle",387392,29640,18976
"Medium","Germany",276,"2025-2029","NEU","Female","40-64","e6","High",932069,30370,32536
"Medium","Germany",276,"2025-2029","NEU","Female","65+","e4","Low",422482,4485,2144
"Medium","Germany",276,"2025-2029","NEU","Female","65+","e5","Middle",130562,6685,6435
"Medium","Germany",276,"2025-2029","NEU","Female","65+","e6","High",280951,5661,7311
"Medium","Germany",276,"2025-2029","NEU","Male","0-19","e4","Low",370146,104289,34635
"Medium","Germany",276,"2025-2029","NEU","Male","0-19","e5","Middle",28813,51789,19204
"Medium","Germany",276,"2025-2029","NEU","Male","0-19","e6","High",2588,23547,5444
"Medium","Germany",276,"2025-2029","NEU","Male","20-39","e4","Low",500523,45409,9806
"Medium","Germany",276,"2025-2029","NEU","Male","20-39","e5","Middle",358957,59628,35595
"Medium","Germany",276,"2025-2029","NEU","Male","20-39","e6","High",605696,121966,75371
"Medium","Germany",276,"2025-2029","NEU","Male","40-64","e4","Low",912171,24337,6418
"Medium","Germany",276,"2025-2029","NEU","Male","40-64","e5","Middle",459527,25309,19834
"Medium","Germany",276,"2025-2029","NEU","Male","40-64","e6","High",782365,37651,36880
"Medium","Germany",276,"2025-2029","NEU","Male","65+","e4","Low",281286,3423,1056
"Medium","Germany",276,"2025-2029","NEU","Male","65+","e5","Middle",129631,3985,4669
"Medium","Germany",276,"2025-2029","NEU","Male","65+","e6","High",240395,6524,8441
"Medium","Germany",276,"2030-2034","EU","Female","0-19","e4","Low",79713,10349,4260
"Medium","Germany",276,"2030-2034","EU","Female","0-19","e5","Middle",9436,15015,5540
"Medium","Germany",276,"2030-2034","EU","Female","0-19","e6","High",923,8507,2735
"Medium","Germany",276,"2030-2034","EU","Female","20-39","e4","Low",145852,1974,278
"Medium","Germany",276,"2030-2034","EU","Female","20-39","e5","Middle",112192,17386,6591
"Medium","Germany",276,"2030-2034","EU","Female","20-39","e6","High",253053,58184,34954
"Medium","Germany",276,"2030-2034","EU","Female","40-64","e4","Low",298325,4082,1115
"Medium","Germany",276,"2030-2034","EU","Female","40-64","e5","Middle",259421,16322,9321
"Medium","Germany",276,"2030-2034","EU","Female","40-64","e6","High",606161,23380,23147
"Medium","Germany",276,"2030-2034","EU","Female","65+","e4","Low",314204,1978,883
"Medium","Germany",276,"2030-2034","EU","Female","65+","e5","Middle",290389,5225,4886
"Medium","Germany",276,"2030-2034","EU","Female","65+","e6","High",404116,4476,6256
"Medium","Germany",276,"2030-2034","EU","Male","0-19","e4","Low",88678,12157,5075
"Medium","Germany",276,"2030-2034","EU","Male","0-19","e5","Middle",8488,15618,6578
"Medium","Germany",276,"2030-2034","EU","Male","0-19","e6","High",936,5116,1150
"Medium","Germany",276,"2030-2034","EU","Male","20-39","e4","Low",189079,3309,629
"Medium","Germany",276,"2030-2034","EU","Male","20-39","e5","Middle",131166,21638,11538
"Medium","Germany",276,"2030-2034","EU","Male","20-39","e6","High",198138,49073,28430
"Medium","Germany",276,"2030-2034","EU","Male","40-64","e4","Low",355419,4758,1256
"Medium","Germany",276,"2030-2034","EU","Male","40-64","e5","Middle",290301,15891,11231
"Medium","Germany",276,"2030-2034","EU","Male","40-64","e6","High",499405,24363,21609
"Medium","Germany",276,"2030-2034","EU","Male","65+","e4","Low",158594,1394,464
"Medium","Germany",276,"2030-2034","EU","Male","65+","e5","Middle",210228,4113,4805
"Medium","Germany",276,"2030-2034","EU","Male","65+","e6","High",358668,4871,6568
"Medium","Germany",276,"2030-2034","NAT","Female","0-19","e4","Low",3785700,1220,456
"Medium","Germany",276,"2030-2034","NAT","Female","0-19","e5","Middle",1171680,2748,967
"Medium","Germany",276,"2030-2034","NAT","Female","0-19","e6","High",2154882,2749,1056
"Medium","Germany",276,"2030-2034","NAT","Female","20-39","e4","Low",767793,1520,234
"Medium","Germany",276,"2030-2034","NAT","Female","20-39","e5","Middle",1817884,7469,2938
"Medium","Germany",276,"2030-2034","NAT","Female","20-39","e6","High",4434724,26706,17077
"Medium","Germany",276,"2030-2034","NAT","Female","40-64","e4","Low",1056350,4055,1115
"Medium","Germany",276,"2030-2034","NAT","Female","40-64","e5","Middle",2891217,9143,5370
"Medium","Germany",276,"2030-2034","NAT","Female","40-64","e6","High",5976988,21064,21428
"Medium","Germany",276,"2030-2034","NAT","Female","65+","e4","Low",1708653,1335,594
"Medium","Germany",276,"2030-2034","NAT","Female","65+","e5","Middle",3873298,2491,2327
"Medium","Germany",276,"2030-2034","NAT","Female","65+","e6","High",4439669,4029,5639
"Medium","Germany",276,"2030-2034","NAT","Male","0-19","e4","Low",4075418,1495,580
"Medium","Germany",276,"2030-2034","NAT","Male","0-19","e5","Middle",1168269,2847,1177
"Medium","Germany",276,"2030-2034","NAT","Male","0-19","e6","High",2258217,2153,694
"Medium","Germany",276,"2030-2034","NAT","Male","20-39","e4","Low",1130088,2257,454
"Medium","Germany",276,"2030-2034","NAT","Male","20-39","e5","Middle",2618096,7850,4315
"Medium","Germany",276,"2030-2034","NAT","Male","20-39","e6","High",3828161,24793,15323
"Medium","Germany",276,"2030-2034","NAT","Male","40-64","e4","Low",1063287,4094,1078
"Medium","Germany",276,"2030-2034","NAT","Male","40-64","e5","Middle",3470153,7549,5482
"Medium","Germany",276,"2030-2034","NAT","Male","40-64","e6","High",5687208,24191,22265
"Medium","Germany",276,"2030-2034","NAT","Male","65+","e4","Low",702702,962,321
"Medium","Germany",276,"2030-2034","NAT","Male","65+","e5","Middle",3087715,1838,2146
"Medium","Germany",276,"2030-2034","NAT","Male","65+","e6","High",4485283,4978,6719
"Medium","Germany",276,"2030-2034","NEU","Female","0-19","e4","Low",226393,84925,22982
"Medium","Germany",276,"2030-2034","NEU","Female","0-19","e5","Middle",40611,66168,22956
"Medium","Germany",276,"2030-2034","NEU","Female","0-19","e6","High",3213,27692,8903
"Medium","Germany",276,"2030-2034","NEU","Female","20-39","e4","Low",315446,37765,4899
"Medium","Germany",276,"2030-2034","NEU","Female","20-39","e5","Middle",270926,69151,25763
"Medium","Germany",276,"2030-2034","NEU","Female","20-39","e6","High",564803,125140,74365
"Medium","Germany",276,"2030-2034","NEU","Female","40-64","e4","Low",950655,27992,7426
"Medium","Germany",276,"2030-2034","NEU","Female","40-64","e5","Middle",445100,33714,18337
"Medium","Germany",276,"2030-2034","NEU","Female","40-64","e6","High",1075401,37460,36886
"Medium","Germany",276,"2030-2034","NEU","Female","65+","e4","Low",503395,5532,2456
"Medium","Germany",276,"2030-2034","NEU","Female","65+","e5","Middle",164138,8054,7518
"Medium","Germany",276,"2030-2034","NEU","Female","65+","e6","High",359804,6978,9769
"Medium","Germany",276,"2030-2034","NEU","Male","0-19","e4","Low",247766,89547,25966
"Medium","Germany",276,"2030-2034","NEU","Male","0-19","e5","Middle",33159,65552,25275
"Medium","Germany",276,"2030-2034","NEU","Male","0-19","e6","High",2461,27573,6199
"Medium","Germany",276,"2030-2034","NEU","Male","20-39","e4","Low",424898,42645,7664
"Medium","Germany",276,"2030-2034","NEU","Male","20-39","e5","Middle",313148,65225,34428
"Medium","Germany",276,"2030-2034","NEU","Male","20-39","e6","High",527638,139843,79529
"Medium","Germany",276,"2030-2034","NEU","Male","40-64","e4","Low",909858,26518,7085
"Medium","Germany",276,"2030-2034","NEU","Male","40-64","e5","Middle",510827,29497,20130
"Medium","Germany",276,"2030-2034","NEU","Male","40-64","e6","High",912081,45311,40025
"Medium","Germany",276,"2030-2034","NEU","Male","65+","e4","Low",356732,4312,1445
"Medium","Germany",276,"2030-2034","NEU","Male","65+","e5","Middle",168223,5048,5885
"Medium","Germany",276,"2030-2034","NEU","Male","65+","e6","High",301954,7947,10732
"Medium","Germany",276,"2035-2039","EU","Female","0-19","e4","Low",28799,7835,3254
"Medium","Germany",276,"2035-2039","EU","Female","0-19","e5","Middle",7958,13259,4949
"Medium","Germany",276,"2035-2039","EU","Female","0-19","e6","High",436,8177,2872
"Medium","Germany",276,"2035-2039","EU","Female","20-39","e4","Low",118556,1254,137
"Medium","Germany",276,"2035-2039","EU","Female","20-39","e5","Middle",98039,14819,4888
"Medium","Germany",276,"2035-2039","EU","Female","20-39","e6","High",227149,55254,31517
"Medium","Germany",276,"2035-2039","EU","Female","40-64","e4","Low",279916,3126,775
"Medium","Germany",276,"2035-2039","EU","Female","40-64","e5","Middle",234056,14712,7104
"Medium","Germany",276,"2035-2039","EU","Female","40-64","e6","High",586402,24547,22716
"Medium","Germany",276,"2035-2039","EU","Female","65+","e4","Low",285357,1575,647
"Medium","Germany",276,"2035-2039","EU","Female","65+","e5","Middle",259927,4909,4570
"Medium","Germany",276,"2035-2039","EU","Female","65+","e6","High",426845,4476,6394
"Medium","Germany",276,"2035-2039","EU","Male","0-19","e4","Low",31294,9200,3917
"Medium","Germany",276,"2035-2039","EU","Male","0-19","e5","Middle",7363,13900,6010
"Medium","Germany",276,"2035-2039","EU","Male","0-19","e6","High",414,4897,1194
"Medium","Germany",276,"2035-2039","EU","Male","20-39","e4","Low",159318,2202,355
"Medium","Germany",276,"2035-2039","EU","Male","20-39","e5","Middle",116716,19018,9088
"Medium","Germany",276,"2035-2039","EU","Male","20-39","e6","High",175694,45689,24665
"Medium","Germany",276,"2035-2039","EU","Male","40-64","e4","Low",342960,3809,972
"Medium","Germany",276,"2035-2039","EU","Male","40-64","e5","Middle",268905,14764,9087
"Medium","Germany",276,"2035-2039","EU","Male","40-64","e6","High",480717,25038,20477
"Medium","Germany",276,"2035-2039","EU","Male","65+","e4","Low",175458,1247,404
"Medium","Germany",276,"2035-2039","EU","Male","65+","e5","Middle",197442,3905,4476
"Medium","Germany",276,"2035-2039","EU","Male","65+","e6","High",353102,4563,6192
"Medium","Germany",276,"2035-2039","NAT","Female","0-19","e4","Low",2354454,957,395
"Medium","Germany",276,"2035-2039","NAT","Female","0-19","e5","Middle",1571643,1893,656
"Medium","Germany",276,"2035-2039","NAT","Female","0-19","e6","High",3230154,1887,822
"Medium","Germany",276,"2035-2039","NAT","Female","20-39","e4","Low",730161,904,107
"Medium","Germany",276,"2035-2039","NAT","Female","20-39","e5","Middle",1682189,6248,2128
"Medium","Germany",276,"2035-2039","NAT","Female","20-39","e6","High",4365663,24575,14874
"Medium","Germany",276,"2035-2039","NAT","Female","40-64","e4","Low",952654,3139,779
"Medium","Germany",276,"2035-2039","NAT","Female","40-64","e5","Middle",2337002,8772,4277
"Medium","Germany",276,"2035-2039","NAT","Female","40-64","e6","High",5921720,21302,19894
"Medium","Germany",276,"2035-2039","NAT","Female","65+","e4","Low",1534003,1546,626
"Medium","Germany",276,"2035-2039","NAT","Female","65+","e5","Middle",4101047,3399,3156
"Medium","Germany",276,"2035-2039","NAT","Female","65+","e6","High",5190164,5741,8179
"Medium","Germany",276,"2035-2039","NAT","Male","0-19","e4","Low",2583494,1133,487
"Medium","Germany",276,"2035-2039","NAT","Male","0-19","e5","Middle",1578207,1928,786
"Medium","Germany",276,"2035-2039","NAT","Male","0-19","e6","High",3392732,1527,576
"Medium","Germany",276,"2035-2039","NAT","Male","20-39","e4","Low",1139107,1525,262
"Medium","Germany",276,"2035-2039","NAT","Male","20-39","e5","Middle",2456885,7048,3473
"Medium","Germany",276,"2035-2039","NAT","Male","20-39","e6","High",3669089,23147,13357
"Medium","Germany",276,"2035-2039","NAT","Male","40-64","e4","Low",1063533,3296,838
"Medium","Germany",276,"2035-2039","NAT","Male","40-64","e5","Middle",3077175,7481,4652
"Medium","Germany",276,"2035-2039","NAT","Male","40-64","e6","High",5458324,23594,19571
"Medium","Germany",276,"2035-2039","NAT","Male","65+","e4","Low",715185,1201,386
"Medium","Germany",276,"2035-2039","NAT","Male","65+","e5","Middle",3337443,2549,2914
"Medium","Germany",276,"2035-2039","NAT","Male","65+","e6","High",5052858,6980,9434
"Medium","Germany",276,"2035-2039","NEU","Female","0-19","e4","Low",129028,83026,22508
"Medium","Germany",276,"2035-2039","NEU","Female","0-19","e5","Middle",40522,69271,24279
"Medium","Germany",276,"2035-2039","NEU","Female","0-19","e6","High",1981,29855,10485
"Medium","Germany",276,"2035-2039","NEU","Female","20-39","e4","Low",243246,35844,3625
"Medium","Germany",276,"2035-2039","NEU","Female","20-39","e5","Middle",275493,76152,24628
"Medium","Germany",276,"2035-2039","NEU","Female","20-39","e6","High",540833,146656,82434
"Medium","Germany",276,"2035-2039","NEU","Female","40-64","e4","Low",879296,28907,6913
"Medium","Germany",276,"2035-2039","NEU","Female","40-64","e5","Middle",464186,38471,17872
"Medium","Germany",276,"2035-2039","NEU","Female","40-64","e6","High",1151489,45027,41478
"Medium","Germany",276,"2035-2039","NEU","Female","65+","e4","Low",625523,6463,2608
"Medium","Germany",276,"2035-2039","NEU","Female","65+","e5","Middle",210393,8039,7496
"Medium","Germany",276,"2035-2039","NEU","Female","65+","e6","High",460874,7333,10487
"Medium","Germany",276,"2035-2039","NEU","Male","0-19","e4","Low",139806,87145,25617
"Medium","Germany",276,"2035-2039","NEU","Male","0-19","e5","Middle",35909,68805,27051
"Medium","Germany",276,"2035-2039","NEU","Male","0-19","e6","High",1491,29272,7139
"Medium","Germany",276,"2035-2039","NEU","Male","20-39","e4","Low",336135,40097,6152
"Medium","Germany",276,"2035-2039","NEU","Male","20-39","e5","Middle",311094,72276,34134
"Medium","Germany",276,"2035-2039","NEU","Male","20-39","e6","High",496433,160689,84708
"Medium","Germany",276,"2035-2039","NEU","Male","40-64","e4","Low",884444,27625,7130
"Medium","Germany",276,"2035-2039","NEU","Male","40-64","e5","Middle",513132,33611,20252
"Medium","Germany",276,"2035-2039","NEU","Male","40-64","e6","High",995328,54925,44715
"Medium","Germany",276,"2035-2039","NEU","Male","65+","e4","Low",446879,5102,1641
"Medium","Germany",276,"2035-2039","NEU","Male","65+","e5","Middle",219608,5334,6113
"Medium","Germany",276,"2035-2039","NEU","Male","65+","e6","High",380436,8361,11345
"Medium","Germany",276,"2040-2044","EU","Female","0-19","e4","Low",8246,0,0
"Medium","Germany",276,"2040-2044","EU","Female","0-19","e5","Middle",5109,0,0
"Medium","Germany",276,"2040-2044","EU","Female","0-19","e6","High",69,0,0
"Medium","Germany",276,"2040-2044","EU","Female","20-39","e4","Low",96491,0,0
"Medium","Germany",276,"2040-2044","EU","Female","20-39","e5","Middle",75055,0,0
"Medium","Germany",276,"2040-2044","EU","Female","20-39","e6","High",204871,0,0
"Medium","Germany",276,"2040-2044","EU","Female","40-64","e4","Low",248085,0,0
"Medium","Germany",276,"2040-2044","EU","Female","40-64","e5","Middle",207270,0,0
"Medium","Germany",276,"2040-2044","EU","Female","40-64","e6","High",539242,0,0
"Medium","Germany",276,"2040-2044","EU","Female","65+","e4","Low",278532,0,0
"Medium","Germany",276,"2040-2044","EU","Female","65+","e5","Middle",250838,0,0
"Medium","Germany",276,"2040-2044","EU","Female","65+","e6","High",470452,0,0
"Medium","Germany",276,"2040-2044","EU","Male","0-19","e4","Low",8896,0,0
"Medium","Germany",276,"2040-2044","EU","Male","0-19","e5","Middle",4934,0,0
"Medium","Germany",276,"2040-2044","EU","Male","0-19","e6","High",64,0,0
"Medium","Germany",276,"2040-2044","EU","Male","20-39","e4","Low",132718,0,0
"Medium","Germany",276,"2040-2044","EU","Male","20-39","e5","Middle",93893,0,0
"Medium","Germany",276,"2040-2044","EU","Male","20-39","e6","High",157907,0,0
"Medium","Germany",276,"2040-2044","EU","Male","40-64","e4","Low",309710,0,0
"Medium","Germany",276,"2040-2044","EU","Male","40-64","e5","Middle",242491,0,0
"Medium","Germany",276,"2040-2044","EU","Male","40-64","e6","High",445511,0,0
"Medium","Germany",276,"2040-2044","EU","Male","65+","e4","Low",200873,0,0
"Medium","Germany",276,"2040-2044","EU","Male","65+","e5","Middle",204656,0,0
"Medium","Germany",276,"2040-2044","EU","Male","65+","e6","High",366210,0,0
"Medium","Germany",276,"2040-2044","NAT","Female","0-19","e4","Low",2221841,0,0
"Medium","Germany",276,"2040-2044","NAT","Female","0-19","e5","Middle",1437529,0,0
"Medium","Germany",276,"2040-2044","NAT","Female","0-19","e6","High",3245533,0,0
"Medium","Germany",276,"2040-2044","NAT","Female","20-39","e4","Low",728322,0,0
"Medium","Germany",276,"2040-2044","NAT","Female","20-39","e5","Middle",1651918,0,0
"Medium","Germany",276,"2040-2044","NAT","Female","20-39","e6","High",4410770,0,0
"Medium","Germany",276,"2040-2044","NAT","Female","40-64","e4","Low",930018,0,0
"Medium","Germany",276,"2040-2044","NAT","Female","40-64","e5","Middle",2093618,0,0
"Medium","Germany",276,"2040-2044","NAT","Female","40-64","e6","High",6192750,0,0
"Medium","Germany",276,"2040-2044","NAT","Female","65+","e4","Low",1346750,0,0
"Medium","Germany",276,"2040-2044","NAT","Female","65+","e5","Middle",3973936,0,0
"Medium","Germany",276,"2040-2044","NAT","Female","65+","e6","High",5565974,0,0
"Medium","Germany",276,"2040-2044","NAT","Male","0-19","e4","Low",2448310,0,0
"Medium","Germany",276,"2040-2044","NAT","Male","0-19","e5","Middle",1436683,0,0
"Medium","Germany",276,"2040-2044","NAT","Male","0-19","e6","High",3411256,0,0
"Medium","Germany",276,"2040-2044","NAT","Male","20-39","e4","Low",1200145,0,0
"Medium","Germany",276,"2040-2044","NAT","Male","20-39","e5","Middle",2409687,0,0
"Medium","Germany",276,"2040-2044","NAT","Male","20-39","e6","High",3578908,0,0
"Medium","Germany",276,"2040-2044","NAT","Male","40-64","e4","Low",1126355,0,0
"Medium","Germany",276,"2040-2044","NAT","Male","40-64","e5","Middle",2959059,0,0
"Medium","Germany",276,"2040-2044","NAT","Male","40-64","e6","High",5628462,0,0
"Medium","Germany",276,"2040-2044","NAT","Male","65+","e4","Low",693997,0,0
"Medium","Germany",276,"2040-2044","NAT","Male","65+","e5","Middle",3298853,0,0
"Medium","Germany",276,"2040-2044","NAT","Male","65+","e6","High",5197553,0,0
"Medium","Germany",276,"2040-2044","NEU","Female","0-19","e4","Low",94574,0,0
"Medium","Germany",276,"2040-2044","NEU","Female","0-19","e5","Middle",36552,0,0
"Medium","Germany",276,"2040-2044","NEU","Female","0-19","e6","High",1001,0,0
"Medium","Germany",276,"2040-2044","NEU","Female","20-39","e4","Low",204162,0,0
"Medium","Germany",276,"2040-2044","NEU","Female","20-39","e5","Middle",265523,0,0
"Medium","Germany",276,"2040-2044","NEU","Female","20-39","e6","High",579588,0,0
"Medium","Germany",276,"2040-2044","NEU","Female","40-64","e4","Low",750208,0,0
"Medium","Germany",276,"2040-2044","NEU","Female","40-64","e5","Middle",464437,0,0
"Medium","Germany",276,"2040-2044","NEU","Female","40-64","e6","High",1140117,0,0
"Medium","Germany",276,"2040-2044","NEU","Female","65+","e4","Low",744283,0,0
"Medium","Germany",276,"2040-2044","NEU","Female","65+","e5","Middle",269199,0,0
"Medium","Germany",276,"2040-2044","NEU","Female","65+","e6","High",585885,0,0
"Medium","Germany",276,"2040-2044","NEU","Male","0-19","e4","Low",100945,0,0
"Medium","Germany",276,"2040-2044","NEU","Male","0-19","e5","Middle",34239,0,0
"Medium","Germany",276,"2040-2044","NEU","Male","0-19","e6","High",758,0,0
"Medium","Germany",276,"2040-2044","NEU","Male","20-39","e4","Low",283310,0,0
"Medium","Germany",276,"2040-2044","NEU","Male","20-39","e5","Middle",289805,0,0
"Medium","Germany",276,"2040-2044","NEU","Male","20-39","e6","High",519529,0,0
"Medium","Germany",276,"2040-2044","NEU","Male","40-64","e4","Low",799691,0,0
"Medium","Germany",276,"2040-2044","NEU","Male","40-64","e5","Middle",506289,0,0
"Medium","Germany",276,"2040-2044","NEU","Male","40-64","e6","High",1023147,0,0
"Medium","Germany",276,"2040-2044","NEU","Male","65+","e4","Low",527977,0,0
"Medium","Germany",276,"2040-2044","NEU","Male","65+","e5","Middle",272081,0,0
"Medium","Germany",276,"2040-2044","NEU","Male","65+","e6","High",467278,0,0
"Medium","Greece",300,"2020-2024","EU","Female","0-19","e4","Low",5834,2206,1049
"Medium","Greece",300,"2020-2024","EU","Female","0-19","e5","Middle",1591,908,919
"Medium","Greece",300,"2020-2024","EU","Female","0-19","e6","High",13,506,589
"Medium","Greece",300,"2020-2024","EU","Female","20-39","e4","Low",4861,571,154
"Medium","Greece",300,"2020-2024","EU","Female","20-39","e5","Middle",12846,1394,1153
"Medium","Greece",300,"2020-2024","EU","Female","20-39","e6","High",12579,4081,5321
"Medium","Greece",300,"2020-2024","EU","Female","40-64","e4","Low",17650,964,458
"Medium","Greece",300,"2020-2024","EU","Female","40-64","e5","Middle",36105,1161,1367
"Medium","Greece",300,"2020-2024","EU","Female","40-64","e6","High",35530,1940,3406
"Medium","Greece",300,"2020-2024","EU","Female","65+","e4","Low",4858,464,398
"Medium","Greece",300,"2020-2024","EU","Female","65+","e5","Middle",5756,274,230
"Medium","Greece",300,"2020-2024","EU","Female","65+","e6","High",6989,349,421
"Medium","Greece",300,"2020-2024","EU","Male","0-19","e4","Low",6173,2569,1115
"Medium","Greece",300,"2020-2024","EU","Male","0-19","e5","Middle",1454,1162,999
"Medium","Greece",300,"2020-2024","EU","Male","0-19","e6","High",6,372,343
"Medium","Greece",300,"2020-2024","EU","Male","20-39","e4","Low",3721,900,313
"Medium","Greece",300,"2020-2024","EU","Male","20-39","e5","Middle",9114,1929,1576
"Medium","Greece",300,"2020-2024","EU","Male","20-39","e6","High",7164,3959,4057
"Medium","Greece",300,"2020-2024","EU","Male","40-64","e4","Low",13938,916,492
"Medium","Greece",300,"2020-2024","EU","Male","40-64","e5","Middle",21906,1313,1365
"Medium","Greece",300,"2020-2024","EU","Male","40-64","e6","High",19333,2138,2797
"Medium","Greece",300,"2020-2024","EU","Male","65+","e4","Low",2010,261,255
"Medium","Greece",300,"2020-2024","EU","Male","65+","e5","Middle",2181,223,183
"Medium","Greece",300,"2020-2024","EU","Male","65+","e6","High",4217,405,525
"Medium","Greece",300,"2020-2024","NAT","Female","0-19","e4","Low",856445,960,456
"Medium","Greece",300,"2020-2024","NAT","Female","0-19","e5","Middle",102710,428,428
"Medium","Greece",300,"2020-2024","NAT","Female","0-19","e6","High",694,264,306
"Medium","Greece",300,"2020-2024","NAT","Female","20-39","e4","Low",77518,490,137
"Medium","Greece",300,"2020-2024","NAT","Female","20-39","e5","Middle",333509,1033,882
"Medium","Greece",300,"2020-2024","NAT","Female","20-39","e6","High",604007,3562,4987
"Medium","Greece",300,"2020-2024","NAT","Female","40-64","e4","Low",448313,1221,595
"Medium","Greece",300,"2020-2024","NAT","Female","40-64","e5","Middle",551399,780,916
"Medium","Greece",300,"2020-2024","NAT","Female","40-64","e6","High",624300,2051,3607
"Medium","Greece",300,"2020-2024","NAT","Female","65+","e4","Low",816101,596,509
"Medium","Greece",300,"2020-2024","NAT","Female","65+","e5","Middle",211223,207,174
"Medium","Greece",300,"2020-2024","NAT","Female","65+","e6","High",146817,376,455
"Medium","Greece",300,"2020-2024","NAT","Male","0-19","e4","Low",909849,1144,494
"Medium","Greece",300,"2020-2024","NAT","Male","0-19","e5","Middle",107153,558,475
"Medium","Greece",300,"2020-2024","NAT","Male","0-19","e6","High",705,214,197
"Medium","Greece",300,"2020-2024","NAT","Male","20-39","e4","Low",121741,875,324
"Medium","Greece",300,"2020-2024","NAT","Male","20-39","e5","Middle",462823,1366,1149
"Medium","Greece",300,"2020-2024","NAT","Male","20-39","e6","High",463770,4148,4484
"Medium","Greece",300,"2020-2024","NAT","Male","40-64","e4","Low",495000,1582,859
"Medium","Greece",300,"2020-2024","NAT","Male","40-64","e5","Middle",517187,1047,1075
"Medium","Greece",300,"2020-2024","NAT","Male","40-64","e6","High",526383,2986,3897
"Medium","Greece",300,"2020-2024","NAT","Male","65+","e4","Low",640184,529,514
"Medium","Greece",300,"2020-2024","NAT","Male","65+","e5","Middle",165804,232,193
"Medium","Greece",300,"2020-2024","NAT","Male","65+","e6","High",203479,538,698
"Medium","Greece",300,"2020-2024","NEU","Female","0-19","e4","Low",23888,17409,7177
"Medium","Greece",300,"2020-2024","NEU","Female","0-19","e5","Middle",2565,4906,4724
"Medium","Greece",300,"2020-2024","NEU","Female","0-19","e6","High",44,2921,3394
"Medium","Greece",300,"2020-2024","NEU","Female","20-39","e4","Low",48234,8277,2152
"Medium","Greece",300,"2020-2024","NEU","Female","20-39","e5","Middle",47176,7387,5970
"Medium","Greece",300,"2020-2024","NEU","Female","20-39","e6","High",40308,14442,18584
"Medium","Greece",300,"2020-2024","NEU","Female","40-64","e4","Low",74610,7130,3211
"Medium","Greece",300,"2020-2024","NEU","Female","40-64","e5","Middle",95668,3551,4148
"Medium","Greece",300,"2020-2024","NEU","Female","40-64","e6","High",64229,5028,8849
"Medium","Greece",300,"2020-2024","NEU","Female","65+","e4","Low",23991,1412,1181
"Medium","Greece",300,"2020-2024","NEU","Female","65+","e5","Middle",20641,706,593
"Medium","Greece",300,"2020-2024","NEU","Female","65+","e6","High",17683,841,1018
"Medium","Greece",300,"2020-2024","NEU","Male","0-19","e4","Low",30399,19836,7773
"Medium","Greece",300,"2020-2024","NEU","Male","0-19","e5","Middle",3149,6304,5201
"Medium","Greece",300,"2020-2024","NEU","Male","0-19","e6","High",24,2433,2240
"Medium","Greece",300,"2020-2024","NEU","Male","20-39","e4","Low",79458,11592,3858
"Medium","Greece",300,"2020-2024","NEU","Male","20-39","e5","Middle",53364,9684,7786
"Medium","Greece",300,"2020-2024","NEU","Male","20-39","e6","High",25339,14515,14738
"Medium","Greece",300,"2020-2024","NEU","Male","40-64","e4","Low",99824,6833,3629
"Medium","Greece",300,"2020-2024","NEU","Male","40-64","e5","Middle",83172,3871,4001
"Medium","Greece",300,"2020-2024","NEU","Male","40-64","e6","High",37202,5296,6948
"Medium","Greece",300,"2020-2024","NEU","Male","65+","e4","Low",18620,974,926
"Medium","Greece",300,"2020-2024","NEU","Male","65+","e5","Middle",15350,580,475
"Medium","Greece",300,"2020-2024","NEU","Male","65+","e6","High",15467,893,1158
"Medium","Greece",300,"2025-2029","EU","Female","0-19","e4","Low",4553,1405,618
"Medium","Greece",300,"2025-2029","EU","Female","0-19","e5","Middle",851,1124,916
"Medium","Greece",300,"2025-2029","EU","Female","0-19","e6","High",7,553,593
"Medium","Greece",300,"2025-2029","EU","Female","20-39","e4","Low",4061,421,88
"Medium","Greece",300,"2025-2029","EU","Female","20-39","e5","Middle",9604,1282,903
"Medium","Greece",300,"2025-2029","EU","Female","20-39","e6","High",8455,4173,5031
"Medium","Greece",300,"2025-2029","EU","Female","40-64","e4","Low",17916,821,312
"Medium","Greece",300,"2025-2029","EU","Female","40-64","e5","Middle",36337,1098,1214
"Medium","Greece",300,"2025-2029","EU","Female","40-64","e6","High",34152,2027,3433
"Medium","Greece",300,"2025-2029","EU","Female","65+","e4","Low",6392,370,264
"Medium","Greece",300,"2025-2029","EU","Female","65+","e5","Middle",8541,310,277
"Medium","Greece",300,"2025-2029","EU","Female","65+","e6","High",9703,428,534
"Medium","Greece",300,"2025-2029","EU","Male","0-19","e4","Low",5051,1694,660
"Medium","Greece",300,"2025-2029","EU","Male","0-19","e5","Middle",807,1394,993
"Medium","Greece",300,"2025-2029","EU","Male","0-19","e6","High",4,388,319
"Medium","Greece",300,"2025-2029","EU","Male","20-39","e4","Low",3768,676,192
"Medium","Greece",300,"2025-2029","EU","Male","20-39","e5","Middle",7782,1831,1378
"Medium","Greece",300,"2025-2029","EU","Male","20-39","e6","High",6938,4116,3970
"Medium","Greece",300,"2025-2029","EU","Male","40-64","e4","Low",14603,846,392
"Medium","Greece",300,"2025-2029","EU","Male","40-64","e5","Middle",21877,1281,1260
"Medium","Greece",300,"2025-2029","EU","Male","40-64","e6","High",19002,2167,2657
"Medium","Greece",300,"2025-2029","EU","Male","65+","e4","Low",2532,210,161
"Medium","Greece",300,"2025-2029","EU","Male","65+","e5","Middle",3131,265,215
"Medium","Greece",300,"2025-2029","EU","Male","65+","e6","High",4813,470,586
"Medium","Greece",300,"2025-2029","NAT","Female","0-19","e4","Low",628900,701,318
"Medium","Greece",300,"2025-2029","NAT","Female","0-19","e5","Middle",160875,541,486
"Medium","Greece",300,"2025-2029","NAT","Female","0-19","e6","High",106887,390,409
"Medium","Greece",300,"2025-2029","NAT","Female","20-39","e4","Low",53332,357,76
"Medium","Greece",300,"2025-2029","NAT","Female","20-39","e5","Middle",301860,962,689
"Medium","Greece",300,"2025-2029","NAT","Female","20-39","e6","High",611261,3479,4309
"Medium","Greece",300,"2025-2029","NAT","Female","40-64","e4","Low",332877,1107,441
"Medium","Greece",300,"2025-2029","NAT","Female","40-64","e5","Middle",524875,861,943
"Medium","Greece",300,"2025-2029","NAT","Female","40-64","e6","High",734372,2483,4208
"Medium","Greece",300,"2025-2029","NAT","Female","65+","e4","Low",776332,614,438
"Medium","Greece",300,"2025-2029","NAT","Female","65+","e5","Middle",273378,232,207
"Medium","Greece",300,"2025-2029","NAT","Female","65+","e6","High",195993,493,614
"Medium","Greece",300,"2025-2029","NAT","Male","0-19","e4","Low",666313,865,348
"Medium","Greece",300,"2025-2029","NAT","Male","0-19","e5","Middle",167279,693,529
"Medium","Greece",300,"2025-2029","NAT","Male","0-19","e6","High",113703,317,262
"Medium","Greece",300,"2025-2029","NAT","Male","20-39","e4","Low",83764,610,178
"Medium","Greece",300,"2025-2029","NAT","Male","20-39","e5","Middle",451513,1286,974
"Medium","Greece",300,"2025-2029","NAT","Male","20-39","e6","High",475550,3876,3773
"Medium","Greece",300,"2025-2029","NAT","Male","40-64","e4","Low",408180,1470,696
"Medium","Greece",300,"2025-2029","NAT","Male","40-64","e5","Middle",537331,1137,1111
"Medium","Greece",300,"2025-2029","NAT","Male","40-64","e6","High",581045,3457,4235
"Medium","Greece",300,"2025-2029","NAT","Male","65+","e4","Low",566822,522,404
"Medium","Greece",300,"2025-2029","NAT","Male","65+","e5","Middle",195242,253,205
"Medium","Greece",300,"2025-2029","NAT","Male","65+","e6","High",244394,667,833
"Medium","Greece",300,"2025-2029","NEU","Female","0-19","e4","Low",23875,15710,5423
"Medium","Greece",300,"2025-2029","NEU","Female","0-19","e5","Middle",2361,6814,5196
"Medium","Greece",300,"2025-2029","NEU","Female","0-19","e6","High",34,3269,3505
"Medium","Greece",300,"2025-2029","NEU","Female","20-39","e4","Low",38089,7984,1656
"Medium","Greece",300,"2025-2029","NEU","Female","20-39","e5","Middle",32710,7847,5503
"Medium","Greece",300,"2025-2029","NEU","Female","20-39","e6","High",24584,15832,19032
"Medium","Greece",300,"2025-2029","NEU","Female","40-64","e4","Low",90459,7535,2732
"Medium","Greece",300,"2025-2029","NEU","Female","40-64","e5","Middle",97688,3769,4101
"Medium","Greece",300,"2025-2029","NEU","Female","40-64","e6","High",61711,5889,9993
"Medium","Greece",300,"2025-2029","NEU","Female","65+","e4","Low",30391,1615,1136
"Medium","Greece",300,"2025-2029","NEU","Female","65+","e5","Middle",31934,943,848
"Medium","Greece",300,"2025-2029","NEU","Female","65+","e6","High",25614,1108,1382
"Medium","Greece",300,"2025-2029","NEU","Male","0-19","e4","Low",27454,17913,5864
"Medium","Greece",300,"2025-2029","NEU","Male","0-19","e5","Middle",2474,8406,5682
"Medium","Greece",300,"2025-2029","NEU","Male","0-19","e6","High",14,2739,2252
"Medium","Greece",300,"2025-2029","NEU","Male","20-39","e4","Low",67099,11091,3117
"Medium","Greece",300,"2025-2029","NEU","Male","20-39","e5","Middle",42184,10296,7757
"Medium","Greece",300,"2025-2029","NEU","Male","20-39","e6","High",19412,16324,15727
"Medium","Greece",300,"2025-2029","NEU","Male","40-64","e4","Low",121003,7480,3430
"Medium","Greece",300,"2025-2029","NEU","Male","40-64","e5","Middle",86480,4225,4139
"Medium","Greece",300,"2025-2029","NEU","Male","40-64","e6","High",35402,6103,7508
"Medium","Greece",300,"2025-2029","NEU","Male","65+","e4","Low",24444,1151,864
"Medium","Greece",300,"2025-2029","NEU","Male","65+","e5","Middle",23017,795,645
"Medium","Greece",300,"2025-2029","NEU","Male","65+","e6","High",19175,1100,1372
"Medium","Greece",300,"2030-2034","EU","Female","0-19","e4","Low",3074,1068,419
"Medium","Greece",300,"2030-2034","EU","Female","0-19","e5","Middle",1322,1236,806
"Medium","Greece",300,"2030-2034","EU","Female","0-19","e6","High",10,520,485
"Medium","Greece",300,"2030-2034","EU","Female","20-39","e4","Low",2673,303,54
"Medium","Greece",300,"2030-2034","EU","Female","20-39","e5","Middle",7126,1187,745
"Medium","Greece",300,"2030-2034","EU","Female","20-39","e6","High",6336,4316,4976
"Medium","Greece",300,"2030-2034","EU","Female","40-64","e4","Low",16210,695,211
"Medium","Greece",300,"2030-2034","EU","Female","40-64","e5","Middle",33224,1039,1030
"Medium","Greece",300,"2030-2034","EU","Female","40-64","e6","High",29854,2148,3292
"Medium","Greece",300,"2030-2034","EU","Female","65+","e4","Low",9366,280,178
"Medium","Greece",300,"2030-2034","EU","Female","65+","e5","Middle",13410,329,315
"Medium","Greece",300,"2030-2034","EU","Female","65+","e6","High",13821,498,651
"Medium","Greece",300,"2030-2034","EU","Male","0-19","e4","Low",3482,1304,445
"Medium","Greece",300,"2030-2034","EU","Male","0-19","e5","Middle",1383,1490,881
"Medium","Greece",300,"2030-2034","EU","Male","0-19","e6","High",6,362,259
"Medium","Greece",300,"2030-2034","EU","Male","20-39","e4","Low",2956,501,129
"Medium","Greece",300,"2030-2034","EU","Male","20-39","e5","Middle",7076,1751,1260
"Medium","Greece",300,"2030-2034","EU","Male","20-39","e6","High",6916,4205,3912
"Medium","Greece",300,"2030-2034","EU","Male","40-64","e4","Low",13714,746,299
"Medium","Greece",300,"2030-2034","EU","Male","40-64","e5","Middle",19908,1239,1097
"Medium","Greece",300,"2030-2034","EU","Male","40-64","e6","High",17072,2282,2520
"Medium","Greece",300,"2030-2034","EU","Male","65+","e4","Low",4318,175,110
"Medium","Greece",300,"2030-2034","EU","Male","65+","e5","Middle",5757,285,243
"Medium","Greece",300,"2030-2034","EU","Male","65+","e6","High",6852,499,583
"Medium","Greece",300,"2030-2034","NAT","Female","0-19","e4","Low",400200,375,145
"Medium","Greece",300,"2030-2034","NAT","Female","0-19","e5","Middle",200633,532,407
"Medium","Greece",300,"2030-2034","NAT","Female","0-19","e6","High",215624,446,412
"Medium","Greece",300,"2030-2034","NAT","Female","20-39","e4","Low",39453,251,45
"Medium","Greece",300,"2030-2034","NAT","Female","20-39","e5","Middle",280689,891,562
"Medium","Greece",300,"2030-2034","NAT","Female","20-39","e6","High",662459,3639,4255
"Medium","Greece",300,"2030-2034","NAT","Female","40-64","e4","Low",240494,916,290
"Medium","Greece",300,"2030-2034","NAT","Female","40-64","e5","Middle",474402,925,891
"Medium","Greece",300,"2030-2034","NAT","Female","40-64","e6","High",792736,2841,4338
"Medium","Greece",300,"2030-2034","NAT","Female","65+","e4","Low",713386,551,351
"Medium","Greece",300,"2030-2034","NAT","Female","65+","e5","Middle",338173,274,262
"Medium","Greece",300,"2030-2034","NAT","Female","65+","e6","High",265482,606,791
"Medium","Greece",300,"2030-2034","NAT","Male","0-19","e4","Low",424631,487,162
"Medium","Greece",300,"2030-2034","NAT","Male","0-19","e5","Middle",210164,680,452
"Medium","Greece",300,"2030-2034","NAT","Male","0-19","e6","High",229459,377,287
"Medium","Greece",300,"2030-2034","NAT","Male","20-39","e4","Low",64218,444,116
"Medium","Greece",300,"2030-2034","NAT","Male","20-39","e5","Middle",452206,1245,901
"Medium","Greece",300,"2030-2034","NAT","Male","20-39","e6","High",525022,3891,3648
"Medium","Greece",300,"2030-2034","NAT","Male","40-64","e4","Low",329209,1222,504
"Medium","Greece",300,"2030-2034","NAT","Male","40-64","e5","Middle",524665,1172,1028
"Medium","Greece",300,"2030-2034","NAT","Male","40-64","e6","High",609197,3673,4064
"Medium","Greece",300,"2030-2034","NAT","Male","65+","e4","Low",501144,495,312
"Medium","Greece",300,"2030-2034","NAT","Male","65+","e5","Middle",239877,307,263
"Medium","Greece",300,"2030-2034","NAT","Male","65+","e6","High",286316,848,988
"Medium","Greece",300,"2030-2034","NEU","Female","0-19","e4","Low",23068,13310,3377
"Medium","Greece",300,"2030-2034","NEU","Female","0-19","e5","Middle",4548,8875,5552
"Medium","Greece",300,"2030-2034","NEU","Female","0-19","e6","High",54,3791,3539
"Medium","Greece",300,"2030-2034","NEU","Female","20-39","e4","Low",27810,7624,1356
"Medium","Greece",300,"2030-2034","NEU","Female","20-39","e5","Middle",23536,8406,5269
"Medium","Greece",300,"2030-2034","NEU","Female","20-39","e6","High",15524,17407,20123
"Medium","Greece",300,"2030-2034","NEU","Female","40-64","e4","Low",99307,7909,2252
"Medium","Greece",300,"2030-2034","NEU","Female","40-64","e5","Middle",94580,4068,3857
"Medium","Greece",300,"2030-2034","NEU","Female","40-64","e6","High",57373,6891,10477
"Medium","Greece",300,"2030-2034","NEU","Female","65+","e4","Low",39187,1810,1128
"Medium","Greece",300,"2030-2034","NEU","Female","65+","e5","Middle",44858,1111,1063
"Medium","Greece",300,"2030-2034","NEU","Female","65+","e6","High",33579,1360,1781
"Medium","Greece",300,"2030-2034","NEU","Male","0-19","e4","Low",26027,15256,3672
"Medium","Greece",300,"2030-2034","NEU","Male","0-19","e5","Middle",4392,10689,6108
"Medium","Greece",300,"2030-2034","NEU","Male","0-19","e6","High",20,3149,2254
"Medium","Greece",300,"2030-2034","NEU","Male","20-39","e4","Low",54954,10408,2668
"Medium","Greece",300,"2030-2034","NEU","Male","20-39","e5","Middle",34006,10981,7920
"Medium","Greece",300,"2030-2034","NEU","Male","20-39","e6","High",14851,18145,16848
"Medium","Greece",300,"2030-2034","NEU","Male","40-64","e4","Low",134773,8088,3122
"Medium","Greece",300,"2030-2034","NEU","Male","40-64","e5","Middle",86965,4718,4073
"Medium","Greece",300,"2030-2034","NEU","Male","40-64","e6","High",34774,7230,7924
"Medium","Greece",300,"2030-2034","NEU","Male","65+","e4","Low",33045,1351,836
"Medium","Greece",300,"2030-2034","NEU","Male","65+","e5","Middle",32433,948,810
"Medium","Greece",300,"2030-2034","NEU","Male","65+","e6","High",22711,1287,1499
"Medium","Greece",300,"2035-2039","EU","Female","0-19","e4","Low",1446,850,306
"Medium","Greece",300,"2035-2039","EU","Female","0-19","e5","Middle",1374,1139,668
"Medium","Greece",300,"2035-2039","EU","Female","0-19","e6","High",8,510,429
"Medium","Greece",300,"2035-2039","EU","Female","20-39","e4","Low",2099,205,32
"Medium","Greece",300,"2035-2039","EU","Female","20-39","e5","Middle",5820,1061,597
"Medium","Greece",300,"2035-2039","EU","Female","20-39","e6","High",4914,4256,4719
"Medium","Greece",300,"2035-2039","EU","Female","40-64","e4","Low",12780,559,137
"Medium","Greece",300,"2035-2039","EU","Female","40-64","e5","Middle",26421,941,799
"Medium","Greece",300,"2035-2039","EU","Female","40-64","e6","High",22791,2217,3007
"Medium","Greece",300,"2035-2039","EU","Female","65+","e4","Low",13004,237,126
"Medium","Greece",300,"2035-2039","EU","Female","65+","e5","Middle",21138,352,381
"Medium","Greece",300,"2035-2039","EU","Female","65+","e6","High",20053,554,822
"Medium","Greece",300,"2035-2039","EU","Male","0-19","e4","Low",1682,1039,328
"Medium","Greece",300,"2035-2039","EU","Male","0-19","e5","Middle",1404,1381,741
"Medium","Greece",300,"2035-2039","EU","Male","0-19","e6","High",5,352,226
"Medium","Greece",300,"2035-2039","EU","Male","20-39","e4","Low",2674,355,85
"Medium","Greece",300,"2035-2039","EU","Male","20-39","e5","Middle",6767,1619,1104
"Medium","Greece",300,"2035-2039","EU","Male","20-39","e6","High",6640,4104,3664
"Medium","Greece",300,"2035-2039","EU","Male","40-64","e4","Low",10957,618,211
"Medium","Greece",300,"2035-2039","EU","Male","40-64","e5","Middle",15980,1148,908
"Medium","Greece",300,"2035-2039","EU","Male","40-64","e6","High",14092,2334,2342
"Medium","Greece",300,"2035-2039","EU","Male","65+","e4","Low",7270,170,95
"Medium","Greece",300,"2035-2039","EU","Male","65+","e5","Middle",10550,314,297
"Medium","Greece",300,"2035-2039","EU","Male","65+","e6","High",10378,550,626
"Medium","Greece",300,"2035-2039","NAT","Female","0-19","e4","Low",189608,304,111
"Medium","Greece",300,"2035-2039","NAT","Female","0-19","e5","Middle",232699,393,262
"Medium","Greece",300,"2035-2039","NAT","Female","0-19","e6","High",335891,347,291
"Medium","Greece",300,"2035-2039","NAT","Female","20-39","e4","Low",29477,186,29
"Medium","Greece",300,"2035-2039","NAT","Female","20-39","e5","Middle",251698,852,485
"Medium","Greece",300,"2035-2039","NAT","Female","20-39","e6","High",710428,3851,4373
"Medium","Greece",300,"2035-2039","NAT","Female","40-64","e4","Low",170222,703,177
"Medium","Greece",300,"2035-2039","NAT","Female","40-64","e5","Middle",396676,917,764
"Medium","Greece",300,"2035-2039","NAT","Female","40-64","e6","High",830523,3040,4136
"Medium","Greece",300,"2035-2039","NAT","Female","65+","e4","Low",632444,499,269
"Medium","Greece",300,"2035-2039","NAT","Female","65+","e5","Middle",411392,311,334
"Medium","Greece",300,"2035-2039","NAT","Female","65+","e6","High",354221,723,1068
"Medium","Greece",300,"2035-2039","NAT","Male","0-19","e4","Low",202178,384,122
"Medium","Greece",300,"2035-2039","NAT","Male","0-19","e5","Middle",244785,486,286
"Medium","Greece",300,"2035-2039","NAT","Male","0-19","e6","High",357612,304,214
"Medium","Greece",300,"2035-2039","NAT","Male","20-39","e4","Low",50533,341,83
"Medium","Greece",300,"2035-2039","NAT","Male","20-39","e5","Middle",436375,1247,862
"Medium","Greece",300,"2035-2039","NAT","Male","20-39","e6","High",567190,4052,3685
"Medium","Greece",300,"2035-2039","NAT","Male","40-64","e4","Low",251822,970,344
"Medium","Greece",300,"2035-2039","NAT","Male","40-64","e5","Middle",492331,1138,894
"Medium","Greece",300,"2035-2039","NAT","Male","40-64","e6","High",636497,3714,3757
"Medium","Greece",300,"2035-2039","NAT","Male","65+","e4","Low",448166,471,266
"Medium","Greece",300,"2035-2039","NAT","Male","65+","e5","Middle",297230,352,331
"Medium","Greece",300,"2035-2039","NAT","Male","65+","e6","High",332746,992,1129
"Medium","Greece",300,"2035-2039","NEU","Female","0-19","e4","Low",18639,12975,2976
"Medium","Greece",300,"2035-2039","NEU","Female","0-19","e5","Middle",6968,9361,5207
"Medium","Greece",300,"2035-2039","NEU","Female","0-19","e6","High",61,4071,3427
"Medium","Greece",300,"2035-2039","NEU","Female","20-39","e4","Low",26752,7289,1133
"Medium","Greece",300,"2035-2039","NEU","Female","20-39","e5","Middle",19814,9067,5032
"Medium","Greece",300,"2035-2039","NEU","Female","20-39","e6","High",13870,19573,21496
"Medium","Greece",300,"2035-2039","NEU","Female","40-64","e4","Low",99211,8136,1844
"Medium","Greece",300,"2035-2039","NEU","Female","40-64","e5","Middle",85386,4505,3591
"Medium","Greece",300,"2035-2039","NEU","Female","40-64","e6","High",48218,8074,10799
"Medium","Greece",300,"2035-2039","NEU","Female","65+","e4","Low",50090,2003,1054
"Medium","Greece",300,"2035-2039","NEU","Female","65+","e5","Middle",59724,1131,1215
"Medium","Greece",300,"2035-2039","NEU","Female","65+","e6","High",40850,1545,2287
"Medium","Greece",300,"2035-2039","NEU","Male","0-19","e4","Low",21046,14753,3236
"Medium","Greece",300,"2035-2039","NEU","Male","0-19","e5","Middle",6768,11250,5789
"Medium","Greece",300,"2035-2039","NEU","Male","0-19","e6","High",22,3366,2161
"Medium","Greece",300,"2035-2039","NEU","Male","20-39","e4","Low",51795,9718,2305
"Medium","Greece",300,"2035-2039","NEU","Male","20-39","e5","Middle",29403,11833,8003
"Medium","Greece",300,"2035-2039","NEU","Male","20-39","e6","High",13904,20337,17929
"Medium","Greece",300,"2035-2039","NEU","Male","40-64","e4","Low",137535,8449,2756
"Medium","Greece",300,"2035-2039","NEU","Male","40-64","e5","Middle",82888,5306,4047
"Medium","Greece",300,"2035-2039","NEU","Male","40-64","e6","High",32267,8637,8557
"Medium","Greece",300,"2035-2039","NEU","Male","65+","e4","Low",46176,1580,886
"Medium","Greece",300,"2035-2039","NEU","Male","65+","e5","Middle",43996,1002,945
"Medium","Greece",300,"2035-2039","NEU","Male","65+","e6","High",26034,1434,1633
"Medium","Greece",300,"2040-2044","EU","Female","0-19","e4","Low",811,0,0
"Medium","Greece",300,"2040-2044","EU","Female","0-19","e5","Middle",773,0,0
"Medium","Greece",300,"2040-2044","EU","Female","0-19","e6","High",3,0,0
"Medium","Greece",300,"2040-2044","EU","Female","20-39","e4","Low",1572,0,0
"Medium","Greece",300,"2040-2044","EU","Female","20-39","e5","Middle",4751,0,0
"Medium","Greece",300,"2040-2044","EU","Female","20-39","e6","High",4149,0,0
"Medium","Greece",300,"2040-2044","EU","Female","40-64","e4","Low",9313,0,0
"Medium","Greece",300,"2040-2044","EU","Female","40-64","e5","Middle",18424,0,0
"Medium","Greece",300,"2040-2044","EU","Female","40-64","e6","High",14790,0,0
"Medium","Greece",300,"2040-2044","EU","Female","65+","e4","Low",16237,0,0
"Medium","Greece",300,"2040-2044","EU","Female","65+","e5","Middle",29096,0,0
"Medium","Greece",300,"2040-2044","EU","Female","65+","e6","High",26523,0,0
"Medium","Greece",300,"2040-2044","EU","Male","0-19","e4","Low",950,0,0
"Medium","Greece",300,"2040-2044","EU","Male","0-19","e5","Middle",800,0,0
"Medium","Greece",300,"2040-2044","EU","Male","0-19","e6","High",2,0,0
"Medium","Greece",300,"2040-2044","EU","Male","20-39","e4","Low",2090,0,0
"Medium","Greece",300,"2040-2044","EU","Male","20-39","e5","Middle",5934,0,0
"Medium","Greece",300,"2040-2044","EU","Male","20-39","e6","High",6347,0,0
"Medium","Greece",300,"2040-2044","EU","Male","40-64","e4","Low",7859,0,0
"Medium","Greece",300,"2040-2044","EU","Male","40-64","e5","Middle",11446,0,0
"Medium","Greece",300,"2040-2044","EU","Male","40-64","e6","High",11078,0,0
"Medium","Greece",300,"2040-2044","EU","Male","65+","e4","Low",10486,0,0
"Medium","Greece",300,"2040-2044","EU","Male","65+","e5","Middle",15618,0,0
"Medium","Greece",300,"2040-2044","EU","Male","65+","e6","High",14246,0,0
"Medium","Greece",300,"2040-2044","NAT","Female","0-19","e4","Low",162061,0,0
"Medium","Greece",300,"2040-2044","NAT","Female","0-19","e5","Middle",206166,0,0
"Medium","Greece",300,"2040-2044","NAT","Female","0-19","e6","High",364382,0,0
"Medium","Greece",300,"2040-2044","NAT","Female","20-39","e4","Low",21286,0,0
"Medium","Greece",300,"2040-2044","NAT","Female","20-39","e5","Middle",216144,0,0
"Medium","Greece",300,"2040-2044","NAT","Female","20-39","e6","High",722416,0,0
"Medium","Greece",300,"2040-2044","NAT","Female","40-64","e4","Low",120951,0,0
"Medium","Greece",300,"2040-2044","NAT","Female","40-64","e5","Middle",322629,0,0
"Medium","Greece",300,"2040-2044","NAT","Female","40-64","e6","High",875046,0,0
"Medium","Greece",300,"2040-2044","NAT","Female","65+","e4","Low",542972,0,0
"Medium","Greece",300,"2040-2044","NAT","Female","65+","e5","Middle",469458,0,0
"Medium","Greece",300,"2040-2044","NAT","Female","65+","e6","High",451286,0,0
"Medium","Greece",300,"2040-2044","NAT","Male","0-19","e4","Low",173694,0,0
"Medium","Greece",300,"2040-2044","NAT","Male","0-19","e5","Middle",217783,0,0
"Medium","Greece",300,"2040-2044","NAT","Male","0-19","e6","High",388107,0,0
"Medium","Greece",300,"2040-2044","NAT","Male","20-39","e4","Low",36869,0,0
"Medium","Greece",300,"2040-2044","NAT","Male","20-39","e5","Middle",401769,0,0
"Medium","Greece",300,"2040-2044","NAT","Male","20-39","e6","High",579304,0,0
"Medium","Greece",300,"2040-2044","NAT","Male","40-64","e4","Low",187532,0,0
"Medium","Greece",300,"2040-2044","NAT","Male","40-64","e5","Middle",467790,0,0
"Medium","Greece",300,"2040-2044","NAT","Male","40-64","e6","High",674151,0,0
"Medium","Greece",300,"2040-2044","NAT","Male","65+","e4","Low",400562,0,0
"Medium","Greece",300,"2040-2044","NAT","Male","65+","e5","Middle",345077,0,0
"Medium","Greece",300,"2040-2044","NAT","Male","65+","e6","High",384126,0,0
"Medium","Greece",300,"2040-2044","NEU","Female","0-19","e4","Low",16118,0,0
"Medium","Greece",300,"2040-2044","NEU","Female","0-19","e5","Middle",6498,0,0
"Medium","Greece",300,"2040-2044","NEU","Female","0-19","e6","High",42,0,0
"Medium","Greece",300,"2040-2044","NEU","Female","20-39","e4","Low",28742,0,0
"Medium","Greece",300,"2040-2044","NEU","Female","20-39","e5","Middle",21555,0,0
"Medium","Greece",300,"2040-2044","NEU","Female","20-39","e6","High",16890,0,0
"Medium","Greece",300,"2040-2044","NEU","Female","40-64","e4","Low",94292,0,0
"Medium","Greece",300,"2040-2044","NEU","Female","40-64","e5","Middle",70259,0,0
"Medium","Greece",300,"2040-2044","NEU","Female","40-64","e6","High",37735,0,0
"Medium","Greece",300,"2040-2044","NEU","Female","65+","e4","Low",64096,0,0
"Medium","Greece",300,"2040-2044","NEU","Female","65+","e5","Middle",75147,0,0
"Medium","Greece",300,"2040-2044","NEU","Female","65+","e6","High",45845,0,0
"Medium","Greece",300,"2040-2044","NEU","Male","0-19","e4","Low",17898,0,0
"Medium","Greece",300,"2040-2044","NEU","Male","0-19","e5","Middle",6425,0,0
"Medium","Greece",300,"2040-2044","NEU","Male","0-19","e6","High",14,0,0
"Medium","Greece",300,"2040-2044","NEU","Male","20-39","e4","Low",51355,0,0
"Medium","Greece",300,"2040-2044","NEU","Male","20-39","e5","Middle",29447,0,0
"Medium","Greece",300,"2040-2044","NEU","Male","20-39","e6","High",15078,0,0
"Medium","Greece",300,"2040-2044","NEU","Male","40-64","e4","Low",134155,0,0
"Medium","Greece",300,"2040-2044","NEU","Male","40-64","e5","Middle",73751,0,0
"Medium","Greece",300,"2040-2044","NEU","Male","40-64","e6","High",30182,0,0
"Medium","Greece",300,"2040-2044","NEU","Male","65+","e4","Low",63719,0,0
"Medium","Greece",300,"2040-2044","NEU","Male","65+","e5","Middle",55960,0,0
"Medium","Greece",300,"2040-2044","NEU","Male","65+","e6","High",27944,0,0
"Medium","Hungary",348,"2020-2024","EU","Female","0-19","e4","Low",11554,2662,957
"Medium","Hungary",348,"2020-2024","EU","Female","0-19","e5","Middle",746,1055,491
"Medium","Hungary",348,"2020-2024","EU","Female","0-19","e6","High",18,462,657
"Medium","Hungary",348,"2020-2024","EU","Female","20-39","e4","Low",4456,777,153
"Medium","Hungary",348,"2020-2024","EU","Female","20-39","e5","Middle",14322,1925,1018
"Medium","Hungary",348,"2020-2024","EU","Female","20-39","e6","High",20402,3062,2967
"Medium","Hungary",348,"2020-2024","EU","Female","40-64","e4","Low",8620,1009,336
"Medium","Hungary",348,"2020-2024","EU","Female","40-64","e5","Middle",34590,1818,1130
"Medium","Hungary",348,"2020-2024","EU","Female","40-64","e6","High",23212,1559,1236
"Medium","Hungary",348,"2020-2024","EU","Female","65+","e4","Low",16868,276,215
"Medium","Hungary",348,"2020-2024","EU","Female","65+","e5","Middle",17645,293,239
"Medium","Hungary",348,"2020-2024","EU","Female","65+","e6","High",8920,249,172
"Medium","Hungary",348,"2020-2024","EU","Male","0-19","e4","Low",11960,2901,1101
"Medium","Hungary",348,"2020-2024","EU","Male","0-19","e5","Middle",660,1348,660
"Medium","Hungary",348,"2020-2024","EU","Male","0-19","e6","High",20,386,440
"Medium","Hungary",348,"2020-2024","EU","Male","20-39","e4","Low",5411,1245,270
"Medium","Hungary",348,"2020-2024","EU","Male","20-39","e5","Middle",17163,2778,1681
"Medium","Hungary",348,"2020-2024","EU","Male","20-39","e6","High",16275,2862,2501
"Medium","Hungary",348,"2020-2024","EU","Male","40-64","e4","Low",7013,932,275
"Medium","Hungary",348,"2020-2024","EU","Male","40-64","e5","Middle",36242,1951,1527
"Medium","Hungary",348,"2020-2024","EU","Male","40-64","e6","High",19784,1383,1027
"Medium","Hungary",348,"2020-2024","EU","Male","65+","e4","Low",7423,135,66
"Medium","Hungary",348,"2020-2024","EU","Male","65+","e5","Middle",12974,227,263
"Medium","Hungary",348,"2020-2024","EU","Male","65+","e6","High",9165,216,177
"Medium","Hungary",348,"2020-2024","NAT","Female","0-19","e4","Low",850792,1129,404
"Medium","Hungary",348,"2020-2024","NAT","Female","0-19","e5","Middle",48580,578,247
"Medium","Hungary",348,"2020-2024","NAT","Female","0-19","e6","High",1495,235,335
"Medium","Hungary",348,"2020-2024","NAT","Female","20-39","e4","Low",148559,732,157
"Medium","Hungary",348,"2020-2024","NAT","Female","20-39","e5","Middle",430340,1791,980
"Medium","Hungary",348,"2020-2024","NAT","Female","20-39","e6","High",523519,3501,3288
"Medium","Hungary",348,"2020-2024","NAT","Female","40-64","e4","Low",257235,1005,323
"Medium","Hungary",348,"2020-2024","NAT","Female","40-64","e5","Middle",851498,1475,941
"Medium","Hungary",348,"2020-2024","NAT","Female","40-64","e6","High",557962,2347,1963
"Medium","Hungary",348,"2020-2024","NAT","Female","65+","e4","Low",526159,287,226
"Medium","Hungary",348,"2020-2024","NAT","Female","65+","e5","Middle",450968,414,341
"Medium","Hungary",348,"2020-2024","NAT","Female","65+","e6","High",162383,414,286
"Medium","Hungary",348,"2020-2024","NAT","Male","0-19","e4","Low",898903,1264,485
"Medium","Hungary",348,"2020-2024","NAT","Male","0-19","e5","Middle",51610,685,313
"Medium","Hungary",348,"2020-2024","NAT","Male","0-19","e6","High",1759,251,286
"Medium","Hungary",348,"2020-2024","NAT","Male","20-39","e4","Low",181487,1088,243
"Medium","Hungary",348,"2020-2024","NAT","Male","20-39","e5","Middle",563980,2203,1293
"Medium","Hungary",348,"2020-2024","NAT","Male","20-39","e6","High",421106,3360,2756
"Medium","Hungary",348,"2020-2024","NAT","Male","40-64","e4","Low",225232,1100,328
"Medium","Hungary",348,"2020-2024","NAT","Male","40-64","e5","Middle",970272,1453,1144
"Medium","Hungary",348,"2020-2024","NAT","Male","40-64","e6","High",399532,2004,1557
"Medium","Hungary",348,"2020-2024","NAT","Male","65+","e4","Low",181167,190,94
"Medium","Hungary",348,"2020-2024","NAT","Male","65+","e5","Middle",375463,264,307
"Medium","Hungary",348,"2020-2024","NAT","Male","65+","e6","High",142681,278,233
"Medium","Hungary",348,"2020-2024","NEU","Female","0-19","e4","Low",13803,4660,1513
"Medium","Hungary",348,"2020-2024","NEU","Female","0-19","e5","Middle",1358,1443,609
"Medium","Hungary",348,"2020-2024","NEU","Female","0-19","e6","High",85,315,448
"Medium","Hungary",348,"2020-2024","NEU","Female","20-39","e4","Low",4197,1541,283
"Medium","Hungary",348,"2020-2024","NEU","Female","20-39","e5","Middle",16560,2465,1301
"Medium","Hungary",348,"2020-2024","NEU","Female","20-39","e6","High",24220,2091,2027
"Medium","Hungary",348,"2020-2024","NEU","Female","40-64","e4","Low",5271,1021,320
"Medium","Hungary",348,"2020-2024","NEU","Female","40-64","e5","Middle",17363,1596,989
"Medium","Hungary",348,"2020-2024","NEU","Female","40-64","e6","High",17238,1110,858
"Medium","Hungary",348,"2020-2024","NEU","Female","65+","e4","Low",5221,147,114
"Medium","Hungary",348,"2020-2024","NEU","Female","65+","e5","Middle",7256,374,306
"Medium","Hungary",348,"2020-2024","NEU","Female","65+","e6","High",5643,220,152
"Medium","Hungary",348,"2020-2024","NEU","Male","0-19","e4","Low",14329,4969,1691
"Medium","Hungary",348,"2020-2024","NEU","Male","0-19","e5","Middle",1330,1698,748
"Medium","Hungary",348,"2020-2024","NEU","Male","0-19","e6","High",112,388,441
"Medium","Hungary",348,"2020-2024","NEU","Male","20-39","e4","Low",6013,2063,437
"Medium","Hungary",348,"2020-2024","NEU","Male","20-39","e5","Middle",22505,3222,1952
"Medium","Hungary",348,"2020-2024","NEU","Male","20-39","e6","High",23495,2120,1865
"Medium","Hungary",348,"2020-2024","NEU","Male","40-64","e4","Low",5360,1138,333
"Medium","Hungary",348,"2020-2024","NEU","Male","40-64","e5","Middle",20524,1431,1119
"Medium","Hungary",348,"2020-2024","NEU","Male","40-64","e6","High",17485,918,676
"Medium","Hungary",348,"2020-2024","NEU","Male","65+","e4","Low",2599,107,52
"Medium","Hungary",348,"2020-2024","NEU","Male","65+","e5","Middle",5091,188,218
"Medium","Hungary",348,"2020-2024","NEU","Male","65+","e6","High",4937,143,117
"Medium","Hungary",348,"2025-2029","EU","Female","0-19","e4","Low",9906,1642,558
"Medium","Hungary",348,"2025-2029","EU","Female","0-19","e5","Middle",937,1228,529
"Medium","Hungary",348,"2025-2029","EU","Female","0-19","e6","High",18,432,591
"Medium","Hungary",348,"2025-2029","EU","Female","20-39","e4","Low",3826,522,81
"Medium","Hungary",348,"2025-2029","EU","Female","20-39","e5","Middle",10104,1862,876
"Medium","Hungary",348,"2025-2029","EU","Female","20-39","e6","High",17024,3212,2880
"Medium","Hungary",348,"2025-2029","EU","Female","40-64","e4","Low",8709,890,228
"Medium","Hungary",348,"2025-2029","EU","Female","40-64","e5","Middle",32694,1600,907
"Medium","Hungary",348,"2025-2029","EU","Female","40-64","e6","High",27223,1592,1253
"Medium","Hungary",348,"2025-2029","EU","Female","65+","e4","Low",12484,289,181
"Medium","Hungary",348,"2025-2029","EU","Female","65+","e5","Middle",20501,398,284
"Medium","Hungary",348,"2025-2029","EU","Female","65+","e6","High",9970,337,229
"Medium","Hungary",348,"2025-2029","EU","Male","0-19","e4","Low",10415,1809,659
"Medium","Hungary",348,"2025-2029","EU","Male","0-19","e5","Middle",895,1504,685
"Medium","Hungary",348,"2025-2029","EU","Male","0-19","e6","High",22,350,381
"Medium","Hungary",348,"2025-2029","EU","Male","20-39","e4","Low",5153,900,158
"Medium","Hungary",348,"2025-2029","EU","Male","20-39","e5","Middle",12827,2683,1484
"Medium","Hungary",348,"2025-2029","EU","Male","20-39","e6","High",13626,2992,2367
"Medium","Hungary",348,"2025-2029","EU","Male","40-64","e4","Low",8024,886,232
"Medium","Hungary",348,"2025-2029","EU","Male","40-64","e5","Middle",34736,1726,1232
"Medium","Hungary",348,"2025-2029","EU","Male","40-64","e6","High",22702,1352,1040
"Medium","Hungary",348,"2025-2029","EU","Male","65+","e4","Low",4959,130,53
"Medium","Hungary",348,"2025-2029","EU","Male","65+","e5","Middle",14361,288,292
"Medium","Hungary",348,"2025-2029","EU","Male","65+","e6","High",9225,256,188
"Medium","Hungary",348,"2025-2029","NAT","Female","0-19","e4","Low",661296,753,274
"Medium","Hungary",348,"2025-2029","NAT","Female","0-19","e5","Middle",130663,676,282
"Medium","Hungary",348,"2025-2029","NAT","Female","0-19","e6","High",106468,343,441
"Medium","Hungary",348,"2025-2029","NAT","Female","20-39","e4","Low",142897,480,82
"Medium","Hungary",348,"2025-2029","NAT","Female","20-39","e5","Middle",364972,1635,800
"Medium","Hungary",348,"2025-2029","NAT","Female","20-39","e6","High",526180,3272,2898
"Medium","Hungary",348,"2025-2029","NAT","Female","40-64","e4","Low",210814,1039,263
"Medium","Hungary",348,"2025-2029","NAT","Female","40-64","e5","Middle",754262,1760,995
"Medium","Hungary",348,"2025-2029","NAT","Female","40-64","e6","High",632541,2922,2377
"Medium","Hungary",348,"2025-2029","NAT","Female","65+","e4","Low",420655,286,181
"Medium","Hungary",348,"2025-2029","NAT","Female","65+","e5","Middle",555397,466,340
"Medium","Hungary",348,"2025-2029","NAT","Female","65+","e6","High",206009,482,328
"Medium","Hungary",348,"2025-2029","NAT","Male","0-19","e4","Low",698123,861,337
"Medium","Hungary",348,"2025-2029","NAT","Male","0-19","e5","Middle",137624,824,370
"Medium","Hungary",348,"2025-2029","NAT","Male","0-19","e6","High",112918,355,367
"Medium","Hungary",348,"2025-2029","NAT","Male","20-39","e4","Low",177077,756,138
"Medium","Hungary",348,"2025-2029","NAT","Male","20-39","e5","Middle",487629,2099,1144
"Medium","Hungary",348,"2025-2029","NAT","Male","20-39","e6","High",436113,3230,2465
"Medium","Hungary",348,"2025-2029","NAT","Male","40-64","e4","Low",212887,1136,297
"Medium","Hungary",348,"2025-2029","NAT","Male","40-64","e5","Middle",888518,1781,1239
"Medium","Hungary",348,"2025-2029","NAT","Male","40-64","e6","High",459845,2424,1910
"Medium","Hungary",348,"2025-2029","NAT","Male","65+","e4","Low",136404,210,85
"Medium","Hungary",348,"2025-2029","NAT","Male","65+","e5","Middle",441304,329,337
"Medium","Hungary",348,"2025-2029","NAT","Male","65+","e6","High",155482,331,243
"Medium","Hungary",348,"2025-2029","NEU","Female","0-19","e4","Low",12030,4765,1317
"Medium","Hungary",348,"2025-2029","NEU","Female","0-19","e5","Middle",1611,2191,865
"Medium","Hungary",348,"2025-2029","NEU","Female","0-19","e6","High",74,396,541
"Medium","Hungary",348,"2025-2029","NEU","Female","20-39","e4","Low",4482,1779,252
"Medium","Hungary",348,"2025-2029","NEU","Female","20-39","e5","Middle",12995,2790,1308
"Medium","Hungary",348,"2025-2029","NEU","Female","20-39","e6","High",23590,2623,2356
"Medium","Hungary",348,"2025-2029","NEU","Female","40-64","e4","Low",6209,1203,306
"Medium","Hungary",348,"2025-2029","NEU","Female","40-64","e5","Middle",17900,1676,932
"Medium","Hungary",348,"2025-2029","NEU","Female","40-64","e6","High",21018,1202,929
"Medium","Hungary",348,"2025-2029","NEU","Female","65+","e4","Low",4386,198,122
"Medium","Hungary",348,"2025-2029","NEU","Female","65+","e5","Middle",9362,474,341
"Medium","Hungary",348,"2025-2029","NEU","Female","65+","e6","High",7215,313,213
"Medium","Hungary",348,"2025-2029","NEU","Male","0-19","e4","Low",12403,5079,1498
"Medium","Hungary",348,"2025-2029","NEU","Male","0-19","e5","Middle",1572,2506,1036
"Medium","Hungary",348,"2025-2029","NEU","Male","0-19","e6","High",96,479,521
"Medium","Hungary",348,"2025-2029","NEU","Male","20-39","e4","Low",6554,2344,394
"Medium","Hungary",348,"2025-2029","NEU","Male","20-39","e5","Middle",18494,3616,2002
"Medium","Hungary",348,"2025-2029","NEU","Male","20-39","e6","High",22416,2666,2119
"Medium","Hungary",348,"2025-2029","NEU","Male","40-64","e4","Low",6818,1314,345
"Medium","Hungary",348,"2025-2029","NEU","Male","40-64","e5","Middle",21947,1592,1101
"Medium","Hungary",348,"2025-2029","NEU","Male","40-64","e6","High",20979,1014,774
"Medium","Hungary",348,"2025-2029","NEU","Male","65+","e4","Low",2263,149,60
"Medium","Hungary",348,"2025-2029","NEU","Male","65+","e5","Middle",6459,234,237
"Medium","Hungary",348,"2025-2029","NEU","Male","65+","e6","High",6188,180,132
"Medium","Hungary",348,"2030-2034","EU","Female","0-19","e4","Low",7286,1063,371
"Medium","Hungary",348,"2030-2034","EU","Female","0-19","e5","Middle",1386,1396,529
"Medium","Hungary",348,"2030-2034","EU","Female","0-19","e6","High",27,412,496
"Medium","Hungary",348,"2030-2034","EU","Female","20-39","e4","Low",2929,333,40
"Medium","Hungary",348,"2030-2034","EU","Female","20-39","e5","Middle",7467,1758,741
"Medium","Hungary",348,"2030-2034","EU","Female","20-39","e6","High",14271,3227,2739
"Medium","Hungary",348,"2030-2034","EU","Female","40-64","e4","Low",9154,773,172
"Medium","Hungary",348,"2030-2034","EU","Female","40-64","e5","Middle",30810,1465,764
"Medium","Hungary",348,"2030-2034","EU","Female","40-64","e6","High",30846,1709,1310
"Medium","Hungary",348,"2030-2034","EU","Female","65+","e4","Low",9381,260,106
"Medium","Hungary",348,"2030-2034","EU","Female","65+","e5","Middle",22215,459,261
"Medium","Hungary",348,"2030-2034","EU","Female","65+","e6","High",10973,381,236
"Medium","Hungary",348,"2030-2034","EU","Male","0-19","e4","Low",7715,1178,453
"Medium","Hungary",348,"2030-2034","EU","Male","0-19","e5","Middle",1337,1663,667
"Medium","Hungary",348,"2030-2034","EU","Male","0-19","e6","High",34,324,306
"Medium","Hungary",348,"2030-2034","EU","Male","20-39","e4","Low",4202,600,83
"Medium","Hungary",348,"2030-2034","EU","Male","20-39","e5","Middle",9700,2545,1295
"Medium","Hungary",348,"2030-2034","EU","Male","20-39","e6","High",11423,2976,2181
"Medium","Hungary",348,"2030-2034","EU","Male","40-64","e4","Low",9222,819,197
"Medium","Hungary",348,"2030-2034","EU","Male","40-64","e5","Middle",33566,1607,1052
"Medium","Hungary",348,"2030-2034","EU","Male","40-64","e6","High",25555,1416,1097
"Medium","Hungary",348,"2030-2034","EU","Male","65+","e4","Low",3560,130,37
"Medium","Hungary",348,"2030-2034","EU","Male","65+","e5","Middle",15314,315,253
"Medium","Hungary",348,"2030-2034","EU","Male","65+","e6","High",9586,268,173
"Medium","Hungary",348,"2030-2034","NAT","Female","0-19","e4","Low",468565,351,135
"Medium","Hungary",348,"2030-2034","NAT","Female","0-19","e5","Middle",189882,663,258
"Medium","Hungary",348,"2030-2034","NAT","Female","0-19","e6","High",208244,417,441
"Medium","Hungary",348,"2030-2034","NAT","Female","20-39","e4","Low",137036,301,38
"Medium","Hungary",348,"2030-2034","NAT","Female","20-39","e5","Middle",316966,1516,654
"Medium","Hungary",348,"2030-2034","NAT","Female","20-39","e6","High",538034,3296,2782
"Medium","Hungary",348,"2030-2034","NAT","Female","40-64","e4","Low",195112,992,219
"Medium","Hungary",348,"2030-2034","NAT","Female","40-64","e5","Middle",683813,2030,1031
"Medium","Hungary",348,"2030-2034","NAT","Female","40-64","e6","High",701420,3434,2667
"Medium","Hungary",348,"2030-2034","NAT","Female","65+","e4","Low",326717,297,122
"Medium","Hungary",348,"2030-2034","NAT","Female","65+","e5","Middle",611914,530,307
"Medium","Hungary",348,"2030-2034","NAT","Female","65+","e6","High",246394,587,365
"Medium","Hungary",348,"2030-2034","NAT","Male","0-19","e4","Low",495182,416,173
"Medium","Hungary",348,"2030-2034","NAT","Male","0-19","e5","Middle",200064,815,339
"Medium","Hungary",348,"2030-2034","NAT","Male","0-19","e6","High",220918,421,362
"Medium","Hungary",348,"2030-2034","NAT","Male","20-39","e4","Low",172759,537,76
"Medium","Hungary",348,"2030-2034","NAT","Male","20-39","e5","Middle",425059,2030,1032
"Medium","Hungary",348,"2030-2034","NAT","Male","20-39","e6","High",454074,3277,2370
"Medium","Hungary",348,"2030-2034","NAT","Male","40-64","e4","Low",210985,1073,261
"Medium","Hungary",348,"2030-2034","NAT","Male","40-64","e5","Middle",833105,2059,1305
"Medium","Hungary",348,"2030-2034","NAT","Male","40-64","e6","High",523291,2777,2173
"Medium","Hungary",348,"2030-2034","NAT","Male","65+","e4","Low",106416,215,63
"Medium","Hungary",348,"2030-2034","NAT","Male","65+","e5","Middle",472094,390,319
"Medium","Hungary",348,"2030-2034","NAT","Male","65+","e6","High",168924,394,257
"Medium","Hungary",348,"2030-2034","NEU","Female","0-19","e4","Low",10331,4317,941
"Medium","Hungary",348,"2030-2034","NEU","Female","0-19","e5","Middle",2445,3023,1102
"Medium","Hungary",348,"2030-2034","NEU","Female","0-19","e6","High",106,528,635
"Medium","Hungary",348,"2030-2034","NEU","Female","20-39","e4","Low",4147,1896,203
"Medium","Hungary",348,"2030-2034","NEU","Female","20-39","e5","Middle",11324,3191,1330
"Medium","Hungary",348,"2030-2034","NEU","Female","20-39","e6","High",22276,3178,2701
"Medium","Hungary",348,"2030-2034","NEU","Female","40-64","e4","Low",7293,1397,300
"Medium","Hungary",348,"2030-2034","NEU","Female","40-64","e5","Middle",18603,1755,879
"Medium","Hungary",348,"2030-2034","NEU","Female","40-64","e6","High",25475,1330,1017
"Medium","Hungary",348,"2030-2034","NEU","Female","65+","e4","Low",4122,278,105
"Medium","Hungary",348,"2030-2034","NEU","Female","65+","e5","Middle",11093,545,309
"Medium","Hungary",348,"2030-2034","NEU","Female","65+","e6","High",8548,395,244
"Medium","Hungary",348,"2030-2034","NEU","Male","0-19","e4","Low",10668,4614,1117
"Medium","Hungary",348,"2030-2034","NEU","Male","0-19","e5","Middle",2416,3426,1311
"Medium","Hungary",348,"2030-2034","NEU","Male","0-19","e6","High",140,626,591
"Medium","Hungary",348,"2030-2034","NEU","Male","20-39","e4","Low",6033,2473,324
"Medium","Hungary",348,"2030-2034","NEU","Male","20-39","e5","Middle",15949,4062,2070
"Medium","Hungary",348,"2030-2034","NEU","Male","20-39","e6","High",20288,3225,2374
"Medium","Hungary",348,"2030-2034","NEU","Male","40-64","e4","Low",8613,1514,360
"Medium","Hungary",348,"2030-2034","NEU","Male","40-64","e5","Middle",23899,1767,1092
"Medium","Hungary",348,"2030-2034","NEU","Male","40-64","e6","High",25317,1151,889
"Medium","Hungary",348,"2030-2034","NEU","Male","65+","e4","Low",2307,213,60
"Medium","Hungary",348,"2030-2034","NEU","Male","65+","e5","Middle",7780,285,227
"Medium","Hungary",348,"2030-2034","NEU","Male","65+","e6","High",7537,233,150
"Medium","Hungary",348,"2035-2039","EU","Female","0-19","e4","Low",3524,783,288
"Medium","Hungary",348,"2035-2039","EU","Female","0-19","e5","Middle",1521,1311,472
"Medium","Hungary",348,"2035-2039","EU","Female","0-19","e6","High",22,434,539
"Medium","Hungary",348,"2035-2039","EU","Female","20-39","e4","Low",2470,199,17
"Medium","Hungary",348,"2035-2039","EU","Female","20-39","e5","Middle",6660,1612,581
"Medium","Hungary",348,"2035-2039","EU","Female","20-39","e6","High",12934,3184,2455
"Medium","Hungary",348,"2035-2039","EU","Female","40-64","e4","Low",8640,638,122
"Medium","Hungary",348,"2035-2039","EU","Female","40-64","e5","Middle",24734,1346,621
"Medium","Hungary",348,"2035-2039","EU","Female","40-64","e6","High",31866,1818,1349
"Medium","Hungary",348,"2035-2039","EU","Female","65+","e4","Low",8114,239,67
"Medium","Hungary",348,"2035-2039","EU","Female","65+","e5","Middle",26546,501,269
"Medium","Hungary",348,"2035-2039","EU","Female","65+","e6","High",13476,436,269
"Medium","Hungary",348,"2035-2039","EU","Male","0-19","e4","Low",3726,871,354
"Medium","Hungary",348,"2035-2039","EU","Male","0-19","e5","Middle",1473,1586,622
"Medium","Hungary",348,"2035-2039","EU","Male","0-19","e6","High",28,335,322
"Medium","Hungary",348,"2035-2039","EU","Male","20-39","e4","Low",4019,386,40
"Medium","Hungary",348,"2035-2039","EU","Male","20-39","e5","Middle",8674,2365,1068
"Medium","Hungary",348,"2035-2039","EU","Male","20-39","e6","High",10758,2868,1883
"Medium","Hungary",348,"2035-2039","EU","Male","40-64","e4","Low",9316,697,151
"Medium","Hungary",348,"2035-2039","EU","Male","40-64","e5","Middle",28043,1510,886
"Medium","Hungary",348,"2035-2039","EU","Male","40-64","e6","High",26181,1496,1142
"Medium","Hungary",348,"2035-2039","EU","Male","65+","e4","Low",3333,142,34
"Medium","Hungary",348,"2035-2039","EU","Male","65+","e5","Middle",19057,346,263
"Medium","Hungary",348,"2035-2039","EU","Male","65+","e6","High",11038,294,200
"Medium","Hungary",348,"2035-2039","NAT","Female","0-19","e4","Low",286638,276,112
"Medium","Hungary",348,"2035-2039","NAT","Female","0-19","e5","Middle",244630,549,203
"Medium","Hungary",348,"2035-2039","NAT","Female","0-19","e6","High",310331,358,370
"Medium","Hungary",348,"2035-2039","NAT","Female","20-39","e4","Low",120222,185,16
"Medium","Hungary",348,"2035-2039","NAT","Female","20-39","e5","Middle",270525,1418,518
"Medium","Hungary",348,"2035-2039","NAT","Female","20-39","e6","High",531906,3391,2611
"Medium","Hungary",348,"2035-2039","NAT","Female","40-64","e4","Low",188917,868,167
"Medium","Hungary",348,"2035-2039","NAT","Female","40-64","e5","Middle",589116,2179,992
"Medium","Hungary",348,"2035-2039","NAT","Female","40-64","e6","High",772163,3798,2832
"Medium","Hungary",348,"2035-2039","NAT","Female","65+","e4","Low",259026,301,84
"Medium","Hungary",348,"2035-2039","NAT","Female","65+","e5","Middle",652464,578,308
"Medium","Hungary",348,"2035-2039","NAT","Female","65+","e6","High",295890,706,433
"Medium","Hungary",348,"2035-2039","NAT","Male","0-19","e4","Low",303434,319,142
"Medium","Hungary",348,"2035-2039","NAT","Male","0-19","e5","Middle",257756,658,266
"Medium","Hungary",348,"2035-2039","NAT","Male","0-19","e6","High",329381,363,302
"Medium","Hungary",348,"2035-2039","NAT","Male","20-39","e4","Low",159495,381,40
"Medium","Hungary",348,"2035-2039","NAT","Male","20-39","e5","Middle",358944,2001,900
"Medium","Hungary",348,"2035-2039","NAT","Male","20-39","e6","High",456440,3417,2226
"Medium","Hungary",348,"2035-2039","NAT","Male","40-64","e4","Low",210471,947,209
"Medium","Hungary",348,"2035-2039","NAT","Male","40-64","e5","Middle",750634,2199,1279
"Medium","Hungary",348,"2035-2039","NAT","Male","40-64","e6","High",590762,2983,2304
"Medium","Hungary",348,"2035-2039","NAT","Male","65+","e4","Low",93700,211,50
"Medium","Hungary",348,"2035-2039","NAT","Male","65+","e5","Middle",501269,426,321
"Medium","Hungary",348,"2035-2039","NAT","Male","65+","e6","High",192112,452,306
"Medium","Hungary",348,"2035-2039","NEU","Female","0-19","e4","Low",7483,4425,957
"Medium","Hungary",348,"2035-2039","NEU","Female","0-19","e5","Middle",3044,3299,1142
"Medium","Hungary",348,"2035-2039","NEU","Female","0-19","e6","High",102,606,752
"Medium","Hungary",348,"2035-2039","NEU","Female","20-39","e4","Low",3908,1944,151
"Medium","Hungary",348,"2035-2039","NEU","Female","20-39","e5","Middle",10857,3681,1298
"Medium","Hungary",348,"2035-2039","NEU","Female","20-39","e6","High",20508,3893,3009
"Medium","Hungary",348,"2035-2039","NEU","Female","40-64","e4","Low",8317,1590,282
"Medium","Hungary",348,"2035-2039","NEU","Female","40-64","e5","Middle",19405,1976,869
"Medium","Hungary",348,"2035-2039","NEU","Female","40-64","e6","High",31054,1598,1182
"Medium","Hungary",348,"2035-2039","NEU","Female","65+","e4","Low",4499,367,102
"Medium","Hungary",348,"2035-2039","NEU","Female","65+","e5","Middle",12807,516,275
"Medium","Hungary",348,"2035-2039","NEU","Female","65+","e6","High",10124,408,249
"Medium","Hungary",348,"2035-2039","NEU","Male","0-19","e4","Low",7672,4714,1143
"Medium","Hungary",348,"2035-2039","NEU","Male","0-19","e5","Middle",3001,3740,1389
"Medium","Hungary",348,"2035-2039","NEU","Male","0-19","e6","High",132,712,683
"Medium","Hungary",348,"2035-2039","NEU","Male","20-39","e4","Low",5716,2524,249
"Medium","Hungary",348,"2035-2039","NEU","Male","20-39","e5","Middle",14639,4618,2089
"Medium","Hungary",348,"2035-2039","NEU","Male","20-39","e6","High",18201,3891,2580
"Medium","Hungary",348,"2035-2039","NEU","Male","40-64","e4","Low",10261,1704,354
"Medium","Hungary",348,"2035-2039","NEU","Male","40-64","e5","Middle",25903,2035,1130
"Medium","Hungary",348,"2035-2039","NEU","Male","40-64","e6","High",30217,1423,1074
"Medium","Hungary",348,"2035-2039","NEU","Male","65+","e4","Low",2784,283,68
"Medium","Hungary",348,"2035-2039","NEU","Male","65+","e5","Middle",9428,291,220
"Medium","Hungary",348,"2035-2039","NEU","Male","65+","e6","High",9113,256,173
"Medium","Hungary",348,"2040-2044","EU","Female","0-19","e4","Low",1220,0,0
"Medium","Hungary",348,"2040-2044","EU","Female","0-19","e5","Middle",905,0,0
"Medium","Hungary",348,"2040-2044","EU","Female","0-19","e6","High",5,0,0
"Medium","Hungary",348,"2040-2044","EU","Female","20-39","e4","Low",2029,0,0
"Medium","Hungary",348,"2040-2044","EU","Female","20-39","e5","Middle",5374,0,0
"Medium","Hungary",348,"2040-2044","EU","Female","20-39","e6","High",12240,0,0
"Medium","Hungary",348,"2040-2044","EU","Female","40-64","e4","Low",7879,0,0
"Medium","Hungary",348,"2040-2044","EU","Female","40-64","e5","Middle",20361,0,0
"Medium","Hungary",348,"2040-2044","EU","Female","40-64","e6","High",32414,0,0
"Medium","Hungary",348,"2040-2044","EU","Female","65+","e4","Low",7677,0,0
"Medium","Hungary",348,"2040-2044","EU","Female","65+","e5","Middle",28420,0,0
"Medium","Hungary",348,"2040-2044","EU","Female","65+","e6","High",16181,0,0
"Medium","Hungary",348,"2040-2044","EU","Male","0-19","e4","Low",1256,0,0
"Medium","Hungary",348,"2040-2044","EU","Male","0-19","e5","Middle",900,0,0
"Medium","Hungary",348,"2040-2044","EU","Male","0-19","e6","High",6,0,0
"Medium","Hungary",348,"2040-2044","EU","Male","20-39","e4","Low",3809,0,0
"Medium","Hungary",348,"2040-2044","EU","Male","20-39","e5","Middle",7301,0,0
"Medium","Hungary",348,"2040-2044","EU","Male","20-39","e6","High",10759,0,0
"Medium","Hungary",348,"2040-2044","EU","Male","40-64","e4","Low",8987,0,0
"Medium","Hungary",348,"2040-2044","EU","Male","40-64","e5","Middle",24226,0,0
"Medium","Hungary",348,"2040-2044","EU","Male","40-64","e6","High",26421,0,0
"Medium","Hungary",348,"2040-2044","EU","Male","65+","e4","Low",3611,0,0
"Medium","Hungary",348,"2040-2044","EU","Male","65+","e5","Middle",20330,0,0
"Medium","Hungary",348,"2040-2044","EU","Male","65+","e6","High",12598,0,0
"Medium","Hungary",348,"2040-2044","NAT","Female","0-19","e4","Low",280428,0,0
"Medium","Hungary",348,"2040-2044","NAT","Female","0-19","e5","Middle",209684,0,0
"Medium","Hungary",348,"2040-2044","NAT","Female","0-19","e6","High",309243,0,0
"Medium","Hungary",348,"2040-2044","NAT","Female","20-39","e4","Low",116811,0,0
"Medium","Hungary",348,"2040-2044","NAT","Female","20-39","e5","Middle",243404,0,0
"Medium","Hungary",348,"2040-2044","NAT","Female","20-39","e6","High",542392,0,0
"Medium","Hungary",348,"2040-2044","NAT","Female","40-64","e4","Low",174878,0,0
"Medium","Hungary",348,"2040-2044","NAT","Female","40-64","e5","Middle",473410,0,0
"Medium","Hungary",348,"2040-2044","NAT","Female","40-64","e6","High",800820,0,0
"Medium","Hungary",348,"2040-2044","NAT","Female","65+","e4","Low",211586,0,0
"Medium","Hungary",348,"2040-2044","NAT","Female","65+","e5","Middle",682926,0,0
"Medium","Hungary",348,"2040-2044","NAT","Female","65+","e6","High",365741,0,0
"Medium","Hungary",348,"2040-2044","NAT","Male","0-19","e4","Low",297239,0,0
"Medium","Hungary",348,"2040-2044","NAT","Male","0-19","e5","Middle",220709,0,0
"Medium","Hungary",348,"2040-2044","NAT","Male","0-19","e6","High",328582,0,0
"Medium","Hungary",348,"2040-2044","NAT","Male","20-39","e4","Low",158488,0,0
"Medium","Hungary",348,"2040-2044","NAT","Male","20-39","e5","Middle",319496,0,0
"Medium","Hungary",348,"2040-2044","NAT","Male","20-39","e6","High",472982,0,0
"Medium","Hungary",348,"2040-2044","NAT","Male","40-64","e4","Low",198083,0,0
"Medium","Hungary",348,"2040-2044","NAT","Male","40-64","e5","Middle",633987,0,0
"Medium","Hungary",348,"2040-2044","NAT","Male","40-64","e6","High",628539,0,0
"Medium","Hungary",348,"2040-2044","NAT","Male","65+","e4","Low",92762,0,0
"Medium","Hungary",348,"2040-2044","NAT","Male","65+","e5","Middle",533780,0,0
"Medium","Hungary",348,"2040-2044","NAT","Male","65+","e6","High",232254,0,0
"Medium","Hungary",348,"2040-2044","NEU","Female","0-19","e4","Low",6191,0,0
"Medium","Hungary",348,"2040-2044","NEU","Female","0-19","e5","Middle",2721,0,0
"Medium","Hungary",348,"2040-2044","NEU","Female","0-19","e6","High",61,0,0
"Medium","Hungary",348,"2040-2044","NEU","Female","20-39","e4","Low",3522,0,0
"Medium","Hungary",348,"2040-2044","NEU","Female","20-39","e5","Middle",9925,0,0
"Medium","Hungary",348,"2040-2044","NEU","Female","20-39","e6","High",19666,0,0
"Medium","Hungary",348,"2040-2044","NEU","Female","40-64","e4","Low",9426,0,0
"Medium","Hungary",348,"2040-2044","NEU","Female","40-64","e5","Middle",19861,0,0
"Medium","Hungary",348,"2040-2044","NEU","Female","40-64","e6","High",36764,0,0
"Medium","Hungary",348,"2040-2044","NEU","Female","65+","e4","Low",5216,0,0
"Medium","Hungary",348,"2040-2044","NEU","Female","65+","e5","Middle",14478,0,0
"Medium","Hungary",348,"2040-2044","NEU","Female","65+","e6","High",12073,0,0
"Medium","Hungary",348,"2040-2044","NEU","Male","0-19","e4","Low",6330,0,0
"Medium","Hungary",348,"2040-2044","NEU","Male","0-19","e5","Middle",2722,0,0
"Medium","Hungary",348,"2040-2044","NEU","Male","0-19","e6","High",81,0,0
"Medium","Hungary",348,"2040-2044","NEU","Male","20-39","e4","Low",5274,0,0
"Medium","Hungary",348,"2040-2044","NEU","Male","20-39","e5","Middle",13241,0,0
"Medium","Hungary",348,"2040-2044","NEU","Male","20-39","e6","High",17399,0,0
"Medium","Hungary",348,"2040-2044","NEU","Male","40-64","e4","Low",11832,0,0
"Medium","Hungary",348,"2040-2044","NEU","Male","40-64","e5","Middle",27429,0,0
"Medium","Hungary",348,"2040-2044","NEU","Male","40-64","e6","High",34901,0,0
"Medium","Hungary",348,"2040-2044","NEU","Male","65+","e4","Low",3469,0,0
"Medium","Hungary",348,"2040-2044","NEU","Male","65+","e5","Middle",10924,0,0
"Medium","Hungary",348,"2040-2044","NEU","Male","65+","e6","High",10789,0,0
"Medium","Ireland",372,"2020-2024","EU","Female","0-19","e4","Low",13819,2147,1246
"Medium","Ireland",372,"2020-2024","EU","Female","0-19","e5","Middle",3099,1750,980
"Medium","Ireland",372,"2020-2024","EU","Female","0-19","e6","High",346,3058,1267
"Medium","Ireland",372,"2020-2024","EU","Female","20-39","e4","Low",6410,605,68
"Medium","Ireland",372,"2020-2024","EU","Female","20-39","e5","Middle",25204,3080,874
"Medium","Ireland",372,"2020-2024","EU","Female","20-39","e6","High",45809,11213,8039
"Medium","Ireland",372,"2020-2024","EU","Female","40-64","e4","Low",5618,691,202
"Medium","Ireland",372,"2020-2024","EU","Female","40-64","e5","Middle",21179,1252,623
"Medium","Ireland",372,"2020-2024","EU","Female","40-64","e6","High",34573,3360,3526
"Medium","Ireland",372,"2020-2024","EU","Female","65+","e4","Low",1085,215,127
"Medium","Ireland",372,"2020-2024","EU","Female","65+","e5","Middle",1755,210,92
"Medium","Ireland",372,"2020-2024","EU","Female","65+","e6","High",1963,451,296
"Medium","Ireland",372,"2020-2024","EU","Male","0-19","e4","Low",14393,2368,1369
"Medium","Ireland",372,"2020-2024","EU","Male","0-19","e5","Middle",2896,1773,1223
"Medium","Ireland",372,"2020-2024","EU","Male","0-19","e6","High",329,1882,795
"Medium","Ireland",372,"2020-2024","EU","Male","20-39","e4","Low",8182,1088,165
"Medium","Ireland",372,"2020-2024","EU","Male","20-39","e5","Middle",27002,3667,1214
"Medium","Ireland",372,"2020-2024","EU","Male","20-39","e6","High",31396,9178,7210
"Medium","Ireland",372,"2020-2024","EU","Male","40-64","e4","Low",8183,827,305
"Medium","Ireland",372,"2020-2024","EU","Male","40-64","e5","Middle",27236,1296,625
"Medium","Ireland",372,"2020-2024","EU","Male","40-64","e6","High",28203,2555,3174
"Medium","Ireland",372,"2020-2024","EU","Male","65+","e4","Low",837,165,119
"Medium","Ireland",372,"2020-2024","EU","Male","65+","e5","Middle",1310,169,65
"Medium","Ireland",372,"2020-2024","EU","Male","65+","e6","High",1674,371,289
"Medium","Ireland",372,"2020-2024","NAT","Female","0-19","e4","Low",541427,490,273
"Medium","Ireland",372,"2020-2024","NAT","Female","0-19","e5","Middle",40832,388,208
"Medium","Ireland",372,"2020-2024","NAT","Female","0-19","e6","High",3595,696,288
"Medium","Ireland",372,"2020-2024","NAT","Female","20-39","e4","Low",31570,371,48
"Medium","Ireland",372,"2020-2024","NAT","Female","20-39","e5","Middle",138650,1044,324
"Medium","Ireland",372,"2020-2024","NAT","Female","20-39","e6","High",281198,4240,3559
"Medium","Ireland",372,"2020-2024","NAT","Female","40-64","e4","Low",120183,698,212
"Medium","Ireland",372,"2020-2024","NAT","Female","40-64","e5","Middle",185170,746,370
"Medium","Ireland",372,"2020-2024","NAT","Female","40-64","e6","High",306882,2810,2950
"Medium","Ireland",372,"2020-2024","NAT","Female","65+","e4","Low",183505,352,207
"Medium","Ireland",372,"2020-2024","NAT","Female","65+","e5","Middle",90503,271,118
"Medium","Ireland",372,"2020-2024","NAT","Female","65+","e6","High",66866,669,440
"Medium","Ireland",372,"2020-2024","NAT","Male","0-19","e4","Low",570032,518,288
"Medium","Ireland",372,"2020-2024","NAT","Male","0-19","e5","Middle",40502,367,240
"Medium","Ireland",372,"2020-2024","NAT","Male","0-19","e6","High",3166,456,192
"Medium","Ireland",372,"2020-2024","NAT","Male","20-39","e4","Low",54348,577,99
"Medium","Ireland",372,"2020-2024","NAT","Male","20-39","e5","Middle",150402,1015,357
"Medium","Ireland",372,"2020-2024","NAT","Male","20-39","e6","High",248848,3492,3292
"Medium","Ireland",372,"2020-2024","NAT","Male","40-64","e4","Low",173349,817,315
"Medium","Ireland",372,"2020-2024","NAT","Male","40-64","e5","Middle",145760,668,318
"Medium","Ireland",372,"2020-2024","NAT","Male","40-64","e6","High",274285,2247,2789
"Medium","Ireland",372,"2020-2024","NAT","Male","65+","e4","Low",166908,302,219
"Medium","Ireland",372,"2020-2024","NAT","Male","65+","e5","Middle",66626,199,77
"Medium","Ireland",372,"2020-2024","NAT","Male","65+","e6","High",68423,539,419
"Medium","Ireland",372,"2020-2024","NEU","Female","0-19","e4","Low",36758,6319,3123
"Medium","Ireland",372,"2020-2024","NEU","Female","0-19","e5","Middle",5088,2071,1160
"Medium","Ireland",372,"2020-2024","NEU","Female","0-19","e6","High",694,2263,938
"Medium","Ireland",372,"2020-2024","NEU","Female","20-39","e4","Low",7957,3662,365
"Medium","Ireland",372,"2020-2024","NEU","Female","20-39","e5","Middle",25031,3685,994
"Medium","Ireland",372,"2020-2024","NEU","Female","20-39","e6","High",96064,5228,3630
"Medium","Ireland",372,"2020-2024","NEU","Female","40-64","e4","Low",19045,1386,366
"Medium","Ireland",372,"2020-2024","NEU","Female","40-64","e5","Middle",34270,556,279
"Medium","Ireland",372,"2020-2024","NEU","Female","40-64","e6","High",79559,1030,1108
"Medium","Ireland",372,"2020-2024","NEU","Female","65+","e4","Low",9835,133,75
"Medium","Ireland",372,"2020-2024","NEU","Female","65+","e5","Middle",8977,62,27
"Medium","Ireland",372,"2020-2024","NEU","Female","65+","e6","High",11033,107,70
"Medium","Ireland",372,"2020-2024","NEU","Male","0-19","e4","Low",37907,6599,3333
"Medium","Ireland",372,"2020-2024","NEU","Male","0-19","e5","Middle",4875,2104,1441
"Medium","Ireland",372,"2020-2024","NEU","Male","0-19","e6","High",693,1924,812
"Medium","Ireland",372,"2020-2024","NEU","Male","20-39","e4","Low",10179,4343,615
"Medium","Ireland",372,"2020-2024","NEU","Male","20-39","e5","Middle",27935,3862,1254
"Medium","Ireland",372,"2020-2024","NEU","Male","20-39","e6","High",83391,5391,4074
"Medium","Ireland",372,"2020-2024","NEU","Male","40-64","e4","Low",24472,1584,544
"Medium","Ireland",372,"2020-2024","NEU","Male","40-64","e5","Middle",31893,600,295
"Medium","Ireland",372,"2020-2024","NEU","Male","40-64","e6","High",76119,1006,1287
"Medium","Ireland",372,"2020-2024","NEU","Male","65+","e4","Low",8105,123,86
"Medium","Ireland",372,"2020-2024","NEU","Male","65+","e5","Middle",6551,46,18
"Medium","Ireland",372,"2020-2024","NEU","Male","65+","e6","High",13109,100,78
"Medium","Ireland",372,"2025-2029","EU","Female","0-19","e4","Low",8094,1200,657
"Medium","Ireland",372,"2025-2029","EU","Female","0-19","e5","Middle",2212,1848,976
"Medium","Ireland",372,"2025-2029","EU","Female","0-19","e6","High",219,3044,1229
"Medium","Ireland",372,"2025-2029","EU","Female","20-39","e4","Low",5244,369,32
"Medium","Ireland",372,"2025-2029","EU","Female","20-39","e5","Middle",18226,2553,692
"Medium","Ireland",372,"2025-2029","EU","Female","20-39","e6","High",38874,11001,7771
"Medium","Ireland",372,"2025-2029","EU","Female","40-64","e4","Low",7697,574,142
"Medium","Ireland",372,"2025-2029","EU","Female","40-64","e5","Middle",30273,1217,596
"Medium","Ireland",372,"2025-2029","EU","Female","40-64","e6","High",50761,3783,4039
"Medium","Ireland",372,"2025-2029","EU","Female","65+","e4","Low",1672,211,101
"Medium","Ireland",372,"2025-2029","EU","Female","65+","e5","Middle",3392,302,141
"Medium","Ireland",372,"2025-2029","EU","Female","65+","e6","High",3628,654,464
"Medium","Ireland",372,"2025-2029","EU","Male","0-19","e4","Low",8555,1350,736
"Medium","Ireland",372,"2025-2029","EU","Male","0-19","e5","Middle",2130,1886,1229
"Medium","Ireland",372,"2025-2029","EU","Male","0-19","e6","High",223,1831,768
"Medium","Ireland",372,"2025-2029","EU","Male","20-39","e4","Low",7036,720,90
"Medium","Ireland",372,"2025-2029","EU","Male","20-39","e5","Middle",20957,3150,1016
"Medium","Ireland",372,"2025-2029","EU","Male","20-39","e6","High",27417,8880,7004
"Medium","Ireland",372,"2025-2029","EU","Male","40-64","e4","Low",10920,740,226
"Medium","Ireland",372,"2025-2029","EU","Male","40-64","e5","Middle",36530,1278,622
"Medium","Ireland",372,"2025-2029","EU","Male","40-64","e6","High",37597,2758,3475
"Medium","Ireland",372,"2025-2029","EU","Male","65+","e4","Low",1449,163,102
"Medium","Ireland",372,"2025-2029","EU","Male","65+","e5","Middle",2986,243,103
"Medium","Ireland",372,"2025-2029","EU","Male","65+","e6","High",2940,495,403
"Medium","Ireland",372,"2025-2029","NAT","Female","0-19","e4","Low",412809,320,182
"Medium","Ireland",372,"2025-2029","NAT","Female","0-19","e5","Middle",80186,428,228
"Medium","Ireland",372,"2025-2029","NAT","Female","0-19","e6","High",91760,836,355
"Medium","Ireland",372,"2025-2029","NAT","Female","20-39","e4","Low",25127,190,19
"Medium","Ireland",372,"2025-2029","NAT","Female","20-39","e5","Middle",137502,745,218
"Medium","Ireland",372,"2025-2029","NAT","Female","20-39","e6","High",292807,3556,2641
"Medium","Ireland",372,"2025-2029","NAT","Female","40-64","e4","Low",95077,495,124
"Medium","Ireland",372,"2025-2029","NAT","Female","40-64","e5","Middle",178857,638,312
"Medium","Ireland",372,"2025-2029","NAT","Female","40-64","e6","High",360422,2909,3126
"Medium","Ireland",372,"2025-2029","NAT","Female","65+","e4","Low",177991,302,147
"Medium","Ireland",372,"2025-2029","NAT","Female","65+","e5","Middle",111874,257,120
"Medium","Ireland",372,"2025-2029","NAT","Female","65+","e6","High",92760,724,507
"Medium","Ireland",372,"2025-2029","NAT","Male","0-19","e4","Low",435935,351,202
"Medium","Ireland",372,"2025-2029","NAT","Male","0-19","e5","Middle",82680,411,274
"Medium","Ireland",372,"2025-2029","NAT","Male","0-19","e6","High",96135,553,250
"Medium","Ireland",372,"2025-2029","NAT","Male","20-39","e4","Low",42640,312,43
"Medium","Ireland",372,"2025-2029","NAT","Male","20-39","e5","Middle",160385,756,253
"Medium","Ireland",372,"2025-2029","NAT","Male","20-39","e6","High",264439,2888,2446
"Medium","Ireland",372,"2025-2029","NAT","Male","40-64","e4","Low",147007,636,200
"Medium","Ireland",372,"2025-2029","NAT","Male","40-64","e5","Middle",144791,586,283
"Medium","Ireland",372,"2025-2029","NAT","Male","40-64","e6","High",316999,2285,2889
"Medium","Ireland",372,"2025-2029","NAT","Male","65+","e4","Low",167689,262,167
"Medium","Ireland",372,"2025-2029","NAT","Male","65+","e5","Middle",81031,189,79
"Medium","Ireland",372,"2025-2029","NAT","Male","65+","e6","High",91129,547,444
"Medium","Ireland",372,"2025-2029","NEU","Female","0-19","e4","Low",26338,6316,2638
"Medium","Ireland",372,"2025-2029","NEU","Female","0-19","e5","Middle",4468,2845,1495
"Medium","Ireland",372,"2025-2029","NEU","Female","0-19","e6","High",570,2817,1137
"Medium","Ireland",372,"2025-2029","NEU","Female","20-39","e4","Low",9294,3676,292
"Medium","Ireland",372,"2025-2029","NEU","Female","20-39","e5","Middle",20560,4542,1186
"Medium","Ireland",372,"2025-2029","NEU","Female","20-39","e6","High",87494,7041,4872
"Medium","Ireland",372,"2025-2029","NEU","Female","40-64","e4","Low",18794,1724,391
"Medium","Ireland",372,"2025-2029","NEU","Female","40-64","e5","Middle",35041,760,373
"Medium","Ireland",372,"2025-2029","NEU","Female","40-64","e6","High",97033,1459,1581
"Medium","Ireland",372,"2025-2029","NEU","Female","65+","e4","Low",12127,219,103
"Medium","Ireland",372,"2025-2029","NEU","Female","65+","e5","Middle",12965,109,51
"Medium","Ireland",372,"2025-2029","NEU","Female","65+","e6","High",17683,185,131
"Medium","Ireland",372,"2025-2029","NEU","Male","0-19","e4","Low",27310,6557,2818
"Medium","Ireland",372,"2025-2029","NEU","Male","0-19","e5","Middle",4260,2897,1859
"Medium","Ireland",372,"2025-2029","NEU","Male","0-19","e6","High",576,2351,987
"Medium","Ireland",372,"2025-2029","NEU","Male","20-39","e4","Low",11318,4428,530
"Medium","Ireland",372,"2025-2029","NEU","Male","20-39","e5","Middle",23738,4739,1520
"Medium","Ireland",372,"2025-2029","NEU","Male","20-39","e6","High",76645,7252,5530
"Medium","Ireland",372,"2025-2029","NEU","Male","40-64","e4","Low",24291,1964,563
"Medium","Ireland",372,"2025-2029","NEU","Male","40-64","e5","Middle",33560,821,407
"Medium","Ireland",372,"2025-2029","NEU","Male","40-64","e6","High",89403,1375,1762
"Medium","Ireland",372,"2025-2029","NEU","Male","65+","e4","Low",10776,198,122
"Medium","Ireland",372,"2025-2029","NEU","Male","65+","e5","Middle",9853,84,35
"Medium","Ireland",372,"2025-2029","NEU","Male","65+","e6","High",19717,165,134
"Medium","Ireland",372,"2030-2034","EU","Female","0-19","e4","Low",3968,843,414
"Medium","Ireland",372,"2030-2034","EU","Female","0-19","e5","Middle",1908,1807,879
"Medium","Ireland",372,"2030-2034","EU","Female","0-19","e6","High",173,2862,1059
"Medium","Ireland",372,"2030-2034","EU","Female","20-39","e4","Low",4035,226,17
"Medium","Ireland",372,"2030-2034","EU","Female","20-39","e5","Middle",14295,2113,559
"Medium","Ireland",372,"2030-2034","EU","Female","20-39","e6","High",36060,10678,7586
"Medium","Ireland",372,"2030-2034","EU","Female","40-64","e4","Low",9296,434,89
"Medium","Ireland",372,"2030-2034","EU","Female","40-64","e5","Middle",34423,1137,523
"Medium","Ireland",372,"2030-2034","EU","Female","40-64","e6","High",60116,4163,4202
"Medium","Ireland",372,"2030-2034","EU","Female","65+","e4","Low",2398,197,80
"Medium","Ireland",372,"2030-2034","EU","Female","65+","e5","Middle",5734,363,177
"Medium","Ireland",372,"2030-2034","EU","Female","65+","e6","High",6155,870,692
"Medium","Ireland",372,"2030-2034","EU","Male","0-19","e4","Low",4220,947,466
"Medium","Ireland",372,"2030-2034","EU","Male","0-19","e5","Middle",1803,1847,1091
"Medium","Ireland",372,"2030-2034","EU","Male","0-19","e6","High",172,1702,658
"Medium","Ireland",372,"2030-2034","EU","Male","20-39","e4","Low",5758,473,54
"Medium","Ireland",372,"2030-2034","EU","Male","20-39","e5","Middle",18042,2694,881
"Medium","Ireland",372,"2030-2034","EU","Male","20-39","e6","High",25525,8414,6808
"Medium","Ireland",372,"2030-2034","EU","Male","40-64","e4","Low",12889,602,150
"Medium","Ireland",372,"2030-2034","EU","Male","40-64","e5","Middle",40811,1217,562
"Medium","Ireland",372,"2030-2034","EU","Male","40-64","e6","High",42499,2959,3541
"Medium","Ireland",372,"2030-2034","EU","Male","65+","e4","Low",2207,165,91
"Medium","Ireland",372,"2030-2034","EU","Male","65+","e5","Middle",5334,292,134
"Medium","Ireland",372,"2030-2034","EU","Male","65+","e6","High",4939,611,527
"Medium","Ireland",372,"2030-2034","NAT","Female","0-19","e4","Low",270809,87,34
"Medium","Ireland",372,"2030-2034","NAT","Female","0-19","e5","Middle",110462,396,209
"Medium","Ireland",372,"2030-2034","NAT","Female","0-19","e6","High",179319,948,394
"Medium","Ireland",372,"2030-2034","NAT","Female","20-39","e4","Low",21583,99,8
"Medium","Ireland",372,"2030-2034","NAT","Female","20-39","e5","Middle",140473,589,159
"Medium","Ireland",372,"2030-2034","NAT","Female","20-39","e6","High",341172,3273,2348
"Medium","Ireland",372,"2030-2034","NAT","Female","40-64","e4","Low",73241,348,72
"Medium","Ireland",372,"2030-2034","NAT","Female","40-64","e5","Middle",164832,558,257
"Medium","Ireland",372,"2030-2034","NAT","Female","40-64","e6","High",385786,2955,3017
"Medium","Ireland",372,"2030-2034","NAT","Female","65+","e4","Low",167798,220,91
"Medium","Ireland",372,"2030-2034","NAT","Female","65+","e5","Middle",133198,231,113
"Medium","Ireland",372,"2030-2034","NAT","Female","65+","e6","High",127542,703,555
"Medium","Ireland",372,"2030-2034","NAT","Male","0-19","e4","Low",286184,111,42
"Medium","Ireland",372,"2030-2034","NAT","Male","0-19","e5","Middle",114642,406,269
"Medium","Ireland",372,"2030-2034","NAT","Male","0-19","e6","High",188542,593,274
"Medium","Ireland",372,"2030-2034","NAT","Male","20-39","e4","Low",36672,174,20
"Medium","Ireland",372,"2030-2034","NAT","Male","20-39","e5","Middle",173265,629,207
"Medium","Ireland",372,"2030-2034","NAT","Male","20-39","e6","High",315095,2612,2152
"Medium","Ireland",372,"2030-2034","NAT","Male","40-64","e4","Low",118520,483,123
"Medium","Ireland",372,"2030-2034","NAT","Male","40-64","e5","Middle",142978,521,241
"Medium","Ireland",372,"2030-2034","NAT","Male","40-64","e6","High",336491,2295,2766
"Medium","Ireland",372,"2030-2034","NAT","Male","65+","e4","Low",164153,204,114
"Medium","Ireland",372,"2030-2034","NAT","Male","65+","e5","Middle",92667,173,79
"Medium","Ireland",372,"2030-2034","NAT","Male","65+","e6","High",118247,529,456
"Medium","Ireland",372,"2030-2034","NEU","Female","0-19","e4","Low",16778,5660,1688
"Medium","Ireland",372,"2030-2034","NEU","Female","0-19","e5","Middle",5401,3718,1805
"Medium","Ireland",372,"2030-2034","NEU","Female","0-19","e6","High",662,3528,1306
"Medium","Ireland",372,"2030-2034","NEU","Female","20-39","e4","Low",7527,3538,240
"Medium","Ireland",372,"2030-2034","NEU","Female","20-39","e5","Middle",16496,5300,1363
"Medium","Ireland",372,"2030-2034","NEU","Female","20-39","e6","High",75558,8937,6301
"Medium","Ireland",372,"2030-2034","NEU","Female","40-64","e4","Low",18699,1984,370
"Medium","Ireland",372,"2030-2034","NEU","Female","40-64","e5","Middle",33808,1002,450
"Medium","Ireland",372,"2030-2034","NEU","Female","40-64","e6","High",115592,1997,2008
"Medium","Ireland",372,"2030-2034","NEU","Female","65+","e4","Low",14811,323,129
"Medium","Ireland",372,"2030-2034","NEU","Female","65+","e5","Middle",18889,161,79
"Medium","Ireland",372,"2030-2034","NEU","Female","65+","e6","High",28361,284,226
"Medium","Ireland",372,"2030-2034","NEU","Male","0-19","e4","Low",17494,5840,1819
"Medium","Ireland",372,"2030-2034","NEU","Male","0-19","e5","Middle",5322,3785,2207
"Medium","Ireland",372,"2030-2034","NEU","Male","0-19","e6","High",693,2879,1113
"Medium","Ireland",372,"2030-2034","NEU","Male","20-39","e4","Low",9262,4276,465
"Medium","Ireland",372,"2030-2034","NEU","Male","20-39","e5","Middle",19763,5513,1792
"Medium","Ireland",372,"2030-2034","NEU","Male","20-39","e6","High",67887,9143,7252
"Medium","Ireland",372,"2030-2034","NEU","Male","40-64","e4","Low",23556,2278,527
"Medium","Ireland",372,"2030-2034","NEU","Male","40-64","e5","Middle",34238,1083,496
"Medium","Ireland",372,"2030-2034","NEU","Male","40-64","e6","High",101942,1811,2167
"Medium","Ireland",372,"2030-2034","NEU","Male","65+","e4","Low",14462,291,157
"Medium","Ireland",372,"2030-2034","NEU","Male","65+","e5","Middle",14537,128,59
"Medium","Ireland",372,"2030-2034","NEU","Male","65+","e6","High",29763,250,216
"Medium","Ireland",372,"2035-2039","EU","Female","0-19","e4","Low",1340,598,276
"Medium","Ireland",372,"2035-2039","EU","Female","0-19","e5","Middle",1330,1515,684
"Medium","Ireland",372,"2035-2039","EU","Female","0-19","e6","High",79,2718,908
"Medium","Ireland",372,"2035-2039","EU","Female","20-39","e4","Low",3294,133,9
"Medium","Ireland",372,"2035-2039","EU","Female","20-39","e5","Middle",11482,1718,444
"Medium","Ireland",372,"2035-2039","EU","Female","20-39","e6","High",32765,10085,7217
"Medium","Ireland",372,"2035-2039","EU","Female","40-64","e4","Low",9856,314,54
"Medium","Ireland",372,"2035-2039","EU","Female","40-64","e5","Middle",35765,1037,440
"Medium","Ireland",372,"2035-2039","EU","Female","40-64","e6","High",67138,4462,4182
"Medium","Ireland",372,"2035-2039","EU","Female","65+","e4","Low",3354,173,59
"Medium","Ireland",372,"2035-2039","EU","Female","65+","e5","Middle",9147,372,191
"Medium","Ireland",372,"2035-2039","EU","Female","65+","e6","High",10223,999,890
"Medium","Ireland",372,"2035-2039","EU","Male","0-19","e4","Low",1445,675,315
"Medium","Ireland",372,"2035-2039","EU","Male","0-19","e5","Middle",1291,1563,859
"Medium","Ireland",372,"2035-2039","EU","Male","0-19","e6","High",82,1561,545
"Medium","Ireland",372,"2035-2039","EU","Male","20-39","e4","Low",4754,298,31
"Medium","Ireland",372,"2035-2039","EU","Male","20-39","e5","Middle",14741,2262,737
"Medium","Ireland",372,"2035-2039","EU","Male","20-39","e6","High",22608,7733,6362
"Medium","Ireland",372,"2035-2039","EU","Male","40-64","e4","Low",13632,470,99
"Medium","Ireland",372,"2035-2039","EU","Male","40-64","e5","Middle",42624,1136,501
"Medium","Ireland",372,"2035-2039","EU","Male","40-64","e6","High",45935,3149,3515
"Medium","Ireland",372,"2035-2039","EU","Male","65+","e4","Low",3411,161,71
"Medium","Ireland",372,"2035-2039","EU","Male","65+","e5","Middle",9409,305,144
"Medium","Ireland",372,"2035-2039","EU","Male","65+","e6","High",8170,664,678
"Medium","Ireland",372,"2035-2039","NAT","Female","0-19","e4","Low",129708,54,21
"Medium","Ireland",372,"2035-2039","NAT","Female","0-19","e5","Middle",135909,201,94
"Medium","Ireland",372,"2035-2039","NAT","Female","0-19","e6","High",275019,511,205
"Medium","Ireland",372,"2035-2039","NAT","Female","20-39","e4","Low",19105,57,4
"Medium","Ireland",372,"2035-2039","NAT","Female","20-39","e5","Middle",141695,525,134
"Medium","Ireland",372,"2035-2039","NAT","Female","20-39","e6","High",400473,3369,2416
"Medium","Ireland",372,"2035-2039","NAT","Female","40-64","e4","Low",55803,234,41
"Medium","Ireland",372,"2035-2039","NAT","Female","40-64","e5","Middle",145552,469,201
"Medium","Ireland",372,"2035-2039","NAT","Female","40-64","e6","High",400605,2874,2766
"Medium","Ireland",372,"2035-2039","NAT","Female","65+","e4","Low",151548,161,56
"Medium","Ireland",372,"2035-2039","NAT","Female","65+","e5","Middle",149925,209,107
"Medium","Ireland",372,"2035-2039","NAT","Female","65+","e6","High",169227,714,635
"Medium","Ireland",372,"2035-2039","NAT","Male","0-19","e4","Low",137952,64,26
"Medium","Ireland",372,"2035-2039","NAT","Male","0-19","e5","Middle",141657,203,118
"Medium","Ireland",372,"2035-2039","NAT","Male","0-19","e6","High",289688,347,157
"Medium","Ireland",372,"2035-2039","NAT","Male","20-39","e4","Low",33035,115,12
"Medium","Ireland",372,"2035-2039","NAT","Male","20-39","e5","Middle",180619,623,202
"Medium","Ireland",372,"2035-2039","NAT","Male","20-39","e6","High",371569,2681,2224
"Medium","Ireland",372,"2035-2039","NAT","Male","40-64","e4","Low",92939,337,75
"Medium","Ireland",372,"2035-2039","NAT","Male","40-64","e5","Middle",135780,429,192
"Medium","Ireland",372,"2035-2039","NAT","Male","40-64","e6","High",353650,2131,2434
"Medium","Ireland",372,"2035-2039","NAT","Male","65+","e4","Low",153964,169,76
"Medium","Ireland",372,"2035-2039","NAT","Male","65+","e5","Middle",102597,161,76
"Medium","Ireland",372,"2035-2039","NAT","Male","65+","e6","High",149180,553,564
"Medium","Ireland",372,"2035-2039","NEU","Female","0-19","e4","Low",8500,5625,1559
"Medium","Ireland",372,"2035-2039","NEU","Female","0-19","e5","Middle",4390,4219,1892
"Medium","Ireland",372,"2035-2039","NEU","Female","0-19","e6","High",431,4267,1426
"Medium","Ireland",372,"2035-2039","NEU","Female","20-39","e4","Low",6422,3387,202
"Medium","Ireland",372,"2035-2039","NEU","Female","20-39","e5","Middle",15035,6055,1525
"Medium","Ireland",372,"2035-2039","NEU","Female","20-39","e6","High",68196,11176,7880
"Medium","Ireland",372,"2035-2039","NEU","Female","40-64","e4","Low",18308,2147,334
"Medium","Ireland",372,"2035-2039","NEU","Female","40-64","e5","Middle",31012,1296,528
"Medium","Ireland",372,"2035-2039","NEU","Female","40-64","e6","High",127593,2731,2503
"Medium","Ireland",372,"2035-2039","NEU","Female","65+","e4","Low",17189,435,145
"Medium","Ireland",372,"2035-2039","NEU","Female","65+","e5","Middle",24776,198,101
"Medium","Ireland",372,"2035-2039","NEU","Female","65+","e6","High",42520,382,341
"Medium","Ireland",372,"2035-2039","NEU","Male","0-19","e4","Low",8780,5785,1688
"Medium","Ireland",372,"2035-2039","NEU","Male","0-19","e5","Middle",4249,4297,2314
"Medium","Ireland",372,"2035-2039","NEU","Male","0-19","e6","High",442,3371,1177
"Medium","Ireland",372,"2035-2039","NEU","Male","20-39","e4","Low",7791,4063,411
"Medium","Ireland",372,"2035-2039","NEU","Male","20-39","e5","Middle",18254,6294,2033
"Medium","Ireland",372,"2035-2039","NEU","Male","20-39","e6","High",61540,11234,9027
"Medium","Ireland",372,"2035-2039","NEU","Male","40-64","e4","Low",22484,2500,489
"Medium","Ireland",372,"2035-2039","NEU","Male","40-64","e5","Middle",33211,1391,595
"Medium","Ireland",372,"2035-2039","NEU","Male","40-64","e6","High",110321,2468,2718
"Medium","Ireland",372,"2035-2039","NEU","Male","65+","e4","Low",17870,389,168
"Medium","Ireland",372,"2035-2039","NEU","Male","65+","e5","Middle",19762,166,78
"Medium","Ireland",372,"2035-2039","NEU","Male","65+","e6","High",42128,330,339
"Medium","Ireland",372,"2040-2044","EU","Female","0-19","e4","Low",567,0,0
"Medium","Ireland",372,"2040-2044","EU","Female","0-19","e5","Middle",758,0,0
"Medium","Ireland",372,"2040-2044","EU","Female","0-19","e6","High",22,0,0
"Medium","Ireland",372,"2040-2044","EU","Female","20-39","e4","Low",2513,0,0
"Medium","Ireland",372,"2040-2044","EU","Female","20-39","e5","Middle",8397,0,0
"Medium","Ireland",372,"2040-2044","EU","Female","20-39","e6","High",28025,0,0
"Medium","Ireland",372,"2040-2044","EU","Female","40-64","e4","Low",9593,0,0
"Medium","Ireland",372,"2040-2044","EU","Female","40-64","e5","Middle",34338,0,0
"Medium","Ireland",372,"2040-2044","EU","Female","40-64","e6","High",70130,0,0
"Medium","Ireland",372,"2040-2044","EU","Female","65+","e4","Low",4748,0,0
"Medium","Ireland",372,"2040-2044","EU","Female","65+","e5","Middle",14393,0,0
"Medium","Ireland",372,"2040-2044","EU","Female","65+","e6","High",18092,0,0
"Medium","Ireland",372,"2040-2044","EU","Male","0-19","e4","Low",590,0,0
"Medium","Ireland",372,"2040-2044","EU","Male","0-19","e5","Middle",721,0,0
"Medium","Ireland",372,"2040-2044","EU","Male","0-19","e6","High",22,0,0
"Medium","Ireland",372,"2040-2044","EU","Male","20-39","e4","Low",3622,0,0
"Medium","Ireland",372,"2040-2044","EU","Male","20-39","e5","Middle",11147,0,0
"Medium","Ireland",372,"2040-2044","EU","Male","20-39","e6","High",18899,0,0
"Medium","Ireland",372,"2040-2044","EU","Male","40-64","e4","Low",13182,0,0
"Medium","Ireland",372,"2040-2044","EU","Male","40-64","e5","Middle",40452,0,0
"Medium","Ireland",372,"2040-2044","EU","Male","40-64","e6","High",45936,0,0
"Medium","Ireland",372,"2040-2044","EU","Male","65+","e4","Low",5311,0,0
"Medium","Ireland",372,"2040-2044","EU","Male","65+","e5","Middle",16130,0,0
"Medium","Ireland",372,"2040-2044","EU","Male","65+","e6","High",14100,0,0
"Medium","Ireland",372,"2040-2044","NAT","Female","0-19","e4","Low",117852,0,0
"Medium","Ireland",372,"2040-2044","NAT","Female","0-19","e5","Middle",126596,0,0
"Medium","Ireland",372,"2040-2044","NAT","Female","0-19","e6","High",297542,0,0
"Medium","Ireland",372,"2040-2044","NAT","Female","20-39","e4","Low",16239,0,0
"Medium","Ireland",372,"2040-2044","NAT","Female","20-39","e5","Middle",133590,0,0
"Medium","Ireland",372,"2040-2044","NAT","Female","20-39","e6","High",440545,0,0
"Medium","Ireland",372,"2040-2044","NAT","Female","40-64","e4","Low",43229,0,0
"Medium","Ireland",372,"2040-2044","NAT","Female","40-64","e5","Middle",128140,0,0
"Medium","Ireland",372,"2040-2044","NAT","Female","40-64","e6","High",415186,0,0
"Medium","Ireland",372,"2040-2044","NAT","Female","65+","e4","Low",131020,0,0
"Medium","Ireland",372,"2040-2044","NAT","Female","65+","e5","Middle",162724,0,0
"Medium","Ireland",372,"2040-2044","NAT","Female","65+","e6","High",226166,0,0
"Medium","Ireland",372,"2040-2044","NAT","Male","0-19","e4","Low",126015,0,0
"Medium","Ireland",372,"2040-2044","NAT","Male","0-19","e5","Middle",132425,0,0
"Medium","Ireland",372,"2040-2044","NAT","Male","0-19","e6","High",313712,0,0
"Medium","Ireland",372,"2040-2044","NAT","Male","20-39","e4","Low",27796,0,0
"Medium","Ireland",372,"2040-2044","NAT","Male","20-39","e5","Middle",176203,0,0
"Medium","Ireland",372,"2040-2044","NAT","Male","20-39","e6","High",410564,0,0
"Medium","Ireland",372,"2040-2044","NAT","Male","40-64","e4","Low",73603,0,0
"Medium","Ireland",372,"2040-2044","NAT","Male","40-64","e5","Middle",128512,0,0
"Medium","Ireland",372,"2040-2044","NAT","Male","40-64","e6","High",373033,0,0
"Medium","Ireland",372,"2040-2044","NAT","Male","65+","e4","Low",139236,0,0
"Medium","Ireland",372,"2040-2044","NAT","Male","65+","e5","Middle",112311,0,0
"Medium","Ireland",372,"2040-2044","NAT","Male","65+","e6","High",191817,0,0
"Medium","Ireland",372,"2040-2044","NEU","Female","0-19","e4","Low",5572,0,0
"Medium","Ireland",372,"2040-2044","NEU","Female","0-19","e5","Middle",2651,0,0
"Medium","Ireland",372,"2040-2044","NEU","Female","0-19","e6","High",145,0,0
"Medium","Ireland",372,"2040-2044","NEU","Female","20-39","e4","Low",5565,0,0
"Medium","Ireland",372,"2040-2044","NEU","Female","20-39","e5","Middle",13008,0,0
"Medium","Ireland",372,"2040-2044","NEU","Female","20-39","e6","High",65960,0,0
"Medium","Ireland",372,"2040-2044","NEU","Female","40-64","e4","Low",18241,0,0
"Medium","Ireland",372,"2040-2044","NEU","Female","40-64","e5","Middle",28492,0,0
"Medium","Ireland",372,"2040-2044","NEU","Female","40-64","e6","High",131857,0,0
"Medium","Ireland",372,"2040-2044","NEU","Female","65+","e4","Low",18663,0,0
"Medium","Ireland",372,"2040-2044","NEU","Female","65+","e5","Middle",28770,0,0
"Medium","Ireland",372,"2040-2044","NEU","Female","65+","e6","High",58366,0,0
"Medium","Ireland",372,"2040-2044","NEU","Male","0-19","e4","Low",5695,0,0
"Medium","Ireland",372,"2040-2044","NEU","Male","0-19","e5","Middle",2565,0,0
"Medium","Ireland",372,"2040-2044","NEU","Male","0-19","e6","High",151,0,0
"Medium","Ireland",372,"2040-2044","NEU","Male","20-39","e4","Low",6571,0,0
"Medium","Ireland",372,"2040-2044","NEU","Male","20-39","e5","Middle",15730,0,0
"Medium","Ireland",372,"2040-2044","NEU","Male","20-39","e6","High",58812,0,0
"Medium","Ireland",372,"2040-2044","NEU","Male","40-64","e4","Low",22303,0,0
"Medium","Ireland",372,"2040-2044","NEU","Male","40-64","e5","Middle",31680,0,0
"Medium","Ireland",372,"2040-2044","NEU","Male","40-64","e6","High",113640,0,0
"Medium","Ireland",372,"2040-2044","NEU","Male","65+","e4","Low",19450,0,0
"Medium","Ireland",372,"2040-2044","NEU","Male","65+","e5","Middle",23809,0,0
"Medium","Ireland",372,"2040-2044","NEU","Male","65+","e6","High",54112,0,0
"Medium","Italy",380,"2020-2024","EU","Female","0-19","e4","Low",49760,7657,2642
"Medium","Italy",380,"2020-2024","EU","Female","0-19","e5","Middle",3034,7368,2910
"Medium","Italy",380,"2020-2024","EU","Female","0-19","e6","High",140,2247,942
"Medium","Italy",380,"2020-2024","EU","Female","20-39","e4","Low",95172,3037,617
"Medium","Italy",380,"2020-2024","EU","Female","20-39","e5","Middle",116166,13829,5430
"Medium","Italy",380,"2020-2024","EU","Female","20-39","e6","High",59329,24780,13159
"Medium","Italy",380,"2020-2024","EU","Female","40-64","e4","Low",188738,4182,2782
"Medium","Italy",380,"2020-2024","EU","Female","40-64","e5","Middle",244103,8884,7321
"Medium","Italy",380,"2020-2024","EU","Female","40-64","e6","High",128086,8816,8047
"Medium","Italy",380,"2020-2024","EU","Female","65+","e4","Low",54314,1948,2188
"Medium","Italy",380,"2020-2024","EU","Female","65+","e5","Middle",39258,1572,1041
"Medium","Italy",380,"2020-2024","EU","Female","65+","e6","High",18520,1343,1121
"Medium","Italy",380,"2020-2024","EU","Male","0-19","e4","Low",52340,8023,3167
"Medium","Italy",380,"2020-2024","EU","Male","0-19","e5","Middle",2872,7727,3647
"Medium","Italy",380,"2020-2024","EU","Male","0-19","e6","High",172,1003,425
"Medium","Italy",380,"2020-2024","EU","Male","20-39","e4","Low",81870,4122,1234
"Medium","Italy",380,"2020-2024","EU","Male","20-39","e5","Middle",90310,16383,7792
"Medium","Italy",380,"2020-2024","EU","Male","20-39","e6","High",31853,15692,10000
"Medium","Italy",380,"2020-2024","EU","Male","40-64","e4","Low",129738,3529,2858
"Medium","Italy",380,"2020-2024","EU","Male","40-64","e5","Middle",142522,9323,7579
"Medium","Italy",380,"2020-2024","EU","Male","40-64","e6","High",55148,6421,6034
"Medium","Italy",380,"2020-2024","EU","Male","65+","e4","Low",17105,910,1239
"Medium","Italy",380,"2020-2024","EU","Male","65+","e5","Middle",13076,1339,1137
"Medium","Italy",380,"2020-2024","EU","Male","65+","e6","High",8621,1153,1147
"Medium","Italy",380,"2020-2024","NAT","Female","0-19","e4","Low",4674749,1837,638
"Medium","Italy",380,"2020-2024","NAT","Female","0-19","e5","Middle",242462,1521,587
"Medium","Italy",380,"2020-2024","NAT","Female","0-19","e6","High",4065,478,200
"Medium","Italy",380,"2020-2024","NAT","Female","20-39","e4","Low",636836,820,178
"Medium","Italy",380,"2020-2024","NAT","Female","20-39","e5","Middle",2547280,3398,1396
"Medium","Italy",380,"2020-2024","NAT","Female","20-39","e6","High",2077235,7498,4073
"Medium","Italy",380,"2020-2024","NAT","Female","40-64","e4","Low",3305392,2278,1597
"Medium","Italy",380,"2020-2024","NAT","Female","40-64","e5","Middle",3813363,3072,2525
"Medium","Italy",380,"2020-2024","NAT","Female","40-64","e6","High",2468979,5451,4921
"Medium","Italy",380,"2020-2024","NAT","Female","65+","e4","Low",5388586,1309,1487
"Medium","Italy",380,"2020-2024","NAT","Female","65+","e5","Middle",1448296,1097,725
"Medium","Italy",380,"2020-2024","NAT","Female","65+","e6","High",640643,1245,1041
"Medium","Italy",380,"2020-2024","NAT","Male","0-19","e4","Low",4975597,1933,765
"Medium","Italy",380,"2020-2024","NAT","Male","0-19","e5","Middle",229725,1492,687
"Medium","Italy",380,"2020-2024","NAT","Male","0-19","e6","High",5569,260,110
"Medium","Italy",380,"2020-2024","NAT","Male","20-39","e4","Low",968283,1388,457
"Medium","Italy",380,"2020-2024","NAT","Male","20-39","e5","Middle",2948984,4009,1999
"Medium","Italy",380,"2020-2024","NAT","Male","20-39","e6","High",1546275,6196,4022
"Medium","Italy",380,"2020-2024","NAT","Male","40-64","e4","Low",3759713,3241,2811
"Medium","Italy",380,"2020-2024","NAT","Male","40-64","e5","Middle",3838527,4081,3299
"Medium","Italy",380,"2020-2024","NAT","Male","40-64","e6","High",1955231,5955,5577
"Medium","Italy",380,"2020-2024","NAT","Male","65+","e4","Low",3597433,1347,1824
"Medium","Italy",380,"2020-2024","NAT","Male","65+","e5","Middle",1555040,1288,1115
"Medium","Italy",380,"2020-2024","NAT","Male","65+","e6","High",721732,1388,1389
"Medium","Italy",380,"2020-2024","NEU","Female","0-19","e4","Low",155065,69697,20491
"Medium","Italy",380,"2020-2024","NEU","Female","0-19","e5","Middle",7492,34106,13075
"Medium","Italy",380,"2020-2024","NEU","Female","0-19","e6","High",550,7864,3296
"Medium","Italy",380,"2020-2024","NEU","Female","20-39","e4","Low",314497,44862,8052
"Medium","Italy",380,"2020-2024","NEU","Female","20-39","e5","Middle",308221,59951,22991
"Medium","Italy",380,"2020-2024","NEU","Female","20-39","e6","High",178093,57438,30271
"Medium","Italy",380,"2020-2024","NEU","Female","40-64","e4","Low",470439,27191,17117
"Medium","Italy",380,"2020-2024","NEU","Female","40-64","e5","Middle",425729,17333,14140
"Medium","Italy",380,"2020-2024","NEU","Female","40-64","e6","High",261817,14899,13538
"Medium","Italy",380,"2020-2024","NEU","Female","65+","e4","Low",114828,4454,4871
"Medium","Italy",380,"2020-2024","NEU","Female","65+","e5","Middle",68123,3067,2032
"Medium","Italy",380,"2020-2024","NEU","Female","65+","e6","High",41189,1954,1630
"Medium","Italy",380,"2020-2024","NEU","Male","0-19","e4","Low",184135,70833,24267
"Medium","Italy",380,"2020-2024","NEU","Male","0-19","e5","Middle",10095,33368,15222
"Medium","Italy",380,"2020-2024","NEU","Male","0-19","e6","High",903,4898,2075
"Medium","Italy",380,"2020-2024","NEU","Male","20-39","e4","Low",442293,50345,13630
"Medium","Italy",380,"2020-2024","NEU","Male","20-39","e5","Middle",345419,61943,28988
"Medium","Italy",380,"2020-2024","NEU","Male","20-39","e6","High",150919,42125,26741
"Medium","Italy",380,"2020-2024","NEU","Male","40-64","e4","Low",509851,25529,20600
"Medium","Italy",380,"2020-2024","NEU","Male","40-64","e5","Middle",372473,16571,13413
"Medium","Italy",380,"2020-2024","NEU","Male","40-64","e6","High",174811,12002,11261
"Medium","Italy",380,"2020-2024","NEU","Male","65+","e4","Low",65080,3295,4314
"Medium","Italy",380,"2020-2024","NEU","Male","65+","e5","Middle",39538,2113,1796
"Medium","Italy",380,"2020-2024","NEU","Male","65+","e6","High",26092,1554,1547
"Medium","Italy",380,"2025-2029","EU","Female","0-19","e4","Low",32776,4666,1401
"Medium","Italy",380,"2025-2029","EU","Female","0-19","e5","Middle",2652,7543,2815
"Medium","Italy",380,"2025-2029","EU","Female","0-19","e6","High",89,2181,865
"Medium","Italy",380,"2025-2029","EU","Female","20-39","e4","Low",71595,1938,279
"Medium","Italy",380,"2025-2029","EU","Female","20-39","e5","Middle",87226,12142,4430
"Medium","Italy",380,"2025-2029","EU","Female","20-39","e6","High",53796,23264,12279
"Medium","Italy",380,"2025-2029","EU","Female","40-64","e4","Low",200718,3455,1882
"Medium","Italy",380,"2025-2029","EU","Female","40-64","e5","Middle",259088,8035,6405
"Medium","Italy",380,"2025-2029","EU","Female","40-64","e6","High",141109,9669,8451
"Medium","Italy",380,"2025-2029","EU","Female","65+","e4","Low",69391,1636,1559
"Medium","Italy",380,"2025-2029","EU","Female","65+","e5","Middle",64232,2040,1510
"Medium","Italy",380,"2025-2029","EU","Female","65+","e6","High",29935,1680,1362
"Medium","Italy",380,"2025-2029","EU","Male","0-19","e4","Low",33878,4886,1734
"Medium","Italy",380,"2025-2029","EU","Male","0-19","e5","Middle",2389,7896,3467
"Medium","Italy",380,"2025-2029","EU","Male","0-19","e6","High",106,929,360
"Medium","Italy",380,"2025-2029","EU","Male","20-39","e4","Low",67056,2762,636
"Medium","Italy",380,"2025-2029","EU","Male","20-39","e5","Middle",79065,14886,6844
"Medium","Italy",380,"2025-2029","EU","Male","20-39","e6","High",30730,14853,9380
"Medium","Italy",380,"2025-2029","EU","Male","40-64","e4","Low",146780,3309,2220
"Medium","Italy",380,"2025-2029","EU","Male","40-64","e5","Middle",158947,8723,6736
"Medium","Italy",380,"2025-2029","EU","Male","40-64","e6","High",61485,6828,6012
"Medium","Italy",380,"2025-2029","EU","Male","65+","e4","Low",24543,716,812
"Medium","Italy",380,"2025-2029","EU","Male","65+","e5","Middle",24274,1764,1471
"Medium","Italy",380,"2025-2029","EU","Male","65+","e6","High",12760,1354,1259
"Medium","Italy",380,"2025-2029","NAT","Female","0-19","e4","Low",3579925,1349,430
"Medium","Italy",380,"2025-2029","NAT","Female","0-19","e5","Middle",653401,2053,736
"Medium","Italy",380,"2025-2029","NAT","Female","0-19","e6","High",368541,719,287
"Medium","Italy",380,"2025-2029","NAT","Female","20-39","e4","Low",472370,586,90
"Medium","Italy",380,"2025-2029","NAT","Female","20-39","e5","Middle",2449380,3296,1245
"Medium","Italy",380,"2025-2029","NAT","Female","20-39","e6","High",2236384,7153,3814
"Medium","Italy",380,"2025-2029","NAT","Female","40-64","e4","Low",2682136,1942,1190
"Medium","Italy",380,"2025-2029","NAT","Female","40-64","e5","Middle",3671936,2999,2392
"Medium","Italy",380,"2025-2029","NAT","Female","40-64","e6","High",2765329,5608,4924
"Medium","Italy",380,"2025-2029","NAT","Female","65+","e4","Low",4954426,1201,1152
"Medium","Italy",380,"2025-2029","NAT","Female","65+","e5","Middle",1926186,1092,802
"Medium","Italy",380,"2025-2029","NAT","Female","65+","e6","High",874330,1431,1164
"Medium","Italy",380,"2025-2029","NAT","Male","0-19","e4","Low",3812819,1404,540
"Medium","Italy",380,"2025-2029","NAT","Male","0-19","e5","Middle",665729,2089,898
"Medium","Italy",380,"2025-2029","NAT","Male","0-19","e6","High",391517,398,157
"Medium","Italy",380,"2025-2029","NAT","Male","20-39","e4","Low",752471,926,228
"Medium","Italy",380,"2025-2029","NAT","Male","20-39","e5","Middle",2978968,3744,1770
"Medium","Italy",380,"2025-2029","NAT","Male","20-39","e6","High",1661761,5317,3394
"Medium","Italy",380,"2025-2029","NAT","Male","40-64","e4","Low",3240195,2812,2128
"Medium","Italy",380,"2025-2029","NAT","Male","40-64","e5","Middle",3802519,3863,2990
"Medium","Italy",380,"2025-2029","NAT","Male","40-64","e6","High",2084300,5882,5218
"Medium","Italy",380,"2025-2029","NAT","Male","65+","e4","Low",3393365,1248,1429
"Medium","Italy",380,"2025-2029","NAT","Male","65+","e5","Middle",1965932,1323,1111
"Medium","Italy",380,"2025-2029","NAT","Male","65+","e6","High",893494,1540,1439
"Medium","Italy",380,"2025-2029","NEU","Female","0-19","e4","Low",128096,64353,15405
"Medium","Italy",380,"2025-2029","NEU","Female","0-19","e5","Middle",11847,42898,15501
"Medium","Italy",380,"2025-2029","NEU","Female","0-19","e6","High",418,9209,3652
"Medium","Italy",380,"2025-2029","NEU","Female","20-39","e4","Low",274934,43076,5588
"Medium","Italy",380,"2025-2029","NEU","Female","20-39","e5","Middle",271259,64425,22956
"Medium","Italy",380,"2025-2029","NEU","Female","20-39","e6","High",169224,65566,34438
"Medium","Italy",380,"2025-2029","NEU","Female","40-64","e4","Low",533040,29319,15248
"Medium","Italy",380,"2025-2029","NEU","Female","40-64","e5","Middle",466285,19811,15004
"Medium","Italy",380,"2025-2029","NEU","Female","40-64","e6","High",295676,18632,16100
"Medium","Italy",380,"2025-2029","NEU","Female","65+","e4","Low",158930,5461,5138
"Medium","Italy",380,"2025-2029","NEU","Female","65+","e5","Middle",119330,4083,3022
"Medium","Italy",380,"2025-2029","NEU","Female","65+","e6","High",70385,2821,2282
"Medium","Italy",380,"2025-2029","NEU","Male","0-19","e4","Low",136604,64870,18580
"Medium","Italy",380,"2025-2029","NEU","Male","0-19","e5","Middle",11746,42379,17949
"Medium","Italy",380,"2025-2029","NEU","Male","0-19","e6","High",595,5717,2217
"Medium","Italy",380,"2025-2029","NEU","Male","20-39","e4","Low",381957,48212,10210
"Medium","Italy",380,"2025-2029","NEU","Male","20-39","e5","Middle",313027,67041,30459
"Medium","Italy",380,"2025-2029","NEU","Male","20-39","e6","High",147556,49050,30823
"Medium","Italy",380,"2025-2029","NEU","Male","40-64","e4","Low",600217,28186,18920
"Medium","Italy",380,"2025-2029","NEU","Male","40-64","e5","Middle",431342,19647,14720
"Medium","Italy",380,"2025-2029","NEU","Male","40-64","e6","High",204890,14951,13065
"Medium","Italy",380,"2025-2029","NEU","Male","65+","e4","Low",99542,4140,4644
"Medium","Italy",380,"2025-2029","NEU","Male","65+","e5","Middle",72190,2969,2473
"Medium","Italy",380,"2025-2029","NEU","Male","65+","e6","High",41082,2134,1978
"Medium","Italy",380,"2030-2034","EU","Female","0-19","e4","Low",19960,3599,921
"Medium","Italy",380,"2030-2034","EU","Female","0-19","e5","Middle",2656,7291,2529
"Medium","Italy",380,"2030-2034","EU","Female","0-19","e6","High",74,1907,674
"Medium","Italy",380,"2030-2034","EU","Female","20-39","e4","Low",53435,1282,133
"Medium","Italy",380,"2030-2034","EU","Female","20-39","e5","Middle",67699,10809,3630
"Medium","Italy",380,"2030-2034","EU","Female","20-39","e6","High",44946,22247,11661
"Medium","Italy",380,"2030-2034","EU","Female","40-64","e4","Low",202211,2945,1304
"Medium","Italy",380,"2030-2034","EU","Female","40-64","e5","Middle",256129,7595,5589
"Medium","Italy",380,"2030-2034","EU","Female","40-64","e6","High",146232,10839,8920
"Medium","Italy",380,"2030-2034","EU","Female","65+","e4","Low",89159,1202,1118
"Medium","Italy",380,"2030-2034","EU","Female","65+","e5","Middle",96223,2255,1882
"Medium","Italy",380,"2030-2034","EU","Female","65+","e6","High",45256,1837,1499
"Medium","Italy",380,"2030-2034","EU","Male","0-19","e4","Low",20676,3712,1156
"Medium","Italy",380,"2030-2034","EU","Male","0-19","e5","Middle",2512,7623,3059
"Medium","Italy",380,"2030-2034","EU","Male","0-19","e6","High",90,796,275
"Medium","Italy",380,"2030-2034","EU","Male","20-39","e4","Low",54795,1870,334
"Medium","Italy",380,"2030-2034","EU","Male","20-39","e5","Middle",68235,13688,6064
"Medium","Italy",380,"2030-2034","EU","Male","20-39","e6","High",26926,13962,8640
"Medium","Italy",380,"2030-2034","EU","Male","40-64","e4","Low",153901,3037,1676
"Medium","Italy",380,"2030-2034","EU","Male","40-64","e5","Middle",166178,8459,6074
"Medium","Italy",380,"2030-2034","EU","Male","40-64","e6","High",65817,7606,6281
"Medium","Italy",380,"2030-2034","EU","Male","65+","e4","Low",36538,605,675
"Medium","Italy",380,"2030-2034","EU","Male","65+","e5","Middle",40644,1926,1645
"Medium","Italy",380,"2030-2034","EU","Male","65+","e6","High",18763,1383,1235
"Medium","Italy",380,"2030-2034","NAT","Female","0-19","e4","Low",2448478,589,129
"Medium","Italy",380,"2030-2034","NAT","Female","0-19","e5","Middle",1029677,2232,737
"Medium","Italy",380,"2030-2034","NAT","Female","0-19","e6","High",775928,920,339
"Medium","Italy",380,"2030-2034","NAT","Female","20-39","e4","Low",358730,431,46
"Medium","Italy",380,"2030-2034","NAT","Female","20-39","e5","Middle",2333536,3314,1128
"Medium","Italy",380,"2030-2034","NAT","Female","20-39","e6","High",2472458,7810,4112
"Medium","Italy",380,"2030-2034","NAT","Female","40-64","e4","Low",1997536,1569,785
"Medium","Italy",380,"2030-2034","NAT","Female","40-64","e5","Middle",3387304,2941,2148
"Medium","Italy",380,"2030-2034","NAT","Female","40-64","e6","High",2980788,5564,4695
"Medium","Italy",380,"2030-2034","NAT","Female","65+","e4","Low",4632167,1065,989
"Medium","Italy",380,"2030-2034","NAT","Female","65+","e5","Middle",2495897,1226,1023
"Medium","Italy",380,"2030-2034","NAT","Female","65+","e6","High",1175253,1640,1339
"Medium","Italy",380,"2030-2034","NAT","Male","0-19","e4","Low",2610297,655,177
"Medium","Italy",380,"2030-2034","NAT","Male","0-19","e5","Middle",1066251,2323,915
"Medium","Italy",380,"2030-2034","NAT","Male","0-19","e6","High",822355,501,189
"Medium","Italy",380,"2030-2034","NAT","Male","20-39","e4","Low",591729,684,126
"Medium","Italy",380,"2030-2034","NAT","Male","20-39","e5","Middle",3016197,3918,1747
"Medium","Italy",380,"2030-2034","NAT","Male","20-39","e6","High",1822898,5430,3379
"Medium","Italy",380,"2030-2034","NAT","Male","40-64","e4","Low",2571694,2334,1479
"Medium","Italy",380,"2030-2034","NAT","Male","40-64","e5","Middle",3682346,3632,2622
"Medium","Italy",380,"2030-2034","NAT","Male","40-64","e6","High",2176666,5496,4658
"Medium","Italy",380,"2030-2034","NAT","Male","65+","e4","Low",3335190,1114,1246
"Medium","Italy",380,"2030-2034","NAT","Male","65+","e5","Middle",2396347,1419,1214
"Medium","Italy",380,"2030-2034","NAT","Male","65+","e6","High",1088779,1689,1508
"Medium","Italy",380,"2030-2034","NEU","Female","0-19","e4","Low",104708,56123,9374
"Medium","Italy",380,"2030-2034","NEU","Female","0-19","e5","Middle",15956,51934,17505
"Medium","Italy",380,"2030-2034","NEU","Female","0-19","e6","High",455,10855,3836
"Medium","Italy",380,"2030-2034","NEU","Female","20-39","e4","Low",243336,40827,3845
"Medium","Italy",380,"2030-2034","NEU","Female","20-39","e5","Middle",250309,69572,22761
"Medium","Italy",380,"2030-2034","NEU","Female","20-39","e6","High",160971,74070,38705
"Medium","Italy",380,"2030-2034","NEU","Female","40-64","e4","Low",571248,30763,12461
"Medium","Italy",380,"2030-2034","NEU","Female","40-64","e5","Middle",489190,22348,15105
"Medium","Italy",380,"2030-2034","NEU","Female","40-64","e6","High",319800,22637,18290
"Medium","Italy",380,"2030-2034","NEU","Female","65+","e4","Low",219714,6401,5899
"Medium","Italy",380,"2030-2034","NEU","Female","65+","e5","Middle",185805,4893,4093
"Medium","Italy",380,"2030-2034","NEU","Female","65+","e6","High",108050,3778,3086
"Medium","Italy",380,"2030-2034","NEU","Male","0-19","e4","Low",107743,55876,11849
"Medium","Italy",380,"2030-2034","NEU","Male","0-19","e5","Middle",15530,51716,20202
"Medium","Italy",380,"2030-2034","NEU","Male","0-19","e6","High",614,6660,2304
"Medium","Italy",380,"2030-2034","NEU","Male","20-39","e4","Low",334548,45360,7571
"Medium","Italy",380,"2030-2034","NEU","Male","20-39","e5","Middle",280570,72499,31631
"Medium","Italy",380,"2030-2034","NEU","Male","20-39","e6","High",137218,55716,34279
"Medium","Italy",380,"2030-2034","NEU","Male","40-64","e4","Low",652710,30107,16082
"Medium","Italy",380,"2030-2034","NEU","Male","40-64","e5","Middle",469527,22816,15516
"Medium","Italy",380,"2030-2034","NEU","Male","40-64","e6","High",230200,18245,14898
"Medium","Italy",380,"2030-2034","NEU","Male","65+","e4","Low",156791,5021,5587
"Medium","Italy",380,"2030-2034","NEU","Male","65+","e5","Middle",124469,3810,3247
"Medium","Italy",380,"2030-2034","NEU","Male","65+","e6","High",63549,2891,2573
"Medium","Italy",380,"2035-2039","EU","Female","0-19","e4","Low",9663,2928,682
"Medium","Italy",380,"2035-2039","EU","Female","0-19","e5","Middle",3029,6825,2135
"Medium","Italy",380,"2035-2039","EU","Female","0-19","e6","High",54,1927,614
"Medium","Italy",380,"2035-2039","EU","Female","20-39","e4","Low",45825,850,65
"Medium","Italy",380,"2035-2039","EU","Female","20-39","e5","Middle",55245,9458,2881
"Medium","Italy",380,"2035-2039","EU","Female","20-39","e6","High",39414,21028,10752
"Medium","Italy",380,"2035-2039","EU","Female","40-64","e4","Low",176373,2410,840
"Medium","Italy",380,"2035-2039","EU","Female","40-64","e5","Middle",223123,6870,4557
"Medium","Italy",380,"2035-2039","EU","Female","40-64","e6","High",136915,11395,8909
"Medium","Italy",380,"2035-2039","EU","Female","65+","e4","Low",123057,954,850
"Medium","Italy",380,"2035-2039","EU","Female","65+","e5","Middle",147368,2502,2334
"Medium","Italy",380,"2035-2039","EU","Female","65+","e6","High",70078,2174,1994
"Medium","Italy",380,"2035-2039","EU","Male","0-19","e4","Low",9718,3029,861
"Medium","Italy",380,"2035-2039","EU","Male","0-19","e5","Middle",2917,7218,2619
"Medium","Italy",380,"2035-2039","EU","Male","0-19","e6","High",63,781,240
"Medium","Italy",380,"2035-2039","EU","Male","20-39","e4","Low",48723,1294,184
"Medium","Italy",380,"2035-2039","EU","Male","20-39","e5","Middle",58418,12361,5184
"Medium","Italy",380,"2035-2039","EU","Male","20-39","e6","High",24127,12931,7710
"Medium","Italy",380,"2035-2039","EU","Male","40-64","e4","Low",142157,2579,1156
"Medium","Italy",380,"2035-2039","EU","Male","40-64","e5","Middle",156220,7878,5258
"Medium","Italy",380,"2035-2039","EU","Male","40-64","e6","High",64234,7959,6296
"Medium","Italy",380,"2035-2039","EU","Male","65+","e4","Low",58591,608,657
"Medium","Italy",380,"2035-2039","EU","Male","65+","e5","Middle",70559,2188,1964
"Medium","Italy",380,"2035-2039","EU","Male","65+","e6","High",28721,1543,1444
"Medium","Italy",380,"2035-2039","NAT","Female","0-19","e4","Low",1383981,416,95
"Medium","Italy",380,"2035-2039","NAT","Female","0-19","e5","Middle",1381632,1189,350
"Medium","Italy",380,"2035-2039","NAT","Female","0-19","e6","High",1240694,528,186
"Medium","Italy",380,"2035-2039","NAT","Female","20-39","e4","Low",265075,337,25
"Medium","Italy",380,"2035-2039","NAT","Female","20-39","e5","Middle",2168586,3474,1045
"Medium","Italy",380,"2035-2039","NAT","Female","20-39","e6","High",2671917,8933,4552
"Medium","Italy",380,"2035-2039","NAT","Female","40-64","e4","Low",1377695,1190,457
"Medium","Italy",380,"2035-2039","NAT","Female","40-64","e5","Middle",3014447,2834,1859
"Medium","Italy",380,"2035-2039","NAT","Female","40-64","e6","High",3182184,5440,4357
"Medium","Italy",380,"2035-2039","NAT","Female","65+","e4","Low",4300674,960,868
"Medium","Italy",380,"2035-2039","NAT","Female","65+","e5","Middle",3039526,1295,1202
"Medium","Italy",380,"2035-2039","NAT","Female","65+","e6","High",1548759,1752,1586
"Medium","Italy",380,"2035-2039","NAT","Male","0-19","e4","Low",1479971,438,124
"Medium","Italy",380,"2035-2039","NAT","Male","0-19","e5","Middle",1441453,1200,420
"Medium","Italy",380,"2035-2039","NAT","Male","0-19","e6","High",1313773,341,125
"Medium","Italy",380,"2035-2039","NAT","Male","20-39","e4","Low",465703,554,78
"Medium","Italy",380,"2035-2039","NAT","Male","20-39","e5","Middle",2961635,4322,1788
"Medium","Italy",380,"2035-2039","NAT","Male","20-39","e6","High",1963609,5980,3551
"Medium","Italy",380,"2035-2039","NAT","Male","40-64","e4","Low",1900171,1798,912
"Medium","Italy",380,"2035-2039","NAT","Male","40-64","e5","Middle",3518660,3364,2256
"Medium","Italy",380,"2035-2039","NAT","Male","40-64","e6","High",2254629,4977,4033
"Medium","Italy",380,"2035-2039","NAT","Male","65+","e4","Low",3295020,1059,1167
"Medium","Italy",380,"2035-2039","NAT","Male","65+","e5","Middle",2809853,1422,1280
"Medium","Italy",380,"2035-2039","NAT","Male","65+","e6","High",1317478,1757,1635
"Medium","Italy",380,"2035-2039","NEU","Female","0-19","e4","Low",76512,54814,8071
"Medium","Italy",380,"2035-2039","NEU","Female","0-19","e5","Middle",20908,54612,16760
"Medium","Italy",380,"2035-2039","NEU","Female","0-19","e6","High",372,11838,3772
"Medium","Italy",380,"2035-2039","NEU","Female","20-39","e4","Low",228896,38886,2667
"Medium","Italy",380,"2035-2039","NEU","Female","20-39","e5","Middle",241331,75572,22042
"Medium","Italy",380,"2035-2039","NEU","Female","20-39","e6","High",158878,84491,42760
"Medium","Italy",380,"2035-2039","NEU","Female","40-64","e4","Low",579940,31409,9534
"Medium","Italy",380,"2035-2039","NEU","Female","40-64","e5","Middle",494640,25312,15390
"Medium","Italy",380,"2035-2039","NEU","Female","40-64","e6","High",335960,27204,20669
"Medium","Italy",380,"2035-2039","NEU","Female","65+","e4","Low",296490,7294,6454
"Medium","Italy",380,"2035-2039","NEU","Female","65+","e5","Middle",264189,5020,4672
"Medium","Italy",380,"2035-2039","NEU","Female","65+","e6","High",153667,4436,4043
"Medium","Italy",380,"2035-2039","NEU","Male","0-19","e4","Low",76674,54199,10159
"Medium","Italy",380,"2035-2039","NEU","Male","0-19","e5","Middle",20416,54499,19413
"Medium","Italy",380,"2035-2039","NEU","Male","0-19","e6","High",494,7177,2202
"Medium","Italy",380,"2035-2039","NEU","Male","20-39","e4","Low",293149,42572,5569
"Medium","Italy",380,"2035-2039","NEU","Male","20-39","e5","Middle",254742,78935,32011
"Medium","Italy",380,"2035-2039","NEU","Male","20-39","e6","High",127003,63285,37177
"Medium","Italy",380,"2035-2039","NEU","Male","40-64","e4","Low",680287,31168,12994
"Medium","Italy",380,"2035-2039","NEU","Male","40-64","e5","Middle",492744,26223,16574
"Medium","Italy",380,"2035-2039","NEU","Male","40-64","e6","High",250886,22222,17347
"Medium","Italy",380,"2035-2039","NEU","Male","65+","e4","Low",234094,5901,6397
"Medium","Italy",380,"2035-2039","NEU","Male","65+","e5","Middle",192236,4188,3765
"Medium","Italy",380,"2035-2039","NEU","Male","65+","e6","High",91574,3484,3254
"Medium","Italy",380,"2040-2044","EU","Female","0-19","e4","Low",3525,0,0
"Medium","Italy",380,"2040-2044","EU","Female","0-19","e5","Middle",2004,0,0
"Medium","Italy",380,"2040-2044","EU","Female","0-19","e6","High",10,0,0
"Medium","Italy",380,"2040-2044","EU","Female","20-39","e4","Low",38009,0,0
"Medium","Italy",380,"2040-2044","EU","Female","20-39","e5","Middle",45196,0,0
"Medium","Italy",380,"2040-2044","EU","Female","20-39","e6","High",34587,0,0
"Medium","Italy",380,"2040-2044","EU","Female","40-64","e4","Low",153238,0,0
"Medium","Italy",380,"2040-2044","EU","Female","40-64","e5","Middle",187899,0,0
"Medium","Italy",380,"2040-2044","EU","Female","40-64","e6","High",122790,0,0
"Medium","Italy",380,"2040-2044","EU","Female","65+","e4","Low",151131,0,0
"Medium","Italy",380,"2040-2044","EU","Female","65+","e5","Middle",193944,0,0
"Medium","Italy",380,"2040-2044","EU","Female","65+","e6","High",96913,0,0
"Medium","Italy",380,"2040-2044","EU","Male","0-19","e4","Low",3394,0,0
"Medium","Italy",380,"2040-2044","EU","Male","0-19","e5","Middle",1948,0,0
"Medium","Italy",380,"2040-2044","EU","Male","0-19","e6","High",12,0,0
"Medium","Italy",380,"2040-2044","EU","Male","20-39","e4","Low",39406,0,0
"Medium","Italy",380,"2040-2044","EU","Male","20-39","e5","Middle",48514,0,0
"Medium","Italy",380,"2040-2044","EU","Male","20-39","e6","High",20669,0,0
"Medium","Italy",380,"2040-2044","EU","Male","40-64","e4","Low",129531,0,0
"Medium","Italy",380,"2040-2044","EU","Male","40-64","e5","Middle",142044,0,0
"Medium","Italy",380,"2040-2044","EU","Male","40-64","e6","High",61213,0,0
"Medium","Italy",380,"2040-2044","EU","Male","65+","e4","Low",81107,0,0
"Medium","Italy",380,"2040-2044","EU","Male","65+","e5","Middle",101113,0,0
"Medium","Italy",380,"2040-2044","EU","Male","65+","e6","High",39551,0,0
"Medium","Italy",380,"2040-2044","NAT","Female","0-19","e4","Low",1204584,0,0
"Medium","Italy",380,"2040-2044","NAT","Female","0-19","e5","Middle",1325789,0,0
"Medium","Italy",380,"2040-2044","NAT","Female","0-19","e6","High",1409548,0,0
"Medium","Italy",380,"2040-2044","NAT","Female","20-39","e4","Low",195676,0,0
"Medium","Italy",380,"2040-2044","NAT","Female","20-39","e5","Middle",1931540,0,0
"Medium","Italy",380,"2040-2044","NAT","Female","20-39","e6","High",2805539,0,0
"Medium","Italy",380,"2040-2044","NAT","Female","40-64","e4","Low",951391,0,0
"Medium","Italy",380,"2040-2044","NAT","Female","40-64","e5","Middle",2612220,0,0
"Medium","Italy",380,"2040-2044","NAT","Female","40-64","e6","High",3305358,0,0
"Medium","Italy",380,"2040-2044","NAT","Female","65+","e4","Low",3844598,0,0
"Medium","Italy",380,"2040-2044","NAT","Female","65+","e5","Middle",3508812,0,0
"Medium","Italy",380,"2040-2044","NAT","Female","65+","e6","High",2015660,0,0
"Medium","Italy",380,"2040-2044","NAT","Male","0-19","e4","Low",1289546,0,0
"Medium","Italy",380,"2040-2044","NAT","Male","0-19","e5","Middle",1385039,0,0
"Medium","Italy",380,"2040-2044","NAT","Male","0-19","e6","High",1492044,0,0
"Medium","Italy",380,"2040-2044","NAT","Male","20-39","e4","Low",355918,0,0
"Medium","Italy",380,"2040-2044","NAT","Male","20-39","e5","Middle",2800604,0,0
"Medium","Italy",380,"2040-2044","NAT","Male","20-39","e6","High",2047703,0,0
"Medium","Italy",380,"2040-2044","NAT","Male","40-64","e4","Low",1396819,0,0
"Medium","Italy",380,"2040-2044","NAT","Male","40-64","e5","Middle",3308622,0,0
"Medium","Italy",380,"2040-2044","NAT","Male","40-64","e6","High",2311845,0,0
"Medium","Italy",380,"2040-2044","NAT","Male","65+","e4","Low",3127209,0,0
"Medium","Italy",380,"2040-2044","NAT","Male","65+","e5","Middle",3199055,0,0
"Medium","Italy",380,"2040-2044","NAT","Male","65+","e6","High",1574977,0,0
"Medium","Italy",380,"2040-2044","NEU","Female","0-19","e4","Low",63608,0,0
"Medium","Italy",380,"2040-2044","NEU","Female","0-19","e5","Middle",20371,0,0
"Medium","Italy",380,"2040-2044","NEU","Female","0-19","e6","High",238,0,0
"Medium","Italy",380,"2040-2044","NEU","Female","20-39","e4","Low",225839,0,0
"Medium","Italy",380,"2040-2044","NEU","Female","20-39","e5","Middle",246919,0,0
"Medium","Italy",380,"2040-2044","NEU","Female","20-39","e6","High",171170,0,0
"Medium","Italy",380,"2040-2044","NEU","Female","40-64","e4","Low",569194,0,0
"Medium","Italy",380,"2040-2044","NEU","Female","40-64","e5","Middle",480744,0,0
"Medium","Italy",380,"2040-2044","NEU","Female","40-64","e6","High",337686,0,0
"Medium","Italy",380,"2040-2044","NEU","Female","65+","e4","Low",378342,0,0
"Medium","Italy",380,"2040-2044","NEU","Female","65+","e5","Middle",343934,0,0
"Medium","Italy",380,"2040-2044","NEU","Female","65+","e6","High",204981,0,0
"Medium","Italy",380,"2040-2044","NEU","Male","0-19","e4","Low",62764,0,0
"Medium","Italy",380,"2040-2044","NEU","Male","0-19","e5","Middle",19699,0,0
"Medium","Italy",380,"2040-2044","NEU","Male","0-19","e6","High",312,0,0
"Medium","Italy",380,"2040-2044","NEU","Male","20-39","e4","Low",254433,0,0
"Medium","Italy",380,"2040-2044","NEU","Male","20-39","e5","Middle",235837,0,0
"Medium","Italy",380,"2040-2044","NEU","Male","20-39","e6","High",121120,0,0
"Medium","Italy",380,"2040-2044","NEU","Male","40-64","e4","Low",690545,0,0
"Medium","Italy",380,"2040-2044","NEU","Male","40-64","e5","Middle",502952,0,0
"Medium","Italy",380,"2040-2044","NEU","Male","40-64","e6","High",266636,0,0
"Medium","Italy",380,"2040-2044","NEU","Male","65+","e4","Low",319027,0,0
"Medium","Italy",380,"2040-2044","NEU","Male","65+","e5","Middle",263111,0,0
"Medium","Italy",380,"2040-2044","NEU","Male","65+","e6","High",123175,0,0
"Medium","Latvia",428,"2020-2024","EU","Female","0-19","e4","Low",1437,197,223
"Medium","Latvia",428,"2020-2024","EU","Female","0-19","e5","Middle",13,61,110
"Medium","Latvia",428,"2020-2024","EU","Female","0-19","e6","High",0,0,0
"Medium","Latvia",428,"2020-2024","EU","Female","20-39","e4","Low",93,36,39
"Medium","Latvia",428,"2020-2024","EU","Female","20-39","e5","Middle",388,75,129
"Medium","Latvia",428,"2020-2024","EU","Female","20-39","e6","High",646,313,628
"Medium","Latvia",428,"2020-2024","EU","Female","40-64","e4","Low",250,59,21
"Medium","Latvia",428,"2020-2024","EU","Female","40-64","e5","Middle",1401,74,143
"Medium","Latvia",428,"2020-2024","EU","Female","40-64","e6","High",2262,287,590
"Medium","Latvia",428,"2020-2024","EU","Female","65+","e4","Low",2295,30,25
"Medium","Latvia",428,"2020-2024","EU","Female","65+","e5","Middle",2139,18,51
"Medium","Latvia",428,"2020-2024","EU","Female","65+","e6","High",2053,65,150
"Medium","Latvia",428,"2020-2024","EU","Male","0-19","e4","Low",1857,199,267
"Medium","Latvia",428,"2020-2024","EU","Male","0-19","e5","Middle",13,65,128
"Medium","Latvia",428,"2020-2024","EU","Male","0-19","e6","High",0,0,0
"Medium","Latvia",428,"2020-2024","EU","Male","20-39","e4","Low",122,62,117
"Medium","Latvia",428,"2020-2024","EU","Male","20-39","e5","Middle",635,104,224
"Medium","Latvia",428,"2020-2024","EU","Male","20-39","e6","High",631,197,355
"Medium","Latvia",428,"2020-2024","EU","Male","40-64","e4","Low",296,55,44
"Medium","Latvia",428,"2020-2024","EU","Male","40-64","e5","Middle",1417,73,209
"Medium","Latvia",428,"2020-2024","EU","Male","40-64","e6","High",1769,155,365
"Medium","Latvia",428,"2020-2024","EU","Male","65+","e4","Low",1009,17,22
"Medium","Latvia",428,"2020-2024","EU","Male","65+","e5","Middle",1245,15,44
"Medium","Latvia",428,"2020-2024","EU","Male","65+","e6","High",1258,32,91
"Medium","Latvia",428,"2020-2024","NAT","Female","0-19","e4","Low",178542,666,751
"Medium","Latvia",428,"2020-2024","NAT","Female","0-19","e5","Middle",5294,323,495
"Medium","Latvia",428,"2020-2024","NAT","Female","0-19","e6","High",12,240,408
"Medium","Latvia",428,"2020-2024","NAT","Female","20-39","e4","Low",23004,521,596
"Medium","Latvia",428,"2020-2024","NAT","Female","20-39","e5","Middle",80987,821,1501
"Medium","Latvia",428,"2020-2024","NAT","Female","20-39","e6","High",112126,2795,5872
"Medium","Latvia",428,"2020-2024","NAT","Female","40-64","e4","Low",16997,658,255
"Medium","Latvia",428,"2020-2024","NAT","Female","40-64","e5","Middle",106756,498,926
"Medium","Latvia",428,"2020-2024","NAT","Female","40-64","e6","High",173002,1438,2894
"Medium","Latvia",428,"2020-2024","NAT","Female","65+","e4","Low",39493,113,88
"Medium","Latvia",428,"2020-2024","NAT","Female","65+","e5","Middle",74889,62,174
"Medium","Latvia",428,"2020-2024","NAT","Female","65+","e6","High",76217,145,336
"Medium","Latvia",428,"2020-2024","NAT","Male","0-19","e4","Low",189917,690,940
"Medium","Latvia",428,"2020-2024","NAT","Male","0-19","e5","Middle",4038,325,585
"Medium","Latvia",428,"2020-2024","NAT","Male","0-19","e6","High",7,137,168
"Medium","Latvia",428,"2020-2024","NAT","Male","20-39","e4","Low",45193,601,1181
"Medium","Latvia",428,"2020-2024","NAT","Male","20-39","e5","Middle",109807,783,1750
"Medium","Latvia",428,"2020-2024","NAT","Male","20-39","e6","High",71878,1579,3001
"Medium","Latvia",428,"2020-2024","NAT","Male","40-64","e4","Low",29188,408,358
"Medium","Latvia",428,"2020-2024","NAT","Male","40-64","e5","Middle",132882,327,897
"Medium","Latvia",428,"2020-2024","NAT","Male","40-64","e6","High",106568,632,1443
"Medium","Latvia",428,"2020-2024","NAT","Male","65+","e4","Low",19155,53,67
"Medium","Latvia",428,"2020-2024","NAT","Male","65+","e5","Middle",40669,37,111
"Medium","Latvia",428,"2020-2024","NAT","Male","65+","e6","High",37066,63,177
"Medium","Latvia",428,"2020-2024","NEU","Female","0-19","e4","Low",3279,3606,3732
"Medium","Latvia",428,"2020-2024","NEU","Female","0-19","e5","Middle",117,1132,1796
"Medium","Latvia",428,"2020-2024","NEU","Female","0-19","e6","High",0,0,0
"Medium","Latvia",428,"2020-2024","NEU","Female","20-39","e4","Low",388,702,720
"Medium","Latvia",428,"2020-2024","NEU","Female","20-39","e5","Middle",1748,1908,3307
"Medium","Latvia",428,"2020-2024","NEU","Female","20-39","e6","High",3798,2317,4724
"Medium","Latvia",428,"2020-2024","NEU","Female","40-64","e4","Low",1117,633,250
"Medium","Latvia",428,"2020-2024","NEU","Female","40-64","e5","Middle",17139,1817,3525
"Medium","Latvia",428,"2020-2024","NEU","Female","40-64","e6","High",26017,1953,4002
"Medium","Latvia",428,"2020-2024","NEU","Female","65+","e4","Low",12719,176,135
"Medium","Latvia",428,"2020-2024","NEU","Female","65+","e5","Middle",26832,460,1264
"Medium","Latvia",428,"2020-2024","NEU","Female","65+","e6","High",32776,454,1050
"Medium","Latvia",428,"2020-2024","NEU","Male","0-19","e4","Low",4020,3600,4278
"Medium","Latvia",428,"2020-2024","NEU","Male","0-19","e5","Middle",206,1094,1935
"Medium","Latvia",428,"2020-2024","NEU","Male","0-19","e6","High",3,297,365
"Medium","Latvia",428,"2020-2024","NEU","Male","20-39","e4","Low",680,810,1501
"Medium","Latvia",428,"2020-2024","NEU","Male","20-39","e5","Middle",4768,2123,4636
"Medium","Latvia",428,"2020-2024","NEU","Male","20-39","e6","High",4122,1702,3090
"Medium","Latvia",428,"2020-2024","NEU","Male","40-64","e4","Low",1431,605,510
"Medium","Latvia",428,"2020-2024","NEU","Male","40-64","e5","Middle",16229,1356,3861
"Medium","Latvia",428,"2020-2024","NEU","Male","40-64","e6","High",17642,1013,2383
"Medium","Latvia",428,"2020-2024","NEU","Male","65+","e4","Low",4207,100,122
"Medium","Latvia",428,"2020-2024","NEU","Male","65+","e5","Middle",12728,238,718
"Medium","Latvia",428,"2020-2024","NEU","Male","65+","e6","High",18363,219,617
"Medium","Latvia",428,"2025-2029","EU","Female","0-19","e4","Low",1238,118,133
"Medium","Latvia",428,"2025-2029","EU","Female","0-19","e5","Middle",37,74,122
"Medium","Latvia",428,"2025-2029","EU","Female","0-19","e6","High",5,45,82
"Medium","Latvia",428,"2025-2029","EU","Female","20-39","e4","Low",70,23,19
"Medium","Latvia",428,"2025-2029","EU","Female","20-39","e5","Middle",201,78,113
"Medium","Latvia",428,"2025-2029","EU","Female","20-39","e6","High",247,334,602
"Medium","Latvia",428,"2025-2029","EU","Female","40-64","e4","Low",230,52,23
"Medium","Latvia",428,"2025-2029","EU","Female","40-64","e5","Middle",988,73,120
"Medium","Latvia",428,"2025-2029","EU","Female","40-64","e6","High",1594,246,452
"Medium","Latvia",428,"2025-2029","EU","Female","65+","e4","Low",1422,26,11
"Medium","Latvia",428,"2025-2029","EU","Female","65+","e5","Middle",2101,21,49
"Medium","Latvia",428,"2025-2029","EU","Female","65+","e6","High",2243,67,150
"Medium","Latvia",428,"2025-2029","EU","Male","0-19","e4","Low",1596,117,167
"Medium","Latvia",428,"2025-2029","EU","Male","0-19","e5","Middle",37,79,141
"Medium","Latvia",428,"2025-2029","EU","Male","0-19","e6","High",5,23,30
"Medium","Latvia",428,"2025-2029","EU","Male","20-39","e4","Low",43,41,64
"Medium","Latvia",428,"2025-2029","EU","Male","20-39","e5","Middle",328,106,203
"Medium","Latvia",428,"2025-2029","EU","Male","20-39","e6","High",306,203,324
"Medium","Latvia",428,"2025-2029","EU","Male","40-64","e4","Low",252,49,46
"Medium","Latvia",428,"2025-2029","EU","Male","40-64","e5","Middle",1068,70,174
"Medium","Latvia",428,"2025-2029","EU","Male","40-64","e6","High",1389,130,281
"Medium","Latvia",428,"2025-2029","EU","Male","65+","e4","Low",611,15,11
"Medium","Latvia",428,"2025-2029","EU","Male","65+","e5","Middle",1122,17,49
"Medium","Latvia",428,"2025-2029","EU","Male","65+","e6","High",1276,34,90
"Medium","Latvia",428,"2025-2029","NAT","Female","0-19","e4","Low",140351,399,431
"Medium","Latvia",428,"2025-2029","NAT","Female","0-19","e5","Middle",19712,344,571
"Medium","Latvia",428,"2025-2029","NAT","Female","0-19","e6","High",21648,300,537
"Medium","Latvia",428,"2025-2029","NAT","Female","20-39","e4","Low",23551,316,294
"Medium","Latvia",428,"2025-2029","NAT","Female","20-39","e5","Middle",73739,766,1181
"Medium","Latvia",428,"2025-2029","NAT","Female","20-39","e6","High",98289,2709,5024
"Medium","Latvia",428,"2025-2029","NAT","Female","40-64","e4","Low",21007,613,300
"Medium","Latvia",428,"2025-2029","NAT","Female","40-64","e5","Middle",97115,636,1006
"Medium","Latvia",428,"2025-2029","NAT","Female","40-64","e6","High",175008,1962,3536
"Medium","Latvia",428,"2025-2029","NAT","Female","65+","e4","Low",24318,138,58
"Medium","Latvia",428,"2025-2029","NAT","Female","65+","e5","Middle",79214,103,244
"Medium","Latvia",428,"2025-2029","NAT","Female","65+","e6","High",93755,265,590
"Medium","Latvia",428,"2025-2029","NAT","Male","0-19","e4","Low",150113,413,557
"Medium","Latvia",428,"2025-2029","NAT","Male","0-19","e5","Middle",19023,351,658
"Medium","Latvia",428,"2025-2029","NAT","Male","0-19","e6","High",23064,178,236
"Medium","Latvia",428,"2025-2029","NAT","Male","20-39","e4","Low",45779,415,688
"Medium","Latvia",428,"2025-2029","NAT","Male","20-39","e5","Middle",97565,806,1573
"Medium","Latvia",428,"2025-2029","NAT","Male","20-39","e6","High",62857,1574,2671
"Medium","Latvia",428,"2025-2029","NAT","Male","40-64","e4","Low",36699,427,466
"Medium","Latvia",428,"2025-2029","NAT","Male","40-64","e5","Middle",125152,457,1088
"Medium","Latvia",428,"2025-2029","NAT","Male","40-64","e6","High",109716,868,1856
"Medium","Latvia",428,"2025-2029","NAT","Male","65+","e4","Low",12986,65,48
"Medium","Latvia",428,"2025-2029","NAT","Male","65+","e5","Middle",47938,63,183
"Medium","Latvia",428,"2025-2029","NAT","Male","65+","e6","High",45958,106,283
"Medium","Latvia",428,"2025-2029","NEU","Female","0-19","e4","Low",2606,3267,2969
"Medium","Latvia",428,"2025-2029","NEU","Female","0-19","e5","Middle",344,1619,2358
"Medium","Latvia",428,"2025-2029","NEU","Female","0-19","e6","High",3,460,834
"Medium","Latvia",428,"2025-2029","NEU","Female","20-39","e4","Low",276,800,644
"Medium","Latvia",428,"2025-2029","NEU","Female","20-39","e5","Middle",25,1983,2901
"Medium","Latvia",428,"2025-2029","NEU","Female","20-39","e6","High",886,2617,4744
"Medium","Latvia",428,"2025-2029","NEU","Female","40-64","e4","Low",1237,721,349
"Medium","Latvia",428,"2025-2029","NEU","Female","40-64","e5","Middle",9246,1726,2816
"Medium","Latvia",428,"2025-2029","NEU","Female","40-64","e6","High",15841,1942,3532
"Medium","Latvia",428,"2025-2029","NEU","Female","65+","e4","Low",7030,182,78
"Medium","Latvia",428,"2025-2029","NEU","Female","65+","e5","Middle",25544,538,1271
"Medium","Latvia",428,"2025-2029","NEU","Female","65+","e6","High",34959,511,1140
"Medium","Latvia",428,"2025-2029","NEU","Male","0-19","e4","Low",3147,3222,3541
"Medium","Latvia",428,"2025-2029","NEU","Male","0-19","e5","Middle",353,1599,2572
"Medium","Latvia",428,"2025-2029","NEU","Male","0-19","e6","High",6,330,426
"Medium","Latvia",428,"2025-2029","NEU","Male","20-39","e4","Low",4,874,1355
"Medium","Latvia",428,"2025-2029","NEU","Male","20-39","e5","Middle",928,2138,4102
"Medium","Latvia",428,"2025-2029","NEU","Male","20-39","e6","High",1914,1888,3034
"Medium","Latvia",428,"2025-2029","NEU","Male","40-64","e4","Low",1207,643,650
"Medium","Latvia",428,"2025-2029","NEU","Male","40-64","e5","Middle",9016,1306,3183
"Medium","Latvia",428,"2025-2029","NEU","Male","40-64","e6","High",11062,986,2126
"Medium","Latvia",428,"2025-2029","NEU","Male","65+","e4","Low",2483,111,82
"Medium","Latvia",428,"2025-2029","NEU","Male","65+","e5","Middle",12189,280,815
"Medium","Latvia",428,"2025-2029","NEU","Male","65+","e6","High",19095,235,627
"Medium","Latvia",428,"2030-2034","EU","Female","0-19","e4","Low",876,81,97
"Medium","Latvia",428,"2030-2034","EU","Female","0-19","e5","Middle",62,95,127
"Medium","Latvia",428,"2030-2034","EU","Female","0-19","e6","High",9,47,77
"Medium","Latvia",428,"2030-2034","EU","Female","20-39","e4","Low",65,14,10
"Medium","Latvia",428,"2030-2034","EU","Female","20-39","e5","Middle",198,81,103
"Medium","Latvia",428,"2030-2034","EU","Female","20-39","e6","High",100,353,602
"Medium","Latvia",428,"2030-2034","EU","Female","40-64","e4","Low",221,42,21
"Medium","Latvia",428,"2030-2034","EU","Female","40-64","e5","Middle",709,73,101
"Medium","Latvia",428,"2030-2034","EU","Female","40-64","e6","High",1030,228,369
"Medium","Latvia",428,"2030-2034","EU","Female","65+","e4","Low",833,23,6
"Medium","Latvia",428,"2030-2034","EU","Female","65+","e5","Middle",1910,24,50
"Medium","Latvia",428,"2030-2034","EU","Female","65+","e6","High",2277,72,146
"Medium","Latvia",428,"2030-2034","EU","Male","0-19","e4","Low",1131,77,125
"Medium","Latvia",428,"2030-2034","EU","Male","0-19","e5","Middle",62,100,150
"Medium","Latvia",428,"2030-2034","EU","Male","0-19","e6","High",9,24,29
"Medium","Latvia",428,"2030-2034","EU","Male","20-39","e4","Low",76,27,36
"Medium","Latvia",428,"2030-2034","EU","Male","20-39","e5","Middle",261,110,192
"Medium","Latvia",428,"2030-2034","EU","Male","20-39","e6","High",125,210,311
"Medium","Latvia",428,"2030-2034","EU","Male","40-64","e4","Low",191,41,43
"Medium","Latvia",428,"2030-2034","EU","Male","40-64","e5","Middle",810,68,145
"Medium","Latvia",428,"2030-2034","EU","Male","40-64","e6","High",1028,118,236
"Medium","Latvia",428,"2030-2034","EU","Male","65+","e4","Low",377,14,7
"Medium","Latvia",428,"2030-2034","EU","Male","65+","e5","Middle",980,20,55
"Medium","Latvia",428,"2030-2034","EU","Male","65+","e6","High",1257,36,84
"Medium","Latvia",428,"2030-2034","NAT","Female","0-19","e4","Low",98218,186,203
"Medium","Latvia",428,"2030-2034","NAT","Female","0-19","e5","Middle",30252,289,444
"Medium","Latvia",428,"2030-2034","NAT","Female","0-19","e6","High",39701,304,489
"Medium","Latvia",428,"2030-2034","NAT","Female","20-39","e4","Low",26994,171,118
"Medium","Latvia",428,"2030-2034","NAT","Female","20-39","e5","Middle",66718,688,876
"Medium","Latvia",428,"2030-2034","NAT","Female","20-39","e6","High",86893,2675,4473
"Medium","Latvia",428,"2030-2034","NAT","Female","40-64","e4","Low",24021,548,304
"Medium","Latvia",428,"2030-2034","NAT","Female","40-64","e5","Middle",90876,805,1058
"Medium","Latvia",428,"2030-2034","NAT","Female","40-64","e6","High",173583,2506,4004
"Medium","Latvia",428,"2030-2034","NAT","Female","65+","e4","Low",15021,157,41
"Medium","Latvia",428,"2030-2034","NAT","Female","65+","e5","Middle",82662,170,350
"Medium","Latvia",428,"2030-2034","NAT","Female","65+","e6","High",111672,426,862
"Medium","Latvia",428,"2030-2034","NAT","Male","0-19","e4","Low",106345,186,277
"Medium","Latvia",428,"2030-2034","NAT","Male","0-19","e5","Middle",30353,306,526
"Medium","Latvia",428,"2030-2034","NAT","Male","0-19","e6","High",42225,196,260
"Medium","Latvia",428,"2030-2034","NAT","Male","20-39","e4","Low",51118,260,346
"Medium","Latvia",428,"2030-2034","NAT","Male","20-39","e5","Middle",83667,779,1343
"Medium","Latvia",428,"2030-2034","NAT","Male","20-39","e6","High",54400,1568,2369
"Medium","Latvia",428,"2030-2034","NAT","Male","40-64","e4","Low",42638,427,520
"Medium","Latvia",428,"2030-2034","NAT","Male","40-64","e5","Middle",121475,604,1229
"Medium","Latvia",428,"2030-2034","NAT","Male","40-64","e6","High",110233,1110,2216
"Medium","Latvia",428,"2030-2034","NAT","Male","65+","e4","Low",9335,75,35
"Medium","Latvia",428,"2030-2034","NAT","Male","65+","e5","Middle",56417,106,296
"Medium","Latvia",428,"2030-2034","NAT","Male","65+","e6","High",55432,168,397
"Medium","Latvia",428,"2030-2034","NEU","Female","0-19","e4","Low",2473,2768,2080
"Medium","Latvia",428,"2030-2034","NEU","Female","0-19","e5","Middle",616,2147,2728
"Medium","Latvia",428,"2030-2034","NEU","Female","0-19","e6","High",7,567,921
"Medium","Latvia",428,"2030-2034","NEU","Female","20-39","e4","Low",273,840,553
"Medium","Latvia",428,"2030-2034","NEU","Female","20-39","e5","Middle",0,2112,2712
"Medium","Latvia",428,"2030-2034","NEU","Female","20-39","e6","High",89,591,892
"Medium","Latvia",428,"2030-2034","NEU","Female","40-64","e4","Low",1268,800,436
"Medium","Latvia",428,"2030-2034","NEU","Female","40-64","e5","Middle",4175,1634,2194
"Medium","Latvia",428,"2030-2034","NEU","Female","40-64","e6","High",7583,1922,3084
"Medium","Latvia",428,"2030-2034","NEU","Female","65+","e4","Low",3860,193,50
"Medium","Latvia",428,"2030-2034","NEU","Female","65+","e5","Middle",22348,557,1148
"Medium","Latvia",428,"2030-2034","NEU","Female","65+","e6","High",34276,506,1027
"Medium","Latvia",428,"2030-2034","NEU","Male","0-19","e4","Low",2275,2692,2604
"Medium","Latvia",428,"2030-2034","NEU","Male","0-19","e5","Middle",767,2148,3048
"Medium","Latvia",428,"2030-2034","NEU","Male","0-19","e6","High",13,396,479
"Medium","Latvia",428,"2030-2034","NEU","Male","20-39","e4","Low",0,906,1216
"Medium","Latvia",428,"2030-2034","NEU","Male","20-39","e5","Middle",0,2225,3895
"Medium","Latvia",428,"2030-2034","NEU","Male","20-39","e6","High",168,759,1114
"Medium","Latvia",428,"2030-2034","NEU","Male","40-64","e4","Low",821,670,769
"Medium","Latvia",428,"2030-2034","NEU","Male","40-64","e5","Middle",3964,1258,2584
"Medium","Latvia",428,"2030-2034","NEU","Male","40-64","e6","High",5957,961,1920
"Medium","Latvia",428,"2030-2034","NEU","Male","65+","e4","Low",1580,129,58
"Medium","Latvia",428,"2030-2034","NEU","Male","65+","e5","Middle",10512,288,803
"Medium","Latvia",428,"2030-2034","NEU","Male","65+","e6","High",18442,229,541
"Medium","Latvia",428,"2035-2039","EU","Female","0-19","e4","Low",277,62,68
"Medium","Latvia",428,"2035-2039","EU","Female","0-19","e5","Middle",38,100,131
"Medium","Latvia",428,"2035-2039","EU","Female","0-19","e6","High",4,55,94
"Medium","Latvia",428,"2035-2039","EU","Female","20-39","e4","Low",119,9,5
"Medium","Latvia",428,"2035-2039","EU","Female","20-39","e5","Middle",444,82,91
"Medium","Latvia",428,"2035-2039","EU","Female","20-39","e6","High",201,377,603
"Medium","Latvia",428,"2035-2039","EU","Female","40-64","e4","Low",185,33,18
"Medium","Latvia",428,"2035-2039","EU","Female","40-64","e5","Middle",447,75,85
"Medium","Latvia",428,"2035-2039","EU","Female","40-64","e6","High",634,175,254
"Medium","Latvia",428,"2035-2039","EU","Female","65+","e4","Low",498,21,4
"Medium","Latvia",428,"2035-2039","EU","Female","65+","e5","Middle",1615,29,52
"Medium","Latvia",428,"2035-2039","EU","Female","65+","e6","High",2025,76,134
"Medium","Latvia",428,"2035-2039","EU","Male","0-19","e4","Low",384,57,86
"Medium","Latvia",428,"2035-2039","EU","Male","0-19","e5","Middle",40,106,159
"Medium","Latvia",428,"2035-2039","EU","Male","0-19","e6","High",5,29,37
"Medium","Latvia",428,"2035-2039","EU","Male","20-39","e4","Low",157,17,20
"Medium","Latvia",428,"2035-2039","EU","Male","20-39","e5","Middle",549,111,178
"Medium","Latvia",428,"2035-2039","EU","Male","20-39","e6","High",212,219,308
"Medium","Latvia",428,"2035-2039","EU","Male","40-64","e4","Low",129,33,38
"Medium","Latvia",428,"2035-2039","EU","Male","40-64","e5","Middle",595,69,123
"Medium","Latvia",428,"2035-2039","EU","Male","40-64","e6","High",673,117,217
"Medium","Latvia",428,"2035-2039","EU","Male","65+","e4","Low",245,14,5
"Medium","Latvia",428,"2035-2039","EU","Male","65+","e5","Middle",757,23,58
"Medium","Latvia",428,"2035-2039","EU","Male","65+","e6","High",1150,38,74
"Medium","Latvia",428,"2035-2039","NAT","Female","0-19","e4","Low",59692,146,150
"Medium","Latvia",428,"2035-2039","NAT","Female","0-19","e5","Middle",39989,258,353
"Medium","Latvia",428,"2035-2039","NAT","Female","0-19","e6","High",55952,249,398
"Medium","Latvia",428,"2035-2039","NAT","Female","20-39","e4","Low",30748,83,44
"Medium","Latvia",428,"2035-2039","NAT","Female","20-39","e5","Middle",58752,577,634
"Medium","Latvia",428,"2035-2039","NAT","Female","20-39","e6","High",81570,2525,3966
"Medium","Latvia",428,"2035-2039","NAT","Female","40-64","e4","Low",26788,465,268
"Medium","Latvia",428,"2035-2039","NAT","Female","40-64","e5","Middle",83396,941,1025
"Medium","Latvia",428,"2035-2039","NAT","Female","40-64","e6","High",169744,2994,4196
"Medium","Latvia",428,"2035-2039","NAT","Female","65+","e4","Low",10289,156,34
"Medium","Latvia",428,"2035-2039","NAT","Female","65+","e5","Middle",82812,238,421
"Medium","Latvia",428,"2035-2039","NAT","Female","65+","e6","High",124884,587,1034
"Medium","Latvia",428,"2035-2039","NAT","Male","0-19","e4","Low",65565,139,196
"Medium","Latvia",428,"2035-2039","NAT","Male","0-19","e5","Middle",40525,267,435
"Medium","Latvia",428,"2035-2039","NAT","Male","0-19","e6","High",59436,170,221
"Medium","Latvia",428,"2035-2039","NAT","Male","20-39","e4","Low",58533,147,166
"Medium","Latvia",428,"2035-2039","NAT","Male","20-39","e5","Middle",71450,699,1095
"Medium","Latvia",428,"2035-2039","NAT","Male","20-39","e6","High",49433,1521,2120
"Medium","Latvia",428,"2035-2039","NAT","Male","40-64","e4","Low",46734,405,495
"Medium","Latvia",428,"2035-2039","NAT","Male","40-64","e5","Middle",113759,729,1253
"Medium","Latvia",428,"2035-2039","NAT","Male","40-64","e6","High",109271,1291,2393
"Medium","Latvia",428,"2035-2039","NAT","Male","65+","e4","Low",7840,79,29
"Medium","Latvia",428,"2035-2039","NAT","Male","65+","e5","Middle",63078,153,389
"Medium","Latvia",428,"2035-2039","NAT","Male","65+","e6","High",62283,233,457
"Medium","Latvia",428,"2035-2039","NEU","Female","0-19","e4","Low",2089,2688,1762
"Medium","Latvia",428,"2035-2039","NEU","Female","0-19","e5","Middle",557,2202,2673
"Medium","Latvia",428,"2035-2039","NEU","Female","0-19","e6","High",5,634,1079
"Medium","Latvia",428,"2035-2039","NEU","Female","20-39","e4","Low",570,844,459
"Medium","Latvia",428,"2035-2039","NEU","Female","20-39","e5","Middle",0,2302,2587
"Medium","Latvia",428,"2035-2039","NEU","Female","20-39","e6","High",340,3456,5639
"Medium","Latvia",428,"2035-2039","NEU","Female","40-64","e4","Low",1229,854,486
"Medium","Latvia",428,"2035-2039","NEU","Female","40-64","e5","Middle",1633,1591,1769
"Medium","Latvia",428,"2035-2039","NEU","Female","40-64","e6","High",3009,1088,1592
"Medium","Latvia",428,"2035-2039","NEU","Female","65+","e4","Low",2465,228,49
"Medium","Latvia",428,"2035-2039","NEU","Female","65+","e5","Middle",17817,506,899
"Medium","Latvia",428,"2035-2039","NEU","Female","65+","e6","High",30088,468,826
"Medium","Latvia",428,"2035-2039","NEU","Male","0-19","e4","Low",1906,2611,2215
"Medium","Latvia",428,"2035-2039","NEU","Male","0-19","e5","Middle",598,2219,3052
"Medium","Latvia",428,"2035-2039","NEU","Male","0-19","e6","High",9,432,560
"Medium","Latvia",428,"2035-2039","NEU","Male","20-39","e4","Low",0,917,1103
"Medium","Latvia",428,"2035-2039","NEU","Male","20-39","e5","Middle",0,2402,3892
"Medium","Latvia",428,"2035-2039","NEU","Male","20-39","e6","High",149,1255,1858
"Medium","Latvia",428,"2035-2039","NEU","Male","40-64","e4","Low",449,676,806
"Medium","Latvia",428,"2035-2039","NEU","Male","40-64","e5","Middle",1467,1224,2121
"Medium","Latvia",428,"2035-2039","NEU","Male","40-64","e6","High",2753,722,1388
"Medium","Latvia",428,"2035-2039","NEU","Male","65+","e4","Low",1200,155,57
"Medium","Latvia",428,"2035-2039","NEU","Male","65+","e5","Middle",7714,265,675
"Medium","Latvia",428,"2035-2039","NEU","Male","65+","e6","High",15774,209,412
"Medium","Latvia",428,"2040-2044","EU","Female","0-19","e4","Low",23,0,0
"Medium","Latvia",428,"2040-2044","EU","Female","0-19","e5","Middle",23,0,0
"Medium","Latvia",428,"2040-2044","EU","Female","0-19","e6","High",0,0,0
"Medium","Latvia",428,"2040-2044","EU","Female","20-39","e4","Low",130,0,0
"Medium","Latvia",428,"2040-2044","EU","Female","20-39","e5","Middle",344,0,0
"Medium","Latvia",428,"2040-2044","EU","Female","20-39","e6","High",320,0,0
"Medium","Latvia",428,"2040-2044","EU","Female","40-64","e4","Low",143,0,0
"Medium","Latvia",428,"2040-2044","EU","Female","40-64","e5","Middle",323,0,0
"Medium","Latvia",428,"2040-2044","EU","Female","40-64","e6","High",405,0,0
"Medium","Latvia",428,"2040-2044","EU","Female","65+","e4","Low",338,0,0
"Medium","Latvia",428,"2040-2044","EU","Female","65+","e5","Middle",1234,0,0
"Medium","Latvia",428,"2040-2044","EU","Female","65+","e6","High",1645,0,0
"Medium","Latvia",428,"2040-2044","EU","Male","0-19","e4","Low",22,0,0
"Medium","Latvia",428,"2040-2044","EU","Male","0-19","e5","Middle",17,0,0
"Medium","Latvia",428,"2040-2044","EU","Male","0-19","e6","High",0,0,0
"Medium","Latvia",428,"2040-2044","EU","Male","20-39","e4","Low",127,0,0
"Medium","Latvia",428,"2040-2044","EU","Male","20-39","e5","Middle",572,0,0
"Medium","Latvia",428,"2040-2044","EU","Male","20-39","e6","High",408,0,0
"Medium","Latvia",428,"2040-2044","EU","Male","40-64","e4","Low",72,0,0
"Medium","Latvia",428,"2040-2044","EU","Male","40-64","e5","Middle",432,0,0
"Medium","Latvia",428,"2040-2044","EU","Male","40-64","e6","High",418,0,0
"Medium","Latvia",428,"2040-2044","EU","Male","65+","e4","Low",179,0,0
"Medium","Latvia",428,"2040-2044","EU","Male","65+","e5","Middle",540,0,0
"Medium","Latvia",428,"2040-2044","EU","Male","65+","e6","High",961,0,0
"Medium","Latvia",428,"2040-2044","NAT","Female","0-19","e4","Low",55837,0,0
"Medium","Latvia",428,"2040-2044","NAT","Female","0-19","e5","Middle",33929,0,0
"Medium","Latvia",428,"2040-2044","NAT","Female","0-19","e6","High",50458,0,0
"Medium","Latvia",428,"2040-2044","NAT","Female","20-39","e4","Low",36550,0,0
"Medium","Latvia",428,"2040-2044","NAT","Female","20-39","e5","Middle",57237,0,0
"Medium","Latvia",428,"2040-2044","NAT","Female","20-39","e6","High",84474,0,0
"Medium","Latvia",428,"2040-2044","NAT","Female","40-64","e4","Low",27146,0,0
"Medium","Latvia",428,"2040-2044","NAT","Female","40-64","e5","Middle",71004,0,0
"Medium","Latvia",428,"2040-2044","NAT","Female","40-64","e6","High",157453,0,0
"Medium","Latvia",428,"2040-2044","NAT","Female","65+","e4","Low",10485,0,0
"Medium","Latvia",428,"2040-2044","NAT","Female","65+","e5","Middle",83261,0,0
"Medium","Latvia",428,"2040-2044","NAT","Female","65+","e6","High",136435,0,0
"Medium","Latvia",428,"2040-2044","NAT","Male","0-19","e4","Low",60921,0,0
"Medium","Latvia",428,"2040-2044","NAT","Male","0-19","e5","Middle",34177,0,0
"Medium","Latvia",428,"2040-2044","NAT","Male","0-19","e6","High",53455,0,0
"Medium","Latvia",428,"2040-2044","NAT","Male","20-39","e4","Low",69000,0,0
"Medium","Latvia",428,"2040-2044","NAT","Male","20-39","e5","Middle",68364,0,0
"Medium","Latvia",428,"2040-2044","NAT","Male","20-39","e6","High",50124,0,0
"Medium","Latvia",428,"2040-2044","NAT","Male","40-64","e4","Low",47994,0,0
"Medium","Latvia",428,"2040-2044","NAT","Male","40-64","e5","Middle",100079,0,0
"Medium","Latvia",428,"2040-2044","NAT","Male","40-64","e6","High",101524,0,0
"Medium","Latvia",428,"2040-2044","NAT","Male","65+","e4","Low",10199,0,0
"Medium","Latvia",428,"2040-2044","NAT","Male","65+","e5","Middle",67124,0,0
"Medium","Latvia",428,"2040-2044","NAT","Male","65+","e6","High",69238,0,0
"Medium","Latvia",428,"2040-2044","NEU","Female","0-19","e4","Low",2439,0,0
"Medium","Latvia",428,"2040-2044","NEU","Female","0-19","e5","Middle",790,0,0
"Medium","Latvia",428,"2040-2044","NEU","Female","0-19","e6","High",5,0,0
"Medium","Latvia",428,"2040-2044","NEU","Female","20-39","e4","Low",606,0,0
"Medium","Latvia",428,"2040-2044","NEU","Female","20-39","e5","Middle",0,0,0
"Medium","Latvia",428,"2040-2044","NEU","Female","20-39","e6","High",75,0,0
"Medium","Latvia",428,"2040-2044","NEU","Female","40-64","e4","Low",1195,0,0
"Medium","Latvia",428,"2040-2044","NEU","Female","40-64","e5","Middle",740,0,0
"Medium","Latvia",428,"2040-2044","NEU","Female","40-64","e6","High",1218,0,0
"Medium","Latvia",428,"2040-2044","NEU","Female","65+","e4","Low",2127,0,0
"Medium","Latvia",428,"2040-2044","NEU","Female","65+","e5","Middle",12989,0,0
"Medium","Latvia",428,"2040-2044","NEU","Female","65+","e6","High",24051,0,0
"Medium","Latvia",428,"2040-2044","NEU","Male","0-19","e4","Low",1968,0,0
"Medium","Latvia",428,"2040-2044","NEU","Male","0-19","e5","Middle",808,0,0
"Medium","Latvia",428,"2040-2044","NEU","Male","0-19","e6","High",8,0,0
"Medium","Latvia",428,"2040-2044","NEU","Male","20-39","e4","Low",0,0,0
"Medium","Latvia",428,"2040-2044","NEU","Male","20-39","e5","Middle",0,0,0
"Medium","Latvia",428,"2040-2044","NEU","Male","20-39","e6","High",17,0,0
"Medium","Latvia",428,"2040-2044","NEU","Male","40-64","e4","Low",158,0,0
"Medium","Latvia",428,"2040-2044","NEU","Male","40-64","e5","Middle",536,0,0
"Medium","Latvia",428,"2040-2044","NEU","Male","40-64","e6","High",1116,0,0
"Medium","Latvia",428,"2040-2044","NEU","Male","65+","e4","Low",1051,0,0
"Medium","Latvia",428,"2040-2044","NEU","Male","65+","e5","Middle",4932,0,0
"Medium","Latvia",428,"2040-2044","NEU","Male","65+","e6","High",12360,0,0
"Medium","Lithuania",440,"2020-2024","EU","Female","0-19","e4","Low",3138,144,220
"Medium","Lithuania",440,"2020-2024","EU","Female","0-19","e5","Middle",38,36,106
"Medium","Lithuania",440,"2020-2024","EU","Female","0-19","e6","High",0,0,0
"Medium","Lithuania",440,"2020-2024","EU","Female","20-39","e4","Low",69,16,20
"Medium","Lithuania",440,"2020-2024","EU","Female","20-39","e5","Middle",299,37,85
"Medium","Lithuania",440,"2020-2024","EU","Female","20-39","e6","High",363,161,569
"Medium","Lithuania",440,"2020-2024","EU","Female","40-64","e4","Low",342,34,17
"Medium","Lithuania",440,"2020-2024","EU","Female","40-64","e5","Middle",956,40,77
"Medium","Lithuania",440,"2020-2024","EU","Female","40-64","e6","High",1884,145,558
"Medium","Lithuania",440,"2020-2024","EU","Female","65+","e4","Low",649,11,10
"Medium","Lithuania",440,"2020-2024","EU","Female","65+","e5","Middle",401,9,17
"Medium","Lithuania",440,"2020-2024","EU","Female","65+","e6","High",979,26,118
"Medium","Lithuania",440,"2020-2024","EU","Male","0-19","e4","Low",3245,152,242
"Medium","Lithuania",440,"2020-2024","EU","Male","0-19","e5","Middle",32,39,119
"Medium","Lithuania",440,"2020-2024","EU","Male","0-19","e6","High",0,0,0
"Medium","Lithuania",440,"2020-2024","EU","Male","20-39","e4","Low",102,31,56
"Medium","Lithuania",440,"2020-2024","EU","Male","20-39","e5","Middle",357,60,164
"Medium","Lithuania",440,"2020-2024","EU","Male","20-39","e6","High",342,125,477
"Medium","Lithuania",440,"2020-2024","EU","Male","40-64","e4","Low",360,37,32
"Medium","Lithuania",440,"2020-2024","EU","Male","40-64","e5","Middle",1081,48,118
"Medium","Lithuania",440,"2020-2024","EU","Male","40-64","e6","High",1387,105,459
"Medium","Lithuania",440,"2020-2024","EU","Male","65+","e4","Low",284,8,8
"Medium","Lithuania",440,"2020-2024","EU","Male","65+","e5","Middle",256,8,17
"Medium","Lithuania",440,"2020-2024","EU","Male","65+","e6","High",573,20,77
"Medium","Lithuania",440,"2020-2024","NAT","Female","0-19","e4","Low",249276,820,1231
"Medium","Lithuania",440,"2020-2024","NAT","Female","0-19","e5","Middle",11620,340,952
"Medium","Lithuania",440,"2020-2024","NAT","Female","0-19","e6","High",8,408,820
"Medium","Lithuania",440,"2020-2024","NAT","Female","20-39","e4","Low",29028,425,557
"Medium","Lithuania",440,"2020-2024","NAT","Female","20-39","e5","Middle",111796,687,1664
"Medium","Lithuania",440,"2020-2024","NAT","Female","20-39","e6","High",188186,3672,13164
"Medium","Lithuania",440,"2020-2024","NAT","Female","40-64","e4","Low",33352,539,310
"Medium","Lithuania",440,"2020-2024","NAT","Female","40-64","e5","Middle",130392,446,878
"Medium","Lithuania",440,"2020-2024","NAT","Female","40-64","e6","High",325239,2342,8693
"Medium","Lithuania",440,"2020-2024","NAT","Female","65+","e4","Low",110066,148,147
"Medium","Lithuania",440,"2020-2024","NAT","Female","65+","e5","Middle",66669,97,198
"Medium","Lithuania",440,"2020-2024","NAT","Female","65+","e6","High",164033,399,1812
"Medium","Lithuania",440,"2020-2024","NAT","Male","0-19","e4","Low",264708,896,1419
"Medium","Lithuania",440,"2020-2024","NAT","Male","0-19","e5","Middle",9827,377,1100
"Medium","Lithuania",440,"2020-2024","NAT","Male","0-19","e6","High",11,304,586
"Medium","Lithuania",440,"2020-2024","NAT","Male","20-39","e4","Low",56963,578,1098
"Medium","Lithuania",440,"2020-2024","NAT","Male","20-39","e5","Middle",155384,855,2349
"Medium","Lithuania",440,"2020-2024","NAT","Male","20-39","e6","High",151408,2813,10868
"Medium","Lithuania",440,"2020-2024","NAT","Male","40-64","e4","Low",52073,429,422
"Medium","Lithuania",440,"2020-2024","NAT","Male","40-64","e5","Middle",161115,399,977
"Medium","Lithuania",440,"2020-2024","NAT","Male","40-64","e6","High",230634,1432,6028
"Medium","Lithuania",440,"2020-2024","NAT","Male","65+","e4","Low",49850,78,89
"Medium","Lithuania",440,"2020-2024","NAT","Male","65+","e5","Middle",42584,69,142
"Medium","Lithuania",440,"2020-2024","NAT","Male","65+","e6","High",85684,227,874
"Medium","Lithuania",440,"2020-2024","NEU","Female","0-19","e4","Low",7554,2187,3100
"Medium","Lithuania",440,"2020-2024","NEU","Female","0-19","e5","Middle",107,436,1194
"Medium","Lithuania",440,"2020-2024","NEU","Female","0-19","e6","High",0,0,0
"Medium","Lithuania",440,"2020-2024","NEU","Female","20-39","e4","Low",420,319,374
"Medium","Lithuania",440,"2020-2024","NEU","Female","20-39","e5","Middle",2039,549,1277
"Medium","Lithuania",440,"2020-2024","NEU","Female","20-39","e6","High",2317,1056,3747
"Medium","Lithuania",440,"2020-2024","NEU","Female","40-64","e4","Low",2142,240,141
"Medium","Lithuania",440,"2020-2024","NEU","Female","40-64","e5","Middle",9071,558,1073
"Medium","Lithuania",440,"2020-2024","NEU","Female","40-64","e6","High",20886,952,3654
"Medium","Lithuania",440,"2020-2024","NEU","Female","65+","e4","Low",8286,44,37
"Medium","Lithuania",440,"2020-2024","NEU","Female","65+","e5","Middle",7486,130,254
"Medium","Lithuania",440,"2020-2024","NEU","Female","65+","e6","High",19522,194,872
"Medium","Lithuania",440,"2020-2024","NEU","Male","0-19","e4","Low",7963,2250,3326
"Medium","Lithuania",440,"2020-2024","NEU","Male","0-19","e5","Middle",102,453,1263
"Medium","Lithuania",440,"2020-2024","NEU","Male","0-19","e6","High",0,0,0
"Medium","Lithuania",440,"2020-2024","NEU","Male","20-39","e4","Low",791,385,699
"Medium","Lithuania",440,"2020-2024","NEU","Male","20-39","e5","Middle",2326,770,2114
"Medium","Lithuania",440,"2020-2024","NEU","Male","20-39","e6","High",2084,1005,3845
"Medium","Lithuania",440,"2020-2024","NEU","Male","40-64","e4","Low",2684,268,255
"Medium","Lithuania",440,"2020-2024","NEU","Male","40-64","e5","Middle",9671,535,1315
"Medium","Lithuania",440,"2020-2024","NEU","Male","40-64","e6","High",14607,632,2746
"Medium","Lithuania",440,"2020-2024","NEU","Male","65+","e4","Low",3359,30,30
"Medium","Lithuania",440,"2020-2024","NEU","Male","65+","e5","Middle",4145,76,157
"Medium","Lithuania",440,"2020-2024","NEU","Male","65+","e6","High",11295,112,442
"Medium","Lithuania",440,"2025-2029","EU","Female","0-19","e4","Low",2613,84,135
"Medium","Lithuania",440,"2025-2029","EU","Female","0-19","e5","Middle",91,57,130
"Medium","Lithuania",440,"2025-2029","EU","Female","0-19","e6","High",4,44,84
"Medium","Lithuania",440,"2025-2029","EU","Female","20-39","e4","Low",66,12,12
"Medium","Lithuania",440,"2025-2029","EU","Female","20-39","e5","Middle",370,41,81
"Medium","Lithuania",440,"2025-2029","EU","Female","20-39","e6","High",155,168,511
"Medium","Lithuania",440,"2025-2029","EU","Female","40-64","e4","Low",319,29,16
"Medium","Lithuania",440,"2025-2029","EU","Female","40-64","e5","Middle",766,38,67
"Medium","Lithuania",440,"2025-2029","EU","Female","40-64","e6","High",1126,130,410
"Medium","Lithuania",440,"2025-2029","EU","Female","65+","e4","Low",414,14,7
"Medium","Lithuania",440,"2025-2029","EU","Female","65+","e5","Middle",485,12,21
"Medium","Lithuania",440,"2025-2029","EU","Female","65+","e6","High",1081,31,137
"Medium","Lithuania",440,"2025-2029","EU","Male","0-19","e4","Low",2689,90,154
"Medium","Lithuania",440,"2025-2029","EU","Male","0-19","e5","Middle",65,62,145
"Medium","Lithuania",440,"2025-2029","EU","Male","0-19","e6","High",4,27,50
"Medium","Lithuania",440,"2025-2029","EU","Male","20-39","e4","Low",94,23,35
"Medium","Lithuania",440,"2025-2029","EU","Male","20-39","e5","Middle",331,64,155
"Medium","Lithuania",440,"2025-2029","EU","Male","20-39","e6","High",137,119,388
"Medium","Lithuania",440,"2025-2029","EU","Male","40-64","e4","Low",312,32,30
"Medium","Lithuania",440,"2025-2029","EU","Male","40-64","e5","Middle",847,44,100
"Medium","Lithuania",440,"2025-2029","EU","Male","40-64","e6","High",825,90,338
"Medium","Lithuania",440,"2025-2029","EU","Male","65+","e4","Low",199,10,6
"Medium","Lithuania",440,"2025-2029","EU","Male","65+","e5","Middle",319,11,23
"Medium","Lithuania",440,"2025-2029","EU","Male","65+","e6","High",552,23,96
"Medium","Lithuania",440,"2025-2029","NAT","Female","0-19","e4","Low",192887,447,723
"Medium","Lithuania",440,"2025-2029","NAT","Female","0-19","e5","Middle",29358,318,867
"Medium","Lithuania",440,"2025-2029","NAT","Female","0-19","e6","High",33616,443,919
"Medium","Lithuania",440,"2025-2029","NAT","Female","20-39","e4","Low",29757,256,292
"Medium","Lithuania",440,"2025-2029","NAT","Female","20-39","e5","Middle",101359,605,1323
"Medium","Lithuania",440,"2025-2029","NAT","Female","20-39","e6","High",170391,3548,11591
"Medium","Lithuania",440,"2025-2029","NAT","Female","40-64","e4","Low",35044,487,320
"Medium","Lithuania",440,"2025-2029","NAT","Female","40-64","e5","Middle",122473,510,904
"Medium","Lithuania",440,"2025-2029","NAT","Female","40-64","e6","High",296601,2839,8570
"Medium","Lithuania",440,"2025-2029","NAT","Female","65+","e4","Low",68442,134,67
"Medium","Lithuania",440,"2025-2029","NAT","Female","65+","e5","Middle",76676,101,184
"Medium","Lithuania",440,"2025-2029","NAT","Female","65+","e6","High",197480,523,2304
"Medium","Lithuania",440,"2025-2029","NAT","Male","0-19","e4","Low",205250,485,833
"Medium","Lithuania",440,"2025-2029","NAT","Male","0-19","e5","Middle",28309,353,986
"Medium","Lithuania",440,"2025-2029","NAT","Male","0-19","e6","High",35345,333,689
"Medium","Lithuania",440,"2025-2029","NAT","Male","20-39","e4","Low",58008,393,639
"Medium","Lithuania",440,"2025-2029","NAT","Male","20-39","e5","Middle",138221,811,2007
"Medium","Lithuania",440,"2025-2029","NAT","Male","20-39","e6","High",133944,2785,9676
"Medium","Lithuania",440,"2025-2029","NAT","Male","40-64","e4","Low",56663,416,467
"Medium","Lithuania",440,"2025-2029","NAT","Male","40-64","e5","Middle",154129,480,1061
"Medium","Lithuania",440,"2025-2029","NAT","Male","40-64","e6","High",213161,1708,6187
"Medium","Lithuania",440,"2025-2029","NAT","Male","65+","e4","Low",31974,70,46
"Medium","Lithuania",440,"2025-2029","NAT","Male","65+","e5","Middle",51520,75,152
"Medium","Lithuania",440,"2025-2029","NAT","Male","65+","e6","High",98613,274,1167
"Medium","Lithuania",440,"2025-2029","NEU","Female","0-19","e4","Low",5840,2122,2663
"Medium","Lithuania",440,"2025-2029","NEU","Female","0-19","e5","Middle",272,786,1667
"Medium","Lithuania",440,"2025-2029","NEU","Female","0-19","e6","High",5,314,604
"Medium","Lithuania",440,"2025-2029","NEU","Female","20-39","e4","Low",269,415,394
"Medium","Lithuania",440,"2025-2029","NEU","Female","20-39","e5","Middle",607,621,1245
"Medium","Lithuania",440,"2025-2029","NEU","Female","20-39","e6","High",307,693,2056
"Medium","Lithuania",440,"2025-2029","NEU","Female","40-64","e4","Low",1564,299,194
"Medium","Lithuania",440,"2025-2029","NEU","Female","40-64","e5","Middle",6085,505,894
"Medium","Lithuania",440,"2025-2029","NEU","Female","40-64","e6","High",10635,874,2702
"Medium","Lithuania",440,"2025-2029","NEU","Female","65+","e4","Low",5671,65,32
"Medium","Lithuania",440,"2025-2029","NEU","Female","65+","e5","Middle",8510,173,313
"Medium","Lithuania",440,"2025-2029","NEU","Female","65+","e6","High",22745,224,989
"Medium","Lithuania",440,"2025-2029","NEU","Male","0-19","e4","Low",6096,2186,2914
"Medium","Lithuania",440,"2025-2029","NEU","Male","0-19","e5","Middle",177,823,1772
"Medium","Lithuania",440,"2025-2029","NEU","Male","0-19","e6","High",4,280,517
"Medium","Lithuania",440,"2025-2029","NEU","Male","20-39","e4","Low",302,472,689
"Medium","Lithuania",440,"2025-2029","NEU","Male","20-39","e5","Middle",411,814,1980
"Medium","Lithuania",440,"2025-2029","NEU","Male","20-39","e6","High",282,601,1880
"Medium","Lithuania",440,"2025-2029","NEU","Male","40-64","e4","Low",1961,307,325
"Medium","Lithuania",440,"2025-2029","NEU","Male","40-64","e5","Middle",6142,491,1098
"Medium","Lithuania",440,"2025-2029","NEU","Male","40-64","e6","High",7244,568,2099
"Medium","Lithuania",440,"2025-2029","NEU","Male","65+","e4","Low",2609,47,30
"Medium","Lithuania",440,"2025-2029","NEU","Male","65+","e5","Middle",5102,103,211
"Medium","Lithuania",440,"2025-2029","NEU","Male","65+","e6","High",12330,126,539
"Medium","Lithuania",440,"2030-2034","EU","Female","0-19","e4","Low",1686,56,94
"Medium","Lithuania",440,"2030-2034","EU","Female","0-19","e5","Middle",107,78,154
"Medium","Lithuania",440,"2030-2034","EU","Female","0-19","e6","High",5,48,95
"Medium","Lithuania",440,"2030-2034","EU","Female","20-39","e4","Low",96,8,7
"Medium","Lithuania",440,"2030-2034","EU","Female","20-39","e5","Middle",708,44,77
"Medium","Lithuania",440,"2030-2034","EU","Female","20-39","e6","High",265,240,678
"Medium","Lithuania",440,"2030-2034","EU","Female","40-64","e4","Low",273,23,14
"Medium","Lithuania",440,"2030-2034","EU","Female","40-64","e5","Middle",577,36,59
"Medium","Lithuania",440,"2030-2034","EU","Female","40-64","e6","High",468,102,264
"Medium","Lithuania",440,"2030-2034","EU","Female","65+","e4","Low",307,13,4
"Medium","Lithuania",440,"2030-2034","EU","Female","65+","e5","Middle",597,13,23
"Medium","Lithuania",440,"2030-2034","EU","Female","65+","e6","High",1126,32,135
"Medium","Lithuania",440,"2030-2034","EU","Male","0-19","e4","Low",1764,60,110
"Medium","Lithuania",440,"2030-2034","EU","Male","0-19","e5","Middle",81,84,175
"Medium","Lithuania",440,"2030-2034","EU","Male","0-19","e6","High",5,30,59
"Medium","Lithuania",440,"2030-2034","EU","Male","20-39","e4","Low",154,17,21
"Medium","Lithuania",440,"2030-2034","EU","Male","20-39","e5","Middle",610,69,147
"Medium","Lithuania",440,"2030-2034","EU","Male","20-39","e6","High",212,172,508
"Medium","Lithuania",440,"2030-2034","EU","Male","40-64","e4","Low",229,26,26
"Medium","Lithuania",440,"2030-2034","EU","Male","40-64","e5","Middle",581,42,86
"Medium","Lithuania",440,"2030-2034","EU","Male","40-64","e6","High",340,66,214
"Medium","Lithuania",440,"2030-2034","EU","Male","65+","e4","Low",186,10,5
"Medium","Lithuania",440,"2030-2034","EU","Male","65+","e5","Middle",424,12,26
"Medium","Lithuania",440,"2030-2034","EU","Male","65+","e6","High",523,22,95
"Medium","Lithuania",440,"2030-2034","NAT","Female","0-19","e4","Low",136400,198,352
"Medium","Lithuania",440,"2030-2034","NAT","Female","0-19","e5","Middle",47202,285,777
"Medium","Lithuania",440,"2030-2034","NAT","Female","0-19","e6","High",67202,469,1100
"Medium","Lithuania",440,"2030-2034","NAT","Female","20-39","e4","Low",29495,139,133
"Medium","Lithuania",440,"2030-2034","NAT","Female","20-39","e5","Middle",92703,516,963
"Medium","Lithuania",440,"2030-2034","NAT","Female","20-39","e6","High",150152,3405,9895
"Medium","Lithuania",440,"2030-2034","NAT","Female","40-64","e4","Low",37232,427,296
"Medium","Lithuania",440,"2030-2034","NAT","Female","40-64","e5","Middle",113912,579,927
"Medium","Lithuania",440,"2030-2034","NAT","Female","40-64","e6","High",270160,3301,8320
"Medium","Lithuania",440,"2030-2034","NAT","Female","65+","e4","Low",43804,129,42
"Medium","Lithuania",440,"2030-2034","NAT","Female","65+","e5","Middle",88261,136,236
"Medium","Lithuania",440,"2030-2034","NAT","Female","65+","e6","High",228096,680,2836
"Medium","Lithuania",440,"2030-2034","NAT","Male","0-19","e4","Low",146338,212,417
"Medium","Lithuania",440,"2030-2034","NAT","Male","0-19","e5","Middle",46905,320,888
"Medium","Lithuania",440,"2030-2034","NAT","Male","0-19","e6","High",70702,364,891
"Medium","Lithuania",440,"2030-2034","NAT","Male","20-39","e4","Low",54720,241,321
"Medium","Lithuania",440,"2030-2034","NAT","Male","20-39","e5","Middle",122775,733,1591
"Medium","Lithuania",440,"2030-2034","NAT","Male","20-39","e6","High",115104,2687,8185
"Medium","Lithuania",440,"2030-2034","NAT","Male","40-64","e4","Low",62782,392,464
"Medium","Lithuania",440,"2030-2034","NAT","Male","40-64","e5","Middle",149196,557,1128
"Medium","Lithuania",440,"2030-2034","NAT","Male","40-64","e6","High",196937,1966,6326
"Medium","Lithuania",440,"2030-2034","NAT","Male","65+","e4","Low",23741,69,34
"Medium","Lithuania",440,"2030-2034","NAT","Male","65+","e5","Middle",63214,100,209
"Medium","Lithuania",440,"2030-2034","NAT","Male","65+","e6","High",115007,349,1518
"Medium","Lithuania",440,"2030-2034","NEU","Female","0-19","e4","Low",4003,1849,1804
"Medium","Lithuania",440,"2030-2034","NEU","Female","0-19","e5","Middle",555,1132,2224
"Medium","Lithuania",440,"2030-2034","NEU","Female","0-19","e6","High",9,414,820
"Medium","Lithuania",440,"2030-2034","NEU","Female","20-39","e4","Low",235,465,373
"Medium","Lithuania",440,"2030-2034","NEU","Female","20-39","e5","Middle",0,717,1239
"Medium","Lithuania",440,"2030-2034","NEU","Female","20-39","e6","High",162,1106,3218
"Medium","Lithuania",440,"2030-2034","NEU","Female","40-64","e4","Low",1132,352,241
"Medium","Lithuania",440,"2030-2034","NEU","Female","40-64","e5","Middle",3598,459,736
"Medium","Lithuania",440,"2030-2034","NEU","Female","40-64","e6","High",4355,657,1653
"Medium","Lithuania",440,"2030-2034","NEU","Female","65+","e4","Low",4129,78,25
"Medium","Lithuania",440,"2030-2034","NEU","Female","65+","e5","Middle",8924,171,298
"Medium","Lithuania",440,"2030-2034","NEU","Female","65+","e6","High",22159,205,853
"Medium","Lithuania",440,"2030-2034","NEU","Male","0-19","e4","Low",4264,1901,2038
"Medium","Lithuania",440,"2030-2034","NEU","Male","0-19","e5","Middle",410,1192,2402
"Medium","Lithuania",440,"2030-2034","NEU","Male","0-19","e6","High",9,364,708
"Medium","Lithuania",440,"2030-2034","NEU","Male","20-39","e4","Low",184,529,632
"Medium","Lithuania",440,"2030-2034","NEU","Male","20-39","e5","Middle",0,901,1916
"Medium","Lithuania",440,"2030-2034","NEU","Male","20-39","e6","High",16,474,1523
"Medium","Lithuania",440,"2030-2034","NEU","Male","40-64","e4","Low",1299,337,384
"Medium","Lithuania",440,"2030-2034","NEU","Male","40-64","e5","Middle",3290,459,933
"Medium","Lithuania",440,"2030-2034","NEU","Male","40-64","e6","High",2547,401,1282
"Medium","Lithuania",440,"2030-2034","NEU","Male","65+","e4","Low",2174,60,29
"Medium","Lithuania",440,"2030-2034","NEU","Male","65+","e5","Middle",5463,103,217
"Medium","Lithuania",440,"2030-2034","NEU","Male","65+","e6","High",11614,113,492
"Medium","Lithuania",440,"2035-2039","EU","Female","0-19","e4","Low",657,42,65
"Medium","Lithuania",440,"2035-2039","EU","Female","0-19","e5","Middle",78,77,152
"Medium","Lithuania",440,"2035-2039","EU","Female","0-19","e6","High",3,55,110
"Medium","Lithuania",440,"2035-2039","EU","Female","20-39","e4","Low",121,5,4
"Medium","Lithuania",440,"2035-2039","EU","Female","20-39","e5","Middle",1191,45,70
"Medium","Lithuania",440,"2035-2039","EU","Female","20-39","e6","High",404,282,748
"Medium","Lithuania",440,"2035-2039","EU","Female","40-64","e4","Low",208,17,12
"Medium","Lithuania",440,"2035-2039","EU","Female","40-64","e5","Middle",372,36,53
"Medium","Lithuania",440,"2035-2039","EU","Female","40-64","e6","High",146,76,163
"Medium","Lithuania",440,"2035-2039","EU","Female","65+","e4","Low",267,12,3
"Medium","Lithuania",440,"2035-2039","EU","Female","65+","e5","Middle",654,15,25
"Medium","Lithuania",440,"2035-2039","EU","Female","65+","e6","High",958,36,126
"Medium","Lithuania",440,"2035-2039","EU","Male","0-19","e4","Low",678,44,75
"Medium","Lithuania",440,"2035-2039","EU","Male","0-19","e5","Middle",56,85,178
"Medium","Lithuania",440,"2035-2039","EU","Male","0-19","e6","High",4,35,69
"Medium","Lithuania",440,"2035-2039","EU","Male","20-39","e4","Low",242,12,12
"Medium","Lithuania",440,"2035-2039","EU","Male","20-39","e5","Middle",1005,72,139
"Medium","Lithuania",440,"2035-2039","EU","Male","20-39","e6","High",423,199,552
"Medium","Lithuania",440,"2035-2039","EU","Male","40-64","e4","Low",137,20,23
"Medium","Lithuania",440,"2035-2039","EU","Male","40-64","e5","Middle",328,41,76
"Medium","Lithuania",440,"2035-2039","EU","Male","40-64","e6","High",96,46,132
"Medium","Lithuania",440,"2035-2039","EU","Male","65+","e4","Low",190,10,4
"Medium","Lithuania",440,"2035-2039","EU","Male","65+","e5","Middle",466,13,29
"Medium","Lithuania",440,"2035-2039","EU","Male","65+","e6","High",391,23,86
"Medium","Lithuania",440,"2035-2039","NAT","Female","0-19","e4","Low",76779,148,250
"Medium","Lithuania",440,"2035-2039","NAT","Female","0-19","e5","Middle",63430,253,644
"Medium","Lithuania",440,"2035-2039","NAT","Female","0-19","e6","High",98383,415,970
"Medium","Lithuania",440,"2035-2039","NAT","Female","20-39","e4","Low",31245,68,50
"Medium","Lithuania",440,"2035-2039","NAT","Female","20-39","e5","Middle",85681,422,676
"Medium","Lithuania",440,"2035-2039","NAT","Female","20-39","e6","High",134571,3211,8473
"Medium","Lithuania",440,"2035-2039","NAT","Female","40-64","e4","Low",38879,358,257
"Medium","Lithuania",440,"2035-2039","NAT","Female","40-64","e5","Middle",109438,620,896
"Medium","Lithuania",440,"2035-2039","NAT","Female","40-64","e6","High",249230,3677,7947
"Medium","Lithuania",440,"2035-2039","NAT","Female","65+","e4","Low",29076,118,33
"Medium","Lithuania",440,"2035-2039","NAT","Female","65+","e5","Middle",94975,162,267
"Medium","Lithuania",440,"2035-2039","NAT","Female","65+","e6","High",245204,802,2868
"Medium","Lithuania",440,"2035-2039","NAT","Male","0-19","e4","Low",83813,155,291
"Medium","Lithuania",440,"2035-2039","NAT","Male","0-19","e5","Middle",63908,276,749
"Medium","Lithuania",440,"2035-2039","NAT","Male","0-19","e6","High",103525,326,796
"Medium","Lithuania",440,"2035-2039","NAT","Male","20-39","e4","Low",57619,136,138
"Medium","Lithuania",440,"2035-2039","NAT","Male","20-39","e5","Middle",108397,633,1218
"Medium","Lithuania",440,"2035-2039","NAT","Male","20-39","e6","High",99310,2540,6954
"Medium","Lithuania",440,"2035-2039","NAT","Male","40-64","e4","Low",64872,349,419
"Medium","Lithuania",440,"2035-2039","NAT","Male","40-64","e5","Middle",147428,606,1110
"Medium","Lithuania",440,"2035-2039","NAT","Male","40-64","e6","High",185987,2150,6293
"Medium","Lithuania",440,"2035-2039","NAT","Male","65+","e4","Low",19255,69,29
"Medium","Lithuania",440,"2035-2039","NAT","Male","65+","e5","Middle",73116,121,260
"Medium","Lithuania",440,"2035-2039","NAT","Male","65+","e6","High",122810,408,1551
"Medium","Lithuania",440,"2035-2039","NEU","Female","0-19","e4","Low",1860,1803,1549
"Medium","Lithuania",440,"2035-2039","NEU","Female","0-19","e5","Middle",322,1183,2252
"Medium","Lithuania",440,"2035-2039","NEU","Female","0-19","e6","High",5,473,946
"Medium","Lithuania",440,"2035-2039","NEU","Female","20-39","e4","Low",433,480,328
"Medium","Lithuania",440,"2035-2039","NEU","Female","20-39","e5","Middle",565,832,1287
"Medium","Lithuania",440,"2035-2039","NEU","Female","20-39","e6","High",291,1775,4750
"Medium","Lithuania",440,"2035-2039","NEU","Female","40-64","e4","Low",828,396,285
"Medium","Lithuania",440,"2035-2039","NEU","Female","40-64","e5","Middle",2047,446,652
"Medium","Lithuania",440,"2035-2039","NEU","Female","40-64","e6","High",1355,477,1005
"Medium","Lithuania",440,"2035-2039","NEU","Female","65+","e4","Low",3079,100,28
"Medium","Lithuania",440,"2035-2039","NEU","Female","65+","e5","Middle",8143,149,245
"Medium","Lithuania",440,"2035-2039","NEU","Female","65+","e6","High",19079,185,658
"Medium","Lithuania",440,"2035-2039","NEU","Male","0-19","e4","Low",1916,1851,1756
"Medium","Lithuania",440,"2035-2039","NEU","Male","0-19","e5","Middle",209,1257,2469
"Medium","Lithuania",440,"2035-2039","NEU","Male","0-19","e6","High",4,407,810
"Medium","Lithuania",440,"2035-2039","NEU","Male","20-39","e4","Low",547,556,560
"Medium","Lithuania",440,"2035-2039","NEU","Male","20-39","e5","Middle",346,1033,2015
"Medium","Lithuania",440,"2035-2039","NEU","Male","20-39","e6","High",210,1533,4267
"Medium","Lithuania",440,"2035-2039","NEU","Male","40-64","e4","Low",786,359,428
"Medium","Lithuania",440,"2035-2039","NEU","Male","40-64","e5","Middle",1567,448,821
"Medium","Lithuania",440,"2035-2039","NEU","Male","40-64","e6","High",583,170,503
"Medium","Lithuania",440,"2035-2039","NEU","Male","65+","e4","Low",1746,76,32
"Medium","Lithuania",440,"2035-2039","NEU","Male","65+","e5","Middle",4848,92,198
"Medium","Lithuania",440,"2035-2039","NEU","Male","65+","e6","High",9202,100,380
"Medium","Lithuania",440,"2040-2044","EU","Female","0-19","e4","Low",17,0,0
"Medium","Lithuania",440,"2040-2044","EU","Female","0-19","e5","Middle",10,0,0
"Medium","Lithuania",440,"2040-2044","EU","Female","0-19","e6","High",0,0,0
"Medium","Lithuania",440,"2040-2044","EU","Female","20-39","e4","Low",100,0,0
"Medium","Lithuania",440,"2040-2044","EU","Female","20-39","e5","Middle",1396,0,0
"Medium","Lithuania",440,"2040-2044","EU","Female","20-39","e6","High",475,0,0
"Medium","Lithuania",440,"2040-2044","EU","Female","40-64","e4","Low",130,0,0
"Medium","Lithuania",440,"2040-2044","EU","Female","40-64","e5","Middle",237,0,0
"Medium","Lithuania",440,"2040-2044","EU","Female","40-64","e6","High",21,0,0
"Medium","Lithuania",440,"2040-2044","EU","Female","65+","e4","Low",280,0,0
"Medium","Lithuania",440,"2040-2044","EU","Female","65+","e5","Middle",644,0,0
"Medium","Lithuania",440,"2040-2044","EU","Female","65+","e6","High",698,0,0
"Medium","Lithuania",440,"2040-2044","EU","Male","0-19","e4","Low",18,0,0
"Medium","Lithuania",440,"2040-2044","EU","Male","0-19","e5","Middle",8,0,0
"Medium","Lithuania",440,"2040-2044","EU","Male","0-19","e6","High",0,0,0
"Medium","Lithuania",440,"2040-2044","EU","Male","20-39","e4","Low",263,0,0
"Medium","Lithuania",440,"2040-2044","EU","Male","20-39","e5","Middle",1070,0,0
"Medium","Lithuania",440,"2040-2044","EU","Male","20-39","e6","High",597,0,0
"Medium","Lithuania",440,"2040-2044","EU","Male","40-64","e4","Low",71,0,0
"Medium","Lithuania",440,"2040-2044","EU","Male","40-64","e5","Middle",184,0,0
"Medium","Lithuania",440,"2040-2044","EU","Male","40-64","e6","High",0,0,0
"Medium","Lithuania",440,"2040-2044","EU","Male","65+","e4","Low",184,0,0
"Medium","Lithuania",440,"2040-2044","EU","Male","65+","e5","Middle",429,0,0
"Medium","Lithuania",440,"2040-2044","EU","Male","65+","e6","High",233,0,0
"Medium","Lithuania",440,"2040-2044","NAT","Female","0-19","e4","Low",68837,0,0
"Medium","Lithuania",440,"2040-2044","NAT","Female","0-19","e5","Middle",58414,0,0
"Medium","Lithuania",440,"2040-2044","NAT","Female","0-19","e6","High",93554,0,0
"Medium","Lithuania",440,"2040-2044","NAT","Female","20-39","e4","Low",33137,0,0
"Medium","Lithuania",440,"2040-2044","NAT","Female","20-39","e5","Middle",83880,0,0
"Medium","Lithuania",440,"2040-2044","NAT","Female","20-39","e6","High",129779,0,0
"Medium","Lithuania",440,"2040-2044","NAT","Female","40-64","e4","Low",38332,0,0
"Medium","Lithuania",440,"2040-2044","NAT","Female","40-64","e5","Middle",99114,0,0
"Medium","Lithuania",440,"2040-2044","NAT","Female","40-64","e6","High",229963,0,0
"Medium","Lithuania",440,"2040-2044","NAT","Female","65+","e4","Low",24779,0,0
"Medium","Lithuania",440,"2040-2044","NAT","Female","65+","e5","Middle",101167,0,0
"Medium","Lithuania",440,"2040-2044","NAT","Female","65+","e6","High",249791,0,0
"Medium","Lithuania",440,"2040-2044","NAT","Male","0-19","e4","Low",74761,0,0
"Medium","Lithuania",440,"2040-2044","NAT","Male","0-19","e5","Middle",58937,0,0
"Medium","Lithuania",440,"2040-2044","NAT","Male","0-19","e6","High",98486,0,0
"Medium","Lithuania",440,"2040-2044","NAT","Male","20-39","e4","Low",60617,0,0
"Medium","Lithuania",440,"2040-2044","NAT","Male","20-39","e5","Middle",104783,0,0
"Medium","Lithuania",440,"2040-2044","NAT","Male","20-39","e6","High",93267,0,0
"Medium","Lithuania",440,"2040-2044","NAT","Male","40-64","e4","Low",65313,0,0
"Medium","Lithuania",440,"2040-2044","NAT","Male","40-64","e5","Middle",139414,0,0
"Medium","Lithuania",440,"2040-2044","NAT","Male","40-64","e6","High",170927,0,0
"Medium","Lithuania",440,"2040-2044","NAT","Male","65+","e4","Low",20521,0,0
"Medium","Lithuania",440,"2040-2044","NAT","Male","65+","e5","Middle",78745,0,0
"Medium","Lithuania",440,"2040-2044","NAT","Male","65+","e6","High",126907,0,0
"Medium","Lithuania",440,"2040-2044","NEU","Female","0-19","e4","Low",1360,0,0
"Medium","Lithuania",440,"2040-2044","NEU","Female","0-19","e5","Middle",288,0,0
"Medium","Lithuania",440,"2040-2044","NEU","Female","0-19","e6","High",2,0,0
"Medium","Lithuania",440,"2040-2044","NEU","Female","20-39","e4","Low",410,0,0
"Medium","Lithuania",440,"2040-2044","NEU","Female","20-39","e5","Middle",467,0,0
"Medium","Lithuania",440,"2040-2044","NEU","Female","20-39","e6","High",112,0,0
"Medium","Lithuania",440,"2040-2044","NEU","Female","40-64","e4","Low",618,0,0
"Medium","Lithuania",440,"2040-2044","NEU","Female","40-64","e5","Middle",1192,0,0
"Medium","Lithuania",440,"2040-2044","NEU","Female","40-64","e6","High",405,0,0
"Medium","Lithuania",440,"2040-2044","NEU","Female","65+","e4","Low",2433,0,0
"Medium","Lithuania",440,"2040-2044","NEU","Female","65+","e5","Middle",6868,0,0
"Medium","Lithuania",440,"2040-2044","NEU","Female","65+","e6","High",14616,0,0
"Medium","Lithuania",440,"2040-2044","NEU","Male","0-19","e4","Low",1387,0,0
"Medium","Lithuania",440,"2040-2044","NEU","Male","0-19","e5","Middle",205,0,0
"Medium","Lithuania",440,"2040-2044","NEU","Male","0-19","e6","High",2,0,0
"Medium","Lithuania",440,"2040-2044","NEU","Male","20-39","e4","Low",416,0,0
"Medium","Lithuania",440,"2040-2044","NEU","Male","20-39","e5","Middle",70,0,0
"Medium","Lithuania",440,"2040-2044","NEU","Male","20-39","e6","High",60,0,0
"Medium","Lithuania",440,"2040-2044","NEU","Male","40-64","e4","Low",399,0,0
"Medium","Lithuania",440,"2040-2044","NEU","Male","40-64","e5","Middle",705,0,0
"Medium","Lithuania",440,"2040-2044","NEU","Male","40-64","e6","High",52,0,0
"Medium","Lithuania",440,"2040-2044","NEU","Male","65+","e4","Low",1412,0,0
"Medium","Lithuania",440,"2040-2044","NEU","Male","65+","e5","Middle",3846,0,0
"Medium","Lithuania",440,"2040-2044","NEU","Male","65+","e6","High",6423,0,0
"Medium","Luxembourg",442,"2020-2024","EU","Female","0-19","e4","Low",7913,849,247
"Medium","Luxembourg",442,"2020-2024","EU","Female","0-19","e5","Middle",1849,326,273
"Medium","Luxembourg",442,"2020-2024","EU","Female","0-19","e6","High",25,250,136
"Medium","Luxembourg",442,"2020-2024","EU","Female","20-39","e4","Low",3856,238,53
"Medium","Luxembourg",442,"2020-2024","EU","Female","20-39","e5","Middle",9972,662,446
"Medium","Luxembourg",442,"2020-2024","EU","Female","20-39","e6","High",17646,2249,1458
"Medium","Luxembourg",442,"2020-2024","EU","Female","40-64","e4","Low",14421,481,175
"Medium","Luxembourg",442,"2020-2024","EU","Female","40-64","e5","Middle",11513,523,298
"Medium","Luxembourg",442,"2020-2024","EU","Female","40-64","e6","High",19488,1218,662
"Medium","Luxembourg",442,"2020-2024","EU","Female","65+","e4","Low",8761,166,71
"Medium","Luxembourg",442,"2020-2024","EU","Female","65+","e5","Middle",4164,122,53
"Medium","Luxembourg",442,"2020-2024","EU","Female","65+","e6","High",2982,221,76
"Medium","Luxembourg",442,"2020-2024","EU","Male","0-19","e4","Low",8551,970,279
"Medium","Luxembourg",442,"2020-2024","EU","Male","0-19","e5","Middle",1901,383,283
"Medium","Luxembourg",442,"2020-2024","EU","Male","0-19","e6","High",32,217,80
"Medium","Luxembourg",442,"2020-2024","EU","Male","20-39","e4","Low",5142,389,132
"Medium","Luxembourg",442,"2020-2024","EU","Male","20-39","e5","Middle",10705,733,533
"Medium","Luxembourg",442,"2020-2024","EU","Male","20-39","e6","High",17674,1856,1157
"Medium","Luxembourg",442,"2020-2024","EU","Male","40-64","e4","Low",16313,563,205
"Medium","Luxembourg",442,"2020-2024","EU","Male","40-64","e5","Middle",12429,573,263
"Medium","Luxembourg",442,"2020-2024","EU","Male","40-64","e6","High",22318,1203,726
"Medium","Luxembourg",442,"2020-2024","EU","Male","65+","e4","Low",6862,139,49
"Medium","Luxembourg",442,"2020-2024","EU","Male","65+","e5","Middle",3617,111,44
"Medium","Luxembourg",442,"2020-2024","EU","Male","65+","e6","High",4059,241,121
"Medium","Luxembourg",442,"2020-2024","NAT","Female","0-19","e4","Low",44147,161,48
"Medium","Luxembourg",442,"2020-2024","NAT","Female","0-19","e5","Middle",5365,77,64
"Medium","Luxembourg",442,"2020-2024","NAT","Female","0-19","e6","High",34,59,32
"Medium","Luxembourg",442,"2020-2024","NAT","Female","20-39","e4","Low",2791,55,13
"Medium","Luxembourg",442,"2020-2024","NAT","Female","20-39","e5","Middle",19343,170,116
"Medium","Luxembourg",442,"2020-2024","NAT","Female","20-39","e6","High",16424,620,411
"Medium","Luxembourg",442,"2020-2024","NAT","Female","40-64","e4","Low",8746,68,25
"Medium","Luxembourg",442,"2020-2024","NAT","Female","40-64","e5","Middle",21203,115,65
"Medium","Luxembourg",442,"2020-2024","NAT","Female","40-64","e6","High",10848,330,177
"Medium","Luxembourg",442,"2020-2024","NAT","Female","65+","e4","Low",16427,19,8
"Medium","Luxembourg",442,"2020-2024","NAT","Female","65+","e5","Middle",10624,28,12
"Medium","Luxembourg",442,"2020-2024","NAT","Female","65+","e6","High",3437,56,19
"Medium","Luxembourg",442,"2020-2024","NAT","Male","0-19","e4","Low",46652,181,54
"Medium","Luxembourg",442,"2020-2024","NAT","Male","0-19","e5","Middle",5185,87,62
"Medium","Luxembourg",442,"2020-2024","NAT","Male","0-19","e6","High",34,51,19
"Medium","Luxembourg",442,"2020-2024","NAT","Male","20-39","e4","Low",4515,73,25
"Medium","Luxembourg",442,"2020-2024","NAT","Male","20-39","e5","Middle",23058,178,131
"Medium","Luxembourg",442,"2020-2024","NAT","Male","20-39","e6","High",13289,535,339
"Medium","Luxembourg",442,"2020-2024","NAT","Male","40-64","e4","Low",8138,74,27
"Medium","Luxembourg",442,"2020-2024","NAT","Male","40-64","e5","Middle",19557,116,53
"Medium","Luxembourg",442,"2020-2024","NAT","Male","40-64","e6","High",13675,338,206
"Medium","Luxembourg",442,"2020-2024","NAT","Male","65+","e4","Low",7961,15,5
"Medium","Luxembourg",442,"2020-2024","NAT","Male","65+","e5","Middle",9306,22,9
"Medium","Luxembourg",442,"2020-2024","NAT","Male","65+","e6","High",6462,54,27
"Medium","Luxembourg",442,"2020-2024","NEU","Female","0-19","e4","Low",4818,1700,455
"Medium","Luxembourg",442,"2020-2024","NEU","Female","0-19","e5","Middle",740,282,225
"Medium","Luxembourg",442,"2020-2024","NEU","Female","0-19","e6","High",15,121,66
"Medium","Luxembourg",442,"2020-2024","NEU","Female","20-39","e4","Low",3165,767,153
"Medium","Luxembourg",442,"2020-2024","NEU","Female","20-39","e5","Middle",6290,606,403
"Medium","Luxembourg",442,"2020-2024","NEU","Female","20-39","e6","High",11296,975,629
"Medium","Luxembourg",442,"2020-2024","NEU","Female","40-64","e4","Low",5628,362,127
"Medium","Luxembourg",442,"2020-2024","NEU","Female","40-64","e5","Middle",5851,263,150
"Medium","Luxembourg",442,"2020-2024","NEU","Female","40-64","e6","High",8111,389,212
"Medium","Luxembourg",442,"2020-2024","NEU","Female","65+","e4","Low",1301,54,23
"Medium","Luxembourg",442,"2020-2024","NEU","Female","65+","e5","Middle",919,53,23
"Medium","Luxembourg",442,"2020-2024","NEU","Female","65+","e6","High",1014,69,24
"Medium","Luxembourg",442,"2020-2024","NEU","Male","0-19","e4","Low",5362,1818,496
"Medium","Luxembourg",442,"2020-2024","NEU","Male","0-19","e5","Middle",770,324,222
"Medium","Luxembourg",442,"2020-2024","NEU","Male","0-19","e6","High",8,121,45
"Medium","Luxembourg",442,"2020-2024","NEU","Male","20-39","e4","Low",3214,827,270
"Medium","Luxembourg",442,"2020-2024","NEU","Male","20-39","e5","Middle",6317,661,480
"Medium","Luxembourg",442,"2020-2024","NEU","Male","20-39","e6","High",9965,948,582
"Medium","Luxembourg",442,"2020-2024","NEU","Male","40-64","e4","Low",5263,382,138
"Medium","Luxembourg",442,"2020-2024","NEU","Male","40-64","e5","Middle",5742,301,140
"Medium","Luxembourg",442,"2020-2024","NEU","Male","40-64","e6","High",7990,449,271
"Medium","Luxembourg",442,"2020-2024","NEU","Male","65+","e4","Low",871,42,15
"Medium","Luxembourg",442,"2020-2024","NEU","Male","65+","e5","Middle",806,43,17
"Medium","Luxembourg",442,"2020-2024","NEU","Male","65+","e6","High",1213,80,40
"Medium","Luxembourg",442,"2025-2029","EU","Female","0-19","e4","Low",5233,432,133
"Medium","Luxembourg",442,"2025-2029","EU","Female","0-19","e5","Middle",1666,402,276
"Medium","Luxembourg",442,"2025-2029","EU","Female","0-19","e6","High",23,245,133
"Medium","Luxembourg",442,"2025-2029","EU","Female","20-39","e4","Low",2716,135,23
"Medium","Luxembourg",442,"2025-2029","EU","Female","20-39","e5","Middle",7636,562,334
"Medium","Luxembourg",442,"2025-2029","EU","Female","20-39","e6","High",15689,2163,1345
"Medium","Luxembourg",442,"2025-2029","EU","Female","40-64","e4","Low",13355,378,130
"Medium","Luxembourg",442,"2025-2029","EU","Female","40-64","e5","Middle",12561,485,287
"Medium","Luxembourg",442,"2025-2029","EU","Female","40-64","e6","High",23963,1315,804
"Medium","Luxembourg",442,"2025-2029","EU","Female","65+","e4","Low",9884,153,68
"Medium","Luxembourg",442,"2025-2029","EU","Female","65+","e5","Middle",5243,139,67
"Medium","Luxembourg",442,"2025-2029","EU","Female","65+","e6","High",4730,269,102
"Medium","Luxembourg",442,"2025-2029","EU","Male","0-19","e4","Low",5623,510,152
"Medium","Luxembourg",442,"2025-2029","EU","Male","0-19","e5","Middle",1780,453,285
"Medium","Luxembourg",442,"2025-2029","EU","Male","0-19","e6","High",30,197,72
"Medium","Luxembourg",442,"2025-2029","EU","Male","20-39","e4","Low",3801,248,73
"Medium","Luxembourg",442,"2025-2029","EU","Male","20-39","e5","Middle",8503,649,435
"Medium","Luxembourg",442,"2025-2029","EU","Male","20-39","e6","High",15609,1809,1069
"Medium","Luxembourg",442,"2025-2029","EU","Male","40-64","e4","Low",15398,471,166
"Medium","Luxembourg",442,"2025-2029","EU","Male","40-64","e5","Middle",13384,540,257
"Medium","Luxembourg",442,"2025-2029","EU","Male","40-64","e6","High",25971,1244,780
"Medium","Luxembourg",442,"2025-2029","EU","Male","65+","e4","Low",8117,132,50
"Medium","Luxembourg",442,"2025-2029","EU","Male","65+","e5","Middle",4740,129,55
"Medium","Luxembourg",442,"2025-2029","EU","Male","65+","e6","High",6065,272,138
"Medium","Luxembourg",442,"2025-2029","NAT","Female","0-19","e4","Low",35072,75,27
"Medium","Luxembourg",442,"2025-2029","NAT","Female","0-19","e5","Middle",10936,74,60
"Medium","Luxembourg",442,"2025-2029","NAT","Female","0-19","e6","High",8107,62,34
"Medium","Luxembourg",442,"2025-2029","NAT","Female","20-39","e4","Low",2605,39,7
"Medium","Luxembourg",442,"2025-2029","NAT","Female","20-39","e5","Middle",19036,156,96
"Medium","Luxembourg",442,"2025-2029","NAT","Female","20-39","e6","High",20245,601,392
"Medium","Luxembourg",442,"2025-2029","NAT","Female","40-64","e4","Low",6449,55,19
"Medium","Luxembourg",442,"2025-2029","NAT","Female","40-64","e5","Middle",19968,102,61
"Medium","Luxembourg",442,"2025-2029","NAT","Female","40-64","e6","High",13417,338,205
"Medium","Luxembourg",442,"2025-2029","NAT","Female","65+","e4","Low",15393,20,9
"Medium","Luxembourg",442,"2025-2029","NAT","Female","65+","e5","Middle",13101,32,15
"Medium","Luxembourg",442,"2025-2029","NAT","Female","65+","e6","High",4345,70,27
"Medium","Luxembourg",442,"2025-2029","NAT","Male","0-19","e4","Low",37129,88,29
"Medium","Luxembourg",442,"2025-2029","NAT","Male","0-19","e5","Middle",10990,88,62
"Medium","Luxembourg",442,"2025-2029","NAT","Male","0-19","e6","High",8509,60,22
"Medium","Luxembourg",442,"2025-2029","NAT","Male","20-39","e4","Low",4351,54,17
"Medium","Luxembourg",442,"2025-2029","NAT","Male","20-39","e5","Middle",24677,168,116
"Medium","Luxembourg",442,"2025-2029","NAT","Male","20-39","e6","High",15249,518,322
"Medium","Luxembourg",442,"2025-2029","NAT","Male","40-64","e4","Low",6935,64,22
"Medium","Luxembourg",442,"2025-2029","NAT","Male","40-64","e5","Middle",19482,107,51
"Medium","Luxembourg",442,"2025-2029","NAT","Male","40-64","e6","High",14457,345,216
"Medium","Luxembourg",442,"2025-2029","NAT","Male","65+","e4","Low",7654,16,6
"Medium","Luxembourg",442,"2025-2029","NAT","Male","65+","e5","Middle",11032,26,11
"Medium","Luxembourg",442,"2025-2029","NAT","Male","65+","e6","High",7763,64,33
"Medium","Luxembourg",442,"2025-2029","NEU","Female","0-19","e4","Low",4267,1782,433
"Medium","Luxembourg",442,"2025-2029","NEU","Female","0-19","e5","Middle",814,511,339
"Medium","Luxembourg",442,"2025-2029","NEU","Female","0-19","e6","High",15,173,94
"Medium","Luxembourg",442,"2025-2029","NEU","Female","20-39","e4","Low",2905,804,124
"Medium","Luxembourg",442,"2025-2029","NEU","Female","20-39","e5","Middle",4617,735,428
"Medium","Luxembourg",442,"2025-2029","NEU","Female","20-39","e6","High",9609,1258,782
"Medium","Luxembourg",442,"2025-2029","NEU","Female","40-64","e4","Low",6205,488,155
"Medium","Luxembourg",442,"2025-2029","NEU","Female","40-64","e5","Middle",7037,336,201
"Medium","Luxembourg",442,"2025-2029","NEU","Female","40-64","e6","High",11224,545,336
"Medium","Luxembourg",442,"2025-2029","NEU","Female","65+","e4","Low",1813,77,34
"Medium","Luxembourg",442,"2025-2029","NEU","Female","65+","e5","Middle",1434,77,37
"Medium","Luxembourg",442,"2025-2029","NEU","Female","65+","e6","High",1713,102,39
"Medium","Luxembourg",442,"2025-2029","NEU","Male","0-19","e4","Low",4692,1922,477
"Medium","Luxembourg",442,"2025-2029","NEU","Male","0-19","e5","Middle",811,575,344
"Medium","Luxembourg",442,"2025-2029","NEU","Male","0-19","e6","High",8,176,64
"Medium","Luxembourg",442,"2025-2029","NEU","Male","20-39","e4","Low",2962,874,247
"Medium","Luxembourg",442,"2025-2029","NEU","Male","20-39","e5","Middle",4894,782,526
"Medium","Luxembourg",442,"2025-2029","NEU","Male","20-39","e6","High",8754,1204,710
"Medium","Luxembourg",442,"2025-2029","NEU","Male","40-64","e4","Low",5850,526,179
"Medium","Luxembourg",442,"2025-2029","NEU","Male","40-64","e5","Middle",6801,391,190
"Medium","Luxembourg",442,"2025-2029","NEU","Male","40-64","e6","High",10632,612,385
"Medium","Luxembourg",442,"2025-2029","NEU","Male","65+","e4","Low",1291,63,24
"Medium","Luxembourg",442,"2025-2029","NEU","Male","65+","e5","Middle",1282,65,28
"Medium","Luxembourg",442,"2025-2029","NEU","Male","65+","e6","High",1900,114,58
"Medium","Luxembourg",442,"2030-2034","EU","Female","0-19","e4","Low",2630,265,84
"Medium","Luxembourg",442,"2030-2034","EU","Female","0-19","e5","Middle",1464,441,272
"Medium","Luxembourg",442,"2030-2034","EU","Female","0-19","e6","High",20,227,126
"Medium","Luxembourg",442,"2030-2034","EU","Female","20-39","e4","Low",1792,79,10
"Medium","Luxembourg",442,"2030-2034","EU","Female","20-39","e5","Middle",5915,471,246
"Medium","Luxembourg",442,"2030-2034","EU","Female","20-39","e6","High",13562,2085,1240
"Medium","Luxembourg",442,"2030-2034","EU","Female","40-64","e4","Low",11298,272,86
"Medium","Luxembourg",442,"2030-2034","EU","Female","40-64","e5","Middle",12914,439,258
"Medium","Luxembourg",442,"2030-2034","EU","Female","40-64","e6","High",26901,1381,908
"Medium","Luxembourg",442,"2030-2034","EU","Female","65+","e4","Low",11444,135,63
"Medium","Luxembourg",442,"2030-2034","EU","Female","65+","e5","Middle",6706,150,82
"Medium","Luxembourg",442,"2030-2034","EU","Female","65+","e6","High",7385,307,135
"Medium","Luxembourg",442,"2030-2034","EU","Male","0-19","e4","Low",2820,319,94
"Medium","Luxembourg",442,"2030-2034","EU","Male","0-19","e5","Middle",1459,492,284
"Medium","Luxembourg",442,"2030-2034","EU","Male","0-19","e6","High",23,178,67
"Medium","Luxembourg",442,"2030-2034","EU","Male","20-39","e4","Low",2617,157,40
"Medium","Luxembourg",442,"2030-2034","EU","Male","20-39","e5","Middle",6932,563,351
"Medium","Luxembourg",442,"2030-2034","EU","Male","20-39","e6","High",13426,1713,968
"Medium","Luxembourg",442,"2030-2034","EU","Male","40-64","e4","Low",13242,363,120
"Medium","Luxembourg",442,"2030-2034","EU","Male","40-64","e5","Middle",13679,497,236
"Medium","Luxembourg",442,"2030-2034","EU","Male","40-64","e6","High",28033,1281,806
"Medium","Luxembourg",442,"2030-2034","EU","Male","65+","e4","Low",9991,125,54
"Medium","Luxembourg",442,"2030-2034","EU","Male","65+","e5","Middle",6257,139,65
"Medium","Luxembourg",442,"2030-2034","EU","Male","65+","e6","High",8971,294,166
"Medium","Luxembourg",442,"2030-2034","NAT","Female","0-19","e4","Low",24658,22,6
"Medium","Luxembourg",442,"2030-2034","NAT","Female","0-19","e5","Middle",16557,53,47
"Medium","Luxembourg",442,"2030-2034","NAT","Female","0-19","e6","High",16795,70,40
"Medium","Luxembourg",442,"2030-2034","NAT","Female","20-39","e4","Low",2288,26,4
"Medium","Luxembourg",442,"2030-2034","NAT","Female","20-39","e5","Middle",18267,137,73
"Medium","Luxembourg",442,"2030-2034","NAT","Female","20-39","e6","High",24199,593,366
"Medium","Luxembourg",442,"2030-2034","NAT","Female","40-64","e4","Low",4684,45,13
"Medium","Luxembourg",442,"2030-2034","NAT","Female","40-64","e5","Middle",18656,96,56
"Medium","Luxembourg",442,"2030-2034","NAT","Female","40-64","e6","High",16149,345,228
"Medium","Luxembourg",442,"2030-2034","NAT","Female","65+","e4","Low",14224,20,9
"Medium","Luxembourg",442,"2030-2034","NAT","Female","65+","e5","Middle",15887,36,20
"Medium","Luxembourg",442,"2030-2034","NAT","Female","65+","e6","High",5544,83,36
"Medium","Luxembourg",442,"2030-2034","NAT","Male","0-19","e4","Low",26173,25,7
"Medium","Luxembourg",442,"2030-2034","NAT","Male","0-19","e5","Middle",16974,60,49
"Medium","Luxembourg",442,"2030-2034","NAT","Male","0-19","e6","High",17659,66,27
"Medium","Luxembourg",442,"2030-2034","NAT","Male","20-39","e4","Low",4053,38,10
"Medium","Luxembourg",442,"2030-2034","NAT","Male","20-39","e5","Middle",26343,153,97
"Medium","Luxembourg",442,"2030-2034","NAT","Male","20-39","e6","High",16976,516,302
"Medium","Luxembourg",442,"2030-2034","NAT","Male","40-64","e4","Low",5992,54,18
"Medium","Luxembourg",442,"2030-2034","NAT","Male","40-64","e5","Middle",19731,103,49
"Medium","Luxembourg",442,"2030-2034","NAT","Male","40-64","e6","High",15188,347,218
"Medium","Luxembourg",442,"2030-2034","NAT","Male","65+","e4","Low",7415,16,7
"Medium","Luxembourg",442,"2030-2034","NAT","Male","65+","e5","Middle",12769,30,14
"Medium","Luxembourg",442,"2030-2034","NAT","Male","65+","e6","High",9222,77,44
"Medium","Luxembourg",442,"2030-2034","NEU","Female","0-19","e4","Low",3448,1552,299
"Medium","Luxembourg",442,"2030-2034","NEU","Female","0-19","e5","Middle",1095,782,479
"Medium","Luxembourg",442,"2030-2034","NEU","Female","0-19","e6","High",19,234,129
"Medium","Luxembourg",442,"2030-2034","NEU","Female","20-39","e4","Low",2246,794,93
"Medium","Luxembourg",442,"2030-2034","NEU","Female","20-39","e5","Middle",3644,880,448
"Medium","Luxembourg",442,"2030-2034","NEU","Female","20-39","e6","High",7799,1584,937
"Medium","Luxembourg",442,"2030-2034","NEU","Female","40-64","e4","Low",6599,601,169
"Medium","Luxembourg",442,"2030-2034","NEU","Female","40-64","e5","Middle",7992,418,245
"Medium","Luxembourg",442,"2030-2034","NEU","Female","40-64","e6","High",14300,741,493
"Medium","Luxembourg",442,"2030-2034","NEU","Female","65+","e4","Low",2669,101,47
"Medium","Luxembourg",442,"2030-2034","NEU","Female","65+","e5","Middle",2168,96,53
"Medium","Luxembourg",442,"2030-2034","NEU","Female","65+","e6","High",2720,136,60
"Medium","Luxembourg",442,"2030-2034","NEU","Male","0-19","e4","Low",3855,1687,339
"Medium","Luxembourg",442,"2030-2034","NEU","Male","0-19","e5","Middle",1056,867,488
"Medium","Luxembourg",442,"2030-2034","NEU","Male","0-19","e6","High",10,233,87
"Medium","Luxembourg",442,"2030-2034","NEU","Male","20-39","e4","Low",2434,867,211
"Medium","Luxembourg",442,"2030-2034","NEU","Male","20-39","e5","Middle",3941,925,574
"Medium","Luxembourg",442,"2030-2034","NEU","Male","20-39","e6","High",7349,1512,849
"Medium","Luxembourg",442,"2030-2034","NEU","Male","40-64","e4","Low",6189,660,208
"Medium","Luxembourg",442,"2030-2034","NEU","Male","40-64","e5","Middle",7676,493,239
"Medium","Luxembourg",442,"2030-2034","NEU","Male","40-64","e6","High",13177,803,506
"Medium","Luxembourg",442,"2030-2034","NEU","Male","65+","e4","Low",2055,87,38
"Medium","Luxembourg",442,"2030-2034","NEU","Male","65+","e5","Middle",2083,85,40
"Medium","Luxembourg",442,"2030-2034","NEU","Male","65+","e6","High",2944,149,85
"Medium","Luxembourg",442,"2035-2039","EU","Female","0-19","e4","Low",820,177,58
"Medium","Luxembourg",442,"2035-2039","EU","Female","0-19","e5","Middle",993,367,225
"Medium","Luxembourg",442,"2035-2039","EU","Female","0-19","e6","High",11,219,126
"Medium","Luxembourg",442,"2035-2039","EU","Female","20-39","e4","Low",994,44,5
"Medium","Luxembourg",442,"2035-2039","EU","Female","20-39","e5","Middle",4709,380,176
"Medium","Luxembourg",442,"2035-2039","EU","Female","20-39","e6","High",11463,1976,1140
"Medium","Luxembourg",442,"2035-2039","EU","Female","40-64","e4","Low",8679,183,51
"Medium","Luxembourg",442,"2035-2039","EU","Female","40-64","e5","Middle",12164,386,217
"Medium","Luxembourg",442,"2035-2039","EU","Female","40-64","e6","High",28428,1382,947
"Medium","Luxembourg",442,"2035-2039","EU","Female","65+","e4","Low",13187,118,55
"Medium","Luxembourg",442,"2035-2039","EU","Female","65+","e5","Middle",8352,149,92
"Medium","Luxembourg",442,"2035-2039","EU","Female","65+","e6","High",10868,335,177
"Medium","Luxembourg",442,"2035-2039","EU","Male","0-19","e4","Low",919,214,66
"Medium","Luxembourg",442,"2035-2039","EU","Male","0-19","e5","Middle",1030,413,238
"Medium","Luxembourg",442,"2035-2039","EU","Male","0-19","e6","High",14,171,66
"Medium","Luxembourg",442,"2035-2039","EU","Male","20-39","e4","Low",1524,95,22
"Medium","Luxembourg",442,"2035-2039","EU","Male","20-39","e5","Middle",5480,473,276
"Medium","Luxembourg",442,"2035-2039","EU","Male","20-39","e6","High",11043,1587,865
"Medium","Luxembourg",442,"2035-2039","EU","Male","40-64","e4","Low",10630,264,79
"Medium","Luxembourg",442,"2035-2039","EU","Male","40-64","e5","Middle",13122,442,209
"Medium","Luxembourg",442,"2035-2039","EU","Male","40-64","e6","High",28890,1263,793
"Medium","Luxembourg",442,"2035-2039","EU","Male","65+","e4","Low",11832,118,55
"Medium","Luxembourg",442,"2035-2039","EU","Male","65+","e5","Middle",7838,139,69
"Medium","Luxembourg",442,"2035-2039","EU","Male","65+","e6","High",12601,307,197
"Medium","Luxembourg",442,"2035-2039","NAT","Female","0-19","e4","Low",12299,17,5
"Medium","Luxembourg",442,"2035-2039","NAT","Female","0-19","e5","Middle",21934,24,18
"Medium","Luxembourg",442,"2035-2039","NAT","Female","0-19","e6","High",25976,26,15
"Medium","Luxembourg",442,"2035-2039","NAT","Female","20-39","e4","Low",1884,16,2
"Medium","Luxembourg",442,"2035-2039","NAT","Female","20-39","e5","Middle",18008,115,54
"Medium","Luxembourg",442,"2035-2039","NAT","Female","20-39","e6","High",27254,582,339
"Medium","Luxembourg",442,"2035-2039","NAT","Female","40-64","e4","Low",3689,36,9
"Medium","Luxembourg",442,"2035-2039","NAT","Female","40-64","e5","Middle",17559,93,52
"Medium","Luxembourg",442,"2035-2039","NAT","Female","40-64","e6","High",20555,374,258
"Medium","Luxembourg",442,"2035-2039","NAT","Female","65+","e4","Low",12752,18,8
"Medium","Luxembourg",442,"2035-2039","NAT","Female","65+","e5","Middle",17992,36,22
"Medium","Luxembourg",442,"2035-2039","NAT","Female","65+","e6","High",6970,89,47
"Medium","Luxembourg",442,"2035-2039","NAT","Male","0-19","e4","Low",13304,19,5
"Medium","Luxembourg",442,"2035-2039","NAT","Male","0-19","e5","Middle",22340,27,19
"Medium","Luxembourg",442,"2035-2039","NAT","Male","0-19","e6","High",27346,21,10
"Medium","Luxembourg",442,"2035-2039","NAT","Male","20-39","e4","Low",3588,25,6
"Medium","Luxembourg",442,"2035-2039","NAT","Male","20-39","e5","Middle",28095,133,78
"Medium","Luxembourg",442,"2035-2039","NAT","Male","20-39","e6","High",18098,504,276
"Medium","Luxembourg",442,"2035-2039","NAT","Male","40-64","e4","Low",5286,46,13
"Medium","Luxembourg",442,"2035-2039","NAT","Male","40-64","e5","Middle",21281,102,49
"Medium","Luxembourg",442,"2035-2039","NAT","Male","40-64","e6","High",17103,363,230
"Medium","Luxembourg",442,"2035-2039","NAT","Male","65+","e4","Low",7335,16,8
"Medium","Luxembourg",442,"2035-2039","NAT","Male","65+","e5","Middle",14009,32,16
"Medium","Luxembourg",442,"2035-2039","NAT","Male","65+","e6","High",10469,91,58
"Medium","Luxembourg",442,"2035-2039","NEU","Female","0-19","e4","Low",2419,1552,299
"Medium","Luxembourg",442,"2035-2039","NEU","Female","0-19","e5","Middle",1249,907,549
"Medium","Luxembourg",442,"2035-2039","NEU","Female","0-19","e6","High",18,297,171
"Medium","Luxembourg",442,"2035-2039","NEU","Female","20-39","e4","Low",1720,770,73
"Medium","Luxembourg",442,"2035-2039","NEU","Female","20-39","e5","Middle",3447,1041,472
"Medium","Luxembourg",442,"2035-2039","NEU","Female","20-39","e6","High",6966,2008,1141
"Medium","Luxembourg",442,"2035-2039","NEU","Female","40-64","e4","Low",6562,674,162
"Medium","Luxembourg",442,"2035-2039","NEU","Female","40-64","e5","Middle",8018,509,285
"Medium","Luxembourg",442,"2035-2039","NEU","Female","40-64","e6","High",16571,966,667
"Medium","Luxembourg",442,"2035-2039","NEU","Female","65+","e4","Low",3838,130,60
"Medium","Luxembourg",442,"2035-2039","NEU","Female","65+","e5","Middle",3245,106,65
"Medium","Luxembourg",442,"2035-2039","NEU","Female","65+","e6","High",4023,169,89
"Medium","Luxembourg",442,"2035-2039","NEU","Male","0-19","e4","Low",2748,1687,340
"Medium","Luxembourg",442,"2035-2039","NEU","Male","0-19","e5","Middle",1297,1000,560
"Medium","Luxembourg",442,"2035-2039","NEU","Male","0-19","e6","High",10,294,112
"Medium","Luxembourg",442,"2035-2039","NEU","Male","20-39","e4","Low",1925,841,185
"Medium","Luxembourg",442,"2035-2039","NEU","Male","20-39","e5","Middle",3857,1090,631
"Medium","Luxembourg",442,"2035-2039","NEU","Male","20-39","e6","High",6850,1899,1012
"Medium","Luxembourg",442,"2035-2039","NEU","Male","40-64","e4","Low",6249,749,211
"Medium","Luxembourg",442,"2035-2039","NEU","Male","40-64","e5","Middle",7599,601,288
"Medium","Luxembourg",442,"2035-2039","NEU","Male","40-64","e6","High",15020,1035,653
"Medium","Luxembourg",442,"2035-2039","NEU","Male","65+","e4","Low",3081,116,54
"Medium","Luxembourg",442,"2035-2039","NEU","Male","65+","e5","Middle",3152,98,48
"Medium","Luxembourg",442,"2035-2039","NEU","Male","65+","e6","High",4172,180,116
"Medium","Luxembourg",442,"2040-2044","EU","Female","0-19","e4","Low",245,0,0
"Medium","Luxembourg",442,"2040-2044","EU","Female","0-19","e5","Middle",350,0,0
"Medium","Luxembourg",442,"2040-2044","EU","Female","0-19","e6","High",2,0,0
"Medium","Luxembourg",442,"2040-2044","EU","Female","20-39","e4","Low",584,0,0
"Medium","Luxembourg",442,"2040-2044","EU","Female","20-39","e5","Middle",3346,0,0
"Medium","Luxembourg",442,"2040-2044","EU","Female","20-39","e6","High",9738,0,0
"Medium","Luxembourg",442,"2040-2044","EU","Female","40-64","e4","Low",6011,0,0
"Medium","Luxembourg",442,"2040-2044","EU","Female","40-64","e5","Middle",10959,0,0
"Medium","Luxembourg",442,"2040-2044","EU","Female","40-64","e6","High",28047,0,0
"Medium","Luxembourg",442,"2040-2044","EU","Female","65+","e4","Low",14352,0,0
"Medium","Luxembourg",442,"2040-2044","EU","Female","65+","e5","Middle",9910,0,0
"Medium","Luxembourg",442,"2040-2044","EU","Female","65+","e6","High",14937,0,0
"Medium","Luxembourg",442,"2040-2044","EU","Male","0-19","e4","Low",283,0,0
"Medium","Luxembourg",442,"2040-2044","EU","Male","0-19","e5","Middle",375,0,0
"Medium","Luxembourg",442,"2040-2044","EU","Male","0-19","e6","High",2,0,0
"Medium","Luxembourg",442,"2040-2044","EU","Male","20-39","e4","Low",970,0,0
"Medium","Luxembourg",442,"2040-2044","EU","Male","20-39","e5","Middle",4087,0,0
"Medium","Luxembourg",442,"2040-2044","EU","Male","20-39","e6","High",9400,0,0
"Medium","Luxembourg",442,"2040-2044","EU","Male","40-64","e4","Low",7667,0,0
"Medium","Luxembourg",442,"2040-2044","EU","Male","40-64","e5","Middle",11944,0,0
"Medium","Luxembourg",442,"2040-2044","EU","Male","40-64","e6","High",27746,0,0
"Medium","Luxembourg",442,"2040-2044","EU","Male","65+","e4","Low",13162,0,0
"Medium","Luxembourg",442,"2040-2044","EU","Male","65+","e5","Middle",9280,0,0
"Medium","Luxembourg",442,"2040-2044","EU","Male","65+","e6","High",16436,0,0
"Medium","Luxembourg",442,"2040-2044","NAT","Female","0-19","e4","Low",11668,0,0
"Medium","Luxembourg",442,"2040-2044","NAT","Female","0-19","e5","Middle",21398,0,0
"Medium","Luxembourg",442,"2040-2044","NAT","Female","0-19","e6","High",27752,0,0
"Medium","Luxembourg",442,"2040-2044","NAT","Female","20-39","e4","Low",1678,0,0
"Medium","Luxembourg",442,"2040-2044","NAT","Female","20-39","e5","Middle",18000,0,0
"Medium","Luxembourg",442,"2040-2044","NAT","Female","20-39","e6","High",30700,0,0
"Medium","Luxembourg",442,"2040-2044","NAT","Female","40-64","e4","Low",3135,0,0
"Medium","Luxembourg",442,"2040-2044","NAT","Female","40-64","e5","Middle",17300,0,0
"Medium","Luxembourg",442,"2040-2044","NAT","Female","40-64","e6","High",25861,0,0
"Medium","Luxembourg",442,"2040-2044","NAT","Female","65+","e4","Low",10963,0,0
"Medium","Luxembourg",442,"2040-2044","NAT","Female","65+","e5","Middle",18851,0,0
"Medium","Luxembourg",442,"2040-2044","NAT","Female","65+","e6","High",8535,0,0
"Medium","Luxembourg",442,"2040-2044","NAT","Male","0-19","e4","Low",12850,0,0
"Medium","Luxembourg",442,"2040-2044","NAT","Male","0-19","e5","Middle",21938,0,0
"Medium","Luxembourg",442,"2040-2044","NAT","Male","0-19","e6","High",29267,0,0
"Medium","Luxembourg",442,"2040-2044","NAT","Male","20-39","e4","Low",3292,0,0
"Medium","Luxembourg",442,"2040-2044","NAT","Male","20-39","e5","Middle",29798,0,0
"Medium","Luxembourg",442,"2040-2044","NAT","Male","20-39","e6","High",19535,0,0
"Medium","Luxembourg",442,"2040-2044","NAT","Male","40-64","e4","Low",4879,0,0
"Medium","Luxembourg",442,"2040-2044","NAT","Male","40-64","e5","Middle",23863,0,0
"Medium","Luxembourg",442,"2040-2044","NAT","Male","40-64","e6","High",19753,0,0
"Medium","Luxembourg",442,"2040-2044","NAT","Male","65+","e4","Low",6856,0,0
"Medium","Luxembourg",442,"2040-2044","NAT","Male","65+","e5","Middle",14546,0,0
"Medium","Luxembourg",442,"2040-2044","NAT","Male","65+","e6","High",11260,0,0
"Medium","Luxembourg",442,"2040-2044","NEU","Female","0-19","e4","Low",2044,0,0
"Medium","Luxembourg",442,"2040-2044","NEU","Female","0-19","e5","Middle",994,0,0
"Medium","Luxembourg",442,"2040-2044","NEU","Female","0-19","e6","High",11,0,0
"Medium","Luxembourg",442,"2040-2044","NEU","Female","20-39","e4","Low",1544,0,0
"Medium","Luxembourg",442,"2040-2044","NEU","Female","20-39","e5","Middle",3389,0,0
"Medium","Luxembourg",442,"2040-2044","NEU","Female","20-39","e6","High",7741,0,0
"Medium","Luxembourg",442,"2040-2044","NEU","Female","40-64","e4","Low",5907,0,0
"Medium","Luxembourg",442,"2040-2044","NEU","Female","40-64","e5","Middle",7451,0,0
"Medium","Luxembourg",442,"2040-2044","NEU","Female","40-64","e6","High",17155,0,0
"Medium","Luxembourg",442,"2040-2044","NEU","Female","65+","e4","Low",5177,0,0
"Medium","Luxembourg",442,"2040-2044","NEU","Female","65+","e5","Middle",4509,0,0
"Medium","Luxembourg",442,"2040-2044","NEU","Female","65+","e6","High",5840,0,0
"Medium","Luxembourg",442,"2040-2044","NEU","Male","0-19","e4","Low",2244,0,0
"Medium","Luxembourg",442,"2040-2044","NEU","Male","0-19","e5","Middle",1015,0,0
"Medium","Luxembourg",442,"2040-2044","NEU","Male","0-19","e6","High",5,0,0
"Medium","Luxembourg",442,"2040-2044","NEU","Male","20-39","e4","Low",1777,0,0
"Medium","Luxembourg",442,"2040-2044","NEU","Male","20-39","e5","Middle",3943,0,0
"Medium","Luxembourg",442,"2040-2044","NEU","Male","20-39","e6","High",7704,0,0
"Medium","Luxembourg",442,"2040-2044","NEU","Male","40-64","e4","Low",5771,0,0
"Medium","Luxembourg",442,"2040-2044","NEU","Male","40-64","e5","Middle",7349,0,0
"Medium","Luxembourg",442,"2040-2044","NEU","Male","40-64","e6","High",15776,0,0
"Medium","Luxembourg",442,"2040-2044","NEU","Male","65+","e4","Low",4180,0,0
"Medium","Luxembourg",442,"2040-2044","NEU","Male","65+","e5","Middle",4067,0,0
"Medium","Luxembourg",442,"2040-2044","NEU","Male","65+","e6","High",5595,0,0
"Medium","Malta",470,"2020-2024","EU","Female","0-19","e4","Low",1461,111,24
"Medium","Malta",470,"2020-2024","EU","Female","0-19","e5","Middle",257,70,56
"Medium","Malta",470,"2020-2024","EU","Female","0-19","e6","High",25,38,44
"Medium","Malta",470,"2020-2024","EU","Female","20-39","e4","Low",2292,23,17
"Medium","Malta",470,"2020-2024","EU","Female","20-39","e5","Middle",1303,131,84
"Medium","Malta",470,"2020-2024","EU","Female","20-39","e6","High",5885,298,340
"Medium","Malta",470,"2020-2024","EU","Female","40-64","e4","Low",1094,49,47
"Medium","Malta",470,"2020-2024","EU","Female","40-64","e5","Middle",890,91,23
"Medium","Malta",470,"2020-2024","EU","Female","40-64","e6","High",2575,142,70
"Medium","Malta",470,"2020-2024","EU","Female","65+","e4","Low",298,21,25
"Medium","Malta",470,"2020-2024","EU","Female","65+","e5","Middle",132,20,3
"Medium","Malta",470,"2020-2024","EU","Female","65+","e6","High",308,26,10
"Medium","Malta",470,"2020-2024","EU","Male","0-19","e4","Low",1612,132,29
"Medium","Malta",470,"2020-2024","EU","Male","0-19","e5","Middle",248,102,51
"Medium","Malta",470,"2020-2024","EU","Male","0-19","e6","High",35,29,30
"Medium","Malta",470,"2020-2024","EU","Male","20-39","e4","Low",2876,43,39
"Medium","Malta",470,"2020-2024","EU","Male","20-39","e5","Middle",1850,186,80
"Medium","Malta",470,"2020-2024","EU","Male","20-39","e6","High",5743,300,355
"Medium","Malta",470,"2020-2024","EU","Male","40-64","e4","Low",2099,65,45
"Medium","Malta",470,"2020-2024","EU","Male","40-64","e5","Middle",1513,118,22
"Medium","Malta",470,"2020-2024","EU","Male","40-64","e6","High",3703,174,91
"Medium","Malta",470,"2020-2024","EU","Male","65+","e4","Low",348,19,20
"Medium","Malta",470,"2020-2024","EU","Male","65+","e5","Middle",167,22,4
"Medium","Malta",470,"2020-2024","EU","Male","65+","e6","High",475,38,15
"Medium","Malta",470,"2020-2024","NAT","Female","0-19","e4","Low",29954,33,7
"Medium","Malta",470,"2020-2024","NAT","Female","0-19","e5","Middle",6576,29,22
"Medium","Malta",470,"2020-2024","NAT","Female","0-19","e6","High",336,19,22
"Medium","Malta",470,"2020-2024","NAT","Female","20-39","e4","Low",7253,28,23
"Medium","Malta",470,"2020-2024","NAT","Female","20-39","e5","Middle",15451,83,53
"Medium","Malta",470,"2020-2024","NAT","Female","20-39","e6","High",25456,221,241
"Medium","Malta",470,"2020-2024","NAT","Female","40-64","e4","Low",28630,121,122
"Medium","Malta",470,"2020-2024","NAT","Female","40-64","e5","Middle",14441,155,35
"Medium","Malta",470,"2020-2024","NAT","Female","40-64","e6","High",14552,313,145
"Medium","Malta",470,"2020-2024","NAT","Female","65+","e4","Low",38917,45,53
"Medium","Malta",470,"2020-2024","NAT","Female","65+","e5","Middle",5685,41,5
"Medium","Malta",470,"2020-2024","NAT","Female","65+","e6","High",3804,60,24
"Medium","Malta",470,"2020-2024","NAT","Male","0-19","e4","Low",32457,40,9
"Medium","Malta",470,"2020-2024","NAT","Male","0-19","e5","Middle",6130,41,20
"Medium","Malta",470,"2020-2024","NAT","Male","0-19","e6","High",376,15,15
"Medium","Malta",470,"2020-2024","NAT","Male","20-39","e4","Low",11751,48,46
"Medium","Malta",470,"2020-2024","NAT","Male","20-39","e5","Middle",18023,110,47
"Medium","Malta",470,"2020-2024","NAT","Male","20-39","e6","High",20297,231,263
"Medium","Malta",470,"2020-2024","NAT","Male","40-64","e4","Low",28854,152,108
"Medium","Malta",470,"2020-2024","NAT","Male","40-64","e5","Middle",10023,177,31
"Medium","Malta",470,"2020-2024","NAT","Male","40-64","e6","High",20423,364,180
"Medium","Malta",470,"2020-2024","NAT","Male","65+","e4","Low",28976,43,45
"Medium","Malta",470,"2020-2024","NAT","Male","65+","e5","Middle",4757,38,6
"Medium","Malta",470,"2020-2024","NAT","Male","65+","e6","High",6486,69,27
"Medium","Malta",470,"2020-2024","NEU","Female","0-19","e4","Low",3886,1039,225
"Medium","Malta",470,"2020-2024","NEU","Female","0-19","e5","Middle",579,215,168
"Medium","Malta",470,"2020-2024","NEU","Female","0-19","e6","High",66,96,110
"Medium","Malta",470,"2020-2024","NEU","Female","20-39","e4","Low",5068,366,249
"Medium","Malta",470,"2020-2024","NEU","Female","20-39","e5","Middle",3010,461,292
"Medium","Malta",470,"2020-2024","NEU","Female","20-39","e6","High",9747,598,682
"Medium","Malta",470,"2020-2024","NEU","Female","40-64","e4","Low",4528,218,202
"Medium","Malta",470,"2020-2024","NEU","Female","40-64","e5","Middle",3372,165,42
"Medium","Malta",470,"2020-2024","NEU","Female","40-64","e6","High",5625,236,119
"Medium","Malta",470,"2020-2024","NEU","Female","65+","e4","Low",1370,32,38
"Medium","Malta",470,"2020-2024","NEU","Female","65+","e5","Middle",618,31,4
"Medium","Malta",470,"2020-2024","NEU","Female","65+","e6","High",799,38,15
"Medium","Malta",470,"2020-2024","NEU","Male","0-19","e4","Low",4449,1184,266
"Medium","Malta",470,"2020-2024","NEU","Male","0-19","e5","Middle",670,317,156
"Medium","Malta",470,"2020-2024","NEU","Male","0-19","e6","High",179,86,88
"Medium","Malta",470,"2020-2024","NEU","Male","20-39","e4","Low",12035,514,436
"Medium","Malta",470,"2020-2024","NEU","Male","20-39","e5","Middle",6833,620,267
"Medium","Malta",470,"2020-2024","NEU","Male","20-39","e6","High",10829,667,787
"Medium","Malta",470,"2020-2024","NEU","Male","40-64","e4","Low",6018,283,198
"Medium","Malta",470,"2020-2024","NEU","Male","40-64","e5","Middle",4365,219,42
"Medium","Malta",470,"2020-2024","NEU","Male","40-64","e6","High",5877,298,159
"Medium","Malta",470,"2020-2024","NEU","Male","65+","e4","Low",1182,33,34
"Medium","Malta",470,"2020-2024","NEU","Male","65+","e5","Middle",611,30,5
"Medium","Malta",470,"2020-2024","NEU","Male","65+","e6","High",1082,51,20
"Medium","Malta",470,"2025-2029","EU","Female","0-19","e4","Low",1106,44,9
"Medium","Malta",470,"2025-2029","EU","Female","0-19","e5","Middle",265,80,54
"Medium","Malta",470,"2025-2029","EU","Female","0-19","e6","High",27,36,40
"Medium","Malta",470,"2025-2029","EU","Female","20-39","e4","Low",1883,12,6
"Medium","Malta",470,"2025-2029","EU","Female","20-39","e5","Middle",859,100,59
"Medium","Malta",470,"2025-2029","EU","Female","20-39","e6","High",4820,271,285
"Medium","Malta",470,"2025-2029","EU","Female","40-64","e4","Low",1465,36,33
"Medium","Malta",470,"2025-2029","EU","Female","40-64","e5","Middle",1177,90,29
"Medium","Malta",470,"2025-2029","EU","Female","40-64","e6","High",4000,168,100
"Medium","Malta",470,"2025-2029","EU","Female","65+","e4","Low",355,16,20
"Medium","Malta",470,"2025-2029","EU","Female","65+","e5","Middle",235,23,4
"Medium","Malta",470,"2025-2029","EU","Female","65+","e6","High",475,30,11
"Medium","Malta",470,"2025-2029","EU","Male","0-19","e4","Low",1231,57,11
"Medium","Malta",470,"2025-2029","EU","Male","0-19","e5","Middle",291,108,52
"Medium","Malta",470,"2025-2029","EU","Male","0-19","e6","High",40,27,28
"Medium","Malta",470,"2025-2029","EU","Male","20-39","e4","Low",2265,24,17
"Medium","Malta",470,"2025-2029","EU","Male","20-39","e5","Middle",1341,149,59
"Medium","Malta",470,"2025-2029","EU","Male","20-39","e6","High",4288,274,293
"Medium","Malta",470,"2025-2029","EU","Male","40-64","e4","Low",2562,51,36
"Medium","Malta",470,"2025-2029","EU","Male","40-64","e5","Middle",1999,118,26
"Medium","Malta",470,"2025-2029","EU","Male","40-64","e6","High",5261,189,112
"Medium","Malta",470,"2025-2029","EU","Male","65+","e4","Low",515,14,14
"Medium","Malta",470,"2025-2029","EU","Male","65+","e5","Middle",319,26,5
"Medium","Malta",470,"2025-2029","EU","Male","65+","e6","High",747,40,17
"Medium","Malta",470,"2025-2029","NAT","Female","0-19","e4","Low",23458,27,5
"Medium","Malta",470,"2025-2029","NAT","Female","0-19","e5","Middle",9078,28,21
"Medium","Malta",470,"2025-2029","NAT","Female","0-19","e6","High",5478,20,21
"Medium","Malta",470,"2025-2029","NAT","Female","20-39","e4","Low",4920,18,11
"Medium","Malta",470,"2025-2029","NAT","Female","20-39","e5","Middle",14452,73,44
"Medium","Malta",470,"2025-2029","NAT","Female","20-39","e6","High",26128,209,222
"Medium","Malta",470,"2025-2029","NAT","Female","40-64","e4","Low",22408,86,82
"Medium","Malta",470,"2025-2029","NAT","Female","40-64","e5","Middle",15055,116,33
"Medium","Malta",470,"2025-2029","NAT","Female","40-64","e6","High",18382,283,158
"Medium","Malta",470,"2025-2029","NAT","Female","65+","e4","Low",41260,46,58
"Medium","Malta",470,"2025-2029","NAT","Female","65+","e5","Middle",7960,47,7
"Medium","Malta",470,"2025-2029","NAT","Female","65+","e6","High",4989,77,29
"Medium","Malta",470,"2025-2029","NAT","Male","0-19","e4","Low",25518,32,7
"Medium","Malta",470,"2025-2029","NAT","Male","0-19","e5","Middle",9405,39,20
"Medium","Malta",470,"2025-2029","NAT","Male","0-19","e6","High",5859,16,15
"Medium","Malta",470,"2025-2029","NAT","Male","20-39","e4","Low",9178,32,26
"Medium","Malta",470,"2025-2029","NAT","Male","20-39","e5","Middle",19292,97,39
"Medium","Malta",470,"2025-2029","NAT","Male","20-39","e6","High",18264,212,233
"Medium","Malta",470,"2025-2029","NAT","Male","40-64","e4","Low",24823,115,80
"Medium","Malta",470,"2025-2029","NAT","Male","40-64","e5","Middle",11582,134,28
"Medium","Malta",470,"2025-2029","NAT","Male","40-64","e6","High",21736,333,189
"Medium","Malta",470,"2025-2029","NAT","Male","65+","e4","Low",30379,45,46
"Medium","Malta",470,"2025-2029","NAT","Male","65+","e5","Middle",5958,46,8
"Medium","Malta",470,"2025-2029","NAT","Male","65+","e6","High",8828,87,36
"Medium","Malta",470,"2025-2029","NEU","Female","0-19","e4","Low",3492,922,179
"Medium","Malta",470,"2025-2029","NEU","Female","0-19","e5","Middle",593,348,223
"Medium","Malta",470,"2025-2029","NEU","Female","0-19","e6","High",70,118,132
"Medium","Malta",470,"2025-2029","NEU","Female","20-39","e4","Low",4217,354,169
"Medium","Malta",470,"2025-2029","NEU","Female","20-39","e5","Middle",2092,514,290
"Medium","Malta",470,"2025-2029","NEU","Female","20-39","e6","High",8081,697,726
"Medium","Malta",470,"2025-2029","NEU","Female","40-64","e4","Low",5124,273,240
"Medium","Malta",470,"2025-2029","NEU","Female","40-64","e5","Middle",4006,219,76
"Medium","Malta",470,"2025-2029","NEU","Female","40-64","e6","High",7955,338,207
"Medium","Malta",470,"2025-2029","NEU","Female","65+","e4","Low",1699,43,55
"Medium","Malta",470,"2025-2029","NEU","Female","65+","e5","Middle",996,43,7
"Medium","Malta",470,"2025-2029","NEU","Female","65+","e6","High",1231,51,19
"Medium","Malta",470,"2025-2029","NEU","Male","0-19","e4","Low",3891,1064,216
"Medium","Malta",470,"2025-2029","NEU","Male","0-19","e5","Middle",509,469,217
"Medium","Malta",470,"2025-2029","NEU","Male","0-19","e6","High",126,106,109
"Medium","Malta",470,"2025-2029","NEU","Male","20-39","e4","Low",10139,498,328
"Medium","Malta",470,"2025-2029","NEU","Male","20-39","e5","Middle",5945,692,269
"Medium","Malta",470,"2025-2029","NEU","Male","20-39","e6","High",8634,791,832
"Medium","Malta",470,"2025-2029","NEU","Male","40-64","e4","Low",8040,357,255
"Medium","Malta",470,"2025-2029","NEU","Male","40-64","e5","Middle",6091,290,67
"Medium","Malta",470,"2025-2029","NEU","Male","40-64","e6","High",7983,409,248
"Medium","Malta",470,"2025-2029","NEU","Male","65+","e4","Low",1400,43,43
"Medium","Malta",470,"2025-2029","NEU","Male","65+","e5","Middle",910,42,7
"Medium","Malta",470,"2025-2029","NEU","Male","65+","e6","High",1559,64,27
"Medium","Malta",470,"2030-2034","EU","Female","0-19","e4","Low",616,25,4
"Medium","Malta",470,"2030-2034","EU","Female","0-19","e5","Middle",328,80,50
"Medium","Malta",470,"2030-2034","EU","Female","0-19","e6","High",33,32,38
"Medium","Malta",470,"2030-2034","EU","Female","20-39","e4","Low",1371,7,2
"Medium","Malta",470,"2030-2034","EU","Female","20-39","e5","Middle",408,78,39
"Medium","Malta",470,"2030-2034","EU","Female","20-39","e6","High",3133,247,228
"Medium","Malta",470,"2030-2034","EU","Female","40-64","e4","Low",1899,25,20
"Medium","Malta",470,"2030-2034","EU","Female","40-64","e5","Middle",1511,84,33
"Medium","Malta",470,"2030-2034","EU","Female","40-64","e6","High",5781,191,135
"Medium","Malta",470,"2030-2034","EU","Female","65+","e4","Low",484,12,17
"Medium","Malta",470,"2030-2034","EU","Female","65+","e5","Middle",394,26,5
"Medium","Malta",470,"2030-2034","EU","Female","65+","e6","High",794,36,14
"Medium","Malta",470,"2030-2034","EU","Male","0-19","e4","Low",670,34,6
"Medium","Malta",470,"2030-2034","EU","Male","0-19","e5","Middle",364,104,50
"Medium","Malta",470,"2030-2034","EU","Male","0-19","e6","High",50,23,25
"Medium","Malta",470,"2030-2034","EU","Male","20-39","e4","Low",1557,14,8
"Medium","Malta",470,"2030-2034","EU","Male","20-39","e5","Middle",675,121,42
"Medium","Malta",470,"2030-2034","EU","Male","20-39","e6","High",2685,243,222
"Medium","Malta",470,"2030-2034","EU","Male","40-64","e4","Low",3088,38,26
"Medium","Malta",470,"2030-2034","EU","Male","40-64","e5","Middle",2522,112,29
"Medium","Malta",470,"2030-2034","EU","Male","40-64","e6","High",6791,207,143
"Medium","Malta",470,"2030-2034","EU","Male","65+","e4","Low",758,12,12
"Medium","Malta",470,"2030-2034","EU","Male","65+","e5","Middle",577,28,5
"Medium","Malta",470,"2030-2034","EU","Male","65+","e6","High",1185,41,20
"Medium","Malta",470,"2030-2034","NAT","Female","0-19","e4","Low",16180,15,2
"Medium","Malta",470,"2030-2034","NAT","Female","0-19","e5","Middle",12069,30,22
"Medium","Malta",470,"2030-2034","NAT","Female","0-19","e6","High",11074,24,23
"Medium","Malta",470,"2030-2034","NAT","Female","20-39","e4","Low",3372,11,5
"Medium","Malta",470,"2030-2034","NAT","Female","20-39","e5","Middle",12570,62,32
"Medium","Malta",470,"2030-2034","NAT","Female","20-39","e6","High",26129,204,192
"Medium","Malta",470,"2030-2034","NAT","Female","40-64","e4","Low",17461,59,48
"Medium","Malta",470,"2030-2034","NAT","Female","40-64","e5","Middle",16041,84,31
"Medium","Malta",470,"2030-2034","NAT","Female","40-64","e6","High",22334,246,164
"Medium","Malta",470,"2030-2034","NAT","Female","65+","e4","Low",40811,41,58
"Medium","Malta",470,"2030-2034","NAT","Female","65+","e5","Middle",10054,50,10
"Medium","Malta",470,"2030-2034","NAT","Female","65+","e6","High",6855,88,36
"Medium","Malta",470,"2030-2034","NAT","Male","0-19","e4","Low",17616,19,3
"Medium","Malta",470,"2030-2034","NAT","Male","0-19","e5","Middle",12667,42,22
"Medium","Malta",470,"2030-2034","NAT","Male","0-19","e6","High",11787,20,18
"Medium","Malta",470,"2030-2034","NAT","Male","20-39","e4","Low",6824,21,13
"Medium","Malta",470,"2030-2034","NAT","Male","20-39","e5","Middle",19858,87,31
"Medium","Malta",470,"2030-2034","NAT","Male","20-39","e6","High",16656,205,194
"Medium","Malta",470,"2030-2034","NAT","Male","40-64","e4","Low",21574,83,56
"Medium","Malta",470,"2030-2034","NAT","Male","40-64","e5","Middle",14213,97,24
"Medium","Malta",470,"2030-2034","NAT","Male","40-64","e6","High",22774,286,184
"Medium","Malta",470,"2030-2034","NAT","Male","65+","e4","Low",29976,44,43
"Medium","Malta",470,"2030-2034","NAT","Male","65+","e5","Middle",6773,52,10
"Medium","Malta",470,"2030-2034","NAT","Male","65+","e6","High",11550,103,50
"Medium","Malta",470,"2030-2034","NEU","Female","0-19","e4","Low",2645,750,103
"Medium","Malta",470,"2030-2034","NEU","Female","0-19","e5","Middle",844,480,283
"Medium","Malta",470,"2030-2034","NEU","Female","0-19","e6","High",94,140,164
"Medium","Malta",470,"2030-2034","NEU","Female","20-39","e4","Low",3366,334,106
"Medium","Malta",470,"2030-2034","NEU","Female","20-39","e5","Middle",1291,568,269
"Medium","Malta",470,"2030-2034","NEU","Female","20-39","e6","High",5842,804,736
"Medium","Malta",470,"2030-2034","NEU","Female","40-64","e4","Low",5549,311,241
"Medium","Malta",470,"2030-2034","NEU","Female","40-64","e5","Middle",4512,274,119
"Medium","Malta",470,"2030-2034","NEU","Female","40-64","e6","High",10589,456,332
"Medium","Malta",470,"2030-2034","NEU","Female","65+","e4","Low",2338,54,75
"Medium","Malta",470,"2030-2034","NEU","Female","65+","e5","Middle",1551,54,11
"Medium","Malta",470,"2030-2034","NEU","Female","65+","e6","High",1942,66,27
"Medium","Malta",470,"2030-2034","NEU","Male","0-19","e4","Low",3030,881,132
"Medium","Malta",470,"2030-2034","NEU","Male","0-19","e5","Middle",744,616,282
"Medium","Malta",470,"2030-2034","NEU","Male","0-19","e6","High",171,124,134
"Medium","Malta",470,"2030-2034","NEU","Male","20-39","e4","Low",7990,468,229
"Medium","Malta",470,"2030-2034","NEU","Male","20-39","e5","Middle",4128,761,256
"Medium","Malta",470,"2030-2034","NEU","Male","20-39","e6","High",5994,915,817
"Medium","Malta",470,"2030-2034","NEU","Male","40-64","e4","Low",10202,412,284
"Medium","Malta",470,"2030-2034","NEU","Male","40-64","e5","Middle",8029,366,102
"Medium","Malta",470,"2030-2034","NEU","Male","40-64","e6","High",10456,542,383
"Medium","Malta",470,"2030-2034","NEU","Male","65+","e4","Low",1941,56,53
"Medium","Malta",470,"2030-2034","NEU","Male","65+","e5","Middle",1492,52,10
"Medium","Malta",470,"2030-2034","NEU","Male","65+","e6","High",2327,78,38
"Medium","Malta",470,"2035-2039","EU","Female","0-19","e4","Low",168,17,3
"Medium","Malta",470,"2035-2039","EU","Female","0-19","e5","Middle",275,63,38
"Medium","Malta",470,"2035-2039","EU","Female","0-19","e6","High",26,28,35
"Medium","Malta",470,"2035-2039","EU","Female","20-39","e4","Low",686,4,1
"Medium","Malta",470,"2035-2039","EU","Female","20-39","e5","Middle",339,61,25
"Medium","Malta",470,"2035-2039","EU","Female","20-39","e6","High",1709,225,183
"Medium","Malta",470,"2035-2039","EU","Female","40-64","e4","Low",2517,16,12
"Medium","Malta",470,"2035-2039","EU","Female","40-64","e5","Middle",1424,74,34
"Medium","Malta",470,"2035-2039","EU","Female","40-64","e6","High",7180,202,160
"Medium","Malta",470,"2035-2039","EU","Female","65+","e4","Low",627,11,13
"Medium","Malta",470,"2035-2039","EU","Female","65+","e5","Middle",626,28,7
"Medium","Malta",470,"2035-2039","EU","Female","65+","e6","High",1208,43,19
"Medium","Malta",470,"2035-2039","EU","Male","0-19","e4","Low",184,23,3
"Medium","Malta",470,"2035-2039","EU","Male","0-19","e5","Middle",277,82,39
"Medium","Malta",470,"2035-2039","EU","Male","0-19","e6","High",35,20,23
"Medium","Malta",470,"2035-2039","EU","Male","20-39","e4","Low",845,8,3
"Medium","Malta",470,"2035-2039","EU","Male","20-39","e5","Middle",542,98,29
"Medium","Malta",470,"2035-2039","EU","Male","20-39","e6","High",1638,217,169
"Medium","Malta",470,"2035-2039","EU","Male","40-64","e4","Low",3542,27,18
"Medium","Malta",470,"2035-2039","EU","Male","40-64","e5","Middle",2460,101,30
"Medium","Malta",470,"2035-2039","EU","Male","40-64","e6","High",7619,212,158
"Medium","Malta",470,"2035-2039","EU","Male","65+","e4","Low",1076,12,9
"Medium","Malta",470,"2035-2039","EU","Male","65+","e5","Middle",892,30,6
"Medium","Malta",470,"2035-2039","EU","Male","65+","e6","High",1742,46,23
"Medium","Malta",470,"2035-2039","NAT","Female","0-19","e4","Low",7692,12,2
"Medium","Malta",470,"2035-2039","NAT","Female","0-19","e5","Middle",14980,27,20
"Medium","Malta",470,"2035-2039","NAT","Female","0-19","e6","High",16466,24,26
"Medium","Malta",470,"2035-2039","NAT","Female","20-39","e4","Low",2088,7,2
"Medium","Malta",470,"2035-2039","NAT","Female","20-39","e5","Middle",10854,52,22
"Medium","Malta",470,"2035-2039","NAT","Female","20-39","e6","High",25382,199,163
"Medium","Malta",470,"2035-2039","NAT","Female","40-64","e4","Low",14309,41,30
"Medium","Malta",470,"2035-2039","NAT","Female","40-64","e5","Middle",17187,65,29
"Medium","Malta",470,"2035-2039","NAT","Female","40-64","e6","High",27375,221,170
"Medium","Malta",470,"2035-2039","NAT","Female","65+","e4","Low",37815,33,40
"Medium","Malta",470,"2035-2039","NAT","Female","65+","e5","Middle",11542,44,11
"Medium","Malta",470,"2035-2039","NAT","Female","65+","e6","High",8707,88,39
"Medium","Malta",470,"2035-2039","NAT","Male","0-19","e4","Low",8451,15,2
"Medium","Malta",470,"2035-2039","NAT","Male","0-19","e5","Middle",15871,37,20
"Medium","Malta",470,"2035-2039","NAT","Male","0-19","e6","High",17492,19,18
"Medium","Malta",470,"2035-2039","NAT","Male","20-39","e4","Low",5207,14,6
"Medium","Malta",470,"2035-2039","NAT","Male","20-39","e5","Middle",20247,78,24
"Medium","Malta",470,"2035-2039","NAT","Male","20-39","e6","High",14759,198,157
"Medium","Malta",470,"2035-2039","NAT","Male","40-64","e4","Low",19159,61,41
"Medium","Malta",470,"2035-2039","NAT","Male","40-64","e5","Middle",17769,75,22
"Medium","Malta",470,"2035-2039","NAT","Male","40-64","e6","High",24336,256,185
"Medium","Malta",470,"2035-2039","NAT","Male","65+","e4","Low",27591,37,30
"Medium","Malta",470,"2035-2039","NAT","Male","65+","e5","Middle",7268,47,10
"Medium","Malta",470,"2035-2039","NAT","Male","65+","e6","High",13636,105,54
"Medium","Malta",470,"2035-2039","NEU","Female","0-19","e4","Low",1436,724,85
"Medium","Malta",470,"2035-2039","NEU","Female","0-19","e5","Middle",1101,513,290
"Medium","Malta",470,"2035-2039","NEU","Female","0-19","e6","High",109,149,188
"Medium","Malta",470,"2035-2039","NEU","Female","20-39","e4","Low",2171,314,62
"Medium","Malta",470,"2035-2039","NEU","Female","20-39","e5","Middle",1304,622,249
"Medium","Malta",470,"2035-2039","NEU","Female","20-39","e6","High",4221,926,754
"Medium","Malta",470,"2035-2039","NEU","Female","40-64","e4","Low",6388,329,222
"Medium","Malta",470,"2035-2039","NEU","Female","40-64","e5","Middle",4171,323,159
"Medium","Malta",470,"2035-2039","NEU","Female","40-64","e6","High",12640,571,463
"Medium","Malta",470,"2035-2039","NEU","Female","65+","e4","Low",3014,71,81
"Medium","Malta",470,"2035-2039","NEU","Female","65+","e5","Middle",2245,62,15
"Medium","Malta",470,"2035-2039","NEU","Female","65+","e6","High",2838,85,38
"Medium","Malta",470,"2035-2039","NEU","Male","0-19","e4","Low",1755,847,108
"Medium","Malta",470,"2035-2039","NEU","Male","0-19","e5","Middle",964,654,295
"Medium","Malta",470,"2035-2039","NEU","Male","0-19","e6","High",190,132,152
"Medium","Malta",470,"2035-2039","NEU","Male","20-39","e4","Low",5007,436,153
"Medium","Malta",470,"2035-2039","NEU","Male","20-39","e5","Middle",3123,834,247
"Medium","Malta",470,"2035-2039","NEU","Male","20-39","e6","High",3849,1046,811
"Medium","Malta",470,"2035-2039","NEU","Male","40-64","e4","Low",13230,438,288
"Medium","Malta",470,"2035-2039","NEU","Male","40-64","e5","Middle",9123,431,134
"Medium","Malta",470,"2035-2039","NEU","Male","40-64","e6","High",12482,675,516
"Medium","Malta",470,"2035-2039","NEU","Male","65+","e4","Low",2751,75,58
"Medium","Malta",470,"2035-2039","NEU","Male","65+","e5","Middle",2222,64,13
"Medium","Malta",470,"2035-2039","NEU","Male","65+","e6","High",3179,97,49
"Medium","Malta",470,"2040-2044","EU","Female","0-19","e4","Low",29,0,0
"Medium","Malta",470,"2040-2044","EU","Female","0-19","e5","Middle",52,0,0
"Medium","Malta",470,"2040-2044","EU","Female","0-19","e6","High",2,0,0
"Medium","Malta",470,"2040-2044","EU","Female","20-39","e4","Low",517,0,0
"Medium","Malta",470,"2040-2044","EU","Female","20-39","e5","Middle",242,0,0
"Medium","Malta",470,"2040-2044","EU","Female","20-39","e6","High",1284,0,0
"Medium","Malta",470,"2040-2044","EU","Female","40-64","e4","Low",2547,0,0
"Medium","Malta",470,"2040-2044","EU","Female","40-64","e5","Middle",1320,0,0
"Medium","Malta",470,"2040-2044","EU","Female","40-64","e6","High",7308,0,0
"Medium","Malta",470,"2040-2044","EU","Female","65+","e4","Low",792,0,0
"Medium","Malta",470,"2040-2044","EU","Female","65+","e5","Middle",837,0,0
"Medium","Malta",470,"2040-2044","EU","Female","65+","e6","High",1805,0,0
"Medium","Malta",470,"2040-2044","EU","Male","0-19","e4","Low",35,0,0
"Medium","Malta",470,"2040-2044","EU","Male","0-19","e5","Middle",60,0,0
"Medium","Malta",470,"2040-2044","EU","Male","0-19","e6","High",3,0,0
"Medium","Malta",470,"2040-2044","EU","Male","20-39","e4","Low",676,0,0
"Medium","Malta",470,"2040-2044","EU","Male","20-39","e5","Middle",413,0,0
"Medium","Malta",470,"2040-2044","EU","Male","20-39","e6","High",1357,0,0
"Medium","Malta",470,"2040-2044","EU","Male","40-64","e4","Low",3367,0,0
"Medium","Malta",470,"2040-2044","EU","Male","40-64","e5","Middle",2282,0,0
"Medium","Malta",470,"2040-2044","EU","Male","40-64","e6","High",7291,0,0
"Medium","Malta",470,"2040-2044","EU","Male","65+","e4","Low",1368,0,0
"Medium","Malta",470,"2040-2044","EU","Male","65+","e5","Middle",1217,0,0
"Medium","Malta",470,"2040-2044","EU","Male","65+","e6","High",2543,0,0
"Medium","Malta",470,"2040-2044","NAT","Female","0-19","e4","Low",6190,0,0
"Medium","Malta",470,"2040-2044","NAT","Female","0-19","e5","Middle",14737,0,0
"Medium","Malta",470,"2040-2044","NAT","Female","0-19","e6","High",16437,0,0
"Medium","Malta",470,"2040-2044","NAT","Female","20-39","e4","Low",1322,0,0
"Medium","Malta",470,"2040-2044","NAT","Female","20-39","e5","Middle",9825,0,0
"Medium","Malta",470,"2040-2044","NAT","Female","20-39","e6","High",25832,0,0
"Medium","Malta",470,"2040-2044","NAT","Female","40-64","e4","Low",11100,0,0
"Medium","Malta",470,"2040-2044","NAT","Female","40-64","e5","Middle",17305,0,0
"Medium","Malta",470,"2040-2044","NAT","Female","40-64","e6","High",30971,0,0
"Medium","Malta",470,"2040-2044","NAT","Female","65+","e4","Low",34150,0,0
"Medium","Malta",470,"2040-2044","NAT","Female","65+","e5","Middle",13017,0,0
"Medium","Malta",470,"2040-2044","NAT","Female","65+","e6","High",11355,0,0
"Medium","Malta",470,"2040-2044","NAT","Male","0-19","e4","Low",6768,0,0
"Medium","Malta",470,"2040-2044","NAT","Male","0-19","e5","Middle",15713,0,0
"Medium","Malta",470,"2040-2044","NAT","Male","0-19","e6","High",17404,0,0
"Medium","Malta",470,"2040-2044","NAT","Male","20-39","e4","Low",3931,0,0
"Medium","Malta",470,"2040-2044","NAT","Male","20-39","e5","Middle",21729,0,0
"Medium","Malta",470,"2040-2044","NAT","Male","20-39","e6","High",13505,0,0
"Medium","Malta",470,"2040-2044","NAT","Male","40-64","e4","Low",16659,0,0
"Medium","Malta",470,"2040-2044","NAT","Male","40-64","e5","Middle",20629,0,0
"Medium","Malta",470,"2040-2044","NAT","Male","40-64","e6","High",24420,0,0
"Medium","Malta",470,"2040-2044","NAT","Male","65+","e4","Low",24851,0,0
"Medium","Malta",470,"2040-2044","NAT","Male","65+","e5","Middle",7999,0,0
"Medium","Malta",470,"2040-2044","NAT","Male","65+","e6","High",16188,0,0
"Medium","Malta",470,"2040-2044","NEU","Female","0-19","e4","Low",973,0,0
"Medium","Malta",470,"2040-2044","NEU","Female","0-19","e5","Middle",547,0,0
"Medium","Malta",470,"2040-2044","NEU","Female","0-19","e6","High",36,0,0
"Medium","Malta",470,"2040-2044","NEU","Female","20-39","e4","Low",2091,0,0
"Medium","Malta",470,"2040-2044","NEU","Female","20-39","e5","Middle",1276,0,0
"Medium","Malta",470,"2040-2044","NEU","Female","20-39","e6","High",4321,0,0
"Medium","Malta",470,"2040-2044","NEU","Female","40-64","e4","Low",6205,0,0
"Medium","Malta",470,"2040-2044","NEU","Female","40-64","e5","Middle",3867,0,0
"Medium","Malta",470,"2040-2044","NEU","Female","40-64","e6","High",12818,0,0
"Medium","Malta",470,"2040-2044","NEU","Female","65+","e4","Low",3613,0,0
"Medium","Malta",470,"2040-2044","NEU","Female","65+","e5","Middle",2900,0,0
"Medium","Malta",470,"2040-2044","NEU","Female","65+","e6","High",4120,0,0
"Medium","Malta",470,"2040-2044","NEU","Male","0-19","e4","Low",1134,0,0
"Medium","Malta",470,"2040-2044","NEU","Male","0-19","e5","Middle",522,0,0
"Medium","Malta",470,"2040-2044","NEU","Male","0-19","e6","High",58,0,0
"Medium","Malta",470,"2040-2044","NEU","Male","20-39","e4","Low",4191,0,0
"Medium","Malta",470,"2040-2044","NEU","Male","20-39","e5","Middle",2579,0,0
"Medium","Malta",470,"2040-2044","NEU","Male","20-39","e6","High",3115,0,0
"Medium","Malta",470,"2040-2044","NEU","Male","40-64","e4","Low",13935,0,0
"Medium","Malta",470,"2040-2044","NEU","Male","40-64","e5","Middle",9598,0,0
"Medium","Malta",470,"2040-2044","NEU","Male","40-64","e6","High",12840,0,0
"Medium","Malta",470,"2040-2044","NEU","Male","65+","e4","Low",3821,0,0
"Medium","Malta",470,"2040-2044","NEU","Male","65+","e5","Middle",3152,0,0
"Medium","Malta",470,"2040-2044","NEU","Male","65+","e6","High",4344,0,0
"Medium","Netherlands",528,"2020-2024","EU","Female","0-19","e4","Low",26146,1562,803
"Medium","Netherlands",528,"2020-2024","EU","Female","0-19","e5","Middle",5930,1295,843
"Medium","Netherlands",528,"2020-2024","EU","Female","0-19","e6","High",0,0,0
"Medium","Netherlands",528,"2020-2024","EU","Female","20-39","e4","Low",16108,276,71
"Medium","Netherlands",528,"2020-2024","EU","Female","20-39","e5","Middle",57328,2526,1458
"Medium","Netherlands",528,"2020-2024","EU","Female","20-39","e6","High",61494,9652,7844
"Medium","Netherlands",528,"2020-2024","EU","Female","40-64","e4","Low",28434,507,330
"Medium","Netherlands",528,"2020-2024","EU","Female","40-64","e5","Middle",43335,2681,2473
"Medium","Netherlands",528,"2020-2024","EU","Female","40-64","e6","High",46572,3407,4199
"Medium","Netherlands",528,"2020-2024","EU","Female","65+","e4","Low",12457,266,399
"Medium","Netherlands",528,"2020-2024","EU","Female","65+","e5","Middle",11327,648,604
"Medium","Netherlands",528,"2020-2024","EU","Female","65+","e6","High",8822,551,739
"Medium","Netherlands",528,"2020-2024","EU","Male","0-19","e4","Low",33940,1669,932
"Medium","Netherlands",528,"2020-2024","EU","Male","0-19","e5","Middle",0,1707,1019
"Medium","Netherlands",528,"2020-2024","EU","Male","0-19","e6","High",0,0,0
"Medium","Netherlands",528,"2020-2024","EU","Male","20-39","e4","Low",13744,415,164
"Medium","Netherlands",528,"2020-2024","EU","Male","20-39","e5","Middle",43490,2760,2139
"Medium","Netherlands",528,"2020-2024","EU","Male","20-39","e6","High",56853,7647,6152
"Medium","Netherlands",528,"2020-2024","EU","Male","40-64","e4","Low",23339,504,327
"Medium","Netherlands",528,"2020-2024","EU","Male","40-64","e5","Middle",38601,2171,2259
"Medium","Netherlands",528,"2020-2024","EU","Male","40-64","e6","High",38825,2936,3957
"Medium","Netherlands",528,"2020-2024","EU","Male","65+","e4","Low",7828,157,203
"Medium","Netherlands",528,"2020-2024","EU","Male","65+","e5","Middle",8382,412,617
"Medium","Netherlands",528,"2020-2024","EU","Male","65+","e6","High",7804,568,1021
"Medium","Netherlands",528,"2020-2024","NAT","Female","0-19","e4","Low",1607922,651,326
"Medium","Netherlands",528,"2020-2024","NAT","Female","0-19","e5","Middle",118978,925,589
"Medium","Netherlands",528,"2020-2024","NAT","Female","0-19","e6","High",901,1016,542
"Medium","Netherlands",528,"2020-2024","NAT","Female","20-39","e4","Low",183880,210,54
"Medium","Netherlands",528,"2020-2024","NAT","Female","20-39","e5","Middle",851809,1378,798
"Medium","Netherlands",528,"2020-2024","NAT","Female","20-39","e6","High",714490,5576,4559
"Medium","Netherlands",528,"2020-2024","NAT","Female","40-64","e4","Low",573328,483,314
"Medium","Netherlands",528,"2020-2024","NAT","Female","40-64","e5","Middle",1039451,1674,1553
"Medium","Netherlands",528,"2020-2024","NAT","Female","40-64","e6","High",785773,3255,4030
"Medium","Netherlands",528,"2020-2024","NAT","Female","65+","e4","Low",859597,284,429
"Medium","Netherlands",528,"2020-2024","NAT","Female","65+","e5","Middle",517476,559,529
"Medium","Netherlands",528,"2020-2024","NAT","Female","65+","e6","High",281507,699,942
"Medium","Netherlands",528,"2020-2024","NAT","Male","0-19","e4","Low",1716729,697,389
"Medium","Netherlands",528,"2020-2024","NAT","Male","0-19","e5","Middle",105257,1075,626
"Medium","Netherlands",528,"2020-2024","NAT","Male","0-19","e6","High",950,449,285
"Medium","Netherlands",528,"2020-2024","NAT","Male","20-39","e4","Low",274085,268,105
"Medium","Netherlands",528,"2020-2024","NAT","Male","20-39","e5","Middle",970741,1244,964
"Medium","Netherlands",528,"2020-2024","NAT","Male","20-39","e6","High",588140,4784,3885
"Medium","Netherlands",528,"2020-2024","NAT","Male","40-64","e4","Low",502193,547,361
"Medium","Netherlands",528,"2020-2024","NAT","Male","40-64","e5","Middle",1074542,1469,1543
"Medium","Netherlands",528,"2020-2024","NAT","Male","40-64","e6","High",864302,3415,4617
"Medium","Netherlands",528,"2020-2024","NAT","Male","65+","e4","Low",517468,185,240
"Medium","Netherlands",528,"2020-2024","NAT","Male","65+","e5","Middle",526067,364,564
"Medium","Netherlands",528,"2020-2024","NAT","Male","65+","e6","High",391649,670,1216
"Medium","Netherlands",528,"2020-2024","NEU","Female","0-19","e4","Low",75269,20127,9830
"Medium","Netherlands",528,"2020-2024","NEU","Female","0-19","e5","Middle",6572,7183,4534
"Medium","Netherlands",528,"2020-2024","NEU","Female","0-19","e6","High",5,5528,2951
"Medium","Netherlands",528,"2020-2024","NEU","Female","20-39","e4","Low",71033,8993,2258
"Medium","Netherlands",528,"2020-2024","NEU","Female","20-39","e5","Middle",99415,11968,6796
"Medium","Netherlands",528,"2020-2024","NEU","Female","20-39","e6","High",108720,23009,18578
"Medium","Netherlands",528,"2020-2024","NEU","Female","40-64","e4","Low",175648,5639,3199
"Medium","Netherlands",528,"2020-2024","NEU","Female","40-64","e5","Middle",132080,3758,3373
"Medium","Netherlands",528,"2020-2024","NEU","Female","40-64","e6","High",105317,4305,5228
"Medium","Netherlands",528,"2020-2024","NEU","Female","65+","e4","Low",69760,931,1341
"Medium","Netherlands",528,"2020-2024","NEU","Female","65+","e5","Middle",31346,413,383
"Medium","Netherlands",528,"2020-2024","NEU","Female","65+","e6","High",27004,438,584
"Medium","Netherlands",528,"2020-2024","NEU","Male","0-19","e4","Low",70385,21019,11273
"Medium","Netherlands",528,"2020-2024","NEU","Male","0-19","e5","Middle",5294,8428,4864
"Medium","Netherlands",528,"2020-2024","NEU","Male","0-19","e6","High",0,0,0
"Medium","Netherlands",528,"2020-2024","NEU","Male","20-39","e4","Low",66174,10097,3954
"Medium","Netherlands",528,"2020-2024","NEU","Male","20-39","e5","Middle",99622,11431,8672
"Medium","Netherlands",528,"2020-2024","NEU","Male","20-39","e6","High",101836,22075,17635
"Medium","Netherlands",528,"2020-2024","NEU","Male","40-64","e4","Low",148301,5205,3160
"Medium","Netherlands",528,"2020-2024","NEU","Male","40-64","e5","Middle",131332,3456,3494
"Medium","Netherlands",528,"2020-2024","NEU","Male","40-64","e6","High",104479,4961,6554
"Medium","Netherlands",528,"2020-2024","NEU","Male","65+","e4","Low",51071,675,843
"Medium","Netherlands",528,"2020-2024","NEU","Male","65+","e5","Middle",30488,332,491
"Medium","Netherlands",528,"2020-2024","NEU","Male","65+","e6","High",30918,570,1016
"Medium","Netherlands",528,"2025-2029","EU","Female","0-19","e4","Low",16893,921,427
"Medium","Netherlands",528,"2025-2029","EU","Female","0-19","e5","Middle",6795,1413,813
"Medium","Netherlands",528,"2025-2029","EU","Female","0-19","e6","High",2,1322,613
"Medium","Netherlands",528,"2025-2029","EU","Female","20-39","e4","Low",8539,183,41
"Medium","Netherlands",528,"2025-2029","EU","Female","20-39","e5","Middle",40060,1958,1023
"Medium","Netherlands",528,"2025-2029","EU","Female","20-39","e6","High",62922,8384,7061
"Medium","Netherlands",528,"2025-2029","EU","Female","40-64","e4","Low",31882,383,200
"Medium","Netherlands",528,"2025-2029","EU","Female","40-64","e5","Middle",48851,2279,2006
"Medium","Netherlands",528,"2025-2029","EU","Female","40-64","e6","High",57775,3534,4259
"Medium","Netherlands",528,"2025-2029","EU","Female","65+","e4","Low",14236,208,241
"Medium","Netherlands",528,"2025-2029","EU","Female","65+","e5","Middle",15044,791,744
"Medium","Netherlands",528,"2025-2029","EU","Female","65+","e6","High",12914,682,918
"Medium","Netherlands",528,"2025-2029","EU","Male","0-19","e4","Low",25041,981,513
"Medium","Netherlands",528,"2025-2029","EU","Male","0-19","e5","Middle",184,1739,932
"Medium","Netherlands",528,"2025-2029","EU","Male","0-19","e6","High",3,495,271
"Medium","Netherlands",528,"2025-2029","EU","Male","20-39","e4","Low",7449,284,111
"Medium","Netherlands",528,"2025-2029","EU","Male","20-39","e5","Middle",36905,2272,1678
"Medium","Netherlands",528,"2025-2029","EU","Male","20-39","e6","High",47394,6836,5541
"Medium","Netherlands",528,"2025-2029","EU","Male","40-64","e4","Low",26505,423,233
"Medium","Netherlands",528,"2025-2029","EU","Male","40-64","e5","Middle",46655,1960,1904
"Medium","Netherlands",528,"2025-2029","EU","Male","40-64","e6","High",50100,2963,3692
"Medium","Netherlands",528,"2025-2029","EU","Male","65+","e4","Low",8558,129,139
"Medium","Netherlands",528,"2025-2029","EU","Male","65+","e5","Middle",10053,494,642
"Medium","Netherlands",528,"2025-2029","EU","Male","65+","e6","High",9969,622,1058
"Medium","Netherlands",528,"2025-2029","NAT","Female","0-19","e4","Low",1200835,334,153
"Medium","Netherlands",528,"2025-2029","NAT","Female","0-19","e5","Middle",274997,667,384
"Medium","Netherlands",528,"2025-2029","NAT","Female","0-19","e6","High",183647,858,415
"Medium","Netherlands",528,"2025-2029","NAT","Female","20-39","e4","Low",156046,165,37
"Medium","Netherlands",528,"2025-2029","NAT","Female","20-39","e5","Middle",857807,1321,689
"Medium","Netherlands",528,"2025-2029","NAT","Female","20-39","e6","High",816411,5638,4735
"Medium","Netherlands",528,"2025-2029","NAT","Female","40-64","e4","Low",454096,361,192
"Medium","Netherlands",528,"2025-2029","NAT","Female","40-64","e5","Middle",983124,1439,1290
"Medium","Netherlands",528,"2025-2029","NAT","Female","40-64","e6","High",846298,3195,3898
"Medium","Netherlands",528,"2025-2029","NAT","Female","65+","e4","Low",807667,224,263
"Medium","Netherlands",528,"2025-2029","NAT","Female","65+","e5","Middle",633786,548,515
"Medium","Netherlands",528,"2025-2029","NAT","Female","65+","e6","High",374556,774,1040
"Medium","Netherlands",528,"2025-2029","NAT","Male","0-19","e4","Low",1279630,366,193
"Medium","Netherlands",528,"2025-2029","NAT","Male","0-19","e5","Middle",268844,832,437
"Medium","Netherlands",528,"2025-2029","NAT","Male","0-19","e6","High",193054,403,237
"Medium","Netherlands",528,"2025-2029","NAT","Male","20-39","e4","Low",262238,205,80
"Medium","Netherlands",528,"2025-2029","NAT","Male","20-39","e5","Middle",1022230,1249,915
"Medium","Netherlands",528,"2025-2029","NAT","Male","20-39","e6","High",647049,4858,3935
"Medium","Netherlands",528,"2025-2029","NAT","Male","40-64","e4","Low",432768,432,248
"Medium","Netherlands",528,"2025-2029","NAT","Male","40-64","e5","Middle",1029883,1271,1271
"Medium","Netherlands",528,"2025-2029","NAT","Male","40-64","e6","High",863415,3272,4175
"Medium","Netherlands",528,"2025-2029","NAT","Male","65+","e4","Low",482325,155,168
"Medium","Netherlands",528,"2025-2029","NAT","Male","65+","e5","Middle",622246,373,489
"Medium","Netherlands",528,"2025-2029","NAT","Male","65+","e6","High",492096,744,1269
"Medium","Netherlands",528,"2025-2029","NEU","Female","0-19","e4","Low",54937,18589,7611
"Medium","Netherlands",528,"2025-2029","NEU","Female","0-19","e5","Middle",6908,9423,5274
"Medium","Netherlands",528,"2025-2029","NEU","Female","0-19","e6","High",5,6622,3072
"Medium","Netherlands",528,"2025-2029","NEU","Female","20-39","e4","Low",53514,8363,1801
"Medium","Netherlands",528,"2025-2029","NEU","Female","20-39","e5","Middle",81698,12810,6548
"Medium","Netherlands",528,"2025-2029","NEU","Female","20-39","e6","High",102506,26002,21694
"Medium","Netherlands",528,"2025-2029","NEU","Female","40-64","e4","Low",175421,6006,2730
"Medium","Netherlands",528,"2025-2029","NEU","Female","40-64","e5","Middle",141416,4628,3773
"Medium","Netherlands",528,"2025-2029","NEU","Female","40-64","e6","High",124619,5746,6805
"Medium","Netherlands",528,"2025-2029","NEU","Female","65+","e4","Low",87203,1145,1292
"Medium","Netherlands",528,"2025-2029","NEU","Female","65+","e5","Middle",44954,660,622
"Medium","Netherlands",528,"2025-2029","NEU","Female","65+","e6","High",38684,700,942
"Medium","Netherlands",528,"2025-2029","NEU","Male","0-19","e4","Low",56804,19328,8880
"Medium","Netherlands",528,"2025-2029","NEU","Male","0-19","e5","Middle",8637,10938,5738
"Medium","Netherlands",528,"2025-2029","NEU","Male","0-19","e6","High",3,3339,1832
"Medium","Netherlands",528,"2025-2029","NEU","Male","20-39","e4","Low",55618,9361,3600
"Medium","Netherlands",528,"2025-2029","NEU","Male","20-39","e5","Middle",72278,12223,8883
"Medium","Netherlands",528,"2025-2029","NEU","Male","20-39","e6","High",91122,24825,19931
"Medium","Netherlands",528,"2025-2029","NEU","Male","40-64","e4","Low",149540,5678,2900
"Medium","Netherlands",528,"2025-2029","NEU","Male","40-64","e5","Middle",138146,4229,3911
"Medium","Netherlands",528,"2025-2029","NEU","Male","40-64","e6","High",117818,6334,7712
"Medium","Netherlands",528,"2025-2029","NEU","Male","65+","e4","Low",62392,826,879
"Medium","Netherlands",528,"2025-2029","NEU","Male","65+","e5","Middle",42328,519,669
"Medium","Netherlands",528,"2025-2029","NEU","Male","65+","e6","High",41807,806,1368
"Medium","Netherlands",528,"2030-2034","EU","Female","0-19","e4","Low",8045,697,299
"Medium","Netherlands",528,"2030-2034","EU","Female","0-19","e5","Middle",5475,1429,779
"Medium","Netherlands",528,"2030-2034","EU","Female","0-19","e6","High",2,1238,527
"Medium","Netherlands",528,"2030-2034","EU","Female","20-39","e4","Low",184,127,24
"Medium","Netherlands",528,"2030-2034","EU","Female","20-39","e5","Middle",33550,1581,706
"Medium","Netherlands",528,"2030-2034","EU","Female","20-39","e6","High",50906,7660,6314
"Medium","Netherlands",528,"2030-2034","EU","Female","40-64","e4","Low",35209,287,120
"Medium","Netherlands",528,"2030-2034","EU","Female","40-64","e5","Middle",53173,1950,1576
"Medium","Netherlands",528,"2030-2034","EU","Female","40-64","e6","High",71760,3630,4353
"Medium","Netherlands",528,"2030-2034","EU","Female","65+","e4","Low",16235,165,158
"Medium","Netherlands",528,"2030-2034","EU","Female","65+","e5","Middle",19613,810,834
"Medium","Netherlands",528,"2030-2034","EU","Female","65+","e6","High",18272,778,1098
"Medium","Netherlands",528,"2030-2034","EU","Male","0-19","e4","Low",14108,739,365
"Medium","Netherlands",528,"2030-2034","EU","Male","0-19","e5","Middle",249,1724,888
"Medium","Netherlands",528,"2030-2034","EU","Male","0-19","e6","High",2,461,232
"Medium","Netherlands",528,"2030-2034","EU","Male","20-39","e4","Low",583,202,75
"Medium","Netherlands",528,"2030-2034","EU","Male","20-39","e5","Middle",31043,1913,1297
"Medium","Netherlands",528,"2030-2034","EU","Male","20-39","e6","High",35001,6118,4813
"Medium","Netherlands",528,"2030-2034","EU","Male","40-64","e4","Low",29626,341,162
"Medium","Netherlands",528,"2030-2034","EU","Male","40-64","e5","Middle",53066,1767,1572
"Medium","Netherlands",528,"2030-2034","EU","Male","40-64","e6","High",64404,3061,3614
"Medium","Netherlands",528,"2030-2034","EU","Male","65+","e4","Low",9723,114,112
"Medium","Netherlands",528,"2030-2034","EU","Male","65+","e5","Middle",12761,509,657
"Medium","Netherlands",528,"2030-2034","EU","Male","65+","e6","High",13311,639,1062
"Medium","Netherlands",528,"2030-2034","NAT","Female","0-19","e4","Low",818617,137,55
"Medium","Netherlands",528,"2030-2034","NAT","Female","0-19","e5","Middle",435902,423,232
"Medium","Netherlands",528,"2030-2034","NAT","Female","0-19","e6","High",394435,574,292
"Medium","Netherlands",528,"2030-2034","NAT","Female","20-39","e4","Low",132534,127,25
"Medium","Netherlands",528,"2030-2034","NAT","Female","20-39","e5","Middle",795153,1156,518
"Medium","Netherlands",528,"2030-2034","NAT","Female","20-39","e6","High",910591,5563,4629
"Medium","Netherlands",528,"2030-2034","NAT","Female","40-64","e4","Low",340666,269,115
"Medium","Netherlands",528,"2030-2034","NAT","Female","40-64","e5","Middle",919107,1273,1046
"Medium","Netherlands",528,"2030-2034","NAT","Female","40-64","e6","High",908557,3059,3716
"Medium","Netherlands",528,"2030-2034","NAT","Female","65+","e4","Low",757617,170,165
"Medium","Netherlands",528,"2030-2034","NAT","Female","65+","e5","Middle",774374,543,559
"Medium","Netherlands",528,"2030-2034","NAT","Female","65+","e6","High",474595,820,1159
"Medium","Netherlands",528,"2030-2034","NAT","Male","0-19","e4","Low",878495,151,72
"Medium","Netherlands",528,"2030-2034","NAT","Male","0-19","e5","Middle",438992,541,272
"Medium","Netherlands",528,"2030-2034","NAT","Male","0-19","e6","High",415076,286,190
"Medium","Netherlands",528,"2030-2034","NAT","Male","20-39","e4","Low",242543,162,61
"Medium","Netherlands",528,"2030-2034","NAT","Male","20-39","e5","Middle",1000412,1154,789
"Medium","Netherlands",528,"2030-2034","NAT","Male","20-39","e6","High",700777,4925,3897
"Medium","Netherlands",528,"2030-2034","NAT","Male","40-64","e4","Low",359525,329,164
"Medium","Netherlands",528,"2030-2034","NAT","Male","40-64","e5","Middle",991019,1100,1014
"Medium","Netherlands",528,"2030-2034","NAT","Male","40-64","e6","High",864227,3028,3690
"Medium","Netherlands",528,"2030-2034","NAT","Male","65+","e4","Low",462027,137,136
"Medium","Netherlands",528,"2030-2034","NAT","Male","65+","e5","Middle",731732,396,511
"Medium","Netherlands",528,"2030-2034","NAT","Male","65+","e6","High",588464,835,1389
"Medium","Netherlands",528,"2030-2034","NEU","Female","0-19","e4","Low",36671,16003,5032
"Medium","Netherlands",528,"2030-2034","NEU","Female","0-19","e5","Middle",7679,11654,6240
"Medium","Netherlands",528,"2030-2034","NEU","Female","0-19","e6","High",6,7909,3367
"Medium","Netherlands",528,"2030-2034","NEU","Female","20-39","e4","Low",41146,7721,1377
"Medium","Netherlands",528,"2030-2034","NEU","Female","20-39","e5","Middle",71123,13756,5977
"Medium","Netherlands",528,"2030-2034","NEU","Female","20-39","e6","High",90789,29299,23830
"Medium","Netherlands",528,"2030-2034","NEU","Female","40-64","e4","Low",162824,6193,2259
"Medium","Netherlands",528,"2030-2034","NEU","Female","40-64","e5","Middle",144113,5467,3972
"Medium","Netherlands",528,"2030-2034","NEU","Female","40-64","e6","High",147086,7361,8692
"Medium","Netherlands",528,"2030-2034","NEU","Female","65+","e4","Low",106132,1312,1235
"Medium","Netherlands",528,"2030-2034","NEU","Female","65+","e5","Middle",61978,923,953
"Medium","Netherlands",528,"2030-2034","NEU","Female","65+","e6","High",51764,983,1386
"Medium","Netherlands",528,"2030-2034","NEU","Male","0-19","e4","Low",36827,16551,6140
"Medium","Netherlands",528,"2030-2034","NEU","Male","0-19","e5","Middle",9360,13447,6833
"Medium","Netherlands",528,"2030-2034","NEU","Male","0-19","e6","High",3,3928,1977
"Medium","Netherlands",528,"2030-2034","NEU","Male","20-39","e4","Low",43863,8568,3096
"Medium","Netherlands",528,"2030-2034","NEU","Male","20-39","e5","Middle",63270,13160,8729
"Medium","Netherlands",528,"2030-2034","NEU","Male","20-39","e6","High",77830,27719,21503
"Medium","Netherlands",528,"2030-2034","NEU","Male","40-64","e4","Low",141000,5965,2651
"Medium","Netherlands",528,"2030-2034","NEU","Male","40-64","e5","Middle",137885,5038,4228
"Medium","Netherlands",528,"2030-2034","NEU","Male","40-64","e6","High",134107,7862,9095
"Medium","Netherlands",528,"2030-2034","NEU","Male","65+","e4","Low",77370,968,947
"Medium","Netherlands",528,"2030-2034","NEU","Male","65+","e5","Middle",58459,700,902
"Medium","Netherlands",528,"2030-2034","NEU","Male","65+","e6","High",54014,1048,1732
"Medium","Netherlands",528,"2035-2039","EU","Female","0-19","e4","Low",2106,521,230
"Medium","Netherlands",528,"2035-2039","EU","Female","0-19","e5","Middle",3414,1193,614
"Medium","Netherlands",528,"2035-2039","EU","Female","0-19","e6","High",1,1132,466
"Medium","Netherlands",528,"2035-2039","EU","Female","20-39","e4","Low",139,82,12
"Medium","Netherlands",528,"2035-2039","EU","Female","20-39","e5","Middle",23073,1283,475
"Medium","Netherlands",528,"2035-2039","EU","Female","20-39","e6","High",36898,7114,5543
"Medium","Netherlands",528,"2035-2039","EU","Female","40-64","e4","Low",29459,211,72
"Medium","Netherlands",528,"2035-2039","EU","Female","40-64","e5","Middle",56410,1642,1155
"Medium","Netherlands",528,"2035-2039","EU","Female","40-64","e6","High",86803,3603,4362
"Medium","Netherlands",528,"2035-2039","EU","Female","65+","e4","Low",18543,132,105
"Medium","Netherlands",528,"2035-2039","EU","Female","65+","e5","Middle",25743,738,835
"Medium","Netherlands",528,"2035-2039","EU","Female","65+","e6","High",24477,814,1183
"Medium","Netherlands",528,"2035-2039","EU","Male","0-19","e4","Low",5290,556,282
"Medium","Netherlands",528,"2035-2039","EU","Male","0-19","e5","Middle",362,1447,708
"Medium","Netherlands",528,"2035-2039","EU","Male","0-19","e6","High",1,418,204
"Medium","Netherlands",528,"2035-2039","EU","Male","20-39","e4","Low",466,139,46
"Medium","Netherlands",528,"2035-2039","EU","Male","20-39","e5","Middle",25387,1603,979
"Medium","Netherlands",528,"2035-2039","EU","Male","20-39","e6","High",31530,5546,4107
"Medium","Netherlands",528,"2035-2039","EU","Male","40-64","e4","Low",24857,264,113
"Medium","Netherlands",528,"2035-2039","EU","Male","40-64","e5","Middle",53404,1563,1257
"Medium","Netherlands",528,"2035-2039","EU","Male","40-64","e6","High",69940,3022,3441
"Medium","Netherlands",528,"2035-2039","EU","Male","65+","e4","Low",11667,106,90
"Medium","Netherlands",528,"2035-2039","EU","Male","65+","e5","Middle",17442,487,651
"Medium","Netherlands",528,"2035-2039","EU","Male","65+","e6","High",17581,640,1047
"Medium","Netherlands",528,"2035-2039","NAT","Female","0-19","e4","Low",440297,106,46
"Medium","Netherlands",528,"2035-2039","NAT","Female","0-19","e5","Middle",591472,246,124
"Medium","Netherlands",528,"2035-2039","NAT","Female","0-19","e6","High",627390,321,175
"Medium","Netherlands",528,"2035-2039","NAT","Female","20-39","e4","Low",107692,88,14
"Medium","Netherlands",528,"2035-2039","NAT","Female","20-39","e5","Middle",737083,959,369
"Medium","Netherlands",528,"2035-2039","NAT","Female","20-39","e6","High",953153,5072,4152
"Medium","Netherlands",528,"2035-2039","NAT","Female","40-64","e4","Low",259604,198,68
"Medium","Netherlands",528,"2035-2039","NAT","Female","40-64","e5","Middle",837296,1091,773
"Medium","Netherlands",528,"2035-2039","NAT","Female","40-64","e6","High",1002752,2870,3495
"Medium","Netherlands",528,"2035-2039","NAT","Female","65+","e4","Low",684812,142,113
"Medium","Netherlands",528,"2035-2039","NAT","Female","65+","e5","Middle",902760,550,622
"Medium","Netherlands",528,"2035-2039","NAT","Female","65+","e6","High",581073,888,1291
"Medium","Netherlands",528,"2035-2039","NAT","Male","0-19","e4","Low",481600,112,57
"Medium","Netherlands",528,"2035-2039","NAT","Male","0-19","e5","Middle",603661,293,140
"Medium","Netherlands",528,"2035-2039","NAT","Male","0-19","e6","High",660711,165,122
"Medium","Netherlands",528,"2035-2039","NAT","Male","20-39","e4","Low",215093,119,42
"Medium","Netherlands",528,"2035-2039","NAT","Male","20-39","e5","Middle",966242,981,628
"Medium","Netherlands",528,"2035-2039","NAT","Male","20-39","e6","High",707912,4560,3511
"Medium","Netherlands",528,"2035-2039","NAT","Male","40-64","e4","Low",313998,238,105
"Medium","Netherlands",528,"2035-2039","NAT","Male","40-64","e5","Middle",962821,936,768
"Medium","Netherlands",528,"2035-2039","NAT","Male","40-64","e6","High",889236,2801,3241
"Medium","Netherlands",528,"2035-2039","NAT","Male","65+","e4","Low",430148,133,114
"Medium","Netherlands",528,"2035-2039","NAT","Male","65+","e5","Middle",822488,412,551
"Medium","Netherlands",528,"2035-2039","NAT","Male","65+","e6","High",681454,919,1506
"Medium","Netherlands",528,"2035-2039","NEU","Female","0-19","e4","Low",20908,15423,4823
"Medium","Netherlands",528,"2035-2039","NEU","Female","0-19","e5","Middle",6483,12165,6182
"Medium","Netherlands",528,"2035-2039","NEU","Female","0-19","e6","High",3,8520,3510
"Medium","Netherlands",528,"2035-2039","NEU","Female","20-39","e4","Low",31040,7216,984
"Medium","Netherlands",528,"2035-2039","NEU","Female","20-39","e5","Middle",63905,14852,5352
"Medium","Netherlands",528,"2035-2039","NEU","Female","20-39","e6","High",86530,33723,25847
"Medium","Netherlands",528,"2035-2039","NEU","Female","40-64","e4","Low",145316,6177,1908
"Medium","Netherlands",528,"2035-2039","NEU","Female","40-64","e5","Middle",139930,6347,4047
"Medium","Netherlands",528,"2035-2039","NEU","Female","40-64","e6","High",163558,9067,10906
"Medium","Netherlands",528,"2035-2039","NEU","Female","65+","e4","Low",124592,1473,1140
"Medium","Netherlands",528,"2035-2039","NEU","Female","65+","e5","Middle",82530,1067,1209
"Medium","Netherlands",528,"2035-2039","NEU","Female","65+","e6","High",65608,1224,1777
"Medium","Netherlands",528,"2035-2039","NEU","Male","0-19","e4","Low",20285,15872,5878
"Medium","Netherlands",528,"2035-2039","NEU","Male","0-19","e5","Middle",7351,14075,6841
"Medium","Netherlands",528,"2035-2039","NEU","Male","0-19","e6","High",2,4208,2052
"Medium","Netherlands",528,"2035-2039","NEU","Male","20-39","e4","Low",33037,7884,2546
"Medium","Netherlands",528,"2035-2039","NEU","Male","20-39","e5","Middle",57347,14305,8493
"Medium","Netherlands",528,"2035-2039","NEU","Male","20-39","e6","High",72273,31529,22959
"Medium","Netherlands",528,"2035-2039","NEU","Male","40-64","e4","Low",130215,6029,2506
"Medium","Netherlands",528,"2035-2039","NEU","Male","40-64","e5","Middle",129216,5831,4499
"Medium","Netherlands",528,"2035-2039","NEU","Male","40-64","e6","High",146763,9527,10700
"Medium","Netherlands",528,"2035-2039","NEU","Male","65+","e4","Low",91508,1120,943
"Medium","Netherlands",528,"2035-2039","NEU","Male","65+","e5","Middle",77616,819,1092
"Medium","Netherlands",528,"2035-2039","NEU","Male","65+","e6","High",65368,1261,2060
"Medium","Netherlands",528,"2040-2044","EU","Female","0-19","e4","Low",368,0,0
"Medium","Netherlands",528,"2040-2044","EU","Female","0-19","e5","Middle",478,0,0
"Medium","Netherlands",528,"2040-2044","EU","Female","0-19","e6","High",0,0,0
"Medium","Netherlands",528,"2040-2044","EU","Female","20-39","e4","Low",90,0,0
"Medium","Netherlands",528,"2040-2044","EU","Female","20-39","e5","Middle",14551,0,0
"Medium","Netherlands",528,"2040-2044","EU","Female","20-39","e6","High",27865,0,0
"Medium","Netherlands",528,"2040-2044","EU","Female","40-64","e4","Low",22603,0,0
"Medium","Netherlands",528,"2040-2044","EU","Female","40-64","e5","Middle",53607,0,0
"Medium","Netherlands",528,"2040-2044","EU","Female","40-64","e6","High",93516,0,0
"Medium","Netherlands",528,"2040-2044","EU","Female","65+","e4","Low",21635,0,0
"Medium","Netherlands",528,"2040-2044","EU","Female","65+","e5","Middle",33250,0,0
"Medium","Netherlands",528,"2040-2044","EU","Female","65+","e6","High",32063,0,0
"Medium","Netherlands",528,"2040-2044","EU","Male","0-19","e4","Low",487,0,0
"Medium","Netherlands",528,"2040-2044","EU","Male","0-19","e5","Middle",326,0,0
"Medium","Netherlands",528,"2040-2044","EU","Male","0-19","e6","High",0,0,0
"Medium","Netherlands",528,"2040-2044","EU","Male","20-39","e4","Low",288,0,0
"Medium","Netherlands",528,"2040-2044","EU","Male","20-39","e5","Middle",17105,0,0
"Medium","Netherlands",528,"2040-2044","EU","Male","20-39","e6","High",25511,0,0
"Medium","Netherlands",528,"2040-2044","EU","Male","40-64","e4","Low",19196,0,0
"Medium","Netherlands",528,"2040-2044","EU","Male","40-64","e5","Middle",51421,0,0
"Medium","Netherlands",528,"2040-2044","EU","Male","40-64","e6","High",74748,0,0
"Medium","Netherlands",528,"2040-2044","EU","Male","65+","e4","Low",14414,0,0
"Medium","Netherlands",528,"2040-2044","EU","Male","65+","e5","Middle",24175,0,0
"Medium","Netherlands",528,"2040-2044","EU","Male","65+","e6","High",23575,0,0
"Medium","Netherlands",528,"2040-2044","NAT","Female","0-19","e4","Low",409363,0,0
"Medium","Netherlands",528,"2040-2044","NAT","Female","0-19","e5","Middle",571746,0,0
"Medium","Netherlands",528,"2040-2044","NAT","Female","0-19","e6","High",693178,0,0
"Medium","Netherlands",528,"2040-2044","NAT","Female","20-39","e4","Low",87856,0,0
"Medium","Netherlands",528,"2040-2044","NAT","Female","20-39","e5","Middle",675708,0,0
"Medium","Netherlands",528,"2040-2044","NAT","Female","20-39","e6","High",966871,0,0
"Medium","Netherlands",528,"2040-2044","NAT","Female","40-64","e4","Low",206326,0,0
"Medium","Netherlands",528,"2040-2044","NAT","Female","40-64","e5","Middle",793617,0,0
"Medium","Netherlands",528,"2040-2044","NAT","Female","40-64","e6","High",1113384,0,0
"Medium","Netherlands",528,"2040-2044","NAT","Female","65+","e4","Low",588446,0,0
"Medium","Netherlands",528,"2040-2044","NAT","Female","65+","e5","Middle",970461,0,0
"Medium","Netherlands",528,"2040-2044","NAT","Female","65+","e6","High",688667,0,0
"Medium","Netherlands",528,"2040-2044","NAT","Male","0-19","e4","Low",449175,0,0
"Medium","Netherlands",528,"2040-2044","NAT","Male","0-19","e5","Middle",583693,0,0
"Medium","Netherlands",528,"2040-2044","NAT","Male","0-19","e6","High",730653,0,0
"Medium","Netherlands",528,"2040-2044","NAT","Male","20-39","e4","Low",191266,0,0
"Medium","Netherlands",528,"2040-2044","NAT","Male","20-39","e5","Middle",928380,0,0
"Medium","Netherlands",528,"2040-2044","NAT","Male","20-39","e6","High",701074,0,0
"Medium","Netherlands",528,"2040-2044","NAT","Male","40-64","e4","Low",286000,0,0
"Medium","Netherlands",528,"2040-2044","NAT","Male","40-64","e5","Middle",971766,0,0
"Medium","Netherlands",528,"2040-2044","NAT","Male","40-64","e6","High",931698,0,0
"Medium","Netherlands",528,"2040-2044","NAT","Male","65+","e4","Low",386209,0,0
"Medium","Netherlands",528,"2040-2044","NAT","Male","65+","e5","Middle",865441,0,0
"Medium","Netherlands",528,"2040-2044","NAT","Male","65+","e6","High",750103,0,0
"Medium","Netherlands",528,"2040-2044","NEU","Female","0-19","e4","Low",15160,0,0
"Medium","Netherlands",528,"2040-2044","NEU","Female","0-19","e5","Middle",5210,0,0
"Medium","Netherlands",528,"2040-2044","NEU","Female","0-19","e6","High",2,0,0
"Medium","Netherlands",528,"2040-2044","NEU","Female","20-39","e4","Low",25637,0,0
"Medium","Netherlands",528,"2040-2044","NEU","Female","20-39","e5","Middle",56378,0,0
"Medium","Netherlands",528,"2040-2044","NEU","Female","20-39","e6","High",97475,0,0
"Medium","Netherlands",528,"2040-2044","NEU","Female","40-64","e4","Low",118364,0,0
"Medium","Netherlands",528,"2040-2044","NEU","Female","40-64","e5","Middle",124258,0,0
"Medium","Netherlands",528,"2040-2044","NEU","Female","40-64","e6","High",164775,0,0
"Medium","Netherlands",528,"2040-2044","NEU","Female","65+","e4","Low",143304,0,0
"Medium","Netherlands",528,"2040-2044","NEU","Female","65+","e5","Middle",105760,0,0
"Medium","Netherlands",528,"2040-2044","NEU","Female","65+","e6","High",81973,0,0
"Medium","Netherlands",528,"2040-2044","NEU","Male","0-19","e4","Low",14513,0,0
"Medium","Netherlands",528,"2040-2044","NEU","Male","0-19","e5","Middle",5505,0,0
"Medium","Netherlands",528,"2040-2044","NEU","Male","0-19","e6","High",1,0,0
"Medium","Netherlands",528,"2040-2044","NEU","Male","20-39","e4","Low",28689,0,0
"Medium","Netherlands",528,"2040-2044","NEU","Male","20-39","e5","Middle",51537,0,0
"Medium","Netherlands",528,"2040-2044","NEU","Male","20-39","e6","High",79167,0,0
"Medium","Netherlands",528,"2040-2044","NEU","Male","40-64","e4","Low",111930,0,0
"Medium","Netherlands",528,"2040-2044","NEU","Male","40-64","e5","Middle",112979,0,0
"Medium","Netherlands",528,"2040-2044","NEU","Male","40-64","e6","High",147544,0,0
"Medium","Netherlands",528,"2040-2044","NEU","Male","65+","e4","Low",103431,0,0
"Medium","Netherlands",528,"2040-2044","NEU","Male","65+","e5","Middle",95297,0,0
"Medium","Netherlands",528,"2040-2044","NEU","Male","65+","e6","High",76678,0,0
"Medium","Poland",616,"2020-2024","EU","Female","0-19","e4","Low",38237,1510,1074
"Medium","Poland",616,"2020-2024","EU","Female","0-19","e5","Middle",1129,645,508
"Medium","Poland",616,"2020-2024","EU","Female","0-19","e6","High",40,377,378
"Medium","Poland",616,"2020-2024","EU","Female","20-39","e4","Low",984,280,43
"Medium","Poland",616,"2020-2024","EU","Female","20-39","e5","Middle",6018,629,616
"Medium","Poland",616,"2020-2024","EU","Female","20-39","e6","High",9981,1590,2364
"Medium","Poland",616,"2020-2024","EU","Female","40-64","e4","Low",486,189,76
"Medium","Poland",616,"2020-2024","EU","Female","40-64","e5","Middle",2878,337,548
"Medium","Poland",616,"2020-2024","EU","Female","40-64","e6","High",3444,532,848
"Medium","Poland",616,"2020-2024","EU","Female","65+","e4","Low",18302,41,60
"Medium","Poland",616,"2020-2024","EU","Female","65+","e5","Middle",24578,60,145
"Medium","Poland",616,"2020-2024","EU","Female","65+","e6","High",9284,85,145
"Medium","Poland",616,"2020-2024","EU","Male","0-19","e4","Low",40107,1576,1171
"Medium","Poland",616,"2020-2024","EU","Male","0-19","e5","Middle",898,621,592
"Medium","Poland",616,"2020-2024","EU","Male","0-19","e6","High",32,229,180
"Medium","Poland",616,"2020-2024","EU","Male","20-39","e4","Low",1417,423,103
"Medium","Poland",616,"2020-2024","EU","Male","20-39","e5","Middle",8901,818,973
"Medium","Poland",616,"2020-2024","EU","Male","20-39","e6","High",12047,1146,1796
"Medium","Poland",616,"2020-2024","EU","Male","40-64","e4","Low",722,196,85
"Medium","Poland",616,"2020-2024","EU","Male","40-64","e5","Middle",5663,338,698
"Medium","Poland",616,"2020-2024","EU","Male","40-64","e6","High",6003,404,596
"Medium","Poland",616,"2020-2024","EU","Male","65+","e4","Low",6661,30,37
"Medium","Poland",616,"2020-2024","EU","Male","65+","e5","Middle",18431,47,141
"Medium","Poland",616,"2020-2024","EU","Male","65+","e6","High",6951,69,112
"Medium","Poland",616,"2020-2024","NAT","Female","0-19","e4","Low",3441421,12259,8355
"Medium","Poland",616,"2020-2024","NAT","Female","0-19","e5","Middle",194397,6025,4436
"Medium","Poland",616,"2020-2024","NAT","Female","0-19","e6","High",4098,3320,3326
"Medium","Poland",616,"2020-2024","NAT","Female","20-39","e4","Low",243850,6316,1131
"Medium","Poland",616,"2020-2024","NAT","Female","20-39","e5","Middle",2158795,11832,12890
"Medium","Poland",616,"2020-2024","NAT","Female","20-39","e6","High",2706278,24775,40009
"Medium","Poland",616,"2020-2024","NAT","Female","40-64","e4","Low",516920,5347,2133
"Medium","Poland",616,"2020-2024","NAT","Female","40-64","e5","Middle",3686669,7351,11943
"Medium","Poland",616,"2020-2024","NAT","Female","40-64","e6","High",2372992,10612,17588
"Medium","Poland",616,"2020-2024","NAT","Female","65+","e4","Low",1267419,1139,1761
"Medium","Poland",616,"2020-2024","NAT","Female","65+","e5","Middle",2077904,1455,3463
"Medium","Poland",616,"2020-2024","NAT","Female","65+","e6","High",686247,1598,2762
"Medium","Poland",616,"2020-2024","NAT","Male","0-19","e4","Low",3672405,12773,9255
"Medium","Poland",616,"2020-2024","NAT","Male","0-19","e5","Middle",165979,5552,4912
"Medium","Poland",616,"2020-2024","NAT","Male","0-19","e6","High",2568,2074,1636
"Medium","Poland",616,"2020-2024","NAT","Male","20-39","e4","Low",459772,7782,2189
"Medium","Poland",616,"2020-2024","NAT","Male","20-39","e5","Middle",3074552,12813,16663
"Medium","Poland",616,"2020-2024","NAT","Male","20-39","e6","High",1719362,17339,29199
"Medium","Poland",616,"2020-2024","NAT","Male","40-64","e4","Low",588514,5310,2307
"Medium","Poland",616,"2020-2024","NAT","Male","40-64","e5","Middle",4340441,6751,13842
"Medium","Poland",616,"2020-2024","NAT","Male","40-64","e6","High",1440181,7230,11324
"Medium","Poland",616,"2020-2024","NAT","Male","65+","e4","Low",560211,774,969
"Medium","Poland",616,"2020-2024","NAT","Male","65+","e5","Middle",1683229,1007,2966
"Medium","Poland",616,"2020-2024","NAT","Male","65+","e6","High",448244,1067,1771
"Medium","Poland",616,"2020-2024","NEU","Female","0-19","e4","Low",58428,7093,4747
"Medium","Poland",616,"2020-2024","NEU","Female","0-19","e5","Middle",0,3092,2250
"Medium","Poland",616,"2020-2024","NEU","Female","0-19","e6","High",0,0,0
"Medium","Poland",616,"2020-2024","NEU","Female","20-39","e4","Low",0,1476,221
"Medium","Poland",616,"2020-2024","NEU","Female","20-39","e5","Middle",0,4497,4501
"Medium","Poland",616,"2020-2024","NEU","Female","20-39","e6","High",0,0,0
"Medium","Poland",616,"2020-2024","NEU","Female","40-64","e4","Low",0,513,187
"Medium","Poland",616,"2020-2024","NEU","Female","40-64","e5","Middle",0,2170,3571
"Medium","Poland",616,"2020-2024","NEU","Female","40-64","e6","High",0,0,0
"Medium","Poland",616,"2020-2024","NEU","Female","65+","e4","Low",0,64,92
"Medium","Poland",616,"2020-2024","NEU","Female","65+","e5","Middle",0,429,1045
"Medium","Poland",616,"2020-2024","NEU","Female","65+","e6","High",0,0,0
"Medium","Poland",616,"2020-2024","NEU","Male","0-19","e4","Low",61190,7194,5148
"Medium","Poland",616,"2020-2024","NEU","Male","0-19","e5","Middle",0,2867,2480
"Medium","Poland",616,"2020-2024","NEU","Male","0-19","e6","High",0,0,0
"Medium","Poland",616,"2020-2024","NEU","Male","20-39","e4","Low",0,1698,411
"Medium","Poland",616,"2020-2024","NEU","Male","20-39","e5","Middle",0,5198,6326
"Medium","Poland",616,"2020-2024","NEU","Male","20-39","e6","High",0,0,0
"Medium","Poland",616,"2020-2024","NEU","Male","40-64","e4","Low",0,570,236
"Medium","Poland",616,"2020-2024","NEU","Male","40-64","e5","Middle",0,1773,3643
"Medium","Poland",616,"2020-2024","NEU","Male","40-64","e6","High",0,0,0
"Medium","Poland",616,"2020-2024","NEU","Male","65+","e4","Low",0,49,60
"Medium","Poland",616,"2020-2024","NEU","Male","65+","e5","Middle",0,208,626
"Medium","Poland",616,"2020-2024","NEU","Male","65+","e6","High",0,0,0
"Medium","Poland",616,"2025-2029","EU","Female","0-19","e4","Low",31619,1043,632
"Medium","Poland",616,"2025-2029","EU","Female","0-19","e5","Middle",2589,715,582
"Medium","Poland",616,"2025-2029","EU","Female","0-19","e6","High",93,316,334
"Medium","Poland",616,"2025-2029","EU","Female","20-39","e4","Low",1438,240,30
"Medium","Poland",616,"2025-2029","EU","Female","20-39","e5","Middle",6936,655,531
"Medium","Poland",616,"2025-2029","EU","Female","20-39","e6","High",11243,1630,2164
"Medium","Poland",616,"2025-2029","EU","Female","40-64","e4","Low",610,169,53
"Medium","Poland",616,"2025-2029","EU","Female","40-64","e5","Middle",2528,264,400
"Medium","Poland",616,"2025-2029","EU","Female","40-64","e6","High",4179,430,728
"Medium","Poland",616,"2025-2029","EU","Female","65+","e4","Low",11883,44,51
"Medium","Poland",616,"2025-2029","EU","Female","65+","e5","Middle",19120,66,158
"Medium","Poland",616,"2025-2029","EU","Female","65+","e6","High",7661,105,187
"Medium","Poland",616,"2025-2029","EU","Male","0-19","e4","Low",33554,1081,704
"Medium","Poland",616,"2025-2029","EU","Male","0-19","e5","Middle",2031,684,651
"Medium","Poland",616,"2025-2029","EU","Male","0-19","e6","High",75,185,154
"Medium","Poland",616,"2025-2029","EU","Male","20-39","e4","Low",2046,366,73
"Medium","Poland",616,"2025-2029","EU","Male","20-39","e5","Middle",8928,826,835
"Medium","Poland",616,"2025-2029","EU","Male","20-39","e6","High",12161,1172,1628
"Medium","Poland",616,"2025-2029","EU","Male","40-64","e4","Low",854,177,68
"Medium","Poland",616,"2025-2029","EU","Male","40-64","e5","Middle",5255,256,500
"Medium","Poland",616,"2025-2029","EU","Male","40-64","e6","High",7857,318,525
"Medium","Poland",616,"2025-2029","EU","Male","65+","e4","Low",3705,33,32
"Medium","Poland",616,"2025-2029","EU","Male","65+","e5","Middle",13471,51,153
"Medium","Poland",616,"2025-2029","EU","Male","65+","e6","High",5777,82,136
"Medium","Poland",616,"2025-2029","NAT","Female","0-19","e4","Low",2616853,9545,6164
"Medium","Poland",616,"2025-2029","NAT","Female","0-19","e5","Middle",531260,6817,5455
"Medium","Poland",616,"2025-2029","NAT","Female","0-19","e6","High",465138,4204,4667
"Medium","Poland",616,"2025-2029","NAT","Female","20-39","e4","Low",206856,4892,707
"Medium","Poland",616,"2025-2029","NAT","Female","20-39","e5","Middle",1678786,11744,10423
"Medium","Poland",616,"2025-2029","NAT","Female","20-39","e6","High",2511169,25846,35861
"Medium","Poland",616,"2025-2029","NAT","Female","40-64","e4","Low",409761,5417,1633
"Medium","Poland",616,"2025-2029","NAT","Female","40-64","e5","Middle",3289266,8041,12013
"Medium","Poland",616,"2025-2029","NAT","Female","40-64","e6","High",2890845,12516,22692
"Medium","Poland",616,"2025-2029","NAT","Female","65+","e4","Low",1025445,1233,1379
"Medium","Poland",616,"2025-2029","NAT","Female","65+","e5","Middle",2614184,1848,4429
"Medium","Poland",616,"2025-2029","NAT","Female","65+","e6","High",928961,2052,3646
"Medium","Poland",616,"2025-2029","NAT","Male","0-19","e4","Low",2808098,9926,6975
"Medium","Poland",616,"2025-2029","NAT","Male","0-19","e5","Middle",517051,6405,6169
"Medium","Poland",616,"2025-2029","NAT","Male","0-19","e6","High",491301,2817,2677
"Medium","Poland",616,"2025-2029","NAT","Male","20-39","e4","Low",428677,6318,1427
"Medium","Poland",616,"2025-2029","NAT","Male","20-39","e5","Middle",2459471,13053,14141
"Medium","Poland",616,"2025-2029","NAT","Male","20-39","e6","High",1651651,18343,26683
"Medium","Poland",616,"2025-2029","NAT","Male","40-64","e4","Low",527600,5529,2094
"Medium","Poland",616,"2025-2029","NAT","Male","40-64","e5","Middle",4096481,7560,14508
"Medium","Poland",616,"2025-2029","NAT","Male","40-64","e6","High",1819773,8304,15105
"Medium","Poland",616,"2025-2029","NAT","Male","65+","e4","Low",455498,863,813
"Medium","Poland",616,"2025-2029","NAT","Male","65+","e5","Middle",2114796,1295,3902
"Medium","Poland",616,"2025-2029","NAT","Male","65+","e6","High",547643,1282,2113
"Medium","Poland",616,"2025-2029","NEU","Female","0-19","e4","Low",59814,7797,3800
"Medium","Poland",616,"2025-2029","NEU","Female","0-19","e5","Middle",701,4423,3412
"Medium","Poland",616,"2025-2029","NEU","Female","0-19","e6","High",0,0,0
"Medium","Poland",616,"2025-2029","NEU","Female","20-39","e4","Low",2069,2187,262
"Medium","Poland",616,"2025-2029","NEU","Female","20-39","e5","Middle",489,4843,3972
"Medium","Poland",616,"2025-2029","NEU","Female","20-39","e6","High",0,0,0
"Medium","Poland",616,"2025-2029","NEU","Female","40-64","e4","Low",437,647,190
"Medium","Poland",616,"2025-2029","NEU","Female","40-64","e5","Middle",0,1871,2813
"Medium","Poland",616,"2025-2029","NEU","Female","40-64","e6","High",0,0,0
"Medium","Poland",616,"2025-2029","NEU","Female","65+","e4","Low",7,82,92
"Medium","Poland",616,"2025-2029","NEU","Female","65+","e5","Middle",0,491,1178
"Medium","Poland",616,"2025-2029","NEU","Female","65+","e6","High",0,0,0
"Medium","Poland",616,"2025-2029","NEU","Male","0-19","e4","Low",62445,7823,4186
"Medium","Poland",616,"2025-2029","NEU","Male","0-19","e5","Middle",607,4181,3717
"Medium","Poland",616,"2025-2029","NEU","Male","0-19","e6","High",0,0,0
"Medium","Poland",616,"2025-2029","NEU","Male","20-39","e4","Low",1912,2307,449
"Medium","Poland",616,"2025-2029","NEU","Male","20-39","e5","Middle",0,5387,5536
"Medium","Poland",616,"2025-2029","NEU","Male","20-39","e6","High",0,0,0
"Medium","Poland",616,"2025-2029","NEU","Male","40-64","e4","Low",447,667,251
"Medium","Poland",616,"2025-2029","NEU","Male","40-64","e5","Middle",0,1537,2952
"Medium","Poland",616,"2025-2029","NEU","Male","40-64","e6","High",0,0,0
"Medium","Poland",616,"2025-2029","NEU","Male","65+","e4","Low",8,65,61
"Medium","Poland",616,"2025-2029","NEU","Male","65+","e5","Middle",0,235,707
"Medium","Poland",616,"2025-2029","NEU","Male","65+","e6","High",0,0,0
"Medium","Poland",616,"2030-2034","EU","Female","0-19","e4","Low",19540,830,441
"Medium","Poland",616,"2030-2034","EU","Female","0-19","e5","Middle",2934,888,660
"Medium","Poland",616,"2030-2034","EU","Female","0-19","e6","High",107,349,336
"Medium","Poland",616,"2030-2034","EU","Female","20-39","e4","Low",1434,192,20
"Medium","Poland",616,"2030-2034","EU","Female","20-39","e5","Middle",10329,649,460
"Medium","Poland",616,"2030-2034","EU","Female","20-39","e6","High",14583,1602,2008
"Medium","Poland",616,"2030-2034","EU","Female","40-64","e4","Low",1105,147,40
"Medium","Poland",616,"2030-2034","EU","Female","40-64","e5","Middle",3500,215,300
"Medium","Poland",616,"2030-2034","EU","Female","40-64","e6","High",6806,367,647
"Medium","Poland",616,"2030-2034","EU","Female","65+","e4","Low",7197,42,28
"Medium","Poland",616,"2030-2034","EU","Female","65+","e5","Middle",13599,64,127
"Medium","Poland",616,"2030-2034","EU","Female","65+","e6","High",5872,108,173
"Medium","Poland",616,"2030-2034","EU","Male","0-19","e4","Low",21185,859,497
"Medium","Poland",616,"2030-2034","EU","Male","0-19","e5","Middle",2341,859,739
"Medium","Poland",616,"2030-2034","EU","Male","0-19","e6","High",89,209,158
"Medium","Poland",616,"2030-2034","EU","Male","20-39","e4","Low",2414,295,49
"Medium","Poland",616,"2030-2034","EU","Male","20-39","e5","Middle",12568,798,734
"Medium","Poland",616,"2030-2034","EU","Male","20-39","e6","High",13214,1130,1480
"Medium","Poland",616,"2030-2034","EU","Male","40-64","e4","Low",1338,161,58
"Medium","Poland",616,"2030-2034","EU","Male","40-64","e5","Middle",6220,210,377
"Medium","Poland",616,"2030-2034","EU","Male","40-64","e6","High",11208,269,488
"Medium","Poland",616,"2030-2034","EU","Male","65+","e4","Low",1923,33,19
"Medium","Poland",616,"2030-2034","EU","Male","65+","e5","Middle",9284,48,124
"Medium","Poland",616,"2030-2034","EU","Male","65+","e6","High",4858,78,112
"Medium","Poland",616,"2030-2034","NAT","Female","0-19","e4","Low",1727242,5660,3573
"Medium","Poland",616,"2030-2034","NAT","Female","0-19","e5","Middle",770855,7217,5502
"Medium","Poland",616,"2030-2034","NAT","Female","0-19","e6","High",918243,4936,5293
"Medium","Poland",616,"2030-2034","NAT","Female","20-39","e4","Low",166805,3549,397
"Medium","Poland",616,"2030-2034","NAT","Female","20-39","e5","Middle",1391727,11763,8632
"Medium","Poland",616,"2030-2034","NAT","Female","20-39","e6","High",2394712,27396,34585
"Medium","Poland",616,"2030-2034","NAT","Female","40-64","e4","Low",373589,5282,1364
"Medium","Poland",616,"2030-2034","NAT","Female","40-64","e5","Middle",2966857,8767,11786
"Medium","Poland",616,"2030-2034","NAT","Female","40-64","e6","High",3361427,14474,26625
"Medium","Poland",616,"2030-2034","NAT","Female","65+","e4","Low",821493,1331,896
"Medium","Poland",616,"2030-2034","NAT","Female","65+","e5","Middle",2951198,2250,4510
"Medium","Poland",616,"2030-2034","NAT","Female","65+","e6","High",1139426,2570,4150
"Medium","Poland",616,"2030-2034","NAT","Male","0-19","e4","Low",1870327,5831,4162
"Medium","Poland",616,"2030-2034","NAT","Male","0-19","e5","Middle",773229,6889,6286
"Medium","Poland",616,"2030-2034","NAT","Male","0-19","e6","High",972309,3485,3433
"Medium","Poland",616,"2030-2034","NAT","Male","20-39","e4","Low",379104,4948,855
"Medium","Poland",616,"2030-2034","NAT","Male","20-39","e5","Middle",2061460,13357,12580
"Medium","Poland",616,"2030-2034","NAT","Male","20-39","e6","High",1664464,19575,25880
"Medium","Poland",616,"2030-2034","NAT","Male","40-64","e4","Low",536842,5479,1948
"Medium","Poland",616,"2030-2034","NAT","Male","40-64","e5","Middle",3885424,8327,14505
"Medium","Poland",616,"2030-2034","NAT","Male","40-64","e6","High",2149125,9432,18231
"Medium","Poland",616,"2030-2034","NAT","Male","65+","e4","Low",373475,976,575
"Medium","Poland",616,"2030-2034","NAT","Male","65+","e5","Middle",2398049,1576,4110
"Medium","Poland",616,"2030-2034","NAT","Male","65+","e6","High",634291,1552,2245
"Medium","Poland",616,"2030-2034","NEU","Female","0-19","e4","Low",40398,8871,2839
"Medium","Poland",616,"2030-2034","NEU","Female","0-19","e5","Middle",970,6009,4381
"Medium","Poland",616,"2030-2034","NEU","Female","0-19","e6","High",0,0,0
"Medium","Poland",616,"2030-2034","NEU","Female","20-39","e4","Low",27028,2873,291
"Medium","Poland",616,"2030-2034","NEU","Female","20-39","e5","Middle",2141,5284,3733
"Medium","Poland",616,"2030-2034","NEU","Female","20-39","e6","High",0,0,0
"Medium","Poland",616,"2030-2034","NEU","Female","40-64","e4","Low",1147,838,212
"Medium","Poland",616,"2030-2034","NEU","Female","40-64","e5","Middle",0,1664,2259
"Medium","Poland",616,"2030-2034","NEU","Female","40-64","e6","High",0,0,0
"Medium","Poland",616,"2030-2034","NEU","Female","65+","e4","Low",85,103,65
"Medium","Poland",616,"2030-2034","NEU","Female","65+","e5","Middle",0,449,888
"Medium","Poland",616,"2030-2034","NEU","Female","65+","e6","High",0,0,0
"Medium","Poland",616,"2030-2034","NEU","Male","0-19","e4","Low",42190,8865,3203
"Medium","Poland",616,"2030-2034","NEU","Male","0-19","e5","Middle",834,5757,4800
"Medium","Poland",616,"2030-2034","NEU","Male","0-19","e6","High",0,0,0
"Medium","Poland",616,"2030-2034","NEU","Male","20-39","e4","Low",27163,2867,464
"Medium","Poland",616,"2030-2034","NEU","Male","20-39","e5","Middle",447,5679,5240
"Medium","Poland",616,"2030-2034","NEU","Male","20-39","e6","High",0,0,0
"Medium","Poland",616,"2030-2034","NEU","Male","40-64","e4","Low",1143,839,295
"Medium","Poland",616,"2030-2034","NEU","Male","40-64","e5","Middle",0,1433,2482
"Medium","Poland",616,"2030-2034","NEU","Male","40-64","e6","High",0,0,0
"Medium","Poland",616,"2030-2034","NEU","Male","65+","e4","Low",81,83,47
"Medium","Poland",616,"2030-2034","NEU","Male","65+","e5","Middle",0,218,560
"Medium","Poland",616,"2030-2034","NEU","Male","65+","e6","High",0,0,0
"Medium","Poland",616,"2035-2039","EU","Female","0-19","e4","Low",7300,653,352
"Medium","Poland",616,"2035-2039","EU","Female","0-19","e5","Middle",1986,900,628
"Medium","Poland",616,"2035-2039","EU","Female","0-19","e6","High",70,382,362
"Medium","Poland",616,"2035-2039","EU","Female","20-39","e4","Low",1726,137,12
"Medium","Poland",616,"2035-2039","EU","Female","20-39","e5","Middle",11826,623,383
"Medium","Poland",616,"2035-2039","EU","Female","20-39","e6","High",21854,1617,1891
"Medium","Poland",616,"2035-2039","EU","Female","40-64","e4","Low",1299,131,30
"Medium","Poland",616,"2035-2039","EU","Female","40-64","e5","Middle",4165,203,243
"Medium","Poland",616,"2035-2039","EU","Female","40-64","e6","High",9459,371,643
"Medium","Poland",616,"2035-2039","EU","Female","65+","e4","Low",3731,49,20
"Medium","Poland",616,"2035-2039","EU","Female","65+","e5","Middle",8433,67,110
"Medium","Poland",616,"2035-2039","EU","Female","65+","e6","High",4142,116,164
"Medium","Poland",616,"2035-2039","EU","Male","0-19","e4","Low",8082,673,400
"Medium","Poland",616,"2035-2039","EU","Male","0-19","e5","Middle",1584,875,711
"Medium","Poland",616,"2035-2039","EU","Male","0-19","e6","High",58,233,173
"Medium","Poland",616,"2035-2039","EU","Male","20-39","e4","Low",2938,218,31
"Medium","Poland",616,"2035-2039","EU","Male","20-39","e5","Middle",15144,761,638
"Medium","Poland",616,"2035-2039","EU","Male","20-39","e6","High",18371,1117,1363
"Medium","Poland",616,"2035-2039","EU","Male","40-64","e4","Low",1656,154,48
"Medium","Poland",616,"2035-2039","EU","Male","40-64","e5","Middle",6624,203,313
"Medium","Poland",616,"2035-2039","EU","Male","40-64","e6","High",13911,273,509
"Medium","Poland",616,"2035-2039","EU","Male","65+","e4","Low",977,41,16
"Medium","Poland",616,"2035-2039","EU","Male","65+","e5","Middle",5874,49,106
"Medium","Poland",616,"2035-2039","EU","Male","65+","e6","High",4178,82,106
"Medium","Poland",616,"2035-2039","NAT","Female","0-19","e4","Low",860722,4612,2778
"Medium","Poland",616,"2035-2039","NAT","Female","0-19","e5","Middle",974693,6860,4927
"Medium","Poland",616,"2035-2039","NAT","Female","0-19","e6","High",1367974,4892,5051
"Medium","Poland",616,"2035-2039","NAT","Female","20-39","e4","Low",135855,2460,221
"Medium","Poland",616,"2035-2039","NAT","Female","20-39","e5","Middle",1195190,11758,7299
"Medium","Poland",616,"2035-2039","NAT","Female","20-39","e6","High",2351485,29092,33911
"Medium","Poland",616,"2035-2039","NAT","Female","40-64","e4","Low",337817,4812,1081
"Medium","Poland",616,"2035-2039","NAT","Female","40-64","e5","Middle",2603820,9240,11077
"Medium","Poland",616,"2035-2039","NAT","Female","40-64","e6","High",3782018,16133,28898
"Medium","Poland",616,"2035-2039","NAT","Female","65+","e4","Low",658326,1397,589
"Medium","Poland",616,"2035-2039","NAT","Female","65+","e5","Middle",3094691,2415,4003
"Medium","Poland",616,"2035-2039","NAT","Female","65+","e6","High",1340509,2987,4228
"Medium","Poland",616,"2035-2039","NAT","Male","0-19","e4","Low",953884,4749,3272
"Medium","Poland",616,"2035-2039","NAT","Male","0-19","e5","Middle",988184,6579,5724
"Medium","Poland",616,"2035-2039","NAT","Male","0-19","e6","High",1450070,3453,3238
"Medium","Poland",616,"2035-2039","NAT","Male","20-39","e4","Low",344750,3779,534
"Medium","Poland",616,"2035-2039","NAT","Male","20-39","e5","Middle",1804342,13599,11399
"Medium","Poland",616,"2035-2039","NAT","Male","20-39","e6","High",1699513,20803,25349
"Medium","Poland",616,"2035-2039","NAT","Male","40-64","e4","Low",534795,5070,1651
"Medium","Poland",616,"2035-2039","NAT","Male","40-64","e5","Middle",3566885,8800,13827
"Medium","Poland",616,"2035-2039","NAT","Male","40-64","e6","High",2484238,10390,20224
"Medium","Poland",616,"2035-2039","NAT","Male","65+","e4","Low",318211,1070,432
"Medium","Poland",616,"2035-2039","NAT","Male","65+","e5","Middle",2508966,1733,3780
"Medium","Poland",616,"2035-2039","NAT","Male","65+","e6","High",721500,1767,2301
"Medium","Poland",616,"2035-2039","NEU","Female","0-19","e4","Low",19220,9433,2854
"Medium","Poland",616,"2035-2039","NEU","Female","0-19","e5","Middle",1369,6476,4462
"Medium","Poland",616,"2035-2039","NEU","Female","0-19","e6","High",0,0,0
"Medium","Poland",616,"2035-2039","NEU","Female","20-39","e4","Low",55750,3474,300
"Medium","Poland",616,"2035-2039","NEU","Female","20-39","e5","Middle",4841,5996,3663
"Medium","Poland",616,"2035-2039","NEU","Female","20-39","e6","High",0,0,0
"Medium","Poland",616,"2035-2039","NEU","Female","40-64","e4","Low",2547,1164,239
"Medium","Poland",616,"2035-2039","NEU","Female","40-64","e5","Middle",77,1727,2026
"Medium","Poland",616,"2035-2039","NEU","Female","40-64","e6","High",0,0,0
"Medium","Poland",616,"2035-2039","NEU","Female","65+","e4","Low",326,166,67
"Medium","Poland",616,"2035-2039","NEU","Female","65+","e5","Middle",0,401,662
"Medium","Poland",616,"2035-2039","NEU","Female","65+","e6","High",0,0,0
"Medium","Poland",616,"2035-2039","NEU","Male","0-19","e4","Low",19809,9359,3249
"Medium","Poland",616,"2035-2039","NEU","Male","0-19","e5","Middle",1195,6210,4906
"Medium","Poland",616,"2035-2039","NEU","Male","0-19","e6","High",0,0,0
"Medium","Poland",616,"2035-2039","NEU","Male","20-39","e4","Low",56307,3401,470
"Medium","Poland",616,"2035-2039","NEU","Male","20-39","e5","Middle",1553,6305,5290
"Medium","Poland",616,"2035-2039","NEU","Male","20-39","e6","High",0,0,0
"Medium","Poland",616,"2035-2039","NEU","Male","40-64","e4","Low",2474,1126,341
"Medium","Poland",616,"2035-2039","NEU","Male","40-64","e5","Middle",0,1538,2307
"Medium","Poland",616,"2035-2039","NEU","Male","40-64","e6","High",0,0,0
"Medium","Poland",616,"2035-2039","NEU","Male","65+","e4","Low",278,131,52
"Medium","Poland",616,"2035-2039","NEU","Male","65+","e5","Middle",0,203,439
"Medium","Poland",616,"2035-2039","NEU","Male","65+","e6","High",0,0,0
"Medium","Poland",616,"2040-2044","EU","Female","0-19","e4","Low",644,0,0
"Medium","Poland",616,"2040-2044","EU","Female","0-19","e5","Middle",320,0,0
"Medium","Poland",616,"2040-2044","EU","Female","0-19","e6","High",3,0,0
"Medium","Poland",616,"2040-2044","EU","Female","20-39","e4","Low",1760,0,0
"Medium","Poland",616,"2040-2044","EU","Female","20-39","e5","Middle",9691,0,0
"Medium","Poland",616,"2040-2044","EU","Female","20-39","e6","High",29204,0,0
"Medium","Poland",616,"2040-2044","EU","Female","40-64","e4","Low",1447,0,0
"Medium","Poland",616,"2040-2044","EU","Female","40-64","e5","Middle",4426,0,0
"Medium","Poland",616,"2040-2044","EU","Female","40-64","e6","High",11388,0,0
"Medium","Poland",616,"2040-2044","EU","Female","65+","e4","Low",1720,0,0
"Medium","Poland",616,"2040-2044","EU","Female","65+","e5","Middle",4674,0,0
"Medium","Poland",616,"2040-2044","EU","Female","65+","e6","High",2921,0,0
"Medium","Poland",616,"2040-2044","EU","Male","0-19","e4","Low",655,0,0
"Medium","Poland",616,"2040-2044","EU","Male","0-19","e5","Middle",278,0,0
"Medium","Poland",616,"2040-2044","EU","Male","0-19","e6","High",2,0,0
"Medium","Poland",616,"2040-2044","EU","Male","20-39","e4","Low",3048,0,0
"Medium","Poland",616,"2040-2044","EU","Male","20-39","e5","Middle",13015,0,0
"Medium","Poland",616,"2040-2044","EU","Male","20-39","e6","High",25648,0,0
"Medium","Poland",616,"2040-2044","EU","Male","40-64","e4","Low",1828,0,0
"Medium","Poland",616,"2040-2044","EU","Male","40-64","e5","Middle",6399,0,0
"Medium","Poland",616,"2040-2044","EU","Male","40-64","e6","High",15082,0,0
"Medium","Poland",616,"2040-2044","EU","Male","65+","e4","Low",629,0,0
"Medium","Poland",616,"2040-2044","EU","Male","65+","e5","Middle",3815,0,0
"Medium","Poland",616,"2040-2044","EU","Male","65+","e6","High",3928,0,0
"Medium","Poland",616,"2040-2044","NAT","Female","0-19","e4","Low",784455,0,0
"Medium","Poland",616,"2040-2044","NAT","Female","0-19","e5","Middle",814390,0,0
"Medium","Poland",616,"2040-2044","NAT","Female","0-19","e6","High",1386178,0,0
"Medium","Poland",616,"2040-2044","NAT","Female","20-39","e4","Low",121709,0,0
"Medium","Poland",616,"2040-2044","NAT","Female","20-39","e5","Middle",1081570,0,0
"Medium","Poland",616,"2040-2044","NAT","Female","20-39","e6","High",2441099,0,0
"Medium","Poland",616,"2040-2044","NAT","Female","40-64","e4","Low",293471,0,0
"Medium","Poland",616,"2040-2044","NAT","Female","40-64","e5","Middle",2142563,0,0
"Medium","Poland",616,"2040-2044","NAT","Female","40-64","e6","High",3955195,0,0
"Medium","Poland",616,"2040-2044","NAT","Female","65+","e4","Low",532025,0,0
"Medium","Poland",616,"2040-2044","NAT","Female","65+","e5","Middle",3158695,0,0
"Medium","Poland",616,"2040-2044","NAT","Female","65+","e6","High",1644924,0,0
"Medium","Poland",616,"2040-2044","NAT","Male","0-19","e4","Low",871945,0,0
"Medium","Poland",616,"2040-2044","NAT","Male","0-19","e5","Middle",822866,0,0
"Medium","Poland",616,"2040-2044","NAT","Male","0-19","e6","High",1470886,0,0
"Medium","Poland",616,"2040-2044","NAT","Male","20-39","e4","Low",339194,0,0
"Medium","Poland",616,"2040-2044","NAT","Male","20-39","e5","Middle",1640476,0,0
"Medium","Poland",616,"2040-2044","NAT","Male","20-39","e6","High",1835254,0,0
"Medium","Poland",616,"2040-2044","NAT","Male","40-64","e4","Low",503940,0,0
"Medium","Poland",616,"2040-2044","NAT","Male","40-64","e5","Middle",3088883,0,0
"Medium","Poland",616,"2040-2044","NAT","Male","40-64","e6","High",2668760,0,0
"Medium","Poland",616,"2040-2044","NAT","Male","65+","e4","Low",287895,0,0
"Medium","Poland",616,"2040-2044","NAT","Male","65+","e5","Middle",2590244,0,0
"Medium","Poland",616,"2040-2044","NAT","Male","65+","e6","High",887984,0,0
"Medium","Poland",616,"2040-2044","NEU","Female","0-19","e4","Low",12087,0,0
"Medium","Poland",616,"2040-2044","NEU","Female","0-19","e5","Middle",1913,0,0
"Medium","Poland",616,"2040-2044","NEU","Female","0-19","e6","High",0,0,0
"Medium","Poland",616,"2040-2044","NEU","Female","20-39","e4","Low",70052,0,0
"Medium","Poland",616,"2040-2044","NEU","Female","20-39","e5","Middle",7424,0,0
"Medium","Poland",616,"2040-2044","NEU","Female","20-39","e6","High",0,0,0
"Medium","Poland",616,"2040-2044","NEU","Female","40-64","e4","Low",5530,0,0
"Medium","Poland",616,"2040-2044","NEU","Female","40-64","e5","Middle",1368,0,0
"Medium","Poland",616,"2040-2044","NEU","Female","40-64","e6","High",0,0,0
"Medium","Poland",616,"2040-2044","NEU","Female","65+","e4","Low",792,0,0
"Medium","Poland",616,"2040-2044","NEU","Female","65+","e5","Middle",0,0,0
"Medium","Poland",616,"2040-2044","NEU","Female","65+","e6","High",0,0,0
"Medium","Poland",616,"2040-2044","NEU","Male","0-19","e4","Low",12203,0,0
"Medium","Poland",616,"2040-2044","NEU","Male","0-19","e5","Middle",1739,0,0
"Medium","Poland",616,"2040-2044","NEU","Male","0-19","e6","High",0,0,0
"Medium","Poland",616,"2040-2044","NEU","Male","20-39","e4","Low",70240,0,0
"Medium","Poland",616,"2040-2044","NEU","Male","20-39","e5","Middle",3120,0,0
"Medium","Poland",616,"2040-2044","NEU","Male","20-39","e6","High",0,0,0
"Medium","Poland",616,"2040-2044","NEU","Male","40-64","e4","Low",5109,0,0
"Medium","Poland",616,"2040-2044","NEU","Male","40-64","e5","Middle",199,0,0
"Medium","Poland",616,"2040-2044","NEU","Male","40-64","e6","High",0,0,0
"Medium","Poland",616,"2040-2044","NEU","Male","65+","e4","Low",612,0,0
"Medium","Poland",616,"2040-2044","NEU","Male","65+","e5","Middle",0,0,0
"Medium","Poland",616,"2040-2044","NEU","Male","65+","e6","High",0,0,0
"Medium","Portugal",620,"2020-2024","EU","Female","0-19","e4","Low",10870,1013,509
"Medium","Portugal",620,"2020-2024","EU","Female","0-19","e5","Middle",1102,751,683
"Medium","Portugal",620,"2020-2024","EU","Female","0-19","e6","High",7,375,765
"Medium","Portugal",620,"2020-2024","EU","Female","20-39","e4","Low",4802,263,113
"Medium","Portugal",620,"2020-2024","EU","Female","20-39","e5","Middle",10019,989,750
"Medium","Portugal",620,"2020-2024","EU","Female","20-39","e6","High",15769,2869,4000
"Medium","Portugal",620,"2020-2024","EU","Female","40-64","e4","Low",14411,631,437
"Medium","Portugal",620,"2020-2024","EU","Female","40-64","e5","Middle",19385,510,387
"Medium","Portugal",620,"2020-2024","EU","Female","40-64","e6","High",25093,801,1081
"Medium","Portugal",620,"2020-2024","EU","Female","65+","e4","Low",5078,321,285
"Medium","Portugal",620,"2020-2024","EU","Female","65+","e5","Middle",2164,121,35
"Medium","Portugal",620,"2020-2024","EU","Female","65+","e6","High",2024,155,128
"Medium","Portugal",620,"2020-2024","EU","Male","0-19","e4","Low",11427,1194,692
"Medium","Portugal",620,"2020-2024","EU","Male","0-19","e5","Middle",1046,771,879
"Medium","Portugal",620,"2020-2024","EU","Male","0-19","e6","High",8,240,455
"Medium","Portugal",620,"2020-2024","EU","Male","20-39","e4","Low",5943,481,336
"Medium","Portugal",620,"2020-2024","EU","Male","20-39","e5","Middle",9660,1209,1029
"Medium","Portugal",620,"2020-2024","EU","Male","20-39","e6","High",9280,1949,3099
"Medium","Portugal",620,"2020-2024","EU","Male","40-64","e4","Low",17526,651,598
"Medium","Portugal",620,"2020-2024","EU","Male","40-64","e5","Middle",16652,585,437
"Medium","Portugal",620,"2020-2024","EU","Male","40-64","e6","High",15893,578,878
"Medium","Portugal",620,"2020-2024","EU","Male","65+","e4","Low",4793,203,248
"Medium","Portugal",620,"2020-2024","EU","Male","65+","e5","Middle",2162,106,47
"Medium","Portugal",620,"2020-2024","EU","Male","65+","e6","High",2940,127,140
"Medium","Portugal",620,"2020-2024","NAT","Female","0-19","e4","Low",789038,1494,768
"Medium","Portugal",620,"2020-2024","NAT","Female","0-19","e5","Middle",93318,1696,1528
"Medium","Portugal",620,"2020-2024","NAT","Female","0-19","e6","High",411,809,1649
"Medium","Portugal",620,"2020-2024","NAT","Female","20-39","e4","Low",191743,1249,568
"Medium","Portugal",620,"2020-2024","NAT","Female","20-39","e5","Middle",371340,3197,2472
"Medium","Portugal",620,"2020-2024","NAT","Female","20-39","e6","High",439122,9325,13173
"Medium","Portugal",620,"2020-2024","NAT","Female","40-64","e4","Low",903269,6208,4305
"Medium","Portugal",620,"2020-2024","NAT","Female","40-64","e5","Middle",378319,3250,2448
"Medium","Portugal",620,"2020-2024","NAT","Female","40-64","e6","High",415378,7139,9446
"Medium","Portugal",620,"2020-2024","NAT","Female","65+","e4","Low",1119174,2338,2068
"Medium","Portugal",620,"2020-2024","NAT","Female","65+","e5","Middle",61385,736,216
"Medium","Portugal",620,"2020-2024","NAT","Female","65+","e6","High",88519,1222,1007
"Medium","Portugal",620,"2020-2024","NAT","Male","0-19","e4","Low",836617,1848,1134
"Medium","Portugal",620,"2020-2024","NAT","Male","0-19","e5","Middle",85048,1727,1933
"Medium","Portugal",620,"2020-2024","NAT","Male","0-19","e6","High",816,555,1052
"Medium","Portugal",620,"2020-2024","NAT","Male","20-39","e4","Low",292882,2563,1845
"Medium","Portugal",620,"2020-2024","NAT","Male","20-39","e5","Middle",394928,3984,3360
"Medium","Portugal",620,"2020-2024","NAT","Male","20-39","e6","High",297046,7222,11657
"Medium","Portugal",620,"2020-2024","NAT","Male","40-64","e4","Low",939995,7542,6961
"Medium","Portugal",620,"2020-2024","NAT","Male","40-64","e5","Middle",326893,3766,2784
"Medium","Portugal",620,"2020-2024","NAT","Male","40-64","e6","High",269034,5529,8369
"Medium","Portugal",620,"2020-2024","NAT","Male","65+","e4","Low",774220,2072,2513
"Medium","Portugal",620,"2020-2024","NAT","Male","65+","e5","Middle",66092,694,309
"Medium","Portugal",620,"2020-2024","NAT","Male","65+","e6","High",70884,954,1050
"Medium","Portugal",620,"2020-2024","NEU","Female","0-19","e4","Low",49160,22629,10665
"Medium","Portugal",620,"2020-2024","NEU","Female","0-19","e5","Middle",6325,3765,3522
"Medium","Portugal",620,"2020-2024","NEU","Female","0-19","e6","High",44,595,1213
"Medium","Portugal",620,"2020-2024","NEU","Female","20-39","e4","Low",32803,11842,4741
"Medium","Portugal",620,"2020-2024","NEU","Female","20-39","e5","Middle",63387,6996,5242
"Medium","Portugal",620,"2020-2024","NEU","Female","20-39","e6","High",54486,5219,7262
"Medium","Portugal",620,"2020-2024","NEU","Female","40-64","e4","Low",74304,6962,4577
"Medium","Portugal",620,"2020-2024","NEU","Female","40-64","e5","Middle",69871,1394,1098
"Medium","Portugal",620,"2020-2024","NEU","Female","40-64","e6","High",75089,1309,1749
"Medium","Portugal",620,"2020-2024","NEU","Female","65+","e4","Low",29908,1053,919
"Medium","Portugal",620,"2020-2024","NEU","Female","65+","e5","Middle",9335,252,75
"Medium","Portugal",620,"2020-2024","NEU","Female","65+","e6","High",10886,252,208
"Medium","Portugal",620,"2020-2024","NEU","Male","0-19","e4","Low",51589,24916,13898
"Medium","Portugal",620,"2020-2024","NEU","Male","0-19","e5","Middle",5437,3870,4423
"Medium","Portugal",620,"2020-2024","NEU","Male","0-19","e6","High",38,493,934
"Medium","Portugal",620,"2020-2024","NEU","Male","20-39","e4","Low",40621,15937,10926
"Medium","Portugal",620,"2020-2024","NEU","Male","20-39","e5","Middle",64091,7643,6526
"Medium","Portugal",620,"2020-2024","NEU","Male","20-39","e6","High",39229,4191,6633
"Medium","Portugal",620,"2020-2024","NEU","Male","40-64","e4","Low",65432,7478,6656
"Medium","Portugal",620,"2020-2024","NEU","Male","40-64","e5","Middle",58094,1405,1101
"Medium","Portugal",620,"2020-2024","NEU","Male","40-64","e6","High",51388,882,1348
"Medium","Portugal",620,"2020-2024","NEU","Male","65+","e4","Low",17749,816,982
"Medium","Portugal",620,"2020-2024","NEU","Male","65+","e5","Middle",6862,150,67
"Medium","Portugal",620,"2020-2024","NEU","Male","65+","e6","High",8744,152,167
"Medium","Portugal",620,"2025-2029","EU","Female","0-19","e4","Low",8136,491,250
"Medium","Portugal",620,"2025-2029","EU","Female","0-19","e5","Middle",1418,1014,668
"Medium","Portugal",620,"2025-2029","EU","Female","0-19","e6","High",10,391,683
"Medium","Portugal",620,"2025-2029","EU","Female","20-39","e4","Low",3329,170,53
"Medium","Portugal",620,"2025-2029","EU","Female","20-39","e5","Middle",6808,866,617
"Medium","Portugal",620,"2025-2029","EU","Female","20-39","e6","High",10925,2960,3919
"Medium","Portugal",620,"2025-2029","EU","Female","40-64","e4","Low",15094,507,301
"Medium","Portugal",620,"2025-2029","EU","Female","40-64","e5","Middle",21536,524,412
"Medium","Portugal",620,"2025-2029","EU","Female","40-64","e6","High",29655,1010,1329
"Medium","Portugal",620,"2025-2029","EU","Female","65+","e4","Low",5438,249,207
"Medium","Portugal",620,"2025-2029","EU","Female","65+","e5","Middle",3198,150,59
"Medium","Portugal",620,"2025-2029","EU","Female","65+","e6","High",2775,183,152
"Medium","Portugal",620,"2025-2029","EU","Male","0-19","e4","Low",8585,607,368
"Medium","Portugal",620,"2025-2029","EU","Male","0-19","e5","Middle",1320,1043,851
"Medium","Portugal",620,"2025-2029","EU","Male","0-19","e6","High",11,245,397
"Medium","Portugal",620,"2025-2029","EU","Male","20-39","e4","Low",4136,341,197
"Medium","Portugal",620,"2025-2029","EU","Male","20-39","e5","Middle",7404,1114,959
"Medium","Portugal",620,"2025-2029","EU","Male","20-39","e6","High",6445,2082,3200
"Medium","Portugal",620,"2025-2029","EU","Male","40-64","e4","Low",18273,578,453
"Medium","Portugal",620,"2025-2029","EU","Male","40-64","e5","Middle",18206,622,463
"Medium","Portugal",620,"2025-2029","EU","Male","40-64","e6","High",17646,689,1033
"Medium","Portugal",620,"2025-2029","EU","Male","65+","e4","Low",5017,157,179
"Medium","Portugal",620,"2025-2029","EU","Male","65+","e5","Middle",3045,134,68
"Medium","Portugal",620,"2025-2029","EU","Male","65+","e6","High",3566,138,147
"Medium","Portugal",620,"2025-2029","NAT","Female","0-19","e4","Low",596326,853,419
"Medium","Portugal",620,"2025-2029","NAT","Female","0-19","e5","Middle",155675,1593,1226
"Medium","Portugal",620,"2025-2029","NAT","Female","0-19","e6","High",85593,1052,1681
"Medium","Portugal",620,"2025-2029","NAT","Female","20-39","e4","Low",134372,781,252
"Medium","Portugal",620,"2025-2029","NAT","Female","20-39","e5","Middle",359517,2825,2032
"Medium","Portugal",620,"2025-2029","NAT","Female","20-39","e6","High",458431,9636,12658
"Medium","Portugal",620,"2025-2029","NAT","Female","40-64","e4","Low",736831,5379,3258
"Medium","Portugal",620,"2025-2029","NAT","Female","40-64","e5","Middle",410875,3007,2335
"Medium","Portugal",620,"2025-2029","NAT","Female","40-64","e6","High",495138,7966,10319
"Medium","Portugal",620,"2025-2029","NAT","Female","65+","e4","Low",1116001,2478,2052
"Medium","Portugal",620,"2025-2029","NAT","Female","65+","e5","Middle",104102,899,355
"Medium","Portugal",620,"2025-2029","NAT","Female","65+","e6","High",120266,1626,1352
"Medium","Portugal",620,"2025-2029","NAT","Male","0-19","e4","Low",633339,1059,618
"Medium","Portugal",620,"2025-2029","NAT","Male","0-19","e5","Middle",152594,1652,1635
"Medium","Portugal",620,"2025-2029","NAT","Male","0-19","e6","High",90666,781,1121
"Medium","Portugal",620,"2025-2029","NAT","Male","20-39","e4","Low",220470,1737,1017
"Medium","Portugal",620,"2025-2029","NAT","Male","20-39","e5","Middle",413666,3527,2982
"Medium","Portugal",620,"2025-2029","NAT","Male","20-39","e6","High",327301,7296,11218
"Medium","Portugal",620,"2025-2029","NAT","Male","40-64","e4","Low",816467,6925,5533
"Medium","Portugal",620,"2025-2029","NAT","Male","40-64","e5","Middle",356359,3581,2634
"Medium","Portugal",620,"2025-2029","NAT","Male","40-64","e6","High",313429,6057,8975
"Medium","Portugal",620,"2025-2029","NAT","Male","65+","e4","Low",775251,2185,2488
"Medium","Portugal",620,"2025-2029","NAT","Male","65+","e5","Middle",98452,859,431
"Medium","Portugal",620,"2025-2029","NAT","Male","65+","e6","High",88448,1194,1276
"Medium","Portugal",620,"2025-2029","NEU","Female","0-19","e4","Low",42645,20502,8626
"Medium","Portugal",620,"2025-2029","NEU","Female","0-19","e5","Middle",6443,6428,4347
"Medium","Portugal",620,"2025-2029","NEU","Female","0-19","e6","High",41,771,1347
"Medium","Portugal",620,"2025-2029","NEU","Female","20-39","e4","Low",31464,11783,3462
"Medium","Portugal",620,"2025-2029","NEU","Female","20-39","e5","Middle",52639,8031,5664
"Medium","Portugal",620,"2025-2029","NEU","Female","20-39","e6","High",44603,6329,8382
"Medium","Portugal",620,"2025-2029","NEU","Female","40-64","e4","Low",75731,8328,4521
"Medium","Portugal",620,"2025-2029","NEU","Female","40-64","e5","Middle",77560,1960,1592
"Medium","Portugal",620,"2025-2029","NEU","Female","40-64","e6","High",83499,1911,2510
"Medium","Portugal",620,"2025-2029","NEU","Female","65+","e4","Low",37672,1227,1007
"Medium","Portugal",620,"2025-2029","NEU","Female","65+","e5","Middle",16692,368,147
"Medium","Portugal",620,"2025-2029","NEU","Female","65+","e6","High",17652,347,288
"Medium","Portugal",620,"2025-2029","NEU","Male","0-19","e4","Low",44590,22662,11443
"Medium","Portugal",620,"2025-2029","NEU","Male","0-19","e5","Middle",5536,6626,5455
"Medium","Portugal",620,"2025-2029","NEU","Male","0-19","e6","High",36,624,1012
"Medium","Portugal",620,"2025-2029","NEU","Male","20-39","e4","Low",37059,15876,9068
"Medium","Portugal",620,"2025-2029","NEU","Male","20-39","e5","Middle",54874,8895,7726
"Medium","Portugal",620,"2025-2029","NEU","Male","20-39","e6","High",32843,5283,8122
"Medium","Portugal",620,"2025-2029","NEU","Male","40-64","e4","Low",68172,9147,6780
"Medium","Portugal",620,"2025-2029","NEU","Male","40-64","e5","Middle",64641,2062,1595
"Medium","Portugal",620,"2025-2029","NEU","Male","40-64","e6","High",55805,1281,1933
"Medium","Portugal",620,"2025-2029","NEU","Male","65+","e4","Low",22737,961,1080
"Medium","Portugal",620,"2025-2029","NEU","Male","65+","e5","Middle",12519,236,120
"Medium","Portugal",620,"2025-2029","NEU","Male","65+","e6","High",13346,203,216
"Medium","Portugal",620,"2030-2034","EU","Female","0-19","e4","Low",4663,348,173
"Medium","Portugal",620,"2030-2034","EU","Female","0-19","e5","Middle",1745,1163,648
"Medium","Portugal",620,"2030-2034","EU","Female","0-19","e6","High",11,426,635
"Medium","Portugal",620,"2030-2034","EU","Female","20-39","e4","Low",2142,112,26
"Medium","Portugal",620,"2030-2034","EU","Female","20-39","e5","Middle",5334,749,492
"Medium","Portugal",620,"2030-2034","EU","Female","20-39","e6","High",8628,3045,3775
"Medium","Portugal",620,"2030-2034","EU","Female","40-64","e4","Low",15267,397,193
"Medium","Portugal",620,"2030-2034","EU","Female","40-64","e5","Middle",22091,523,400
"Medium","Portugal",620,"2030-2034","EU","Female","40-64","e6","High",31791,1261,1501
"Medium","Portugal",620,"2030-2034","EU","Female","65+","e4","Low",5869,198,160
"Medium","Portugal",620,"2030-2034","EU","Female","65+","e5","Middle",4506,170,87
"Medium","Portugal",620,"2030-2034","EU","Female","65+","e6","High",3935,213,180
"Medium","Portugal",620,"2030-2034","EU","Male","0-19","e4","Low",5007,432,257
"Medium","Portugal",620,"2030-2034","EU","Male","0-19","e5","Middle",1651,1205,823
"Medium","Portugal",620,"2030-2034","EU","Male","0-19","e6","High",13,267,375
"Medium","Portugal",620,"2030-2034","EU","Male","20-39","e4","Low",2984,238,116
"Medium","Portugal",620,"2030-2034","EU","Male","20-39","e5","Middle",6407,1003,854
"Medium","Portugal",620,"2030-2034","EU","Male","20-39","e6","High",5360,2142,3131
"Medium","Portugal",620,"2030-2034","EU","Male","40-64","e4","Low",18195,491,320
"Medium","Portugal",620,"2030-2034","EU","Male","40-64","e5","Middle",18716,637,456
"Medium","Portugal",620,"2030-2034","EU","Male","40-64","e6","High",18014,850,1195
"Medium","Portugal",620,"2030-2034","EU","Male","65+","e4","Low",5173,145,157
"Medium","Portugal",620,"2030-2034","EU","Male","65+","e5","Middle",3990,159,88
"Medium","Portugal",620,"2030-2034","EU","Male","65+","e6","High",4239,153,150
"Medium","Portugal",620,"2030-2034","NAT","Female","0-19","e4","Low",412765,432,209
"Medium","Portugal",620,"2030-2034","NAT","Female","0-19","e5","Middle",212314,1392,898
"Medium","Portugal",620,"2030-2034","NAT","Female","0-19","e6","High",176647,1249,1591
"Medium","Portugal",620,"2030-2034","NAT","Female","20-39","e4","Low",94196,493,120
"Medium","Portugal",620,"2030-2034","NAT","Female","20-39","e5","Middle",343915,2416,1626
"Medium","Portugal",620,"2030-2034","NAT","Female","20-39","e6","High",502178,10180,12674
"Medium","Portugal",620,"2030-2034","NAT","Female","40-64","e4","Low",562596,4342,2220
"Medium","Portugal",620,"2030-2034","NAT","Female","40-64","e5","Middle",415133,2824,2150
"Medium","Portugal",620,"2030-2034","NAT","Female","40-64","e6","High",544709,8743,10510
"Medium","Portugal",620,"2030-2034","NAT","Female","65+","e4","Low",1110438,2411,1953
"Medium","Portugal",620,"2030-2034","NAT","Female","65+","e5","Middle",159395,1038,531
"Medium","Portugal",620,"2030-2034","NAT","Female","65+","e6","High",163481,2009,1699
"Medium","Portugal",620,"2030-2034","NAT","Male","0-19","e4","Low",440152,545,320
"Medium","Portugal",620,"2030-2034","NAT","Male","0-19","e5","Middle",214723,1433,1182
"Medium","Portugal",620,"2030-2034","NAT","Male","0-19","e6","High",187058,980,1128
"Medium","Portugal",620,"2030-2034","NAT","Male","20-39","e4","Low",168931,1178,588
"Medium","Portugal",620,"2030-2034","NAT","Male","20-39","e5","Middle",420863,3104,2646
"Medium","Portugal",620,"2030-2034","NAT","Male","20-39","e6","High",374025,7564,11163
"Medium","Portugal",620,"2030-2034","NAT","Male","40-64","e4","Low",668299,5980,4053
"Medium","Portugal",620,"2030-2034","NAT","Male","40-64","e5","Middle",374072,3413,2429
"Medium","Portugal",620,"2030-2034","NAT","Male","40-64","e6","High",346773,6540,9200
"Medium","Portugal",620,"2030-2034","NAT","Male","65+","e4","Low",787741,2194,2392
"Medium","Portugal",620,"2030-2034","NAT","Male","65+","e5","Middle",134558,983,544
"Medium","Portugal",620,"2030-2034","NAT","Male","65+","e6","High",109270,1415,1390
"Medium","Portugal",620,"2030-2034","NEU","Female","0-19","e4","Low",33742,17463,6220
"Medium","Portugal",620,"2030-2034","NEU","Female","0-19","e5","Middle",9417,9245,5348
"Medium","Portugal",620,"2030-2034","NEU","Female","0-19","e6","High",52,1072,1597
"Medium","Portugal",620,"2030-2034","NEU","Female","20-39","e4","Low",26362,11494,2525
"Medium","Portugal",620,"2030-2034","NEU","Female","20-39","e5","Middle",47266,9301,5961
"Medium","Portugal",620,"2030-2034","NEU","Female","20-39","e6","High",38109,7603,9444
"Medium","Portugal",620,"2030-2034","NEU","Female","40-64","e4","Low",75794,9784,4164
"Medium","Portugal",620,"2030-2034","NEU","Female","40-64","e5","Middle",81253,2558,1959
"Medium","Portugal",620,"2030-2034","NEU","Female","40-64","e6","High",87253,2698,3200
"Medium","Portugal",620,"2030-2034","NEU","Female","65+","e4","Low",48023,1455,1167
"Medium","Portugal",620,"2030-2034","NEU","Female","65+","e5","Middle",27041,463,238
"Medium","Portugal",620,"2030-2034","NEU","Female","65+","e6","High",27521,451,382
"Medium","Portugal",620,"2030-2034","NEU","Male","0-19","e4","Low",35730,19374,8680
"Medium","Portugal",620,"2030-2034","NEU","Male","0-19","e5","Middle",8446,9592,6745
"Medium","Portugal",620,"2030-2034","NEU","Male","0-19","e6","High",46,863,1214
"Medium","Portugal",620,"2030-2034","NEU","Male","20-39","e4","Low",31355,15411,7411
"Medium","Portugal",620,"2030-2034","NEU","Male","20-39","e5","Middle",47352,10319,8775
"Medium","Portugal",620,"2030-2034","NEU","Male","20-39","e6","High",26758,6438,9417
"Medium","Portugal",620,"2030-2034","NEU","Male","40-64","e4","Low",70587,10884,6560
"Medium","Portugal",620,"2030-2034","NEU","Male","40-64","e5","Middle",70260,2814,2025
"Medium","Portugal",620,"2030-2034","NEU","Male","40-64","e6","High",58379,1825,2571
"Medium","Portugal",620,"2030-2034","NEU","Male","65+","e4","Low",30001,1208,1301
"Medium","Portugal",620,"2030-2034","NEU","Male","65+","e5","Middle",20343,331,184
"Medium","Portugal",620,"2030-2034","NEU","Male","65+","e6","High",19508,276,270
"Medium","Portugal",620,"2035-2039","EU","Female","0-19","e4","Low",1541,254,120
"Medium","Portugal",620,"2035-2039","EU","Female","0-19","e5","Middle",1449,991,537
"Medium","Portugal",620,"2035-2039","EU","Female","0-19","e6","High",7,436,631
"Medium","Portugal",620,"2035-2039","EU","Female","20-39","e4","Low",1434,69,12
"Medium","Portugal",620,"2035-2039","EU","Female","20-39","e5","Middle",4594,613,359
"Medium","Portugal",620,"2035-2039","EU","Female","20-39","e6","High",7241,3173,3596
"Medium","Portugal",620,"2035-2039","EU","Female","40-64","e4","Low",12871,301,118
"Medium","Portugal",620,"2035-2039","EU","Female","40-64","e5","Middle",19906,500,372
"Medium","Portugal",620,"2035-2039","EU","Female","40-64","e6","High",31002,1509,1646
"Medium","Portugal",620,"2035-2039","EU","Female","65+","e4","Low",8290,162,122
"Medium","Portugal",620,"2035-2039","EU","Female","65+","e5","Middle",7812,176,106
"Medium","Portugal",620,"2035-2039","EU","Female","65+","e6","High",7602,239,217
"Medium","Portugal",620,"2035-2039","EU","Male","0-19","e4","Low",1706,315,180
"Medium","Portugal",620,"2035-2039","EU","Male","0-19","e5","Middle",1440,1031,700
"Medium","Portugal",620,"2035-2039","EU","Male","0-19","e6","High",8,270,371
"Medium","Portugal",620,"2035-2039","EU","Male","20-39","e4","Low",2184,151,62
"Medium","Portugal",620,"2035-2039","EU","Male","20-39","e5","Middle",5888,862,700
"Medium","Portugal",620,"2035-2039","EU","Male","20-39","e6","High",4792,2216,2997
"Medium","Portugal",620,"2035-2039","EU","Male","40-64","e4","Low",15569,404,220
"Medium","Portugal",620,"2035-2039","EU","Male","40-64","e5","Middle",17271,625,437
"Medium","Portugal",620,"2035-2039","EU","Male","40-64","e6","High",16734,1013,1359
"Medium","Portugal",620,"2035-2039","EU","Male","65+","e4","Low",7381,135,134
"Medium","Portugal",620,"2035-2039","EU","Male","65+","e5","Middle",6429,168,99
"Medium","Portugal",620,"2035-2039","EU","Male","65+","e6","High",6197,164,164
"Medium","Portugal",620,"2035-2039","NAT","Female","0-19","e4","Low",234745,302,143
"Medium","Portugal",620,"2035-2039","NAT","Female","0-19","e5","Middle",278163,1109,668
"Medium","Portugal",620,"2035-2039","NAT","Female","0-19","e6","High",280027,1162,1419
"Medium","Portugal",620,"2035-2039","NAT","Female","20-39","e4","Low",66485,304,56
"Medium","Portugal",620,"2035-2039","NAT","Female","20-39","e5","Middle",319533,1970,1212
"Medium","Portugal",620,"2035-2039","NAT","Female","20-39","e6","High",526776,10298,12008
"Medium","Portugal",620,"2035-2039","NAT","Female","40-64","e4","Low",412273,3208,1354
"Medium","Portugal",620,"2035-2039","NAT","Female","40-64","e5","Middle",407282,2566,1915
"Medium","Portugal",620,"2035-2039","NAT","Female","40-64","e6","High",596321,9278,10376
"Medium","Portugal",620,"2035-2039","NAT","Female","65+","e4","Low",1070459,2340,1770
"Medium","Portugal",620,"2035-2039","NAT","Female","65+","e5","Middle",217258,1120,674
"Medium","Portugal",620,"2035-2039","NAT","Female","65+","e6","High",216354,2364,2143
"Medium","Portugal",620,"2035-2039","NAT","Male","0-19","e4","Low",253805,380,218
"Medium","Portugal",620,"2035-2039","NAT","Male","0-19","e5","Middle",285302,1147,907
"Medium","Portugal",620,"2035-2039","NAT","Male","0-19","e6","High",296852,928,1031
"Medium","Portugal",620,"2035-2039","NAT","Male","20-39","e4","Low",130203,746,320
"Medium","Portugal",620,"2035-2039","NAT","Male","20-39","e5","Middle",410310,2634,2201
"Medium","Portugal",620,"2035-2039","NAT","Male","20-39","e6","High",405128,7547,10533
"Medium","Portugal",620,"2035-2039","NAT","Male","40-64","e4","Low",530960,4816,2762
"Medium","Portugal",620,"2035-2039","NAT","Male","40-64","e5","Middle",391100,3109,2177
"Medium","Portugal",620,"2035-2039","NAT","Male","40-64","e6","High",385625,6746,9128
"Medium","Portugal",620,"2035-2039","NAT","Male","65+","e4","Low",777504,2289,2277
"Medium","Portugal",620,"2035-2039","NAT","Male","65+","e5","Middle",169331,1076,632
"Medium","Portugal",620,"2035-2039","NAT","Male","65+","e6","High",136614,1643,1648
"Medium","Portugal",620,"2035-2039","NEU","Female","0-19","e4","Low",22309,17047,5606
"Medium","Portugal",620,"2035-2039","NEU","Female","0-19","e5","Middle",10597,10151,5661
"Medium","Portugal",620,"2035-2039","NEU","Female","0-19","e6","High",44,1292,1870
"Medium","Portugal",620,"2035-2039","NEU","Female","20-39","e4","Low",23230,11158,1813
"Medium","Portugal",620,"2035-2039","NEU","Female","20-39","e5","Middle",46895,10733,5993
"Medium","Portugal",620,"2035-2039","NEU","Female","20-39","e6","High",34101,9622,10875
"Medium","Portugal",620,"2035-2039","NEU","Female","40-64","e4","Low",74613,11034,3694
"Medium","Portugal",620,"2035-2039","NEU","Female","40-64","e5","Middle",82011,3273,2383
"Medium","Portugal",620,"2035-2039","NEU","Female","40-64","e6","High",86183,3730,4028
"Medium","Portugal",620,"2035-2039","NEU","Female","65+","e4","Low",59393,1741,1288
"Medium","Portugal",620,"2035-2039","NEU","Female","65+","e5","Middle",39571,485,292
"Medium","Portugal",620,"2035-2039","NEU","Female","65+","e6","High",41295,514,465
"Medium","Portugal",620,"2035-2039","NEU","Male","0-19","e4","Low",23526,18810,7839
"Medium","Portugal",620,"2035-2039","NEU","Male","0-19","e5","Middle",9716,10530,7271
"Medium","Portugal",620,"2035-2039","NEU","Male","0-19","e6","High",38,1017,1398
"Medium","Portugal",620,"2035-2039","NEU","Male","20-39","e4","Low",27596,14785,5900
"Medium","Portugal",620,"2035-2039","NEU","Male","20-39","e5","Middle",45236,11966,9539
"Medium","Portugal",620,"2035-2039","NEU","Male","20-39","e6","High",21860,8077,10856
"Medium","Portugal",620,"2035-2039","NEU","Male","40-64","e4","Low",72346,12380,6228
"Medium","Portugal",620,"2035-2039","NEU","Male","40-64","e5","Middle",74386,3707,2570
"Medium","Portugal",620,"2035-2039","NEU","Male","40-64","e6","High",57642,2691,3592
"Medium","Portugal",620,"2035-2039","NEU","Male","65+","e4","Low",38466,1477,1440
"Medium","Portugal",620,"2035-2039","NEU","Male","65+","e5","Middle",29219,379,223
"Medium","Portugal",620,"2035-2039","NEU","Male","65+","e6","High",27857,314,315
"Medium","Portugal",620,"2040-2044","EU","Female","0-19","e4","Low",380,0,0
"Medium","Portugal",620,"2040-2044","EU","Female","0-19","e5","Middle",680,0,0
"Medium","Portugal",620,"2040-2044","EU","Female","0-19","e6","High",1,0,0
"Medium","Portugal",620,"2040-2044","EU","Female","20-39","e4","Low",1025,0,0
"Medium","Portugal",620,"2040-2044","EU","Female","20-39","e5","Middle",3511,0,0
"Medium","Portugal",620,"2040-2044","EU","Female","20-39","e6","High",7105,0,0
"Medium","Portugal",620,"2040-2044","EU","Female","40-64","e4","Low",8231,0,0
"Medium","Portugal",620,"2040-2044","EU","Female","40-64","e5","Middle",13748,0,0
"Medium","Portugal",620,"2040-2044","EU","Female","40-64","e6","High",24294,0,0
"Medium","Portugal",620,"2040-2044","EU","Female","65+","e4","Low",12369,0,0
"Medium","Portugal",620,"2040-2044","EU","Female","65+","e5","Middle",14234,0,0
"Medium","Portugal",620,"2040-2044","EU","Female","65+","e6","High",15725,0,0
"Medium","Portugal",620,"2040-2044","EU","Male","0-19","e4","Low",402,0,0
"Medium","Portugal",620,"2040-2044","EU","Male","0-19","e5","Middle",658,0,0
"Medium","Portugal",620,"2040-2044","EU","Male","0-19","e6","High",1,0,0
"Medium","Portugal",620,"2040-2044","EU","Male","20-39","e4","Low",1634,0,0
"Medium","Portugal",620,"2040-2044","EU","Male","20-39","e5","Middle",4959,0,0
"Medium","Portugal",620,"2040-2044","EU","Male","20-39","e6","High",4842,0,0
"Medium","Portugal",620,"2040-2044","EU","Male","40-64","e4","Low",10068,0,0
"Medium","Portugal",620,"2040-2044","EU","Male","40-64","e5","Middle",12780,0,0
"Medium","Portugal",620,"2040-2044","EU","Male","40-64","e6","High",12536,0,0
"Medium","Portugal",620,"2040-2044","EU","Male","65+","e4","Low",11891,0,0
"Medium","Portugal",620,"2040-2044","EU","Male","65+","e5","Middle",11049,0,0
"Medium","Portugal",620,"2040-2044","EU","Male","65+","e6","High",10198,0,0
"Medium","Portugal",620,"2040-2044","NAT","Female","0-19","e4","Low",204303,0,0
"Medium","Portugal",620,"2040-2044","NAT","Female","0-19","e5","Middle",273963,0,0
"Medium","Portugal",620,"2040-2044","NAT","Female","0-19","e6","High",308641,0,0
"Medium","Portugal",620,"2040-2044","NAT","Female","20-39","e4","Low",46125,0,0
"Medium","Portugal",620,"2040-2044","NAT","Female","20-39","e5","Middle",297569,0,0
"Medium","Portugal",620,"2040-2044","NAT","Female","20-39","e6","High",535104,0,0
"Medium","Portugal",620,"2040-2044","NAT","Female","40-64","e4","Low",294931,0,0
"Medium","Portugal",620,"2040-2044","NAT","Female","40-64","e5","Middle",388379,0,0
"Medium","Portugal",620,"2040-2044","NAT","Female","40-64","e6","High",635856,0,0
"Medium","Portugal",620,"2040-2044","NAT","Female","65+","e4","Low",996147,0,0
"Medium","Portugal",620,"2040-2044","NAT","Female","65+","e5","Middle",280983,0,0
"Medium","Portugal",620,"2040-2044","NAT","Female","65+","e6","High",293522,0,0
"Medium","Portugal",620,"2040-2044","NAT","Male","0-19","e4","Low",222306,0,0
"Medium","Portugal",620,"2040-2044","NAT","Male","0-19","e5","Middle",282792,0,0
"Medium","Portugal",620,"2040-2044","NAT","Male","0-19","e6","High",327918,0,0
"Medium","Portugal",620,"2040-2044","NAT","Male","20-39","e4","Low",95549,0,0
"Medium","Portugal",620,"2040-2044","NAT","Male","20-39","e5","Middle",397862,0,0
"Medium","Portugal",620,"2040-2044","NAT","Male","20-39","e6","High",420346,0,0
"Medium","Portugal",620,"2040-2044","NAT","Male","40-64","e4","Low",416347,0,0
"Medium","Portugal",620,"2040-2044","NAT","Male","40-64","e5","Middle",401026,0,0
"Medium","Portugal",620,"2040-2044","NAT","Male","40-64","e6","High",426126,0,0
"Medium","Portugal",620,"2040-2044","NAT","Male","65+","e4","Low",746170,0,0
"Medium","Portugal",620,"2040-2044","NAT","Male","65+","e5","Middle",211018,0,0
"Medium","Portugal",620,"2040-2044","NAT","Male","65+","e6","High",176265,0,0
"Medium","Portugal",620,"2040-2044","NEU","Female","0-19","e4","Low",18097,0,0
"Medium","Portugal",620,"2040-2044","NEU","Female","0-19","e5","Middle",8380,0,0
"Medium","Portugal",620,"2040-2044","NEU","Female","0-19","e6","High",24,0,0
"Medium","Portugal",620,"2040-2044","NEU","Female","20-39","e4","Low",21291,0,0
"Medium","Portugal",620,"2040-2044","NEU","Female","20-39","e5","Middle",47445,0,0
"Medium","Portugal",620,"2040-2044","NEU","Female","20-39","e6","High",35064,0,0
"Medium","Portugal",620,"2040-2044","NEU","Female","40-64","e4","Low",73048,0,0
"Medium","Portugal",620,"2040-2044","NEU","Female","40-64","e5","Middle",77461,0,0
"Medium","Portugal",620,"2040-2044","NEU","Female","40-64","e6","High",77092,0,0
"Medium","Portugal",620,"2040-2044","NEU","Female","65+","e4","Low",70105,0,0
"Medium","Portugal",620,"2040-2044","NEU","Female","65+","e5","Middle",53882,0,0
"Medium","Portugal",620,"2040-2044","NEU","Female","65+","e6","High",59116,0,0
"Medium","Portugal",620,"2040-2044","NEU","Male","0-19","e4","Low",18783,0,0
"Medium","Portugal",620,"2040-2044","NEU","Male","0-19","e5","Middle",7838,0,0
"Medium","Portugal",620,"2040-2044","NEU","Male","0-19","e6","High",21,0,0
"Medium","Portugal",620,"2040-2044","NEU","Male","20-39","e4","Low",25437,0,0
"Medium","Portugal",620,"2040-2044","NEU","Male","20-39","e5","Middle",44893,0,0
"Medium","Portugal",620,"2040-2044","NEU","Male","20-39","e6","High",21123,0,0
"Medium","Portugal",620,"2040-2044","NEU","Male","40-64","e4","Low",72303,0,0
"Medium","Portugal",620,"2040-2044","NEU","Male","40-64","e5","Middle",72954,0,0
"Medium","Portugal",620,"2040-2044","NEU","Male","40-64","e6","High",51267,0,0
"Medium","Portugal",620,"2040-2044","NEU","Male","65+","e4","Low",47130,0,0
"Medium","Portugal",620,"2040-2044","NEU","Male","65+","e5","Middle",39321,0,0
"Medium","Portugal",620,"2040-2044","NEU","Male","65+","e6","High",37800,0,0
"Medium","Romania",642,"2020-2024","EU","Female","0-19","e4","Low",90090,738,1342
"Medium","Romania",642,"2020-2024","EU","Female","0-19","e5","Middle",1877,262,538
"Medium","Romania",642,"2020-2024","EU","Female","0-19","e6","High",0,0,0
"Medium","Romania",642,"2020-2024","EU","Female","20-39","e4","Low",693,103,161
"Medium","Romania",642,"2020-2024","EU","Female","20-39","e5","Middle",3057,193,482
"Medium","Romania",642,"2020-2024","EU","Female","20-39","e6","High",1853,362,1100
"Medium","Romania",642,"2020-2024","EU","Female","40-64","e4","Low",205,124,327
"Medium","Romania",642,"2020-2024","EU","Female","40-64","e5","Middle",812,117,426
"Medium","Romania",642,"2020-2024","EU","Female","40-64","e6","High",769,135,432
"Medium","Romania",642,"2020-2024","EU","Female","65+","e4","Low",3579,62,335
"Medium","Romania",642,"2020-2024","EU","Female","65+","e5","Middle",1351,47,146
"Medium","Romania",642,"2020-2024","EU","Female","65+","e6","High",958,46,151
"Medium","Romania",642,"2020-2024","EU","Male","0-19","e4","Low",93891,755,1420
"Medium","Romania",642,"2020-2024","EU","Male","0-19","e5","Middle",2101,253,591
"Medium","Romania",642,"2020-2024","EU","Male","0-19","e6","High",0,0,0
"Medium","Romania",642,"2020-2024","EU","Male","20-39","e4","Low",894,153,239
"Medium","Romania",642,"2020-2024","EU","Male","20-39","e5","Middle",3122,268,705
"Medium","Romania",642,"2020-2024","EU","Male","20-39","e6","High",1703,294,919
"Medium","Romania",642,"2020-2024","EU","Male","40-64","e4","Low",410,164,344
"Medium","Romania",642,"2020-2024","EU","Male","40-64","e5","Middle",2024,132,568
"Medium","Romania",642,"2020-2024","EU","Male","40-64","e6","High",1806,144,436
"Medium","Romania",642,"2020-2024","EU","Male","65+","e4","Low",1813,63,179
"Medium","Romania",642,"2020-2024","EU","Male","65+","e5","Middle",1781,42,185
"Medium","Romania",642,"2020-2024","EU","Male","65+","e6","High",1327,57,233
"Medium","Romania",642,"2020-2024","NAT","Female","0-19","e4","Low",1775799,7649,13853
"Medium","Romania",642,"2020-2024","NAT","Female","0-19","e5","Middle",118477,3896,8520
"Medium","Romania",642,"2020-2024","NAT","Female","0-19","e6","High",0,0,0
"Medium","Romania",642,"2020-2024","NAT","Female","20-39","e4","Low",436451,4273,7594
"Medium","Romania",642,"2020-2024","NAT","Female","20-39","e5","Middle",1014785,6990,18093
"Medium","Romania",642,"2020-2024","NAT","Female","20-39","e6","High",880696,13458,42163
"Medium","Romania",642,"2020-2024","NAT","Female","40-64","e4","Low",659479,3501,9140
"Medium","Romania",642,"2020-2024","NAT","Female","40-64","e5","Middle",1853504,4389,15877
"Medium","Romania",642,"2020-2024","NAT","Female","40-64","e6","High",970369,6397,21712
"Medium","Romania",642,"2020-2024","NAT","Female","65+","e4","Low",1202822,756,4054
"Medium","Romania",642,"2020-2024","NAT","Female","65+","e5","Middle",628235,855,2680
"Medium","Romania",642,"2020-2024","NAT","Female","65+","e6","High",324464,1000,3269
"Medium","Romania",642,"2020-2024","NAT","Male","0-19","e4","Low",1858776,7945,15172
"Medium","Romania",642,"2020-2024","NAT","Male","0-19","e5","Middle",126267,3989,9949
"Medium","Romania",642,"2020-2024","NAT","Male","0-19","e6","High",0,0,0
"Medium","Romania",642,"2020-2024","NAT","Male","20-39","e4","Low",524975,5584,9440
"Medium","Romania",642,"2020-2024","NAT","Male","20-39","e5","Middle",1302558,8588,23245
"Medium","Romania",642,"2020-2024","NAT","Male","20-39","e6","High",612933,10482,33030
"Medium","Romania",642,"2020-2024","NAT","Male","40-64","e4","Low",598649,3543,7766
"Medium","Romania",642,"2020-2024","NAT","Male","40-64","e5","Middle",2022605,4302,18347
"Medium","Romania",642,"2020-2024","NAT","Male","40-64","e6","High",760356,5523,17501
"Medium","Romania",642,"2020-2024","NAT","Male","65+","e4","Low",501303,511,1443
"Medium","Romania",642,"2020-2024","NAT","Male","65+","e5","Middle",596604,614,2692
"Medium","Romania",642,"2020-2024","NAT","Male","65+","e6","High",324516,836,3387
"Medium","Romania",642,"2020-2024","NEU","Female","0-19","e4","Low",37650,3059,5216
"Medium","Romania",642,"2020-2024","NEU","Female","0-19","e5","Middle",933,743,1512
"Medium","Romania",642,"2020-2024","NEU","Female","0-19","e6","High",0,0,0
"Medium","Romania",642,"2020-2024","NEU","Female","20-39","e4","Low",2385,663,979
"Medium","Romania",642,"2020-2024","NEU","Female","20-39","e5","Middle",8439,1070,2689
"Medium","Romania",642,"2020-2024","NEU","Female","20-39","e6","High",12229,670,2047
"Medium","Romania",642,"2020-2024","NEU","Female","40-64","e4","Low",1727,242,635
"Medium","Romania",642,"2020-2024","NEU","Female","40-64","e5","Middle",4598,432,1557
"Medium","Romania",642,"2020-2024","NEU","Female","40-64","e6","High",6288,217,674
"Medium","Romania",642,"2020-2024","NEU","Female","65+","e4","Low",5385,70,373
"Medium","Romania",642,"2020-2024","NEU","Female","65+","e5","Middle",2819,156,501
"Medium","Romania",642,"2020-2024","NEU","Female","65+","e6","High",4217,97,318
"Medium","Romania",642,"2020-2024","NEU","Male","0-19","e4","Low",39369,3017,5402
"Medium","Romania",642,"2020-2024","NEU","Male","0-19","e5","Middle",1009,696,1587
"Medium","Romania",642,"2020-2024","NEU","Male","0-19","e6","High",0,0,0
"Medium","Romania",642,"2020-2024","NEU","Male","20-39","e4","Low",4196,778,1181
"Medium","Romania",642,"2020-2024","NEU","Male","20-39","e5","Middle",11013,1287,3419
"Medium","Romania",642,"2020-2024","NEU","Male","20-39","e6","High",9486,546,1709
"Medium","Romania",642,"2020-2024","NEU","Male","40-64","e4","Low",3175,298,644
"Medium","Romania",642,"2020-2024","NEU","Male","40-64","e5","Middle",7154,382,1619
"Medium","Romania",642,"2020-2024","NEU","Male","40-64","e6","High",7942,178,539
"Medium","Romania",642,"2020-2024","NEU","Male","65+","e4","Low",3584,58,159
"Medium","Romania",642,"2020-2024","NEU","Male","65+","e5","Middle",1856,90,404
"Medium","Romania",642,"2020-2024","NEU","Male","65+","e6","High",3537,73,296
"Medium","Romania",642,"2025-2029","EU","Female","0-19","e4","Low",75087,519,903
"Medium","Romania",642,"2025-2029","EU","Female","0-19","e5","Middle",4045,441,866
"Medium","Romania",642,"2025-2029","EU","Female","0-19","e6","High",4,155,411
"Medium","Romania",642,"2025-2029","EU","Female","20-39","e4","Low",2529,101,114
"Medium","Romania",642,"2025-2029","EU","Female","20-39","e5","Middle",9872,234,546
"Medium","Romania",642,"2025-2029","EU","Female","20-39","e6","High",3250,473,1367
"Medium","Romania",642,"2025-2029","EU","Female","40-64","e4","Low",81,104,234
"Medium","Romania",642,"2025-2029","EU","Female","40-64","e5","Middle",852,101,325
"Medium","Romania",642,"2025-2029","EU","Female","40-64","e6","High",803,132,425
"Medium","Romania",642,"2025-2029","EU","Female","65+","e4","Low",1578,43,188
"Medium","Romania",642,"2025-2029","EU","Female","65+","e5","Middle",723,39,145
"Medium","Romania",642,"2025-2029","EU","Female","65+","e6","High",502,24,64
"Medium","Romania",642,"2025-2029","EU","Male","0-19","e4","Low",77947,535,989
"Medium","Romania",642,"2025-2029","EU","Male","0-19","e5","Middle",4435,446,974
"Medium","Romania",642,"2025-2029","EU","Male","0-19","e6","High",4,93,193
"Medium","Romania",642,"2025-2029","EU","Male","20-39","e4","Low",3174,142,170
"Medium","Romania",642,"2025-2029","EU","Male","20-39","e5","Middle",10238,306,763
"Medium","Romania",642,"2025-2029","EU","Male","20-39","e6","High",2959,366,1057
"Medium","Romania",642,"2025-2029","EU","Male","40-64","e4","Low",166,139,275
"Medium","Romania",642,"2025-2029","EU","Male","40-64","e5","Middle",1467,110,419
"Medium","Romania",642,"2025-2029","EU","Male","40-64","e6","High",1581,129,380
"Medium","Romania",642,"2025-2029","EU","Male","65+","e4","Low",731,48,109
"Medium","Romania",642,"2025-2029","EU","Male","65+","e5","Middle",1275,33,151
"Medium","Romania",642,"2025-2029","EU","Male","65+","e6","High",886,46,154
"Medium","Romania",642,"2025-2029","NAT","Female","0-19","e4","Low",1414162,5915,10147
"Medium","Romania",642,"2025-2029","NAT","Female","0-19","e5","Middle",310110,4318,9080
"Medium","Romania",642,"2025-2029","NAT","Female","0-19","e6","High",166309,2546,6753
"Medium","Romania",642,"2025-2029","NAT","Female","20-39","e4","Low",441639,3583,4722
"Medium","Romania",642,"2025-2029","NAT","Female","20-39","e5","Middle",849867,7014,16857
"Medium","Romania",642,"2025-2029","NAT","Female","20-39","e6","High",842454,14016,40870
"Medium","Romania",642,"2025-2029","NAT","Female","40-64","e4","Low",578950,3594,8289
"Medium","Romania",642,"2025-2029","NAT","Female","40-64","e5","Middle",1651293,4625,14652
"Medium","Romania",642,"2025-2029","NAT","Female","40-64","e6","High",1102486,7385,24598
"Medium","Romania",642,"2025-2029","NAT","Female","65+","e4","Low",981741,858,3704
"Medium","Romania",642,"2025-2029","NAT","Female","65+","e5","Middle",878344,1128,4165
"Medium","Romania",642,"2025-2029","NAT","Female","65+","e6","High",367311,1343,3781
"Medium","Romania",642,"2025-2029","NAT","Male","0-19","e4","Low",1482674,6150,11222
"Medium","Romania",642,"2025-2029","NAT","Male","0-19","e5","Middle",325771,4408,10578
"Medium","Romania",642,"2025-2029","NAT","Male","0-19","e6","High",176066,1730,3782
"Medium","Romania",642,"2025-2029","NAT","Male","20-39","e4","Low",552119,4866,6378
"Medium","Romania",642,"2025-2029","NAT","Male","20-39","e5","Middle",1112691,8776,22182
"Medium","Romania",642,"2025-2029","NAT","Male","20-39","e6","High",569036,11076,31924
"Medium","Romania",642,"2025-2029","NAT","Male","40-64","e4","Low",597237,3739,7794
"Medium","Romania",642,"2025-2029","NAT","Male","40-64","e5","Middle",1873119,4640,17389
"Medium","Romania",642,"2025-2029","NAT","Male","40-64","e6","High",813426,6232,19191
"Medium","Romania",642,"2025-2029","NAT","Male","65+","e4","Low",364907,599,1351
"Medium","Romania",642,"2025-2029","NAT","Male","65+","e5","Middle",738839,831,3765
"Medium","Romania",642,"2025-2029","NAT","Male","65+","e6","High",333514,1067,3528
"Medium","Romania",642,"2025-2029","NEU","Female","0-19","e4","Low",31235,3386,4936
"Medium","Romania",642,"2025-2029","NEU","Female","0-19","e5","Middle",1468,1474,2870
"Medium","Romania",642,"2025-2029","NEU","Female","0-19","e6","High",3,292,775
"Medium","Romania",642,"2025-2029","NEU","Female","20-39","e4","Low",1960,887,970
"Medium","Romania",642,"2025-2029","NEU","Female","20-39","e5","Middle",5131,1176,2772
"Medium","Romania",642,"2025-2029","NEU","Female","20-39","e6","High",9977,822,2380
"Medium","Romania",642,"2025-2029","NEU","Female","40-64","e4","Low",1547,266,613
"Medium","Romania",642,"2025-2029","NEU","Female","40-64","e5","Middle",4908,388,1194
"Medium","Romania",642,"2025-2029","NEU","Female","40-64","e6","High",8527,208,658
"Medium","Romania",642,"2025-2029","NEU","Female","65+","e4","Low",2364,57,248
"Medium","Romania",642,"2025-2029","NEU","Female","65+","e5","Middle",1555,145,532
"Medium","Romania",642,"2025-2029","NEU","Female","65+","e6","High",3111,87,246
"Medium","Romania",642,"2025-2029","NEU","Male","0-19","e4","Low",32674,3313,5193
"Medium","Romania",642,"2025-2029","NEU","Male","0-19","e5","Middle",1548,1468,3106
"Medium","Romania",642,"2025-2029","NEU","Male","0-19","e6","High",3,189,392
"Medium","Romania",642,"2025-2029","NEU","Male","20-39","e4","Low",3442,893,1057
"Medium","Romania",642,"2025-2029","NEU","Male","20-39","e5","Middle",7168,1330,3333
"Medium","Romania",642,"2025-2029","NEU","Male","20-39","e6","High",7342,657,1893
"Medium","Romania",642,"2025-2029","NEU","Male","40-64","e4","Low",3328,313,645
"Medium","Romania",642,"2025-2029","NEU","Male","40-64","e5","Middle",7206,352,1271
"Medium","Romania",642,"2025-2029","NEU","Male","40-64","e6","High",8638,169,502
"Medium","Romania",642,"2025-2029","NEU","Male","65+","e4","Low",1686,52,118
"Medium","Romania",642,"2025-2029","NEU","Male","65+","e5","Middle",1201,75,341
"Medium","Romania",642,"2025-2029","NEU","Male","65+","e6","High",3152,57,190
"Medium","Romania",642,"2030-2034","EU","Female","0-19","e4","Low",48180,415,667
"Medium","Romania",642,"2030-2034","EU","Female","0-19","e5","Middle",4107,568,1045
"Medium","Romania",642,"2030-2034","EU","Female","0-19","e6","High",5,202,473
"Medium","Romania",642,"2030-2034","EU","Female","20-39","e4","Low",6764,102,85
"Medium","Romania",642,"2030-2034","EU","Female","20-39","e5","Middle",23346,283,610
"Medium","Romania",642,"2030-2034","EU","Female","20-39","e6","High",9317,610,1674
"Medium","Romania",642,"2030-2034","EU","Female","40-64","e4","Low",126,82,182
"Medium","Romania",642,"2030-2034","EU","Female","40-64","e5","Middle",1080,87,257
"Medium","Romania",642,"2030-2034","EU","Female","40-64","e6","High",839,111,372
"Medium","Romania",642,"2030-2034","EU","Female","65+","e4","Low",603,40,104
"Medium","Romania",642,"2030-2034","EU","Female","65+","e5","Middle",361,38,127
"Medium","Romania",642,"2030-2034","EU","Female","65+","e6","High",254,0,0
"Medium","Romania",642,"2030-2034","EU","Male","0-19","e4","Low",49714,433,744
"Medium","Romania",642,"2030-2034","EU","Male","0-19","e5","Middle",4397,585,1199
"Medium","Romania",642,"2030-2034","EU","Male","0-19","e6","High",4,124,225
"Medium","Romania",642,"2030-2034","EU","Male","20-39","e4","Low",8798,145,135
"Medium","Romania",642,"2030-2034","EU","Male","20-39","e5","Middle",24555,365,854
"Medium","Romania",642,"2030-2034","EU","Male","20-39","e6","High",8287,460,1245
"Medium","Romania",642,"2030-2034","EU","Male","40-64","e4","Low",89,109,218
"Medium","Romania",642,"2030-2034","EU","Male","40-64","e5","Middle",1243,94,330
"Medium","Romania",642,"2030-2034","EU","Male","40-64","e6","High",1420,127,385
"Medium","Romania",642,"2030-2034","EU","Male","65+","e4","Low",263,45,75
"Medium","Romania",642,"2030-2034","EU","Male","65+","e5","Middle",918,32,122
"Medium","Romania",642,"2030-2034","EU","Male","65+","e6","High",661,47,111
"Medium","Romania",642,"2030-2034","NAT","Female","0-19","e4","Low",1052010,3807,6459
"Medium","Romania",642,"2030-2034","NAT","Female","0-19","e5","Middle",433853,4789,9169
"Medium","Romania",642,"2030-2034","NAT","Female","0-19","e6","High",312022,3037,7297
"Medium","Romania",642,"2030-2034","NAT","Female","20-39","e4","Low",435350,2845,2628
"Medium","Romania",642,"2030-2034","NAT","Female","20-39","e5","Middle",660787,7006,15260
"Medium","Romania",642,"2030-2034","NAT","Female","20-39","e6","High",825000,14700,39797
"Medium","Romania",642,"2030-2034","NAT","Female","40-64","e4","Low",595546,3591,7851
"Medium","Romania",642,"2030-2034","NAT","Female","40-64","e5","Middle",1556527,4885,14024
"Medium","Romania",642,"2030-2034","NAT","Female","40-64","e6","High",1230770,8397,27708
"Medium","Romania",642,"2030-2034","NAT","Female","65+","e4","Low",765661,924,2488
"Medium","Romania",642,"2030-2034","NAT","Female","65+","e5","Middle",1058738,1346,4538
"Medium","Romania",642,"2030-2034","NAT","Female","65+","e6","High",404844,1653,3697
"Medium","Romania",642,"2030-2034","NAT","Male","0-19","e4","Low",1107117,3945,7221
"Medium","Romania",642,"2030-2034","NAT","Male","0-19","e5","Middle",455685,4898,10710
"Medium","Romania",642,"2030-2034","NAT","Male","0-19","e6","High",330426,2183,4552
"Medium","Romania",642,"2030-2034","NAT","Male","20-39","e4","Low",553678,4046,3925
"Medium","Romania",642,"2030-2034","NAT","Male","20-39","e5","Middle",899264,8890,20746
"Medium","Romania",642,"2030-2034","NAT","Male","20-39","e6","High",552012,11646,30654
"Medium","Romania",642,"2030-2034","NAT","Male","40-64","e4","Low",636727,3809,7694
"Medium","Romania",642,"2030-2034","NAT","Male","40-64","e5","Middle",1839756,4987,16999
"Medium","Romania",642,"2030-2034","NAT","Male","40-64","e6","High",873099,6971,21423
"Medium","Romania",642,"2030-2034","NAT","Male","65+","e4","Low",274053,682,1134
"Medium","Romania",642,"2030-2034","NAT","Male","65+","e5","Middle",845673,997,3849
"Medium","Romania",642,"2030-2034","NAT","Male","65+","e6","High",339165,1270,3026
"Medium","Romania",642,"2030-2034","NEU","Female","0-19","e4","Low",23229,3843,4363
"Medium","Romania",642,"2030-2034","NEU","Female","0-19","e5","Middle",3059,2111,3885
"Medium","Romania",642,"2030-2034","NEU","Female","0-19","e6","High",7,453,1064
"Medium","Romania",642,"2030-2034","NEU","Female","20-39","e4","Low",1710,1191,969
"Medium","Romania",642,"2030-2034","NEU","Female","20-39","e5","Middle",3597,1404,3022
"Medium","Romania",642,"2030-2034","NEU","Female","20-39","e6","High",6394,1048,2869
"Medium","Romania",642,"2030-2034","NEU","Female","40-64","e4","Low",1442,305,657
"Medium","Romania",642,"2030-2034","NEU","Female","40-64","e5","Middle",5477,379,1039
"Medium","Romania",642,"2030-2034","NEU","Female","40-64","e6","High",10875,232,763
"Medium","Romania",642,"2030-2034","NEU","Female","65+","e4","Low",1136,57,145
"Medium","Romania",642,"2030-2034","NEU","Female","65+","e5","Middle",875,124,414
"Medium","Romania",642,"2030-2034","NEU","Female","65+","e6","High",2461,79,177
"Medium","Romania",642,"2030-2034","NEU","Male","0-19","e4","Low",24314,3758,4648
"Medium","Romania",642,"2030-2034","NEU","Male","0-19","e5","Middle",3218,2135,4311
"Medium","Romania",642,"2030-2034","NEU","Male","0-19","e6","High",6,308,557
"Medium","Romania",642,"2030-2034","NEU","Male","20-39","e4","Low",2664,1122,1031
"Medium","Romania",642,"2030-2034","NEU","Male","20-39","e5","Middle",4981,1510,3532
"Medium","Romania",642,"2030-2034","NEU","Male","20-39","e6","High",4495,832,2247
"Medium","Romania",642,"2030-2034","NEU","Male","40-64","e4","Low",3336,336,674
"Medium","Romania",642,"2030-2034","NEU","Male","40-64","e5","Middle",7505,365,1171
"Medium","Romania",642,"2030-2034","NEU","Male","40-64","e6","High",9474,197,604
"Medium","Romania",642,"2030-2034","NEU","Male","65+","e4","Low",1150,55,89
"Medium","Romania",642,"2030-2034","NEU","Male","65+","e5","Middle",1185,68,257
"Medium","Romania",642,"2030-2034","NEU","Male","65+","e6","High",3222,52,122
"Medium","Romania",642,"2035-2039","EU","Female","0-19","e4","Low",21075,331,516
"Medium","Romania",642,"2035-2039","EU","Female","0-19","e5","Middle",3623,546,945
"Medium","Romania",642,"2035-2039","EU","Female","0-19","e6","High",4,197,479
"Medium","Romania",642,"2035-2039","EU","Female","20-39","e4","Low",11433,92,60
"Medium","Romania",642,"2035-2039","EU","Female","20-39","e5","Middle",32429,323,622
"Medium","Romania",642,"2035-2039","EU","Female","20-39","e6","High",20037,761,1936
"Medium","Romania",642,"2035-2039","EU","Female","40-64","e4","Low",280,66,130
"Medium","Romania",642,"2035-2039","EU","Female","40-64","e5","Middle",1280,88,207
"Medium","Romania",642,"2035-2039","EU","Female","40-64","e6","High",909,155,457
"Medium","Romania",642,"2035-2039","EU","Female","65+","e4","Low",160,38,76
"Medium","Romania",642,"2035-2039","EU","Female","65+","e5","Middle",139,33,113
"Medium","Romania",642,"2035-2039","EU","Female","65+","e6","High",96,0,0
"Medium","Romania",642,"2035-2039","EU","Male","0-19","e4","Low",21531,346,579
"Medium","Romania",642,"2035-2039","EU","Male","0-19","e5","Middle",3720,564,1102
"Medium","Romania",642,"2035-2039","EU","Male","0-19","e6","High",4,122,224
"Medium","Romania",642,"2035-2039","EU","Male","20-39","e4","Low",15126,139,105
"Medium","Romania",642,"2035-2039","EU","Male","20-39","e5","Middle",33809,421,915
"Medium","Romania",642,"2035-2039","EU","Male","20-39","e6","High",18468,570,1418
"Medium","Romania",642,"2035-2039","EU","Male","40-64","e4","Low",290,89,163
"Medium","Romania",642,"2035-2039","EU","Male","40-64","e5","Middle",1076,96,269
"Medium","Romania",642,"2035-2039","EU","Male","40-64","e6","High",1333,141,393
"Medium","Romania",642,"2035-2039","EU","Male","65+","e4","Low",79,43,62
"Medium","Romania",642,"2035-2039","EU","Male","65+","e5","Middle",578,27,111
"Medium","Romania",642,"2035-2039","EU","Male","65+","e6","High",516,44,101
"Medium","Romania",642,"2035-2039","NAT","Female","0-19","e4","Low",710510,3144,5313
"Medium","Romania",642,"2035-2039","NAT","Female","0-19","e5","Middle",539886,4774,8827
"Medium","Romania",642,"2035-2039","NAT","Female","0-19","e6","High",454136,3148,7430
"Medium","Romania",642,"2035-2039","NAT","Female","20-39","e4","Low",439299,2152,1524
"Medium","Romania",642,"2035-2039","NAT","Female","20-39","e5","Middle",556179,6945,13727
"Medium","Romania",642,"2035-2039","NAT","Female","20-39","e6","High",833161,15499,39418
"Medium","Romania",642,"2035-2039","NAT","Female","40-64","e4","Low",592232,3432,6534
"Medium","Romania",642,"2035-2039","NAT","Female","40-64","e5","Middle",1257993,5099,12062
"Medium","Romania",642,"2035-2039","NAT","Female","40-64","e6","High",1270138,9330,27854
"Medium","Romania",642,"2035-2039","NAT","Female","65+","e4","Low",604932,996,2022
"Medium","Romania",642,"2035-2039","NAT","Female","65+","e5","Middle",1293567,1448,5054
"Medium","Romania",642,"2035-2039","NAT","Female","65+","e6","High",497347,1914,4740
"Medium","Romania",642,"2035-2039","NAT","Male","0-19","e4","Low",749180,3266,5996
"Medium","Romania",642,"2035-2039","NAT","Male","0-19","e5","Middle",565629,4895,10551
"Medium","Romania",642,"2035-2039","NAT","Male","0-19","e6","High",481071,2277,4475
"Medium","Romania",642,"2035-2039","NAT","Male","20-39","e4","Low",579811,3238,2569
"Medium","Romania",642,"2035-2039","NAT","Male","20-39","e5","Middle",774778,8943,19533
"Medium","Romania",642,"2035-2039","NAT","Male","20-39","e6","High",554432,12212,29754
"Medium","Romania",642,"2035-2039","NAT","Male","40-64","e4","Low",640640,3690,6597
"Medium","Romania",642,"2035-2039","NAT","Male","40-64","e5","Middle",1580005,5252,14905
"Medium","Romania",642,"2035-2039","NAT","Male","40-64","e6","High",882052,7679,21689
"Medium","Romania",642,"2035-2039","NAT","Male","65+","e4","Low",232552,778,1132
"Medium","Romania",642,"2035-2039","NAT","Male","65+","e5","Middle",1031275,1101,4578
"Medium","Romania",642,"2035-2039","NAT","Male","65+","e6","High",370873,1449,3336
"Medium","Romania",642,"2035-2039","NEU","Female","0-19","e4","Low",10988,4199,4248
"Medium","Romania",642,"2035-2039","NEU","Female","0-19","e5","Middle",3958,2244,3862
"Medium","Romania",642,"2035-2039","NEU","Female","0-19","e6","High",9,510,1241
"Medium","Romania",642,"2035-2039","NEU","Female","20-39","e4","Low",2112,1551,966
"Medium","Romania",642,"2035-2039","NEU","Female","20-39","e5","Middle",5748,1789,3422
"Medium","Romania",642,"2035-2039","NEU","Female","20-39","e6","High",5550,1438,3656
"Medium","Romania",642,"2035-2039","NEU","Female","40-64","e4","Low",1539,382,662
"Medium","Romania",642,"2035-2039","NEU","Female","40-64","e5","Middle",5617,435,978
"Medium","Romania",642,"2035-2039","NEU","Female","40-64","e6","High",12455,294,857
"Medium","Romania",642,"2035-2039","NEU","Female","65+","e4","Low",524,62,126
"Medium","Romania",642,"2035-2039","NEU","Female","65+","e5","Middle",409,89,304
"Medium","Romania",642,"2035-2039","NEU","Female","65+","e6","High",2111,65,155
"Medium","Romania",642,"2035-2039","NEU","Male","0-19","e4","Low",11536,4101,4546
"Medium","Romania",642,"2035-2039","NEU","Male","0-19","e5","Middle",4259,2267,4336
"Medium","Romania",642,"2035-2039","NEU","Male","0-19","e6","High",8,346,639
"Medium","Romania",642,"2035-2039","NEU","Male","20-39","e4","Low",3258,1449,1081
"Medium","Romania",642,"2035-2039","NEU","Male","20-39","e5","Middle",6671,1884,4084
"Medium","Romania",642,"2035-2039","NEU","Male","20-39","e6","High",3441,1152,2868
"Medium","Romania",642,"2035-2039","NEU","Male","40-64","e4","Low",3358,394,660
"Medium","Romania",642,"2035-2039","NEU","Male","40-64","e5","Middle",7584,423,1125
"Medium","Romania",642,"2035-2039","NEU","Male","40-64","e6","High",9950,260,713
"Medium","Romania",642,"2035-2039","NEU","Male","65+","e4","Low",927,57,83
"Medium","Romania",642,"2035-2039","NEU","Male","65+","e5","Middle",1183,52,211
"Medium","Romania",642,"2035-2039","NEU","Male","65+","e6","High",3162,44,100
"Medium","Romania",642,"2040-2044","EU","Female","0-19","e4","Low",102,0,0
"Medium","Romania",642,"2040-2044","EU","Female","0-19","e5","Middle",5,0,0
"Medium","Romania",642,"2040-2044","EU","Female","0-19","e6","High",0,0,0
"Medium","Romania",642,"2040-2044","EU","Female","20-39","e4","Low",15969,0,0
"Medium","Romania",642,"2040-2044","EU","Female","20-39","e5","Middle",38201,0,0
"Medium","Romania",642,"2040-2044","EU","Female","20-39","e6","High",31338,0,0
"Medium","Romania",642,"2040-2044","EU","Female","40-64","e4","Low",444,0,0
"Medium","Romania",642,"2040-2044","EU","Female","40-64","e5","Middle",1535,0,0
"Medium","Romania",642,"2040-2044","EU","Female","40-64","e6","High",977,0,0
"Medium","Romania",642,"2040-2044","EU","Female","65+","e4","Low",26,0,0
"Medium","Romania",642,"2040-2044","EU","Female","65+","e5","Middle",43,0,0
"Medium","Romania",642,"2040-2044","EU","Female","65+","e6","High",23,0,0
"Medium","Romania",642,"2040-2044","EU","Male","0-19","e4","Low",106,0,0
"Medium","Romania",642,"2040-2044","EU","Male","0-19","e5","Middle",0,0,0
"Medium","Romania",642,"2040-2044","EU","Male","0-19","e6","High",0,0,0
"Medium","Romania",642,"2040-2044","EU","Male","20-39","e4","Low",21336,0,0
"Medium","Romania",642,"2040-2044","EU","Male","20-39","e5","Middle",37732,0,0
"Medium","Romania",642,"2040-2044","EU","Male","20-39","e6","High",30286,0,0
"Medium","Romania",642,"2040-2044","EU","Male","40-64","e4","Low",509,0,0
"Medium","Romania",642,"2040-2044","EU","Male","40-64","e5","Middle",1099,0,0
"Medium","Romania",642,"2040-2044","EU","Male","40-64","e6","High",1386,0,0
"Medium","Romania",642,"2040-2044","EU","Male","65+","e4","Low",17,0,0
"Medium","Romania",642,"2040-2044","EU","Male","65+","e5","Middle",416,0,0
"Medium","Romania",642,"2040-2044","EU","Male","65+","e6","High",494,0,0
"Medium","Romania",642,"2040-2044","NAT","Female","0-19","e4","Low",710322,0,0
"Medium","Romania",642,"2040-2044","NAT","Female","0-19","e5","Middle",437899,0,0
"Medium","Romania",642,"2040-2044","NAT","Female","0-19","e6","High",439792,0,0
"Medium","Romania",642,"2040-2044","NAT","Female","20-39","e4","Low",454026,0,0
"Medium","Romania",642,"2040-2044","NAT","Female","20-39","e5","Middle",492495,0,0
"Medium","Romania",642,"2040-2044","NAT","Female","20-39","e6","High",846421,0,0
"Medium","Romania",642,"2040-2044","NAT","Female","40-64","e4","Low",571577,0,0
"Medium","Romania",642,"2040-2044","NAT","Female","40-64","e5","Middle",1002874,0,0
"Medium","Romania",642,"2040-2044","NAT","Female","40-64","e6","High",1274780,0,0
"Medium","Romania",642,"2040-2044","NAT","Female","65+","e4","Low",509181,0,0
"Medium","Romania",642,"2040-2044","NAT","Female","65+","e5","Middle",1412906,0,0
"Medium","Romania",642,"2040-2044","NAT","Female","65+","e6","High",610376,0,0
"Medium","Romania",642,"2040-2044","NAT","Male","0-19","e4","Low",751703,0,0
"Medium","Romania",642,"2040-2044","NAT","Male","0-19","e5","Middle",455443,0,0
"Medium","Romania",642,"2040-2044","NAT","Male","0-19","e6","High",465882,0,0
"Medium","Romania",642,"2040-2044","NAT","Male","20-39","e4","Low",615354,0,0
"Medium","Romania",642,"2040-2044","NAT","Male","20-39","e5","Middle",696910,0,0
"Medium","Romania",642,"2040-2044","NAT","Male","20-39","e6","High",564728,0,0
"Medium","Romania",642,"2040-2044","NAT","Male","40-64","e4","Low",628715,0,0
"Medium","Romania",642,"2040-2044","NAT","Male","40-64","e5","Middle",1341603,0,0
"Medium","Romania",642,"2040-2044","NAT","Male","40-64","e6","High",871874,0,0
"Medium","Romania",642,"2040-2044","NAT","Male","65+","e4","Low",239438,0,0
"Medium","Romania",642,"2040-2044","NAT","Male","65+","e5","Middle",1132232,0,0
"Medium","Romania",642,"2040-2044","NAT","Male","65+","e6","High",413629,0,0
"Medium","Romania",642,"2040-2044","NEU","Female","0-19","e4","Low",1773,0,0
"Medium","Romania",642,"2040-2044","NEU","Female","0-19","e5","Middle",124,0,0
"Medium","Romania",642,"2040-2044","NEU","Female","0-19","e6","High",0,0,0
"Medium","Romania",642,"2040-2044","NEU","Female","20-39","e4","Low",3156,0,0
"Medium","Romania",642,"2040-2044","NEU","Female","20-39","e5","Middle",8822,0,0
"Medium","Romania",642,"2040-2044","NEU","Female","20-39","e6","High",9762,0,0
"Medium","Romania",642,"2040-2044","NEU","Female","40-64","e4","Low",1394,0,0
"Medium","Romania",642,"2040-2044","NEU","Female","40-64","e5","Middle",4380,0,0
"Medium","Romania",642,"2040-2044","NEU","Female","40-64","e6","High",11135,0,0
"Medium","Romania",642,"2040-2044","NEU","Female","65+","e4","Low",252,0,0
"Medium","Romania",642,"2040-2044","NEU","Female","65+","e5","Middle",717,0,0
"Medium","Romania",642,"2040-2044","NEU","Female","65+","e6","High",2687,0,0
"Medium","Romania",642,"2040-2044","NEU","Male","0-19","e4","Low",1803,0,0
"Medium","Romania",642,"2040-2044","NEU","Male","0-19","e5","Middle",105,0,0
"Medium","Romania",642,"2040-2044","NEU","Male","0-19","e6","High",0,0,0
"Medium","Romania",642,"2040-2044","NEU","Male","20-39","e4","Low",5076,0,0
"Medium","Romania",642,"2040-2044","NEU","Male","20-39","e5","Middle",10682,0,0
"Medium","Romania",642,"2040-2044","NEU","Male","20-39","e6","High",5864,0,0
"Medium","Romania",642,"2040-2044","NEU","Male","40-64","e4","Low",3005,0,0
"Medium","Romania",642,"2040-2044","NEU","Male","40-64","e5","Middle",5948,0,0
"Medium","Romania",642,"2040-2044","NEU","Male","40-64","e6","High",8384,0,0
"Medium","Romania",642,"2040-2044","NEU","Male","65+","e4","Low",847,0,0
"Medium","Romania",642,"2040-2044","NEU","Male","65+","e5","Middle",1636,0,0
"Medium","Romania",642,"2040-2044","NEU","Male","65+","e6","High",3644,0,0
"Medium","Slovakia",703,"2020-2024","EU","Female","0-19","e4","Low",14045,849,555
"Medium","Slovakia",703,"2020-2024","EU","Female","0-19","e5","Middle",248,457,396
"Medium","Slovakia",703,"2020-2024","EU","Female","0-19","e6","High",19,193,191
"Medium","Slovakia",703,"2020-2024","EU","Female","20-39","e4","Low",1531,112,26
"Medium","Slovakia",703,"2020-2024","EU","Female","20-39","e5","Middle",3805,676,754
"Medium","Slovakia",703,"2020-2024","EU","Female","20-39","e6","High",4303,881,1020
"Medium","Slovakia",703,"2020-2024","EU","Female","40-64","e4","Low",5455,184,76
"Medium","Slovakia",703,"2020-2024","EU","Female","40-64","e5","Middle",12355,610,965
"Medium","Slovakia",703,"2020-2024","EU","Female","40-64","e6","High",6337,422,481
"Medium","Slovakia",703,"2020-2024","EU","Female","65+","e4","Low",10269,81,90
"Medium","Slovakia",703,"2020-2024","EU","Female","65+","e5","Middle",14289,164,324
"Medium","Slovakia",703,"2020-2024","EU","Female","65+","e6","High",4676,118,151
"Medium","Slovakia",703,"2020-2024","EU","Male","0-19","e4","Low",14870,904,563
"Medium","Slovakia",703,"2020-2024","EU","Male","0-19","e5","Middle",263,479,441
"Medium","Slovakia",703,"2020-2024","EU","Male","0-19","e6","High",17,140,88
"Medium","Slovakia",703,"2020-2024","EU","Male","20-39","e4","Low",1557,187,40
"Medium","Slovakia",703,"2020-2024","EU","Male","20-39","e5","Middle",4653,921,1013
"Medium","Slovakia",703,"2020-2024","EU","Male","20-39","e6","High",3492,772,787
"Medium","Slovakia",703,"2020-2024","EU","Male","40-64","e4","Low",4150,162,40
"Medium","Slovakia",703,"2020-2024","EU","Male","40-64","e5","Middle",13225,619,1008
"Medium","Slovakia",703,"2020-2024","EU","Male","40-64","e6","High",6674,390,372
"Medium","Slovakia",703,"2020-2024","EU","Male","65+","e4","Low",2697,47,22
"Medium","Slovakia",703,"2020-2024","EU","Male","65+","e5","Middle",10314,127,258
"Medium","Slovakia",703,"2020-2024","EU","Male","65+","e6","High",5283,117,137
"Medium","Slovakia",703,"2020-2024","NAT","Female","0-19","e4","Low",503626,741,452
"Medium","Slovakia",703,"2020-2024","NAT","Female","0-19","e5","Middle",19893,596,488
"Medium","Slovakia",703,"2020-2024","NAT","Female","0-19","e6","High",843,290,287
"Medium","Slovakia",703,"2020-2024","NAT","Female","20-39","e4","Low",79650,613,158
"Medium","Slovakia",703,"2020-2024","NAT","Female","20-39","e5","Middle",302709,1650,1988
"Medium","Slovakia",703,"2020-2024","NAT","Female","20-39","e6","High",338473,2970,3453
"Medium","Slovakia",703,"2020-2024","NAT","Female","40-64","e4","Low",102305,591,199
"Medium","Slovakia",703,"2020-2024","NAT","Female","40-64","e5","Middle",524478,891,1416
"Medium","Slovakia",703,"2020-2024","NAT","Female","40-64","e6","High",306804,1417,1661
"Medium","Slovakia",703,"2020-2024","NAT","Female","65+","e4","Low",169795,99,110
"Medium","Slovakia",703,"2020-2024","NAT","Female","65+","e5","Middle",259371,131,259
"Medium","Slovakia",703,"2020-2024","NAT","Female","65+","e6","High",83519,155,199
"Medium","Slovakia",703,"2020-2024","NAT","Male","0-19","e4","Low",530831,816,486
"Medium","Slovakia",703,"2020-2024","NAT","Male","0-19","e5","Middle",20271,591,512
"Medium","Slovakia",703,"2020-2024","NAT","Male","0-19","e6","High",953,229,144
"Medium","Slovakia",703,"2020-2024","NAT","Male","20-39","e4","Low",97191,788,180
"Medium","Slovakia",703,"2020-2024","NAT","Male","20-39","e5","Middle",417198,1791,2097
"Medium","Slovakia",703,"2020-2024","NAT","Male","20-39","e6","High",242856,2492,2505
"Medium","Slovakia",703,"2020-2024","NAT","Male","40-64","e4","Low",86799,658,157
"Medium","Slovakia",703,"2020-2024","NAT","Male","40-64","e5","Middle",590191,874,1419
"Medium","Slovakia",703,"2020-2024","NAT","Male","40-64","e6","High",246381,1313,1269
"Medium","Slovakia",703,"2020-2024","NAT","Male","65+","e4","Low",47089,74,35
"Medium","Slovakia",703,"2020-2024","NAT","Male","65+","e5","Middle",211346,90,183
"Medium","Slovakia",703,"2020-2024","NAT","Male","65+","e6","High",81678,130,153
"Medium","Slovakia",703,"2020-2024","NEU","Female","0-19","e4","Low",9780,1766,979
"Medium","Slovakia",703,"2020-2024","NEU","Female","0-19","e5","Middle",234,439,357
"Medium","Slovakia",703,"2020-2024","NEU","Female","0-19","e6","High",35,125,123
"Medium","Slovakia",703,"2020-2024","NEU","Female","20-39","e4","Low",495,607,135
"Medium","Slovakia",703,"2020-2024","NEU","Female","20-39","e5","Middle",1551,559,608
"Medium","Slovakia",703,"2020-2024","NEU","Female","20-39","e6","High",2653,495,573
"Medium","Slovakia",703,"2020-2024","NEU","Female","40-64","e4","Low",755,267,91
"Medium","Slovakia",703,"2020-2024","NEU","Female","40-64","e5","Middle",2449,277,439
"Medium","Slovakia",703,"2020-2024","NEU","Female","40-64","e6","High",2751,215,245
"Medium","Slovakia",703,"2020-2024","NEU","Female","65+","e4","Low",633,39,43
"Medium","Slovakia",703,"2020-2024","NEU","Female","65+","e5","Middle",1324,63,125
"Medium","Slovakia",703,"2020-2024","NEU","Female","65+","e6","High",931,54,70
"Medium","Slovakia",703,"2020-2024","NEU","Male","0-19","e4","Low",10441,1822,1004
"Medium","Slovakia",703,"2020-2024","NEU","Male","0-19","e5","Middle",227,435,374
"Medium","Slovakia",703,"2020-2024","NEU","Male","0-19","e6","High",27,123,77
"Medium","Slovakia",703,"2020-2024","NEU","Male","20-39","e4","Low",712,773,159
"Medium","Slovakia",703,"2020-2024","NEU","Male","20-39","e5","Middle",2206,683,739
"Medium","Slovakia",703,"2020-2024","NEU","Male","20-39","e6","High",2337,499,509
"Medium","Slovakia",703,"2020-2024","NEU","Male","40-64","e4","Low",922,290,69
"Medium","Slovakia",703,"2020-2024","NEU","Male","40-64","e5","Middle",3086,241,392
"Medium","Slovakia",703,"2020-2024","NEU","Male","40-64","e6","High",3249,189,181
"Medium","Slovakia",703,"2020-2024","NEU","Male","65+","e4","Low",191,35,17
"Medium","Slovakia",703,"2020-2024","NEU","Male","65+","e5","Middle",916,34,68
"Medium","Slovakia",703,"2020-2024","NEU","Male","65+","e6","High",873,42,50
"Medium","Slovakia",703,"2025-2029","EU","Female","0-19","e4","Low",12209,414,291
"Medium","Slovakia",703,"2025-2029","EU","Female","0-19","e5","Middle",640,549,496
"Medium","Slovakia",703,"2025-2029","EU","Female","0-19","e6","High",51,194,200
"Medium","Slovakia",703,"2025-2029","EU","Female","20-39","e4","Low",1444,75,15
"Medium","Slovakia",703,"2025-2029","EU","Female","20-39","e5","Middle",3079,649,619
"Medium","Slovakia",703,"2025-2029","EU","Female","20-39","e6","High",3516,994,1037
"Medium","Slovakia",703,"2025-2029","EU","Female","40-64","e4","Low",4217,128,39
"Medium","Slovakia",703,"2025-2029","EU","Female","40-64","e5","Middle",10060,455,708
"Medium","Slovakia",703,"2025-2029","EU","Female","40-64","e6","High",6399,350,411
"Medium","Slovakia",703,"2025-2029","EU","Female","65+","e4","Low",8371,66,63
"Medium","Slovakia",703,"2025-2029","EU","Female","65+","e5","Middle",14123,153,287
"Medium","Slovakia",703,"2025-2029","EU","Female","65+","e6","High",5164,115,154
"Medium","Slovakia",703,"2025-2029","EU","Male","0-19","e4","Low",12910,448,292
"Medium","Slovakia",703,"2025-2029","EU","Male","0-19","e5","Middle",657,568,542
"Medium","Slovakia",703,"2025-2029","EU","Male","0-19","e6","High",45,129,83
"Medium","Slovakia",703,"2025-2029","EU","Male","20-39","e4","Low",1586,130,24
"Medium","Slovakia",703,"2025-2029","EU","Male","20-39","e5","Middle",3663,861,820
"Medium","Slovakia",703,"2025-2029","EU","Male","20-39","e6","High",2759,846,757
"Medium","Slovakia",703,"2025-2029","EU","Male","40-64","e4","Low",3577,128,30
"Medium","Slovakia",703,"2025-2029","EU","Male","40-64","e5","Middle",10924,479,763
"Medium","Slovakia",703,"2025-2029","EU","Male","40-64","e6","High",6422,324,320
"Medium","Slovakia",703,"2025-2029","EU","Male","65+","e4","Low",2454,36,15
"Medium","Slovakia",703,"2025-2029","EU","Male","65+","e5","Middle",9964,115,227
"Medium","Slovakia",703,"2025-2029","EU","Male","65+","e6","High",5322,100,121
"Medium","Slovakia",703,"2025-2029","NAT","Female","0-19","e4","Low",399745,440,286
"Medium","Slovakia",703,"2025-2029","NAT","Female","0-19","e5","Middle",73455,597,504
"Medium","Slovakia",703,"2025-2029","NAT","Female","0-19","e6","High",66050,331,340
"Medium","Slovakia",703,"2025-2029","NAT","Female","20-39","e4","Low",74429,340,75
"Medium","Slovakia",703,"2025-2029","NAT","Female","20-39","e5","Middle",238947,1465,1517
"Medium","Slovakia",703,"2025-2029","NAT","Female","20-39","e6","High",324496,2774,2919
"Medium","Slovakia",703,"2025-2029","NAT","Female","40-64","e4","Low",87866,606,173
"Medium","Slovakia",703,"2025-2029","NAT","Female","40-64","e5","Middle",492350,1099,1675
"Medium","Slovakia",703,"2025-2029","NAT","Female","40-64","e6","High",363328,1765,2168
"Medium","Slovakia",703,"2025-2029","NAT","Female","65+","e4","Low",138439,114,106
"Medium","Slovakia",703,"2025-2029","NAT","Female","65+","e5","Middle",315939,207,389
"Medium","Slovakia",703,"2025-2029","NAT","Female","65+","e6","High",115264,227,303
"Medium","Slovakia",703,"2025-2029","NAT","Male","0-19","e4","Low",421127,491,300
"Medium","Slovakia",703,"2025-2029","NAT","Male","0-19","e5","Middle",76429,612,555
"Medium","Slovakia",703,"2025-2029","NAT","Male","0-19","e6","High",69692,277,187
"Medium","Slovakia",703,"2025-2029","NAT","Male","20-39","e4","Low",93227,467,94
"Medium","Slovakia",703,"2025-2029","NAT","Male","20-39","e5","Middle",344715,1660,1690
"Medium","Slovakia",703,"2025-2029","NAT","Male","20-39","e6","High",229291,2368,2106
"Medium","Slovakia",703,"2025-2029","NAT","Male","40-64","e4","Low",88709,662,158
"Medium","Slovakia",703,"2025-2029","NAT","Male","40-64","e5","Middle",576216,1080,1690
"Medium","Slovakia",703,"2025-2029","NAT","Male","40-64","e6","High",282272,1570,1608
"Medium","Slovakia",703,"2025-2029","NAT","Male","65+","e4","Low",41890,88,36
"Medium","Slovakia",703,"2025-2029","NAT","Male","65+","e5","Middle",249100,154,304
"Medium","Slovakia",703,"2025-2029","NAT","Male","65+","e6","High",98811,194,234
"Medium","Slovakia",703,"2025-2029","NEU","Female","0-19","e4","Low",8661,2033,960
"Medium","Slovakia",703,"2025-2029","NEU","Female","0-19","e5","Middle",777,735,627
"Medium","Slovakia",703,"2025-2029","NEU","Female","0-19","e6","High",113,178,184
"Medium","Slovakia",703,"2025-2029","NEU","Female","20-39","e4","Low",1093,793,146
"Medium","Slovakia",703,"2025-2029","NEU","Female","20-39","e5","Middle",1441,816,760
"Medium","Slovakia",703,"2025-2029","NEU","Female","20-39","e6","High",2368,800,833
"Medium","Slovakia",703,"2025-2029","NEU","Female","40-64","e4","Low",1000,340,98
"Medium","Slovakia",703,"2025-2029","NEU","Female","40-64","e5","Middle",2168,276,425
"Medium","Slovakia",703,"2025-2029","NEU","Female","40-64","e6","High",3117,222,261
"Medium","Slovakia",703,"2025-2029","NEU","Female","65+","e4","Low",516,58,54
"Medium","Slovakia",703,"2025-2029","NEU","Female","65+","e5","Middle",1461,84,156
"Medium","Slovakia",703,"2025-2029","NEU","Female","65+","e6","High",1165,75,100
"Medium","Slovakia",703,"2025-2029","NEU","Male","0-19","e4","Low",9334,2098,981
"Medium","Slovakia",703,"2025-2029","NEU","Male","0-19","e5","Middle",795,732,656
"Medium","Slovakia",703,"2025-2029","NEU","Male","0-19","e6","High",94,166,107
"Medium","Slovakia",703,"2025-2029","NEU","Male","20-39","e4","Low",1383,989,173
"Medium","Slovakia",703,"2025-2029","NEU","Male","20-39","e5","Middle",1943,946,888
"Medium","Slovakia",703,"2025-2029","NEU","Male","20-39","e6","High",2016,787,705
"Medium","Slovakia",703,"2025-2029","NEU","Male","40-64","e4","Low",1280,376,88
"Medium","Slovakia",703,"2025-2029","NEU","Male","40-64","e5","Middle",2936,265,416
"Medium","Slovakia",703,"2025-2029","NEU","Male","40-64","e6","High",3594,209,208
"Medium","Slovakia",703,"2025-2029","NEU","Male","65+","e4","Low",250,52,21
"Medium","Slovakia",703,"2025-2029","NEU","Male","65+","e5","Middle",1065,45,89
"Medium","Slovakia",703,"2025-2029","NEU","Male","65+","e6","High",1063,53,64
"Medium","Slovakia",703,"2030-2034","EU","Female","0-19","e4","Low",8099,262,189
"Medium","Slovakia",703,"2030-2034","EU","Female","0-19","e5","Middle",725,571,511
"Medium","Slovakia",703,"2030-2034","EU","Female","0-19","e6","High",62,186,194
"Medium","Slovakia",703,"2030-2034","EU","Female","20-39","e4","Low",1645,47,8
"Medium","Slovakia",703,"2030-2034","EU","Female","20-39","e5","Middle",3841,625,518
"Medium","Slovakia",703,"2030-2034","EU","Female","20-39","e6","High",3484,1071,1060
"Medium","Slovakia",703,"2030-2034","EU","Female","40-64","e4","Low",3376,92,24
"Medium","Slovakia",703,"2030-2034","EU","Female","40-64","e5","Middle",7958,351,522
"Medium","Slovakia",703,"2030-2034","EU","Female","40-64","e6","High",6501,323,387
"Medium","Slovakia",703,"2030-2034","EU","Female","65+","e4","Low",6957,51,30
"Medium","Slovakia",703,"2030-2034","EU","Female","65+","e5","Middle",13969,133,228
"Medium","Slovakia",703,"2030-2034","EU","Female","65+","e6","High",5698,111,137
"Medium","Slovakia",703,"2030-2034","EU","Male","0-19","e4","Low",8552,285,190
"Medium","Slovakia",703,"2030-2034","EU","Male","0-19","e5","Middle",726,598,563
"Medium","Slovakia",703,"2030-2034","EU","Male","0-19","e6","High",53,125,79
"Medium","Slovakia",703,"2030-2034","EU","Male","20-39","e4","Low",1868,84,14
"Medium","Slovakia",703,"2030-2034","EU","Male","20-39","e5","Middle",4719,814,696
"Medium","Slovakia",703,"2030-2034","EU","Male","20-39","e6","High",2933,874,721
"Medium","Slovakia",703,"2030-2034","EU","Male","40-64","e4","Low",3142,104,24
"Medium","Slovakia",703,"2030-2034","EU","Male","40-64","e5","Middle",8894,384,582
"Medium","Slovakia",703,"2030-2034","EU","Male","40-64","e6","High",6180,306,309
"Medium","Slovakia",703,"2030-2034","EU","Male","65+","e4","Low",2345,30,8
"Medium","Slovakia",703,"2030-2034","EU","Male","65+","e5","Middle",9717,100,181
"Medium","Slovakia",703,"2030-2034","EU","Male","65+","e6","High",5465,89,97
"Medium","Slovakia",703,"2030-2034","NAT","Female","0-19","e4","Low",291285,208,143
"Medium","Slovakia",703,"2030-2034","NAT","Female","0-19","e5","Middle",117161,563,492
"Medium","Slovakia",703,"2030-2034","NAT","Female","0-19","e6","High",131327,366,378
"Medium","Slovakia",703,"2030-2034","NAT","Female","20-39","e4","Low",69433,169,31
"Medium","Slovakia",703,"2030-2034","NAT","Female","20-39","e5","Middle",195481,1254,1087
"Medium","Slovakia",703,"2030-2034","NAT","Female","20-39","e6","High",304583,2625,2561
"Medium","Slovakia",703,"2030-2034","NAT","Female","40-64","e4","Low",86490,546,143
"Medium","Slovakia",703,"2030-2034","NAT","Female","40-64","e5","Middle",450414,1271,1798
"Medium","Slovakia",703,"2030-2034","NAT","Female","40-64","e6","High",421346,2064,2541
"Medium","Slovakia",703,"2030-2034","NAT","Female","65+","e4","Low",112642,125,73
"Medium","Slovakia",703,"2030-2034","NAT","Female","65+","e5","Middle",365115,278,477
"Medium","Slovakia",703,"2030-2034","NAT","Female","65+","e6","High",147730,303,371
"Medium","Slovakia",703,"2030-2034","NAT","Male","0-19","e4","Low",306765,233,148
"Medium","Slovakia",703,"2030-2034","NAT","Male","0-19","e5","Middle",121920,579,540
"Medium","Slovakia",703,"2030-2034","NAT","Male","0-19","e6","High",138570,295,210
"Medium","Slovakia",703,"2030-2034","NAT","Male","20-39","e4","Low",89783,273,47
"Medium","Slovakia",703,"2030-2034","NAT","Male","20-39","e5","Middle",289924,1498,1321
"Medium","Slovakia",703,"2030-2034","NAT","Male","20-39","e6","High",217686,2272,1842
"Medium","Slovakia",703,"2030-2034","NAT","Male","40-64","e4","Low",95341,583,135
"Medium","Slovakia",703,"2030-2034","NAT","Male","40-64","e5","Middle",556325,1253,1822
"Medium","Slovakia",703,"2030-2034","NAT","Male","40-64","e6","High",316675,1777,1838
"Medium","Slovakia",703,"2030-2034","NAT","Male","65+","e4","Low",38478,97,27
"Medium","Slovakia",703,"2030-2034","NAT","Male","65+","e5","Middle",285229,210,379
"Medium","Slovakia",703,"2030-2034","NAT","Male","65+","e6","High",116061,252,272
"Medium","Slovakia",703,"2030-2034","NEU","Female","0-19","e4","Low",5938,1889,676
"Medium","Slovakia",703,"2030-2034","NEU","Female","0-19","e5","Middle",937,1120,962
"Medium","Slovakia",703,"2030-2034","NEU","Female","0-19","e6","High",139,260,271
"Medium","Slovakia",703,"2030-2034","NEU","Female","20-39","e4","Low",1462,876,134
"Medium","Slovakia",703,"2030-2034","NEU","Female","20-39","e5","Middle",2784,1125,918
"Medium","Slovakia",703,"2030-2034","NEU","Female","20-39","e6","High",3503,1153,1139
"Medium","Slovakia",703,"2030-2034","NEU","Female","40-64","e4","Low",1387,444,114
"Medium","Slovakia",703,"2030-2034","NEU","Female","40-64","e5","Middle",1928,288,414
"Medium","Slovakia",703,"2030-2034","NEU","Female","40-64","e6","High",3401,253,304
"Medium","Slovakia",703,"2030-2034","NEU","Female","65+","e4","Low",515,83,46
"Medium","Slovakia",703,"2030-2034","NEU","Female","65+","e5","Middle",1521,96,163
"Medium","Slovakia",703,"2030-2034","NEU","Female","65+","e6","High",1439,87,107
"Medium","Slovakia",703,"2030-2034","NEU","Male","0-19","e4","Low",6425,1948,682
"Medium","Slovakia",703,"2030-2034","NEU","Male","0-19","e5","Middle",942,1124,1013
"Medium","Slovakia",703,"2030-2034","NEU","Male","0-19","e6","High",113,246,156
"Medium","Slovakia",703,"2030-2034","NEU","Male","20-39","e4","Low",1894,1073,164
"Medium","Slovakia",703,"2030-2034","NEU","Male","20-39","e5","Middle",3630,1253,1062
"Medium","Slovakia",703,"2030-2034","NEU","Male","20-39","e6","High",2967,1110,916
"Medium","Slovakia",703,"2030-2034","NEU","Male","40-64","e4","Low",1754,500,113
"Medium","Slovakia",703,"2030-2034","NEU","Male","40-64","e5","Middle",2656,303,440
"Medium","Slovakia",703,"2030-2034","NEU","Male","40-64","e6","High",3669,257,261
"Medium","Slovakia",703,"2030-2034","NEU","Male","65+","e4","Low",379,74,21
"Medium","Slovakia",703,"2030-2034","NEU","Male","65+","e5","Middle",1298,55,99
"Medium","Slovakia",703,"2030-2034","NEU","Male","65+","e6","High",1430,63,68
"Medium","Slovakia",703,"2035-2039","EU","Female","0-19","e4","Low",3565,173,125
"Medium","Slovakia",703,"2035-2039","EU","Female","0-19","e5","Middle",661,469,398
"Medium","Slovakia",703,"2035-2039","EU","Female","0-19","e6","High",58,179,193
"Medium","Slovakia",703,"2035-2039","EU","Female","20-39","e4","Low",1871,26,3
"Medium","Slovakia",703,"2035-2039","EU","Female","20-39","e5","Middle",4863,550,400
"Medium","Slovakia",703,"2035-2039","EU","Female","20-39","e6","High",5201,1079,1032
"Medium","Slovakia",703,"2035-2039","EU","Female","40-64","e4","Low",2701,66,17
"Medium","Slovakia",703,"2035-2039","EU","Female","40-64","e5","Middle",5714,298,401
"Medium","Slovakia",703,"2035-2039","EU","Female","40-64","e6","High",6298,340,397
"Medium","Slovakia",703,"2035-2039","EU","Female","65+","e4","Low",5736,40,14
"Medium","Slovakia",703,"2035-2039","EU","Female","65+","e5","Middle",13130,117,189
"Medium","Slovakia",703,"2035-2039","EU","Female","65+","e6","High",5768,110,122
"Medium","Slovakia",703,"2035-2039","EU","Male","0-19","e4","Low",3804,188,126
"Medium","Slovakia",703,"2035-2039","EU","Male","0-19","e5","Middle",662,496,450
"Medium","Slovakia",703,"2035-2039","EU","Male","0-19","e6","High",50,119,77
"Medium","Slovakia",703,"2035-2039","EU","Male","20-39","e4","Low",2325,49,6
"Medium","Slovakia",703,"2035-2039","EU","Male","20-39","e5","Middle",6147,724,563
"Medium","Slovakia",703,"2035-2039","EU","Male","20-39","e6","High",4482,853,665
"Medium","Slovakia",703,"2035-2039","EU","Male","40-64","e4","Low",2652,83,19
"Medium","Slovakia",703,"2035-2039","EU","Male","40-64","e5","Middle",6843,338,463
"Medium","Slovakia",703,"2035-2039","EU","Male","40-64","e6","High",5713,326,320
"Medium","Slovakia",703,"2035-2039","EU","Male","65+","e4","Low",2179,28,6
"Medium","Slovakia",703,"2035-2039","EU","Male","65+","e5","Middle",9055,90,150
"Medium","Slovakia",703,"2035-2039","EU","Male","65+","e6","High",5361,86,82
"Medium","Slovakia",703,"2035-2039","NAT","Female","0-19","e4","Low",176749,155,108
"Medium","Slovakia",703,"2035-2039","NAT","Female","0-19","e5","Middle",152587,460,385
"Medium","Slovakia",703,"2035-2039","NAT","Female","0-19","e6","High",194154,308,320
"Medium","Slovakia",703,"2035-2039","NAT","Female","20-39","e4","Low",65702,86,11
"Medium","Slovakia",703,"2035-2039","NAT","Female","20-39","e5","Middle",168094,1100,810
"Medium","Slovakia",703,"2035-2039","NAT","Female","20-39","e6","High",292931,2563,2382
"Medium","Slovakia",703,"2035-2039","NAT","Female","40-64","e4","Low",89742,441,112
"Medium","Slovakia",703,"2035-2039","NAT","Female","40-64","e5","Middle",399241,1335,1729
"Medium","Slovakia",703,"2035-2039","NAT","Female","40-64","e6","High",474467,2241,2691
"Medium","Slovakia",703,"2035-2039","NAT","Female","65+","e4","Low",91135,124,44
"Medium","Slovakia",703,"2035-2039","NAT","Female","65+","e5","Middle",395780,315,508
"Medium","Slovakia",703,"2035-2039","NAT","Female","65+","e6","High",176767,365,404
"Medium","Slovakia",703,"2035-2039","NAT","Male","0-19","e4","Low",187360,171,112
"Medium","Slovakia",703,"2035-2039","NAT","Male","0-19","e5","Middle",159144,476,432
"Medium","Slovakia",703,"2035-2039","NAT","Male","0-19","e6","High",204963,242,172
"Medium","Slovakia",703,"2035-2039","NAT","Male","20-39","e4","Low",89732,162,21
"Medium","Slovakia",703,"2035-2039","NAT","Male","20-39","e5","Middle",252181,1377,1075
"Medium","Slovakia",703,"2035-2039","NAT","Male","20-39","e6","High",210530,2214,1671
"Medium","Slovakia",703,"2035-2039","NAT","Male","40-64","e4","Low",101747,468,109
"Medium","Slovakia",703,"2035-2039","NAT","Male","40-64","e5","Middle",523719,1316,1767
"Medium","Slovakia",703,"2035-2039","NAT","Male","40-64","e6","High",350588,1878,1909
"Medium","Slovakia",703,"2035-2039","NAT","Male","65+","e4","Low",35127,98,20
"Medium","Slovakia",703,"2035-2039","NAT","Male","65+","e5","Middle",309298,242,406
"Medium","Slovakia",703,"2035-2039","NAT","Male","65+","e6","High",129933,297,282
"Medium","Slovakia",703,"2035-2039","NEU","Female","0-19","e4","Low",3240,1927,704
"Medium","Slovakia",703,"2035-2039","NEU","Female","0-19","e5","Middle",674,1347,1108
"Medium","Slovakia",703,"2035-2039","NEU","Female","0-19","e6","High",91,342,368
"Medium","Slovakia",703,"2035-2039","NEU","Female","20-39","e4","Low",1769,889,109
"Medium","Slovakia",703,"2035-2039","NEU","Female","20-39","e5","Middle",3774,1463,1058
"Medium","Slovakia",703,"2035-2039","NEU","Female","20-39","e6","High",6187,1577,1516
"Medium","Slovakia",703,"2035-2039","NEU","Female","40-64","e4","Low",1759,548,133
"Medium","Slovakia",703,"2035-2039","NEU","Female","40-64","e5","Middle",1690,365,456
"Medium","Slovakia",703,"2035-2039","NEU","Female","40-64","e6","High",3561,349,404
"Medium","Slovakia",703,"2035-2039","NEU","Female","65+","e4","Low",669,118,40
"Medium","Slovakia",703,"2035-2039","NEU","Female","65+","e5","Middle",1519,94,151
"Medium","Slovakia",703,"2035-2039","NEU","Female","65+","e6","High",1692,94,104
"Medium","Slovakia",703,"2035-2039","NEU","Male","0-19","e4","Low",3519,1982,713
"Medium","Slovakia",703,"2035-2039","NEU","Male","0-19","e5","Middle",683,1355,1184
"Medium","Slovakia",703,"2035-2039","NEU","Male","0-19","e6","High",76,319,207
"Medium","Slovakia",703,"2035-2039","NEU","Male","20-39","e4","Low",2493,1092,139
"Medium","Slovakia",703,"2035-2039","NEU","Male","20-39","e5","Middle",5247,1607,1249
"Medium","Slovakia",703,"2035-2039","NEU","Male","20-39","e6","High",5070,1492,1174
"Medium","Slovakia",703,"2035-2039","NEU","Male","40-64","e4","Low",2205,614,139
"Medium","Slovakia",703,"2035-2039","NEU","Male","40-64","e5","Middle",2310,394,502
"Medium","Slovakia",703,"2035-2039","NEU","Male","40-64","e6","High",3665,377,365
"Medium","Slovakia",703,"2035-2039","NEU","Male","65+","e4","Low",594,103,20
"Medium","Slovakia",703,"2035-2039","NEU","Male","65+","e5","Middle",1483,59,99
"Medium","Slovakia",703,"2035-2039","NEU","Male","65+","e6","High",1795,71,67
"Medium","Slovakia",703,"2040-2044","EU","Female","0-19","e4","Low",112,0,0
"Medium","Slovakia",703,"2040-2044","EU","Female","0-19","e5","Middle",73,0,0
"Medium","Slovakia",703,"2040-2044","EU","Female","0-19","e6","High",1,0,0
"Medium","Slovakia",703,"2040-2044","EU","Female","20-39","e4","Low",2157,0,0
"Medium","Slovakia",703,"2040-2044","EU","Female","20-39","e5","Middle",5104,0,0
"Medium","Slovakia",703,"2040-2044","EU","Female","20-39","e6","High",7878,0,0
"Medium","Slovakia",703,"2040-2044","EU","Female","40-64","e4","Low",2119,0,0
"Medium","Slovakia",703,"2040-2044","EU","Female","40-64","e5","Middle",4176,0,0
"Medium","Slovakia",703,"2040-2044","EU","Female","40-64","e6","High",5963,0,0
"Medium","Slovakia",703,"2040-2044","EU","Female","65+","e4","Low",4631,0,0
"Medium","Slovakia",703,"2040-2044","EU","Female","65+","e5","Middle",11519,0,0
"Medium","Slovakia",703,"2040-2044","EU","Female","65+","e6","High",5558,0,0
"Medium","Slovakia",703,"2040-2044","EU","Male","0-19","e4","Low",125,0,0
"Medium","Slovakia",703,"2040-2044","EU","Male","0-19","e5","Middle",72,0,0
"Medium","Slovakia",703,"2040-2044","EU","Male","0-19","e6","High",1,0,0
"Medium","Slovakia",703,"2040-2044","EU","Male","20-39","e4","Low",2816,0,0
"Medium","Slovakia",703,"2040-2044","EU","Male","20-39","e5","Middle",6952,0,0
"Medium","Slovakia",703,"2040-2044","EU","Male","20-39","e6","High",6653,0,0
"Medium","Slovakia",703,"2040-2044","EU","Male","40-64","e4","Low",2169,0,0
"Medium","Slovakia",703,"2040-2044","EU","Male","40-64","e5","Middle",5318,0,0
"Medium","Slovakia",703,"2040-2044","EU","Male","40-64","e6","High",5241,0,0
"Medium","Slovakia",703,"2040-2044","EU","Male","65+","e4","Low",1917,0,0
"Medium","Slovakia",703,"2040-2044","EU","Male","65+","e5","Middle",8027,0,0
"Medium","Slovakia",703,"2040-2044","EU","Male","65+","e6","High",5115,0,0
"Medium","Slovakia",703,"2040-2044","NAT","Female","0-19","e4","Low",176396,0,0
"Medium","Slovakia",703,"2040-2044","NAT","Female","0-19","e5","Middle",128777,0,0
"Medium","Slovakia",703,"2040-2044","NAT","Female","0-19","e6","High",191606,0,0
"Medium","Slovakia",703,"2040-2044","NAT","Female","20-39","e4","Low",67808,0,0
"Medium","Slovakia",703,"2040-2044","NAT","Female","20-39","e5","Middle",152631,0,0
"Medium","Slovakia",703,"2040-2044","NAT","Female","20-39","e6","High",303371,0,0
"Medium","Slovakia",703,"2040-2044","NAT","Female","40-64","e4","Low",88547,0,0
"Medium","Slovakia",703,"2040-2044","NAT","Female","40-64","e5","Middle",326803,0,0
"Medium","Slovakia",703,"2040-2044","NAT","Female","40-64","e6","High",497658,0,0
"Medium","Slovakia",703,"2040-2044","NAT","Female","65+","e4","Low",76083,0,0
"Medium","Slovakia",703,"2040-2044","NAT","Female","65+","e5","Middle",422528,0,0
"Medium","Slovakia",703,"2040-2044","NAT","Female","65+","e6","High",214463,0,0
"Medium","Slovakia",703,"2040-2044","NAT","Male","0-19","e4","Low",187298,0,0
"Medium","Slovakia",703,"2040-2044","NAT","Male","0-19","e5","Middle",133845,0,0
"Medium","Slovakia",703,"2040-2044","NAT","Male","0-19","e6","High",202438,0,0
"Medium","Slovakia",703,"2040-2044","NAT","Male","20-39","e4","Low",96265,0,0
"Medium","Slovakia",703,"2040-2044","NAT","Male","20-39","e5","Middle",233384,0,0
"Medium","Slovakia",703,"2040-2044","NAT","Male","20-39","e6","High",219768,0,0
"Medium","Slovakia",703,"2040-2044","NAT","Male","40-64","e4","Low",102479,0,0
"Medium","Slovakia",703,"2040-2044","NAT","Male","40-64","e5","Middle",459223,0,0
"Medium","Slovakia",703,"2040-2044","NAT","Male","40-64","e6","High",363342,0,0
"Medium","Slovakia",703,"2040-2044","NAT","Male","65+","e4","Low",33979,0,0
"Medium","Slovakia",703,"2040-2044","NAT","Male","65+","e5","Middle",338625,0,0
"Medium","Slovakia",703,"2040-2044","NAT","Male","65+","e6","High",150827,0,0
"Medium","Slovakia",703,"2040-2044","NEU","Female","0-19","e4","Low",2051,0,0
"Medium","Slovakia",703,"2040-2044","NEU","Female","0-19","e5","Middle",408,0,0
"Medium","Slovakia",703,"2040-2044","NEU","Female","0-19","e6","High",34,0,0
"Medium","Slovakia",703,"2040-2044","NEU","Female","20-39","e4","Low",1787,0,0
"Medium","Slovakia",703,"2040-2044","NEU","Female","20-39","e5","Middle",3659,0,0
"Medium","Slovakia",703,"2040-2044","NEU","Female","20-39","e6","High",8784,0,0
"Medium","Slovakia",703,"2040-2044","NEU","Female","40-64","e4","Low",2169,0,0
"Medium","Slovakia",703,"2040-2044","NEU","Female","40-64","e5","Middle",1541,0,0
"Medium","Slovakia",703,"2040-2044","NEU","Female","40-64","e6","High",3883,0,0
"Medium","Slovakia",703,"2040-2044","NEU","Female","65+","e4","Low",998,0,0
"Medium","Slovakia",703,"2040-2044","NEU","Female","65+","e5","Middle",1526,0,0
"Medium","Slovakia",703,"2040-2044","NEU","Female","65+","e6","High",1931,0,0
"Medium","Slovakia",703,"2040-2044","NEU","Male","0-19","e4","Low",2161,0,0
"Medium","Slovakia",703,"2040-2044","NEU","Male","0-19","e5","Middle",395,0,0
"Medium","Slovakia",703,"2040-2044","NEU","Male","0-19","e6","High",27,0,0
"Medium","Slovakia",703,"2040-2044","NEU","Male","20-39","e4","Low",2811,0,0
"Medium","Slovakia",703,"2040-2044","NEU","Male","20-39","e5","Middle",5644,0,0
"Medium","Slovakia",703,"2040-2044","NEU","Male","20-39","e6","High",7195,0,0
"Medium","Slovakia",703,"2040-2044","NEU","Male","40-64","e4","Low",2745,0,0
"Medium","Slovakia",703,"2040-2044","NEU","Male","40-64","e5","Middle",2272,0,0
"Medium","Slovakia",703,"2040-2044","NEU","Male","40-64","e6","High",3856,0,0
"Medium","Slovakia",703,"2040-2044","NEU","Male","65+","e4","Low",846,0,0
"Medium","Slovakia",703,"2040-2044","NEU","Male","65+","e5","Middle",1476,0,0
"Medium","Slovakia",703,"2040-2044","NEU","Male","65+","e6","High",2122,0,0
"Medium","Slovenia",705,"2020-2024","EU","Female","0-19","e4","Low",1384,370,221
"Medium","Slovenia",705,"2020-2024","EU","Female","0-19","e5","Middle",59,235,164
"Medium","Slovenia",705,"2020-2024","EU","Female","0-19","e6","High",0,0,0
"Medium","Slovenia",705,"2020-2024","EU","Female","20-39","e4","Low",948,48,9
"Medium","Slovenia",705,"2020-2024","EU","Female","20-39","e5","Middle",2234,345,285
"Medium","Slovenia",705,"2020-2024","EU","Female","20-39","e6","High",1861,742,712
"Medium","Slovenia",705,"2020-2024","EU","Female","40-64","e4","Low",3214,83,58
"Medium","Slovenia",705,"2020-2024","EU","Female","40-64","e5","Middle",6448,245,269
"Medium","Slovenia",705,"2020-2024","EU","Female","40-64","e6","High",3426,334,403
"Medium","Slovenia",705,"2020-2024","EU","Female","65+","e4","Low",6655,22,43
"Medium","Slovenia",705,"2020-2024","EU","Female","65+","e5","Middle",4663,51,62
"Medium","Slovenia",705,"2020-2024","EU","Female","65+","e6","High",1637,47,41
"Medium","Slovenia",705,"2020-2024","EU","Male","0-19","e4","Low",1517,445,246
"Medium","Slovenia",705,"2020-2024","EU","Male","0-19","e5","Middle",51,319,185
"Medium","Slovenia",705,"2020-2024","EU","Male","0-19","e6","High",0,0,0
"Medium","Slovenia",705,"2020-2024","EU","Male","20-39","e4","Low",1056,117,28
"Medium","Slovenia",705,"2020-2024","EU","Male","20-39","e5","Middle",3307,566,480
"Medium","Slovenia",705,"2020-2024","EU","Male","20-39","e6","High",1153,713,517
"Medium","Slovenia",705,"2020-2024","EU","Male","40-64","e4","Low",1908,141,62
"Medium","Slovenia",705,"2020-2024","EU","Male","40-64","e5","Middle",9085,315,369
"Medium","Slovenia",705,"2020-2024","EU","Male","40-64","e6","High",2841,325,308
"Medium","Slovenia",705,"2020-2024","EU","Male","65+","e4","Low",2411,24,22
"Medium","Slovenia",705,"2020-2024","EU","Male","65+","e5","Middle",6311,56,81
"Medium","Slovenia",705,"2020-2024","EU","Male","65+","e6","High",2096,49,44
"Medium","Slovenia",705,"2020-2024","NAT","Female","0-19","e4","Low",183980,160,86
"Medium","Slovenia",705,"2020-2024","NAT","Female","0-19","e5","Middle",7893,73,49
"Medium","Slovenia",705,"2020-2024","NAT","Female","0-19","e6","High",0,0,0
"Medium","Slovenia",705,"2020-2024","NAT","Female","20-39","e4","Low",7703,89,18
"Medium","Slovenia",705,"2020-2024","NAT","Female","20-39","e5","Middle",98500,219,191
"Medium","Slovenia",705,"2020-2024","NAT","Female","20-39","e6","High",104699,714,738
"Medium","Slovenia",705,"2020-2024","NAT","Female","40-64","e4","Low",40611,132,95
"Medium","Slovenia",705,"2020-2024","NAT","Female","40-64","e5","Middle",159967,218,241
"Medium","Slovenia",705,"2020-2024","NAT","Female","40-64","e6","High",115419,597,718
"Medium","Slovenia",705,"2020-2024","NAT","Female","65+","e4","Low",100665,56,105
"Medium","Slovenia",705,"2020-2024","NAT","Female","65+","e5","Middle",87583,103,125
"Medium","Slovenia",705,"2020-2024","NAT","Female","65+","e6","High",26449,149,132
"Medium","Slovenia",705,"2020-2024","NAT","Male","0-19","e4","Low",193329,192,98
"Medium","Slovenia",705,"2020-2024","NAT","Male","0-19","e5","Middle",8908,99,57
"Medium","Slovenia",705,"2020-2024","NAT","Male","0-19","e6","High",0,0,0
"Medium","Slovenia",705,"2020-2024","NAT","Male","20-39","e4","Low",15476,178,45
"Medium","Slovenia",705,"2020-2024","NAT","Male","20-39","e5","Middle",139886,324,285
"Medium","Slovenia",705,"2020-2024","NAT","Male","20-39","e6","High",64292,707,544
"Medium","Slovenia",705,"2020-2024","NAT","Male","40-64","e4","Low",39188,213,97
"Medium","Slovenia",705,"2020-2024","NAT","Male","40-64","e5","Middle",195876,217,255
"Medium","Slovenia",705,"2020-2024","NAT","Male","40-64","e6","High",78915,477,455
"Medium","Slovenia",705,"2020-2024","NAT","Male","65+","e4","Low",35893,63,58
"Medium","Slovenia",705,"2020-2024","NAT","Male","65+","e5","Middle",90900,75,109
"Medium","Slovenia",705,"2020-2024","NAT","Male","65+","e6","High",26507,101,90
"Medium","Slovenia",705,"2020-2024","NEU","Female","0-19","e4","Low",9191,2491,1271
"Medium","Slovenia",705,"2020-2024","NEU","Female","0-19","e5","Middle",451,1010,677
"Medium","Slovenia",705,"2020-2024","NEU","Female","0-19","e6","High",0,0,0
"Medium","Slovenia",705,"2020-2024","NEU","Female","20-39","e4","Low",6981,843,147
"Medium","Slovenia",705,"2020-2024","NEU","Female","20-39","e5","Middle",14321,1645,1350
"Medium","Slovenia",705,"2020-2024","NEU","Female","20-39","e6","High",5357,2454,2350
"Medium","Slovenia",705,"2020-2024","NEU","Female","40-64","e4","Low",19205,587,378
"Medium","Slovenia",705,"2020-2024","NEU","Female","40-64","e5","Middle",15560,918,1008
"Medium","Slovenia",705,"2020-2024","NEU","Female","40-64","e6","High",4951,971,1171
"Medium","Slovenia",705,"2020-2024","NEU","Female","65+","e4","Low",8253,103,195
"Medium","Slovenia",705,"2020-2024","NEU","Female","65+","e5","Middle",3578,145,175
"Medium","Slovenia",705,"2020-2024","NEU","Female","65+","e6","High",1399,132,117
"Medium","Slovenia",705,"2020-2024","NEU","Male","0-19","e4","Low",10167,2847,1392
"Medium","Slovenia",705,"2020-2024","NEU","Male","0-19","e5","Middle",617,1397,777
"Medium","Slovenia",705,"2020-2024","NEU","Male","0-19","e6","High",0,0,0
"Medium","Slovenia",705,"2020-2024","NEU","Male","20-39","e4","Low",10092,1410,315
"Medium","Slovenia",705,"2020-2024","NEU","Male","20-39","e5","Middle",37179,2618,2208
"Medium","Slovenia",705,"2020-2024","NEU","Male","20-39","e6","High",3020,2512,1810
"Medium","Slovenia",705,"2020-2024","NEU","Male","40-64","e4","Low",12810,848,362
"Medium","Slovenia",705,"2020-2024","NEU","Male","40-64","e5","Middle",45226,1283,1499
"Medium","Slovenia",705,"2020-2024","NEU","Male","40-64","e6","High",4438,1027,971
"Medium","Slovenia",705,"2020-2024","NEU","Male","65+","e4","Low",5529,110,100
"Medium","Slovenia",705,"2020-2024","NEU","Male","65+","e5","Middle",8595,169,244
"Medium","Slovenia",705,"2020-2024","NEU","Male","65+","e6","High",2431,169,151
"Medium","Slovenia",705,"2025-2029","EU","Female","0-19","e4","Low",1090,170,117
"Medium","Slovenia",705,"2025-2029","EU","Female","0-19","e5","Middle",108,266,192
"Medium","Slovenia",705,"2025-2029","EU","Female","0-19","e6","High",2,114,59
"Medium","Slovenia",705,"2025-2029","EU","Female","20-39","e4","Low",765,27,4
"Medium","Slovenia",705,"2025-2029","EU","Female","20-39","e5","Middle",1541,303,216
"Medium","Slovenia",705,"2025-2029","EU","Female","20-39","e6","High",1668,735,642
"Medium","Slovenia",705,"2025-2029","EU","Female","40-64","e4","Low",2190,67,34
"Medium","Slovenia",705,"2025-2029","EU","Female","40-64","e5","Middle",5541,222,234
"Medium","Slovenia",705,"2025-2029","EU","Female","40-64","e6","High",3490,352,435
"Medium","Slovenia",705,"2025-2029","EU","Female","65+","e4","Low",6270,22,34
"Medium","Slovenia",705,"2025-2029","EU","Female","65+","e5","Middle",5466,62,74
"Medium","Slovenia",705,"2025-2029","EU","Female","65+","e6","High",1975,60,59
"Medium","Slovenia",705,"2025-2029","EU","Male","0-19","e4","Low",1228,220,135
"Medium","Slovenia",705,"2025-2029","EU","Male","0-19","e5","Middle",116,350,218
"Medium","Slovenia",705,"2025-2029","EU","Male","0-19","e6","High",2,87,27
"Medium","Slovenia",705,"2025-2029","EU","Male","20-39","e4","Low",941,69,13
"Medium","Slovenia",705,"2025-2029","EU","Male","20-39","e5","Middle",2530,510,369
"Medium","Slovenia",705,"2025-2029","EU","Male","20-39","e6","High",1126,707,477
"Medium","Slovenia",705,"2025-2029","EU","Male","40-64","e4","Low",1585,118,44
"Medium","Slovenia",705,"2025-2029","EU","Male","40-64","e5","Middle",8057,294,332
"Medium","Slovenia",705,"2025-2029","EU","Male","40-64","e6","High",2731,330,313
"Medium","Slovenia",705,"2025-2029","EU","Male","65+","e4","Low",2155,25,20
"Medium","Slovenia",705,"2025-2029","EU","Male","65+","e5","Middle",6738,63,87
"Medium","Slovenia",705,"2025-2029","EU","Male","65+","e6","High",2267,55,52
"Medium","Slovenia",705,"2025-2029","NAT","Female","0-19","e4","Low",143664,118,68
"Medium","Slovenia",705,"2025-2029","NAT","Female","0-19","e5","Middle",28842,104,73
"Medium","Slovenia",705,"2025-2029","NAT","Female","0-19","e6","High",23242,89,48
"Medium","Slovenia",705,"2025-2029","NAT","Female","20-39","e4","Low",6482,55,10
"Medium","Slovenia",705,"2025-2029","NAT","Female","20-39","e5","Middle",84364,201,151
"Medium","Slovenia",705,"2025-2029","NAT","Female","20-39","e6","High",99872,628,565
"Medium","Slovenia",705,"2025-2029","NAT","Female","40-64","e4","Low",27901,113,55
"Medium","Slovenia",705,"2025-2029","NAT","Female","40-64","e5","Middle",151010,215,227
"Medium","Slovenia",705,"2025-2029","NAT","Female","40-64","e6","High",137206,653,809
"Medium","Slovenia",705,"2025-2029","NAT","Female","65+","e4","Low",87730,53,88
"Medium","Slovenia",705,"2025-2029","NAT","Female","65+","e5","Middle",104796,105,129
"Medium","Slovenia",705,"2025-2029","NAT","Female","65+","e6","High",36790,168,165
"Medium","Slovenia",705,"2025-2029","NAT","Male","0-19","e4","Low",150795,146,78
"Medium","Slovenia",705,"2025-2029","NAT","Male","0-19","e5","Middle",31232,137,84
"Medium","Slovenia",705,"2025-2029","NAT","Male","0-19","e6","High",24726,78,29
"Medium","Slovenia",705,"2025-2029","NAT","Male","20-39","e4","Low",13100,117,25
"Medium","Slovenia",705,"2025-2029","NAT","Male","20-39","e5","Middle",124564,319,241
"Medium","Slovenia",705,"2025-2029","NAT","Male","20-39","e6","High",62167,641,450
"Medium","Slovenia",705,"2025-2029","NAT","Male","40-64","e4","Low",32246,190,70
"Medium","Slovenia",705,"2025-2029","NAT","Male","40-64","e5","Middle",195091,245,277
"Medium","Slovenia",705,"2025-2029","NAT","Male","40-64","e6","High",88796,543,515
"Medium","Slovenia",705,"2025-2029","NAT","Male","65+","e4","Low",33732,62,51
"Medium","Slovenia",705,"2025-2029","NAT","Male","65+","e5","Middle",104962,81,114
"Medium","Slovenia",705,"2025-2029","NAT","Male","65+","e6","High",32688,110,104
"Medium","Slovenia",705,"2025-2029","NEU","Female","0-19","e4","Low",6814,2273,1013
"Medium","Slovenia",705,"2025-2029","NEU","Female","0-19","e5","Middle",640,1325,914
"Medium","Slovenia",705,"2025-2029","NEU","Female","0-19","e6","High",2,516,266
"Medium","Slovenia",705,"2025-2029","NEU","Female","20-39","e4","Low",6042,806,113
"Medium","Slovenia",705,"2025-2029","NEU","Female","20-39","e5","Middle",11922,1733,1235
"Medium","Slovenia",705,"2025-2029","NEU","Female","20-39","e6","High",5412,2733,2393
"Medium","Slovenia",705,"2025-2029","NEU","Female","40-64","e4","Low",15904,647,297
"Medium","Slovenia",705,"2025-2029","NEU","Female","40-64","e5","Middle",16682,979,1027
"Medium","Slovenia",705,"2025-2029","NEU","Female","40-64","e6","High",5924,1154,1424
"Medium","Slovenia",705,"2025-2029","NEU","Female","65+","e4","Low",12430,122,192
"Medium","Slovenia",705,"2025-2029","NEU","Female","65+","e5","Middle",5604,202,244
"Medium","Slovenia",705,"2025-2029","NEU","Female","65+","e6","High",1853,190,187
"Medium","Slovenia",705,"2025-2029","NEU","Male","0-19","e4","Low",7518,2623,1126
"Medium","Slovenia",705,"2025-2029","NEU","Male","0-19","e5","Middle",820,1751,1043
"Medium","Slovenia",705,"2025-2029","NEU","Male","0-19","e6","High",2,453,143
"Medium","Slovenia",705,"2025-2029","NEU","Male","20-39","e4","Low",9439,1360,241
"Medium","Slovenia",705,"2025-2029","NEU","Male","20-39","e5","Middle",29051,2741,1990
"Medium","Slovenia",705,"2025-2029","NEU","Male","20-39","e6","High",3094,2814,1896
"Medium","Slovenia",705,"2025-2029","NEU","Male","40-64","e4","Low",12134,957,339
"Medium","Slovenia",705,"2025-2029","NEU","Male","40-64","e5","Middle",47823,1366,1539
"Medium","Slovenia",705,"2025-2029","NEU","Male","40-64","e6","High",4771,1154,1092
"Medium","Slovenia",705,"2025-2029","NEU","Male","65+","e4","Low",7365,135,108
"Medium","Slovenia",705,"2025-2029","NEU","Male","65+","e5","Middle",14303,231,316
"Medium","Slovenia",705,"2025-2029","NEU","Male","65+","e6","High",2827,218,203
"Medium","Slovenia",705,"2030-2034","EU","Female","0-19","e4","Low",682,105,72
"Medium","Slovenia",705,"2030-2034","EU","Female","0-19","e5","Middle",113,280,197
"Medium","Slovenia",705,"2030-2034","EU","Female","0-19","e6","High",2,109,57
"Medium","Slovenia",705,"2030-2034","EU","Female","20-39","e4","Low",683,15,2
"Medium","Slovenia",705,"2030-2034","EU","Female","20-39","e5","Middle",1155,278,178
"Medium","Slovenia",705,"2030-2034","EU","Female","20-39","e6","High",1601,743,631
"Medium","Slovenia",705,"2030-2034","EU","Female","40-64","e4","Low",1631,51,20
"Medium","Slovenia",705,"2030-2034","EU","Female","40-64","e5","Middle",4576,205,197
"Medium","Slovenia",705,"2030-2034","EU","Female","40-64","e6","High",3451,372,438
"Medium","Slovenia",705,"2030-2034","EU","Female","65+","e4","Low",5519,22,25
"Medium","Slovenia",705,"2030-2034","EU","Female","65+","e5","Middle",6067,69,80
"Medium","Slovenia",705,"2030-2034","EU","Female","65+","e6","High",2240,77,81
"Medium","Slovenia",705,"2030-2034","EU","Male","0-19","e4","Low",778,138,84
"Medium","Slovenia",705,"2030-2034","EU","Male","0-19","e5","Middle",124,362,228
"Medium","Slovenia",705,"2030-2034","EU","Male","0-19","e6","High",2,81,26
"Medium","Slovenia",705,"2030-2034","EU","Male","20-39","e4","Low",925,41,6
"Medium","Slovenia",705,"2030-2034","EU","Male","20-39","e5","Middle",2187,484,322
"Medium","Slovenia",705,"2030-2034","EU","Male","20-39","e6","High",1142,698,449
"Medium","Slovenia",705,"2030-2034","EU","Male","40-64","e4","Low",1472,92,30
"Medium","Slovenia",705,"2030-2034","EU","Male","40-64","e5","Middle",6914,280,289
"Medium","Slovenia",705,"2030-2034","EU","Male","40-64","e6","High",2614,345,319
"Medium","Slovenia",705,"2030-2034","EU","Male","65+","e4","Low",1818,27,16
"Medium","Slovenia",705,"2030-2034","EU","Male","65+","e5","Middle",6969,68,87
"Medium","Slovenia",705,"2030-2034","EU","Male","65+","e6","High",2326,67,60
"Medium","Slovenia",705,"2030-2034","NAT","Female","0-19","e4","Low",97589,53,32
"Medium","Slovenia",705,"2030-2034","NAT","Female","0-19","e5","Middle",45931,116,85
"Medium","Slovenia",705,"2030-2034","NAT","Female","0-19","e6","High",46504,116,67
"Medium","Slovenia",705,"2030-2034","NAT","Female","20-39","e4","Low",5667,32,4
"Medium","Slovenia",705,"2030-2034","NAT","Female","20-39","e5","Middle",76208,184,119
"Medium","Slovenia",705,"2030-2034","NAT","Female","20-39","e6","High",100699,622,528
"Medium","Slovenia",705,"2030-2034","NAT","Female","40-64","e4","Low",20164,96,37
"Medium","Slovenia",705,"2030-2034","NAT","Female","40-64","e5","Middle",137298,231,221
"Medium","Slovenia",705,"2030-2034","NAT","Female","40-64","e6","High",151545,691,820
"Medium","Slovenia",705,"2030-2034","NAT","Female","65+","e4","Low",73508,41,49
"Medium","Slovenia",705,"2030-2034","NAT","Female","65+","e5","Middle",122818,88,104
"Medium","Slovenia",705,"2030-2034","NAT","Female","65+","e6","High",50449,153,159
"Medium","Slovenia",705,"2030-2034","NAT","Male","0-19","e4","Low",102357,72,38
"Medium","Slovenia",705,"2030-2034","NAT","Male","0-19","e5","Middle",49426,152,98
"Medium","Slovenia",705,"2030-2034","NAT","Male","0-19","e6","High",49421,93,40
"Medium","Slovenia",705,"2030-2034","NAT","Male","20-39","e4","Low",11655,77,12
"Medium","Slovenia",705,"2030-2034","NAT","Male","20-39","e5","Middle",116308,312,211
"Medium","Slovenia",705,"2030-2034","NAT","Male","20-39","e6","High",63824,654,429
"Medium","Slovenia",705,"2030-2034","NAT","Male","40-64","e4","Low",27027,161,52
"Medium","Slovenia",705,"2030-2034","NAT","Male","40-64","e5","Middle",189071,283,291
"Medium","Slovenia",705,"2030-2034","NAT","Male","40-64","e6","High",95835,566,525
"Medium","Slovenia",705,"2030-2034","NAT","Male","65+","e4","Low",30750,51,32
"Medium","Slovenia",705,"2030-2034","NAT","Male","65+","e5","Middle",119533,76,98
"Medium","Slovenia",705,"2030-2034","NAT","Male","65+","e6","High",39185,104,95
"Medium","Slovenia",705,"2030-2034","NEU","Female","0-19","e4","Low",4855,1901,634
"Medium","Slovenia",705,"2030-2034","NEU","Female","0-19","e5","Middle",712,1654,1117
"Medium","Slovenia",705,"2030-2034","NEU","Female","0-19","e6","High",2,576,302
"Medium","Slovenia",705,"2030-2034","NEU","Female","20-39","e4","Low",4855,755,82
"Medium","Slovenia",705,"2030-2034","NEU","Female","20-39","e5","Middle",10111,1830,1168
"Medium","Slovenia",705,"2030-2034","NEU","Female","20-39","e6","High",5973,2979,2532
"Medium","Slovenia",705,"2030-2034","NEU","Female","40-64","e4","Low",13764,683,234
"Medium","Slovenia",705,"2030-2034","NEU","Female","40-64","e5","Middle",16810,1034,981
"Medium","Slovenia",705,"2030-2034","NEU","Female","40-64","e6","High",6694,1370,1603
"Medium","Slovenia",705,"2030-2034","NEU","Female","65+","e4","Low",15091,151,168
"Medium","Slovenia",705,"2030-2034","NEU","Female","65+","e5","Middle",8421,264,309
"Medium","Slovenia",705,"2030-2034","NEU","Female","65+","e6","High",2331,270,284
"Medium","Slovenia",705,"2030-2034","NEU","Male","0-19","e4","Low",5407,2228,724
"Medium","Slovenia",705,"2030-2034","NEU","Male","0-19","e5","Middle",923,2115,1277
"Medium","Slovenia",705,"2030-2034","NEU","Male","0-19","e6","High",2,513,166
"Medium","Slovenia",705,"2030-2034","NEU","Male","20-39","e4","Low",8194,1278,170
"Medium","Slovenia",705,"2030-2034","NEU","Male","20-39","e5","Middle",23066,2871,1910
"Medium","Slovenia",705,"2030-2034","NEU","Male","20-39","e6","High",3131,3070,1973
"Medium","Slovenia",705,"2030-2034","NEU","Male","40-64","e4","Low",12947,1037,324
"Medium","Slovenia",705,"2030-2034","NEU","Male","40-64","e5","Middle",48572,1454,1489
"Medium","Slovenia",705,"2030-2034","NEU","Male","40-64","e6","High",5049,1336,1228
"Medium","Slovenia",705,"2030-2034","NEU","Male","65+","e4","Low",7930,171,102
"Medium","Slovenia",705,"2030-2034","NEU","Male","65+","e5","Middle",20202,290,370
"Medium","Slovenia",705,"2030-2034","NEU","Male","65+","e6","High",3157,274,248
"Medium","Slovenia",705,"2035-2039","EU","Female","0-19","e4","Low",313,73,50
"Medium","Slovenia",705,"2035-2039","EU","Female","0-19","e5","Middle",126,242,155
"Medium","Slovenia",705,"2035-2039","EU","Female","0-19","e6","High",2,100,49
"Medium","Slovenia",705,"2035-2039","EU","Female","20-39","e4","Low",502,8,1
"Medium","Slovenia",705,"2035-2039","EU","Female","20-39","e5","Middle",993,247,145
"Medium","Slovenia",705,"2035-2039","EU","Female","20-39","e6","High",1411,731,625
"Medium","Slovenia",705,"2035-2039","EU","Female","40-64","e4","Low",1407,36,11
"Medium","Slovenia",705,"2035-2039","EU","Female","40-64","e5","Middle",3722,191,161
"Medium","Slovenia",705,"2035-2039","EU","Female","40-64","e6","High",3392,394,426
"Medium","Slovenia",705,"2035-2039","EU","Female","65+","e4","Low",4615,21,17
"Medium","Slovenia",705,"2035-2039","EU","Female","65+","e5","Middle",6269,66,77
"Medium","Slovenia",705,"2035-2039","EU","Female","65+","e6","High",2546,88,100
"Medium","Slovenia",705,"2035-2039","EU","Male","0-19","e4","Low",340,97,58
"Medium","Slovenia",705,"2035-2039","EU","Male","0-19","e5","Middle",129,311,181
"Medium","Slovenia",705,"2035-2039","EU","Male","0-19","e6","High",2,72,22
"Medium","Slovenia",705,"2035-2039","EU","Male","20-39","e4","Low",797,25,3
"Medium","Slovenia",705,"2035-2039","EU","Male","20-39","e5","Middle",1953,449,284
"Medium","Slovenia",705,"2035-2039","EU","Male","20-39","e6","High",1061,676,429
"Medium","Slovenia",705,"2035-2039","EU","Male","40-64","e4","Low",1466,68,19
"Medium","Slovenia",705,"2035-2039","EU","Male","40-64","e5","Middle",5977,266,244
"Medium","Slovenia",705,"2035-2039","EU","Male","40-64","e6","High",2506,356,315
"Medium","Slovenia",705,"2035-2039","EU","Male","65+","e4","Low",1560,28,13
"Medium","Slovenia",705,"2035-2039","EU","Male","65+","e5","Middle",6876,68,84
"Medium","Slovenia",705,"2035-2039","EU","Male","65+","e6","High",2393,77,70
"Medium","Slovenia",705,"2035-2039","NAT","Female","0-19","e4","Low",48559,43,23
"Medium","Slovenia",705,"2035-2039","NAT","Female","0-19","e5","Middle",59771,95,63
"Medium","Slovenia",705,"2035-2039","NAT","Female","0-19","e6","High",70483,96,52
"Medium","Slovenia",705,"2035-2039","NAT","Female","20-39","e4","Low",4377,21,2
"Medium","Slovenia",705,"2035-2039","NAT","Female","20-39","e5","Middle",74451,182,107
"Medium","Slovenia",705,"2035-2039","NAT","Female","20-39","e6","High",107851,677,576
"Medium","Slovenia",705,"2035-2039","NAT","Female","40-64","e4","Low",12967,73,21
"Medium","Slovenia",705,"2035-2039","NAT","Female","40-64","e5","Middle",118179,226,191
"Medium","Slovenia",705,"2035-2039","NAT","Female","40-64","e6","High",161067,678,751
"Medium","Slovenia",705,"2035-2039","NAT","Female","65+","e4","Low",62047,36,29
"Medium","Slovenia",705,"2035-2039","NAT","Female","65+","e5","Middle",136446,84,99
"Medium","Slovenia",705,"2035-2039","NAT","Female","65+","e6","High",66137,166,188
"Medium","Slovenia",705,"2035-2039","NAT","Male","0-19","e4","Low",50764,56,28
"Medium","Slovenia",705,"2035-2039","NAT","Male","0-19","e5","Middle",64191,128,76
"Medium","Slovenia",705,"2035-2039","NAT","Male","0-19","e6","High",74864,79,32
"Medium","Slovenia",705,"2035-2039","NAT","Male","20-39","e4","Low",9879,51,6
"Medium","Slovenia",705,"2035-2039","NAT","Male","20-39","e5","Middle",117119,317,201
"Medium","Slovenia",705,"2035-2039","NAT","Male","20-39","e6","High",69659,686,437
"Medium","Slovenia",705,"2035-2039","NAT","Male","40-64","e4","Low",21626,128,36
"Medium","Slovenia",705,"2035-2039","NAT","Male","40-64","e5","Middle",175528,295,270
"Medium","Slovenia",705,"2035-2039","NAT","Male","40-64","e6","High",100168,564,503
"Medium","Slovenia",705,"2035-2039","NAT","Male","65+","e4","Low",28965,49,23
"Medium","Slovenia",705,"2035-2039","NAT","Male","65+","e5","Middle",130486,82,102
"Medium","Slovenia",705,"2035-2039","NAT","Male","65+","e6","High",46574,124,112
"Medium","Slovenia",705,"2035-2039","NEU","Female","0-19","e4","Low",3252,1857,582
"Medium","Slovenia",705,"2035-2039","NEU","Female","0-19","e5","Middle",811,1739,1080
"Medium","Slovenia",705,"2035-2039","NEU","Female","0-19","e6","High",2,624,308
"Medium","Slovenia",705,"2035-2039","NEU","Female","20-39","e4","Low",3800,707,63
"Medium","Slovenia",705,"2035-2039","NEU","Female","20-39","e5","Middle",9375,1944,1135
"Medium","Slovenia",705,"2035-2039","NEU","Female","20-39","e6","High",6131,3265,2791
"Medium","Slovenia",705,"2035-2039","NEU","Female","40-64","e4","Low",12514,701,179
"Medium","Slovenia",705,"2035-2039","NEU","Female","40-64","e5","Middle",16576,1117,922
"Medium","Slovenia",705,"2035-2039","NEU","Female","40-64","e6","High",7777,1626,1730
"Medium","Slovenia",705,"2035-2039","NEU","Female","65+","e4","Low",16372,175,138
"Medium","Slovenia",705,"2035-2039","NEU","Female","65+","e5","Middle",10587,285,334
"Medium","Slovenia",705,"2035-2039","NEU","Female","65+","e6","High",2818,312,354
"Medium","Slovenia",705,"2035-2039","NEU","Male","0-19","e4","Low",3467,2167,665
"Medium","Slovenia",705,"2035-2039","NEU","Male","0-19","e5","Middle",953,2209,1241
"Medium","Slovenia",705,"2035-2039","NEU","Male","0-19","e6","High",1,551,170
"Medium","Slovenia",705,"2035-2039","NEU","Male","20-39","e4","Low",6867,1199,124
"Medium","Slovenia",705,"2035-2039","NEU","Male","20-39","e5","Middle",19049,3044,1929
"Medium","Slovenia",705,"2035-2039","NEU","Male","20-39","e6","High",2882,3380,2135
"Medium","Slovenia",705,"2035-2039","NEU","Male","40-64","e4","Low",14501,1074,288
"Medium","Slovenia",705,"2035-2039","NEU","Male","40-64","e5","Middle",48505,1562,1405
"Medium","Slovenia",705,"2035-2039","NEU","Male","40-64","e6","High",5435,1554,1362
"Medium","Slovenia",705,"2035-2039","NEU","Male","65+","e4","Low",7869,206,95
"Medium","Slovenia",705,"2035-2039","NEU","Male","65+","e5","Middle",24828,314,389
"Medium","Slovenia",705,"2035-2039","NEU","Male","65+","e6","High",3411,296,268
"Medium","Slovenia",705,"2040-2044","EU","Female","0-19","e4","Low",82,0,0
"Medium","Slovenia",705,"2040-2044","EU","Female","0-19","e5","Middle",90,0,0
"Medium","Slovenia",705,"2040-2044","EU","Female","0-19","e6","High",0,0,0
"Medium","Slovenia",705,"2040-2044","EU","Female","20-39","e4","Low",401,0,0
"Medium","Slovenia",705,"2040-2044","EU","Female","20-39","e5","Middle",762,0,0
"Medium","Slovenia",705,"2040-2044","EU","Female","20-39","e6","High",1244,0,0
"Medium","Slovenia",705,"2040-2044","EU","Female","40-64","e4","Low",1157,0,0
"Medium","Slovenia",705,"2040-2044","EU","Female","40-64","e5","Middle",2853,0,0
"Medium","Slovenia",705,"2040-2044","EU","Female","40-64","e6","High",3216,0,0
"Medium","Slovenia",705,"2040-2044","EU","Female","65+","e4","Low",3787,0,0
"Medium","Slovenia",705,"2040-2044","EU","Female","65+","e5","Middle",6391,0,0
"Medium","Slovenia",705,"2040-2044","EU","Female","65+","e6","High",2907,0,0
"Medium","Slovenia",705,"2040-2044","EU","Male","0-19","e4","Low",97,0,0
"Medium","Slovenia",705,"2040-2044","EU","Male","0-19","e5","Middle",101,0,0
"Medium","Slovenia",705,"2040-2044","EU","Male","0-19","e6","High",0,0,0
"Medium","Slovenia",705,"2040-2044","EU","Male","20-39","e4","Low",700,0,0
"Medium","Slovenia",705,"2040-2044","EU","Male","20-39","e5","Middle",1617,0,0
"Medium","Slovenia",705,"2040-2044","EU","Male","20-39","e6","High",978,0,0
"Medium","Slovenia",705,"2040-2044","EU","Male","40-64","e4","Low",1347,0,0
"Medium","Slovenia",705,"2040-2044","EU","Male","40-64","e5","Middle",4879,0,0
"Medium","Slovenia",705,"2040-2044","EU","Male","40-64","e6","High",2319,0,0
"Medium","Slovenia",705,"2040-2044","EU","Male","65+","e4","Low",1412,0,0
"Medium","Slovenia",705,"2040-2044","EU","Male","65+","e5","Middle",6956,0,0
"Medium","Slovenia",705,"2040-2044","EU","Male","65+","e6","High",2515,0,0
"Medium","Slovenia",705,"2040-2044","NAT","Female","0-19","e4","Low",44840,0,0
"Medium","Slovenia",705,"2040-2044","NAT","Female","0-19","e5","Middle",52599,0,0
"Medium","Slovenia",705,"2040-2044","NAT","Female","0-19","e6","High",73301,0,0
"Medium","Slovenia",705,"2040-2044","NAT","Female","20-39","e4","Low",3756,0,0
"Medium","Slovenia",705,"2040-2044","NAT","Female","20-39","e5","Middle",69469,0,0
"Medium","Slovenia",705,"2040-2044","NAT","Female","20-39","e6","High",119042,0,0
"Medium","Slovenia",705,"2040-2044","NAT","Female","40-64","e4","Low",8467,0,0
"Medium","Slovenia",705,"2040-2044","NAT","Female","40-64","e5","Middle",100064,0,0
"Medium","Slovenia",705,"2040-2044","NAT","Female","40-64","e6","High",165458,0,0
"Medium","Slovenia",705,"2040-2044","NAT","Female","65+","e4","Low",49870,0,0
"Medium","Slovenia",705,"2040-2044","NAT","Female","65+","e5","Middle",144231,0,0
"Medium","Slovenia",705,"2040-2044","NAT","Female","65+","e6","High",84633,0,0
"Medium","Slovenia",705,"2040-2044","NAT","Male","0-19","e4","Low",46865,0,0
"Medium","Slovenia",705,"2040-2044","NAT","Male","0-19","e5","Middle",56529,0,0
"Medium","Slovenia",705,"2040-2044","NAT","Male","0-19","e6","High",77748,0,0
"Medium","Slovenia",705,"2040-2044","NAT","Male","20-39","e4","Low",8857,0,0
"Medium","Slovenia",705,"2040-2044","NAT","Male","20-39","e5","Middle",115795,0,0
"Medium","Slovenia",705,"2040-2044","NAT","Male","20-39","e6","High",78234,0,0
"Medium","Slovenia",705,"2040-2044","NAT","Male","40-64","e4","Low",17303,0,0
"Medium","Slovenia",705,"2040-2044","NAT","Male","40-64","e5","Middle",161249,0,0
"Medium","Slovenia",705,"2040-2044","NAT","Male","40-64","e6","High",101938,0,0
"Medium","Slovenia",705,"2040-2044","NAT","Male","65+","e4","Low",25764,0,0
"Medium","Slovenia",705,"2040-2044","NAT","Male","65+","e5","Middle",137829,0,0
"Medium","Slovenia",705,"2040-2044","NAT","Male","65+","e6","High",55424,0,0
"Medium","Slovenia",705,"2040-2044","NEU","Female","0-19","e4","Low",2524,0,0
"Medium","Slovenia",705,"2040-2044","NEU","Female","0-19","e5","Middle",787,0,0
"Medium","Slovenia",705,"2040-2044","NEU","Female","0-19","e6","High",1,0,0
"Medium","Slovenia",705,"2040-2044","NEU","Female","20-39","e4","Low",3001,0,0
"Medium","Slovenia",705,"2040-2044","NEU","Female","20-39","e5","Middle",8179,0,0
"Medium","Slovenia",705,"2040-2044","NEU","Female","20-39","e6","High",6221,0,0
"Medium","Slovenia",705,"2040-2044","NEU","Female","40-64","e4","Low",11533,0,0
"Medium","Slovenia",705,"2040-2044","NEU","Female","40-64","e5","Middle",16890,0,0
"Medium","Slovenia",705,"2040-2044","NEU","Female","40-64","e6","High",9112,0,0
"Medium","Slovenia",705,"2040-2044","NEU","Female","65+","e4","Low",16576,0,0
"Medium","Slovenia",705,"2040-2044","NEU","Female","65+","e5","Middle",12093,0,0
"Medium","Slovenia",705,"2040-2044","NEU","Female","65+","e6","High",3340,0,0
"Medium","Slovenia",705,"2040-2044","NEU","Male","0-19","e4","Low",2693,0,0
"Medium","Slovenia",705,"2040-2044","NEU","Male","0-19","e5","Middle",906,0,0
"Medium","Slovenia",705,"2040-2044","NEU","Male","0-19","e6","High",1,0,0
"Medium","Slovenia",705,"2040-2044","NEU","Male","20-39","e4","Low",5698,0,0
"Medium","Slovenia",705,"2040-2044","NEU","Male","20-39","e5","Middle",14928,0,0
"Medium","Slovenia",705,"2040-2044","NEU","Male","20-39","e6","High",2667,0,0
"Medium","Slovenia",705,"2040-2044","NEU","Male","40-64","e4","Low",15389,0,0
"Medium","Slovenia",705,"2040-2044","NEU","Male","40-64","e5","Middle",48376,0,0
"Medium","Slovenia",705,"2040-2044","NEU","Male","40-64","e6","High",5833,0,0
"Medium","Slovenia",705,"2040-2044","NEU","Male","65+","e4","Low",8019,0,0
"Medium","Slovenia",705,"2040-2044","NEU","Male","65+","e5","Middle",28387,0,0
"Medium","Slovenia",705,"2040-2044","NEU","Male","65+","e6","High",3680,0,0
"Medium","Spain",724,"2020-2024","EU","Female","0-19","e4","Low",51899,7668,1279
"Medium","Spain",724,"2020-2024","EU","Female","0-19","e5","Middle",5591,6421,1091
"Medium","Spain",724,"2020-2024","EU","Female","0-19","e6","High",3,3860,1096
"Medium","Spain",724,"2020-2024","EU","Female","20-39","e4","Low",107396,2550,493
"Medium","Spain",724,"2020-2024","EU","Female","20-39","e5","Middle",73375,10613,1504
"Medium","Spain",724,"2020-2024","EU","Female","20-39","e6","High",94180,34849,9867
"Medium","Spain",724,"2020-2024","EU","Female","40-64","e4","Low",170503,3844,1352
"Medium","Spain",724,"2020-2024","EU","Female","40-64","e5","Middle",96443,8045,2128
"Medium","Spain",724,"2020-2024","EU","Female","40-64","e6","High",106084,12463,7711
"Medium","Spain",724,"2020-2024","EU","Female","65+","e4","Low",48788,1742,957
"Medium","Spain",724,"2020-2024","EU","Female","65+","e5","Middle",18949,1673,293
"Medium","Spain",724,"2020-2024","EU","Female","65+","e6","High",18645,2111,723
"Medium","Spain",724,"2020-2024","EU","Male","0-19","e4","Low",54829,8626,1609
"Medium","Spain",724,"2020-2024","EU","Male","0-19","e5","Middle",5173,6976,1357
"Medium","Spain",724,"2020-2024","EU","Male","0-19","e6","High",1,1850,583
"Medium","Spain",724,"2020-2024","EU","Male","20-39","e4","Low",111377,3800,1073
"Medium","Spain",724,"2020-2024","EU","Male","20-39","e5","Middle",65562,12667,2102
"Medium","Spain",724,"2020-2024","EU","Male","20-39","e6","High",63624,27991,8063
"Medium","Spain",724,"2020-2024","EU","Male","40-64","e4","Low",181788,3550,1625
"Medium","Spain",724,"2020-2024","EU","Male","40-64","e5","Middle",99146,8873,2591
"Medium","Spain",724,"2020-2024","EU","Male","40-64","e6","High",102842,12839,7820
"Medium","Spain",724,"2020-2024","EU","Male","65+","e4","Low",41400,997,641
"Medium","Spain",724,"2020-2024","EU","Male","65+","e5","Middle",15561,1556,352
"Medium","Spain",724,"2020-2024","EU","Male","65+","e6","High",19858,2554,1119
"Medium","Spain",724,"2020-2024","NAT","Female","0-19","e4","Low",3857442,1826,311
"Medium","Spain",724,"2020-2024","NAT","Female","0-19","e5","Middle",297294,1245,231
"Medium","Spain",724,"2020-2024","NAT","Female","0-19","e6","High",102,660,187
"Medium","Spain",724,"2020-2024","NAT","Female","20-39","e4","Low",832012,546,114
"Medium","Spain",724,"2020-2024","NAT","Female","20-39","e5","Middle",964371,2020,304
"Medium","Spain",724,"2020-2024","NAT","Female","20-39","e6","High",2218893,8446,2626
"Medium","Spain",724,"2020-2024","NAT","Female","40-64","e4","Low",2620097,1415,511
"Medium","Spain",724,"2020-2024","NAT","Female","40-64","e5","Middle",1542635,2053,539
"Medium","Spain",724,"2020-2024","NAT","Female","40-64","e6","High",3159249,5706,3487
"Medium","Spain",724,"2020-2024","NAT","Female","65+","e4","Low",3886991,664,368
"Medium","Spain",724,"2020-2024","NAT","Female","65+","e5","Middle",496100,664,115
"Medium","Spain",724,"2020-2024","NAT","Female","65+","e6","High",520759,1069,365
"Medium","Spain",724,"2020-2024","NAT","Male","0-19","e4","Low",4125420,1985,380
"Medium","Spain",724,"2020-2024","NAT","Male","0-19","e5","Middle",293040,1300,269
"Medium","Spain",724,"2020-2024","NAT","Male","0-19","e6","High",137,388,122
"Medium","Spain",724,"2020-2024","NAT","Male","20-39","e4","Low",1338981,729,226
"Medium","Spain",724,"2020-2024","NAT","Male","20-39","e5","Middle",1166973,1893,328
"Medium","Spain",724,"2020-2024","NAT","Male","20-39","e6","High",1680869,6763,2083
"Medium","Spain",724,"2020-2024","NAT","Male","40-64","e4","Low",2958952,1315,617
"Medium","Spain",724,"2020-2024","NAT","Male","40-64","e5","Middle",1627569,1792,514
"Medium","Spain",724,"2020-2024","NAT","Male","40-64","e6","High",2744163,5318,3194
"Medium","Spain",724,"2020-2024","NAT","Male","65+","e4","Low",2518910,467,297
"Medium","Spain",724,"2020-2024","NAT","Male","65+","e5","Middle",519063,528,120
"Medium","Spain",724,"2020-2024","NAT","Male","65+","e6","High",720557,1106,485
"Medium","Spain",724,"2020-2024","NEU","Female","0-19","e4","Low",251302,69382,11017
"Medium","Spain",724,"2020-2024","NEU","Female","0-19","e5","Middle",28027,28320,5051
"Medium","Spain",724,"2020-2024","NEU","Female","0-19","e6","High",20,15686,4454
"Medium","Spain",724,"2020-2024","NEU","Female","20-39","e4","Low",479286,38793,6908
"Medium","Spain",724,"2020-2024","NEU","Female","20-39","e5","Middle",336344,44535,6117
"Medium","Spain",724,"2020-2024","NEU","Female","20-39","e6","High",360867,81963,22594
"Medium","Spain",724,"2020-2024","NEU","Female","40-64","e4","Low",581938,24090,8042
"Medium","Spain",724,"2020-2024","NEU","Female","40-64","e5","Middle",321041,12911,3429
"Medium","Spain",724,"2020-2024","NEU","Female","40-64","e6","High",336380,19988,12426
"Medium","Spain",724,"2020-2024","NEU","Female","65+","e4","Low",145664,4051,2173
"Medium","Spain",724,"2020-2024","NEU","Female","65+","e5","Middle",48973,1960,343
"Medium","Spain",724,"2020-2024","NEU","Female","65+","e6","High",53936,2438,836
"Medium","Spain",724,"2020-2024","NEU","Male","0-19","e4","Low",280838,75901,13506
"Medium","Spain",724,"2020-2024","NEU","Male","0-19","e5","Middle",26035,28661,5844
"Medium","Spain",724,"2020-2024","NEU","Male","0-19","e6","High",21,10313,3246
"Medium","Spain",724,"2020-2024","NEU","Male","20-39","e4","Low",551506,47785,12446
"Medium","Spain",724,"2020-2024","NEU","Male","20-39","e5","Middle",306182,45534,7357
"Medium","Spain",724,"2020-2024","NEU","Male","20-39","e6","High",248719,74367,20904
"Medium","Spain",724,"2020-2024","NEU","Male","40-64","e4","Low",603623,24211,10978
"Medium","Spain",724,"2020-2024","NEU","Male","40-64","e5","Middle",267933,12885,3802
"Medium","Spain",724,"2020-2024","NEU","Male","40-64","e6","High",266844,21538,13226
"Medium","Spain",724,"2020-2024","NEU","Male","65+","e4","Low",101916,3429,2143
"Medium","Spain",724,"2020-2024","NEU","Male","65+","e5","Middle",35723,1524,345
"Medium","Spain",724,"2020-2024","NEU","Male","65+","e6","High",53236,2717,1187
"Medium","Spain",724,"2025-2029","EU","Female","0-19","e4","Low",36078,4726,672
"Medium","Spain",724,"2025-2029","EU","Female","0-19","e5","Middle",4589,6620,1039
"Medium","Spain",724,"2025-2029","EU","Female","0-19","e6","High",3,3583,1023
"Medium","Spain",724,"2025-2029","EU","Female","20-39","e4","Low",78724,1643,254
"Medium","Spain",724,"2025-2029","EU","Female","20-39","e5","Middle",63942,8930,1188
"Medium","Spain",724,"2025-2029","EU","Female","20-39","e6","High",99845,31223,8496
"Medium","Spain",724,"2025-2029","EU","Female","40-64","e4","Low",188448,3053,937
"Medium","Spain",724,"2025-2029","EU","Female","40-64","e5","Middle",117251,6896,1824
"Medium","Spain",724,"2025-2029","EU","Female","40-64","e6","High",136375,12859,7729
"Medium","Spain",724,"2025-2029","EU","Female","65+","e4","Low",63914,1378,694
"Medium","Spain",724,"2025-2029","EU","Female","65+","e5","Middle",27826,2014,425
"Medium","Spain",724,"2025-2029","EU","Female","65+","e6","High",26989,2428,979
"Medium","Spain",724,"2025-2029","EU","Male","0-19","e4","Low",38448,5371,898
"Medium","Spain",724,"2025-2029","EU","Male","0-19","e5","Middle",4185,7170,1319
"Medium","Spain",724,"2025-2029","EU","Male","0-19","e6","High",1,1698,532
"Medium","Spain",724,"2025-2029","EU","Male","20-39","e4","Low",87456,2572,621
"Medium","Spain",724,"2025-2029","EU","Male","20-39","e5","Middle",61603,10874,1819
"Medium","Spain",724,"2025-2029","EU","Male","20-39","e6","High",67695,25063,7033
"Medium","Spain",724,"2025-2029","EU","Male","40-64","e4","Low",199077,3105,1302
"Medium","Spain",724,"2025-2029","EU","Male","40-64","e5","Middle",117184,7857,2221
"Medium","Spain",724,"2025-2029","EU","Male","40-64","e6","High",122193,12597,7234
"Medium","Spain",724,"2025-2029","EU","Male","65+","e4","Low",52562,750,443
"Medium","Spain",724,"2025-2029","EU","Male","65+","e5","Middle",23442,1851,465
"Medium","Spain",724,"2025-2029","EU","Male","65+","e6","High",28158,2687,1233
"Medium","Spain",724,"2025-2029","NAT","Female","0-19","e4","Low",3065906,1201,174
"Medium","Spain",724,"2025-2029","NAT","Female","0-19","e5","Middle",525992,1787,292
"Medium","Spain",724,"2025-2029","NAT","Female","0-19","e6","High",395102,1163,334
"Medium","Spain",724,"2025-2029","NAT","Female","20-39","e4","Low",717533,378,61
"Medium","Spain",724,"2025-2029","NAT","Female","20-39","e5","Middle",888476,1770,241
"Medium","Spain",724,"2025-2029","NAT","Female","20-39","e6","High",2215649,7327,2073
"Medium","Spain",724,"2025-2029","NAT","Female","40-64","e4","Low",2177196,1216,390
"Medium","Spain",724,"2025-2029","NAT","Female","40-64","e5","Middle",1487576,1794,472
"Medium","Spain",724,"2025-2029","NAT","Female","40-64","e6","High",3498395,6086,3648
"Medium","Spain",724,"2025-2029","NAT","Female","65+","e4","Low",3758086,629,317
"Medium","Spain",724,"2025-2029","NAT","Female","65+","e5","Middle",708227,654,137
"Medium","Spain",724,"2025-2029","NAT","Female","65+","e6","High",799169,1254,504
"Medium","Spain",724,"2025-2029","NAT","Male","0-19","e4","Low",3285207,1366,239
"Medium","Spain",724,"2025-2029","NAT","Male","0-19","e5","Middle",532037,1872,363
"Medium","Spain",724,"2025-2029","NAT","Male","0-19","e6","High",419869,648,204
"Medium","Spain",724,"2025-2029","NAT","Male","20-39","e4","Low",1285263,561,143
"Medium","Spain",724,"2025-2029","NAT","Male","20-39","e5","Middle",1051708,1845,310
"Medium","Spain",724,"2025-2029","NAT","Male","20-39","e6","High",1676788,6090,1749
"Medium","Spain",724,"2025-2029","NAT","Male","40-64","e4","Low",2746110,1245,536
"Medium","Spain",724,"2025-2029","NAT","Male","40-64","e5","Middle",1596370,1621,454
"Medium","Spain",724,"2025-2029","NAT","Male","40-64","e6","High",2866385,5624,3215
"Medium","Spain",724,"2025-2029","NAT","Male","65+","e4","Low",2453233,481,284
"Medium","Spain",724,"2025-2029","NAT","Male","65+","e5","Middle",700442,565,142
"Medium","Spain",724,"2025-2029","NAT","Male","65+","e6","High",968402,1322,606
"Medium","Spain",724,"2025-2029","NEU","Female","0-19","e4","Low",190764,64098,8657
"Medium","Spain",724,"2025-2029","NEU","Female","0-19","e5","Middle",23778,35757,5837
"Medium","Spain",724,"2025-2029","NEU","Female","0-19","e6","High",13,18042,5150
"Medium","Spain",724,"2025-2029","NEU","Female","20-39","e4","Low",402348,36758,5389
"Medium","Spain",724,"2025-2029","NEU","Female","20-39","e5","Middle",310445,47754,6191
"Medium","Spain",724,"2025-2029","NEU","Female","20-39","e6","High",373738,93961,25151
"Medium","Spain",724,"2025-2029","NEU","Female","40-64","e4","Low",685163,25527,7534
"Medium","Spain",724,"2025-2029","NEU","Female","40-64","e5","Middle",393817,15238,3886
"Medium","Spain",724,"2025-2029","NEU","Female","40-64","e6","High",415463,24932,14821
"Medium","Spain",724,"2025-2029","NEU","Female","65+","e4","Low",201906,4818,2408
"Medium","Spain",724,"2025-2029","NEU","Female","65+","e5","Middle",78681,2674,566
"Medium","Spain",724,"2025-2029","NEU","Female","65+","e6","High",87770,3550,1439
"Medium","Spain",724,"2025-2029","NEU","Male","0-19","e4","Low",206599,69746,10910
"Medium","Spain",724,"2025-2029","NEU","Male","0-19","e5","Middle",20934,36433,6895
"Medium","Spain",724,"2025-2029","NEU","Male","0-19","e6","High",13,11785,3693
"Medium","Spain",724,"2025-2029","NEU","Male","20-39","e4","Low",494660,44925,10244
"Medium","Spain",724,"2025-2029","NEU","Male","20-39","e5","Middle",301955,49078,8122
"Medium","Spain",724,"2025-2029","NEU","Male","20-39","e6","High",272080,85545,23692
"Medium","Spain",724,"2025-2029","NEU","Male","40-64","e4","Low",718830,26021,10804
"Medium","Spain",724,"2025-2029","NEU","Male","40-64","e5","Middle",330972,15532,4279
"Medium","Spain",724,"2025-2029","NEU","Male","40-64","e6","High",316902,26337,14941
"Medium","Spain",724,"2025-2029","NEU","Male","65+","e4","Low",141000,4031,2362
"Medium","Spain",724,"2025-2029","NEU","Male","65+","e5","Middle",55261,2132,536
"Medium","Spain",724,"2025-2029","NEU","Male","65+","e6","High",79873,3718,1711
"Medium","Spain",724,"2030-2034","EU","Female","0-19","e4","Low",22353,3715,436
"Medium","Spain",724,"2030-2034","EU","Female","0-19","e5","Middle",5473,6763,942
"Medium","Spain",724,"2030-2034","EU","Female","0-19","e6","High",3,3217,804
"Medium","Spain",724,"2030-2034","EU","Female","20-39","e4","Low",60735,1141,149
"Medium","Spain",724,"2030-2034","EU","Female","20-39","e5","Middle",52927,7715,993
"Medium","Spain",724,"2030-2034","EU","Female","20-39","e6","High",89666,28760,7869
"Medium","Spain",724,"2030-2034","EU","Female","40-64","e4","Low",193219,2496,669
"Medium","Spain",724,"2030-2034","EU","Female","40-64","e5","Middle",125987,6199,1527
"Medium","Spain",724,"2030-2034","EU","Female","40-64","e6","High",162902,13698,7531
"Medium","Spain",724,"2030-2034","EU","Female","65+","e4","Low",86410,1031,505
"Medium","Spain",724,"2030-2034","EU","Female","65+","e5","Middle",44625,2108,542
"Medium","Spain",724,"2030-2034","EU","Female","65+","e6","High",42275,2510,1229
"Medium","Spain",724,"2030-2034","EU","Male","0-19","e4","Low",24096,4189,599
"Medium","Spain",724,"2030-2034","EU","Male","0-19","e5","Middle",4992,7269,1181
"Medium","Spain",724,"2030-2034","EU","Male","0-19","e6","High",1,1521,417
"Medium","Spain",724,"2030-2034","EU","Male","20-39","e4","Low",74695,1830,391
"Medium","Spain",724,"2030-2034","EU","Male","20-39","e5","Middle",53686,9647,1710
"Medium","Spain",724,"2030-2034","EU","Male","20-39","e6","High",59570,22762,6545
"Medium","Spain",724,"2030-2034","EU","Male","40-64","e4","Low",201802,2699,1029
"Medium","Spain",724,"2030-2034","EU","Male","40-64","e5","Middle",124321,7249,1883
"Medium","Spain",724,"2030-2034","EU","Male","40-64","e6","High",136660,13085,6703
"Medium","Spain",724,"2030-2034","EU","Male","65+","e4","Low",71034,637,369
"Medium","Spain",724,"2030-2034","EU","Male","65+","e5","Middle",38078,1920,539
"Medium","Spain",724,"2030-2034","EU","Male","65+","e6","High",43170,2597,1314
"Medium","Spain",724,"2030-2034","NAT","Female","0-19","e4","Low",2175454,432,49
"Medium","Spain",724,"2030-2034","NAT","Female","0-19","e5","Middle",681315,1520,199
"Medium","Spain",724,"2030-2034","NAT","Female","0-19","e6","High",805721,1264,327
"Medium","Spain",724,"2030-2034","NAT","Female","20-39","e4","Low",639039,318,41
"Medium","Spain",724,"2030-2034","NAT","Female","20-39","e5","Middle",891094,1847,233
"Medium","Spain",724,"2030-2034","NAT","Female","20-39","e6","High",2443931,8117,2222
"Medium","Spain",724,"2030-2034","NAT","Female","40-64","e4","Low",1778872,985,274
"Medium","Spain",724,"2030-2034","NAT","Female","40-64","e5","Middle",1327418,1578,386
"Medium","Spain",724,"2030-2034","NAT","Female","40-64","e6","High",3580653,6098,3449
"Medium","Spain",724,"2030-2034","NAT","Female","65+","e4","Low",3604837,603,294
"Medium","Spain",724,"2030-2034","NAT","Female","65+","e5","Middle",965684,711,183
"Medium","Spain",724,"2030-2034","NAT","Female","65+","e6","High",1209614,1511,741
"Medium","Spain",724,"2030-2034","NAT","Male","0-19","e4","Low",2335139,547,78
"Medium","Spain",724,"2030-2034","NAT","Male","0-19","e5","Middle",697897,1702,280
"Medium","Spain",724,"2030-2034","NAT","Male","0-19","e6","High",857793,711,205
"Medium","Spain",724,"2030-2034","NAT","Male","20-39","e4","Low",1249456,505,108
"Medium","Spain",724,"2030-2034","NAT","Male","20-39","e5","Middle",1104996,2144,371
"Medium","Spain",724,"2030-2034","NAT","Male","20-39","e6","High",1844189,6706,1924
"Medium","Spain",724,"2030-2034","NAT","Male","40-64","e4","Low",2461383,1111,434
"Medium","Spain",724,"2030-2034","NAT","Male","40-64","e5","Middle",1474302,1478,380
"Medium","Spain",724,"2030-2034","NAT","Male","40-64","e6","High",2829895,5650,2968
"Medium","Spain",724,"2030-2034","NAT","Male","65+","e4","Low",2447853,482,280
"Medium","Spain",724,"2030-2034","NAT","Male","65+","e5","Middle",897054,622,175
"Medium","Spain",724,"2030-2034","NAT","Male","65+","e6","High",1275239,1585,803
"Medium","Spain",724,"2030-2034","NEU","Female","0-19","e4","Low",144345,55232,5605
"Medium","Spain",724,"2030-2034","NEU","Female","0-19","e5","Middle",30971,43770,6246
"Medium","Spain",724,"2030-2034","NEU","Female","0-19","e6","High",15,20920,5231
"Medium","Spain",724,"2030-2034","NEU","Female","20-39","e4","Low",347084,34278,4322
"Medium","Spain",724,"2030-2034","NEU","Female","20-39","e5","Middle",292566,50856,6409
"Medium","Spain",724,"2030-2034","NEU","Female","20-39","e6","High",359657,105037,28491
"Medium","Spain",724,"2030-2034","NEU","Female","40-64","e4","Low",746898,26336,6639
"Medium","Spain",724,"2030-2034","NEU","Female","40-64","e5","Middle",441486,17430,3992
"Medium","Spain",724,"2030-2034","NEU","Female","40-64","e6","High",496977,30180,16176
"Medium","Spain",724,"2030-2034","NEU","Female","65+","e4","Low",278893,5376,2579
"Medium","Spain",724,"2030-2034","NEU","Female","65+","e5","Middle",125171,3313,858
"Medium","Spain",724,"2030-2034","NEU","Female","65+","e6","High",137418,4690,2314
"Medium","Spain",724,"2030-2034","NEU","Male","0-19","e4","Low",156418,59839,7433
"Medium","Spain",724,"2030-2034","NEU","Male","0-19","e5","Middle",27924,44815,7428
"Medium","Spain",724,"2030-2034","NEU","Male","0-19","e6","High",14,13478,3698
"Medium","Spain",724,"2030-2034","NEU","Male","20-39","e4","Low",455760,41439,8548
"Medium","Spain",724,"2030-2034","NEU","Male","20-39","e5","Middle",294075,52348,9192
"Medium","Spain",724,"2030-2034","NEU","Male","20-39","e6","High",263220,95569,27281
"Medium","Spain",724,"2030-2034","NEU","Male","40-64","e4","Low",792114,27099,10095
"Medium","Spain",724,"2030-2034","NEU","Male","40-64","e5","Middle",377620,18035,4398
"Medium","Spain",724,"2030-2034","NEU","Male","40-64","e6","High",373245,31249,15623
"Medium","Spain",724,"2030-2034","NEU","Male","65+","e4","Low",199943,4575,2628
"Medium","Spain",724,"2030-2034","NEU","Male","65+","e5","Middle",88506,2763,776
"Medium","Spain",724,"2030-2034","NEU","Male","65+","e6","High",117874,4856,2465
"Medium","Spain",724,"2035-2039","EU","Female","0-19","e4","Low",9576,3118,320
"Medium","Spain",724,"2035-2039","EU","Female","0-19","e5","Middle",5321,6306,790
"Medium","Spain",724,"2035-2039","EU","Female","0-19","e6","High",2,3158,702
"Medium","Spain",724,"2035-2039","EU","Female","20-39","e4","Low",50604,814,94
"Medium","Spain",724,"2035-2039","EU","Female","20-39","e5","Middle",44002,6728,824
"Medium","Spain",724,"2035-2039","EU","Female","20-39","e6","High",81283,26825,7281
"Medium","Spain",724,"2035-2039","EU","Female","40-64","e4","Low",178010,1988,465
"Medium","Spain",724,"2035-2039","EU","Female","40-64","e5","Middle",123945,5423,1229
"Medium","Spain",724,"2035-2039","EU","Female","40-64","e6","High",178472,13862,7045
"Medium","Spain",724,"2035-2039","EU","Female","65+","e4","Low",116993,842,374
"Medium","Spain",724,"2035-2039","EU","Female","65+","e5","Middle",68103,2150,636
"Medium","Spain",724,"2035-2039","EU","Female","65+","e6","High",65011,2695,1612
"Medium","Spain",724,"2035-2039","EU","Male","0-19","e4","Low",10541,3515,442
"Medium","Spain",724,"2035-2039","EU","Male","0-19","e5","Middle",5113,6848,1016
"Medium","Spain",724,"2035-2039","EU","Male","0-19","e6","High",1,1471,358
"Medium","Spain",724,"2035-2039","EU","Male","20-39","e4","Low",66260,1330,266
"Medium","Spain",724,"2035-2039","EU","Male","20-39","e5","Middle",46748,8658,1576
"Medium","Spain",724,"2035-2039","EU","Male","20-39","e6","High",53372,21061,6041
"Medium","Spain",724,"2035-2039","EU","Male","40-64","e4","Low",187790,2238,776
"Medium","Spain",724,"2035-2039","EU","Male","40-64","e5","Middle",121137,6486,1560
"Medium","Spain",724,"2035-2039","EU","Male","40-64","e6","High",140376,12868,6057
"Medium","Spain",724,"2035-2039","EU","Male","65+","e4","Low",97739,626,338
"Medium","Spain",724,"2035-2039","EU","Male","65+","e5","Middle",59663,2008,625
"Medium","Spain",724,"2035-2039","EU","Male","65+","e6","High",64339,2690,1555
"Medium","Spain",724,"2035-2039","NAT","Female","0-19","e4","Low",1352127,297,31
"Medium","Spain",724,"2035-2039","NAT","Female","0-19","e5","Middle",822275,629,80
"Medium","Spain",724,"2035-2039","NAT","Female","0-19","e6","High",1260145,548,133
"Medium","Spain",724,"2035-2039","NAT","Female","20-39","e4","Low",592385,283,32
"Medium","Spain",724,"2035-2039","NAT","Female","20-39","e5","Middle",843302,2027,240
"Medium","Spain",724,"2035-2039","NAT","Female","20-39","e6","High",2679186,9499,2529
"Medium","Spain",724,"2035-2039","NAT","Female","40-64","e4","Low",1418515,796,191
"Medium","Spain",724,"2035-2039","NAT","Female","40-64","e5","Middle",1137434,1399,316
"Medium","Spain",724,"2035-2039","NAT","Female","40-64","e6","High",3547863,5964,3163
"Medium","Spain",724,"2035-2039","NAT","Female","65+","e4","Low",3396022,547,247
"Medium","Spain",724,"2035-2039","NAT","Female","65+","e5","Middle",1199145,684,202
"Medium","Spain",724,"2035-2039","NAT","Female","65+","e6","High",1733469,1665,985
"Medium","Spain",724,"2035-2039","NAT","Male","0-19","e4","Low",1459519,338,43
"Medium","Spain",724,"2035-2039","NAT","Male","0-19","e5","Middle",849496,672,104
"Medium","Spain",724,"2035-2039","NAT","Male","0-19","e6","High",1342866,360,99
"Medium","Spain",724,"2035-2039","NAT","Male","20-39","e4","Low",1276252,467,93
"Medium","Spain",724,"2035-2039","NAT","Male","20-39","e5","Middle",1069782,2531,446
"Medium","Spain",724,"2035-2039","NAT","Male","20-39","e6","High",2013374,7968,2251
"Medium","Spain",724,"2035-2039","NAT","Male","40-64","e4","Low",2134765,980,348
"Medium","Spain",724,"2035-2039","NAT","Male","40-64","e5","Middle",1354594,1357,324
"Medium","Spain",724,"2035-2039","NAT","Male","40-64","e6","High",2719643,5442,2667
"Medium","Spain",724,"2035-2039","NAT","Male","65+","e4","Low",2421829,471,260
"Medium","Spain",724,"2035-2039","NAT","Male","65+","e5","Middle",1081586,590,183
"Medium","Spain",724,"2035-2039","NAT","Male","65+","e6","High",1637902,1720,985
"Medium","Spain",724,"2035-2039","NEU","Female","0-19","e4","Low",90959,53352,4710
"Medium","Spain",724,"2035-2039","NEU","Female","0-19","e5","Middle",36108,45748,5887
"Medium","Spain",724,"2035-2039","NEU","Female","0-19","e6","High",12,22554,5012
"Medium","Spain",724,"2035-2039","NEU","Female","20-39","e4","Low",305964,32167,3560
"Medium","Spain",724,"2035-2039","NEU","Female","20-39","e5","Middle",270057,54327,6457
"Medium","Spain",724,"2035-2039","NEU","Female","20-39","e6","High",347678,117840,31520
"Medium","Spain",724,"2035-2039","NEU","Female","40-64","e4","Low",775385,26397,5652
"Medium","Spain",724,"2035-2039","NEU","Female","40-64","e5","Middle",490652,19699,4130
"Medium","Spain",724,"2035-2039","NEU","Female","40-64","e6","High",575370,35908,17463
"Medium","Spain",724,"2035-2039","NEU","Female","65+","e4","Low",372785,5942,2611
"Medium","Spain",724,"2035-2039","NEU","Female","65+","e5","Middle",184765,3553,1050
"Medium","Spain",724,"2035-2039","NEU","Female","65+","e6","High",198340,5552,3311
"Medium","Spain",724,"2035-2039","NEU","Male","0-19","e4","Low",97430,57266,6229
"Medium","Spain",724,"2035-2039","NEU","Male","0-19","e5","Middle",33607,46979,7089
"Medium","Spain",724,"2035-2039","NEU","Male","0-19","e6","High",11,14389,3498
"Medium","Spain",724,"2035-2039","NEU","Male","20-39","e4","Low",412031,38186,7347
"Medium","Spain",724,"2035-2039","NEU","Male","20-39","e5","Middle",279951,56030,9966
"Medium","Spain",724,"2035-2039","NEU","Male","20-39","e6","High",251300,106187,30036
"Medium","Spain",724,"2035-2039","NEU","Male","40-64","e4","Low",842378,27327,9068
"Medium","Spain",724,"2035-2039","NEU","Male","40-64","e5","Middle",428840,20545,4629
"Medium","Spain",724,"2035-2039","NEU","Male","40-64","e6","High",429344,37160,16810
"Medium","Spain",724,"2035-2039","NEU","Male","65+","e4","Low",284713,5184,2794
"Medium","Spain",724,"2035-2039","NEU","Male","65+","e5","Middle",134211,3120,970
"Medium","Spain",724,"2035-2039","NEU","Male","65+","e6","High",162466,5747,3316
"Medium","Spain",724,"2040-2044","EU","Female","0-19","e4","Low",4386,0,0
"Medium","Spain",724,"2040-2044","EU","Female","0-19","e5","Middle",3481,0,0
"Medium","Spain",724,"2040-2044","EU","Female","0-19","e6","High",0,0,0
"Medium","Spain",724,"2040-2044","EU","Female","20-39","e4","Low",39397,0,0
"Medium","Spain",724,"2040-2044","EU","Female","20-39","e5","Middle",35147,0,0
"Medium","Spain",724,"2040-2044","EU","Female","20-39","e6","High",72844,0,0
"Medium","Spain",724,"2040-2044","EU","Female","40-64","e4","Low",162155,0,0
"Medium","Spain",724,"2040-2044","EU","Female","40-64","e5","Middle",117638,0,0
"Medium","Spain",724,"2040-2044","EU","Female","40-64","e6","High",188024,0,0
"Medium","Spain",724,"2040-2044","EU","Female","65+","e4","Low",143392,0,0
"Medium","Spain",724,"2040-2044","EU","Female","65+","e5","Middle",90194,0,0
"Medium","Spain",724,"2040-2044","EU","Female","65+","e6","High",91017,0,0
"Medium","Spain",724,"2040-2044","EU","Male","0-19","e4","Low",4650,0,0
"Medium","Spain",724,"2040-2044","EU","Male","0-19","e5","Middle",3386,0,0
"Medium","Spain",724,"2040-2044","EU","Male","0-19","e6","High",0,0,0
"Medium","Spain",724,"2040-2044","EU","Male","20-39","e4","Low",54806,0,0
"Medium","Spain",724,"2040-2044","EU","Male","20-39","e5","Middle",39009,0,0
"Medium","Spain",724,"2040-2044","EU","Male","20-39","e6","High",46802,0,0
"Medium","Spain",724,"2040-2044","EU","Male","40-64","e4","Low",170913,0,0
"Medium","Spain",724,"2040-2044","EU","Male","40-64","e5","Middle",113106,0,0
"Medium","Spain",724,"2040-2044","EU","Male","40-64","e6","High",139973,0,0
"Medium","Spain",724,"2040-2044","EU","Male","65+","e4","Low",123730,0,0
"Medium","Spain",724,"2040-2044","EU","Male","65+","e5","Middle",81595,0,0
"Medium","Spain",724,"2040-2044","EU","Male","65+","e6","High",86688,0,0
"Medium","Spain",724,"2040-2044","NAT","Female","0-19","e4","Low",1206356,0,0
"Medium","Spain",724,"2040-2044","NAT","Female","0-19","e5","Middle",778934,0,0
"Medium","Spain",724,"2040-2044","NAT","Female","0-19","e6","High",1391174,0,0
"Medium","Spain",724,"2040-2044","NAT","Female","20-39","e4","Low",542008,0,0
"Medium","Spain",724,"2040-2044","NAT","Female","20-39","e5","Middle",775079,0,0
"Medium","Spain",724,"2040-2044","NAT","Female","20-39","e6","High",2855571,0,0
"Medium","Spain",724,"2040-2044","NAT","Female","40-64","e4","Low",1163059,0,0
"Medium","Spain",724,"2040-2044","NAT","Female","40-64","e5","Middle",962645,0,0
"Medium","Spain",724,"2040-2044","NAT","Female","40-64","e6","High",3349011,0,0
"Medium","Spain",724,"2040-2044","NAT","Female","65+","e4","Low",3097644,0,0
"Medium","Spain",724,"2040-2044","NAT","Female","65+","e5","Middle",1374796,0,0
"Medium","Spain",724,"2040-2044","NAT","Female","65+","e6","High",2405350,0,0
"Medium","Spain",724,"2040-2044","NAT","Male","0-19","e4","Low",1305954,0,0
"Medium","Spain",724,"2040-2044","NAT","Male","0-19","e5","Middle",807797,0,0
"Medium","Spain",724,"2040-2044","NAT","Male","0-19","e6","High",1485490,0,0
"Medium","Spain",724,"2040-2044","NAT","Male","20-39","e4","Low",1250813,0,0
"Medium","Spain",724,"2040-2044","NAT","Male","20-39","e5","Middle",1036871,0,0
"Medium","Spain",724,"2040-2044","NAT","Male","20-39","e6","High",2136635,0,0
"Medium","Spain",724,"2040-2044","NAT","Male","40-64","e4","Low",1877244,0,0
"Medium","Spain",724,"2040-2044","NAT","Male","40-64","e5","Middle",1204718,0,0
"Medium","Spain",724,"2040-2044","NAT","Male","40-64","e6","High",2511255,0,0
"Medium","Spain",724,"2040-2044","NAT","Male","65+","e4","Low",2370943,0,0
"Medium","Spain",724,"2040-2044","NAT","Male","65+","e5","Middle",1231990,0,0
"Medium","Spain",724,"2040-2044","NAT","Male","65+","e6","High",2064281,0,0
"Medium","Spain",724,"2040-2044","NEU","Female","0-19","e4","Low",67174,0,0
"Medium","Spain",724,"2040-2044","NEU","Female","0-19","e5","Middle",29959,0,0
"Medium","Spain",724,"2040-2044","NEU","Female","0-19","e6","High",6,0,0
"Medium","Spain",724,"2040-2044","NEU","Female","20-39","e4","Low",266233,0,0
"Medium","Spain",724,"2040-2044","NEU","Female","20-39","e5","Middle",251465,0,0
"Medium","Spain",724,"2040-2044","NEU","Female","20-39","e6","High",344742,0,0
"Medium","Spain",724,"2040-2044","NEU","Female","40-64","e4","Low",774432,0,0
"Medium","Spain",724,"2040-2044","NEU","Female","40-64","e5","Middle",515010,0,0
"Medium","Spain",724,"2040-2044","NEU","Female","40-64","e6","High",641773,0,0
"Medium","Spain",724,"2040-2044","NEU","Female","65+","e4","Low",481174,0,0
"Medium","Spain",724,"2040-2044","NEU","Female","65+","e5","Middle",256774,0,0
"Medium","Spain",724,"2040-2044","NEU","Female","65+","e6","High",271546,0,0
"Medium","Spain",724,"2040-2044","NEU","Male","0-19","e4","Low",70229,0,0
"Medium","Spain",724,"2040-2044","NEU","Male","0-19","e5","Middle",28430,0,0
"Medium","Spain",724,"2040-2044","NEU","Male","0-19","e6","High",5,0,0
"Medium","Spain",724,"2040-2044","NEU","Male","20-39","e4","Low",359638,0,0
"Medium","Spain",724,"2040-2044","NEU","Male","20-39","e5","Middle",261781,0,0
"Medium","Spain",724,"2040-2044","NEU","Male","20-39","e6","High",241095,0,0
"Medium","Spain",724,"2040-2044","NEU","Male","40-64","e4","Low",860107,0,0
"Medium","Spain",724,"2040-2044","NEU","Male","40-64","e5","Middle",465923,0,0
"Medium","Spain",724,"2040-2044","NEU","Male","40-64","e6","High",482166,0,0
"Medium","Spain",724,"2040-2044","NEU","Male","65+","e4","Low",393069,0,0
"Medium","Spain",724,"2040-2044","NEU","Male","65+","e5","Middle",189879,0,0
"Medium","Spain",724,"2040-2044","NEU","Male","65+","e6","High",213086,0,0
"Medium","Sweden",752,"2020-2024","EU","Female","0-19","e4","Low",18000,1339,482
"Medium","Sweden",752,"2020-2024","EU","Female","0-19","e5","Middle",1104,1189,488
"Medium","Sweden",752,"2020-2024","EU","Female","0-19","e6","High",47,1206,397
"Medium","Sweden",752,"2020-2024","EU","Female","20-39","e4","Low",7278,186,39
"Medium","Sweden",752,"2020-2024","EU","Female","20-39","e5","Middle",11439,2131,845
"Medium","Sweden",752,"2020-2024","EU","Female","20-39","e6","High",40956,8871,4641
"Medium","Sweden",752,"2020-2024","EU","Female","40-64","e4","Low",15542,393,101
"Medium","Sweden",752,"2020-2024","EU","Female","40-64","e5","Middle",25007,1908,965
"Medium","Sweden",752,"2020-2024","EU","Female","40-64","e6","High",49590,4986,3090
"Medium","Sweden",752,"2020-2024","EU","Female","65+","e4","Low",34764,251,154
"Medium","Sweden",752,"2020-2024","EU","Female","65+","e5","Middle",28498,525,331
"Medium","Sweden",752,"2020-2024","EU","Female","65+","e6","High",24306,1016,827
"Medium","Sweden",752,"2020-2024","EU","Male","0-19","e4","Low",19255,1445,521
"Medium","Sweden",752,"2020-2024","EU","Male","0-19","e5","Middle",1084,1410,587
"Medium","Sweden",752,"2020-2024","EU","Male","0-19","e6","High",42,655,208
"Medium","Sweden",752,"2020-2024","EU","Male","20-39","e4","Low",10228,362,92
"Medium","Sweden",752,"2020-2024","EU","Male","20-39","e5","Middle",12673,2737,1247
"Medium","Sweden",752,"2020-2024","EU","Male","20-39","e6","High",30172,6841,3607
"Medium","Sweden",752,"2020-2024","EU","Male","40-64","e4","Low",21076,526,134
"Medium","Sweden",752,"2020-2024","EU","Male","40-64","e5","Middle",25657,2082,1156
"Medium","Sweden",752,"2020-2024","EU","Male","40-64","e6","High",37181,3580,2175
"Medium","Sweden",752,"2020-2024","EU","Male","65+","e4","Low",19948,219,124
"Medium","Sweden",752,"2020-2024","EU","Male","65+","e5","Middle",24425,448,347
"Medium","Sweden",752,"2020-2024","EU","Male","65+","e6","High",14575,850,633
"Medium","Sweden",752,"2020-2024","NAT","Female","0-19","e4","Low",998519,203,72
"Medium","Sweden",752,"2020-2024","NAT","Female","0-19","e5","Middle",48290,251,95
"Medium","Sweden",752,"2020-2024","NAT","Female","0-19","e6","High",280,277,91
"Medium","Sweden",752,"2020-2024","NAT","Female","20-39","e4","Low",70423,111,25
"Medium","Sweden",752,"2020-2024","NAT","Female","20-39","e5","Middle",378005,693,280
"Medium","Sweden",752,"2020-2024","NAT","Female","20-39","e6","High",525293,3485,1882
"Medium","Sweden",752,"2020-2024","NAT","Female","40-64","e4","Low",119113,214,51
"Medium","Sweden",752,"2020-2024","NAT","Female","40-64","e5","Middle",466965,602,298
"Medium","Sweden",752,"2020-2024","NAT","Female","40-64","e6","High",597263,2302,1427
"Medium","Sweden",752,"2020-2024","NAT","Female","65+","e4","Low",359297,91,57
"Medium","Sweden",752,"2020-2024","NAT","Female","65+","e5","Middle",303168,154,101
"Medium","Sweden",752,"2020-2024","NAT","Female","65+","e6","High",291633,366,304
"Medium","Sweden",752,"2020-2024","NAT","Male","0-19","e4","Low",1063226,243,87
"Medium","Sweden",752,"2020-2024","NAT","Male","0-19","e5","Middle",50107,292,114
"Medium","Sweden",752,"2020-2024","NAT","Male","0-19","e6","High",221,197,62
"Medium","Sweden",752,"2020-2024","NAT","Male","20-39","e4","Low",115711,150,39
"Medium","Sweden",752,"2020-2024","NAT","Male","20-39","e5","Middle",531716,644,296
"Medium","Sweden",752,"2020-2024","NAT","Male","20-39","e6","High",387415,2304,1253
"Medium","Sweden",752,"2020-2024","NAT","Male","40-64","e4","Low",169479,234,57
"Medium","Sweden",752,"2020-2024","NAT","Male","40-64","e5","Middle",602109,507,277
"Medium","Sweden",752,"2020-2024","NAT","Male","40-64","e6","High",467226,1509,930
"Medium","Sweden",752,"2020-2024","NAT","Male","65+","e4","Low",267351,63,36
"Medium","Sweden",752,"2020-2024","NAT","Male","65+","e5","Middle",334639,97,79
"Medium","Sweden",752,"2020-2024","NAT","Male","65+","e6","High",237819,214,161
"Medium","Sweden",752,"2020-2024","NEU","Female","0-19","e4","Low",91583,15915,5133
"Medium","Sweden",752,"2020-2024","NEU","Female","0-19","e5","Middle",4313,5748,2158
"Medium","Sweden",752,"2020-2024","NEU","Female","0-19","e6","High",106,5593,1841
"Medium","Sweden",752,"2020-2024","NEU","Female","20-39","e4","Low",78322,6089,1225
"Medium","Sweden",752,"2020-2024","NEU","Female","20-39","e5","Middle",62416,8346,3279
"Medium","Sweden",752,"2020-2024","NEU","Female","20-39","e6","High",127222,20049,10329
"Medium","Sweden",752,"2020-2024","NEU","Female","40-64","e4","Low",103648,3916,917
"Medium","Sweden",752,"2020-2024","NEU","Female","40-64","e5","Middle",65173,3007,1493
"Medium","Sweden",752,"2020-2024","NEU","Female","40-64","e6","High",119090,6081,3767
"Medium","Sweden",752,"2020-2024","NEU","Female","65+","e4","Low",29745,716,416
"Medium","Sweden",752,"2020-2024","NEU","Female","65+","e5","Middle",15107,470,293
"Medium","Sweden",752,"2020-2024","NEU","Female","65+","e6","High",17062,813,650
"Medium","Sweden",752,"2020-2024","NEU","Male","0-19","e4","Low",100812,16790,5492
"Medium","Sweden",752,"2020-2024","NEU","Male","0-19","e5","Middle",4177,6512,2500
"Medium","Sweden",752,"2020-2024","NEU","Male","0-19","e6","High",74,4350,1378
"Medium","Sweden",752,"2020-2024","NEU","Male","20-39","e4","Low",112611,7728,1920
"Medium","Sweden",752,"2020-2024","NEU","Male","20-39","e5","Middle",76766,9167,4151
"Medium","Sweden",752,"2020-2024","NEU","Male","20-39","e6","High",112668,19485,9972
"Medium","Sweden",752,"2020-2024","NEU","Male","40-64","e4","Low",106800,4688,1133
"Medium","Sweden",752,"2020-2024","NEU","Male","40-64","e5","Middle",60484,3443,1890
"Medium","Sweden",752,"2020-2024","NEU","Male","40-64","e6","High",111869,6063,3700
"Medium","Sweden",752,"2020-2024","NEU","Male","65+","e4","Low",20784,677,364
"Medium","Sweden",752,"2020-2024","NEU","Male","65+","e5","Middle",19992,457,348
"Medium","Sweden",752,"2020-2024","NEU","Male","65+","e6","High",22477,890,651
"Medium","Sweden",752,"2025-2029","EU","Female","0-19","e4","Low",12692,682,259
"Medium","Sweden",752,"2025-2029","EU","Female","0-19","e5","Middle",1397,1233,506
"Medium","Sweden",752,"2025-2029","EU","Female","0-19","e6","High",52,1115,381
"Medium","Sweden",752,"2025-2029","EU","Female","20-39","e4","Low",5783,110,21
"Medium","Sweden",752,"2025-2029","EU","Female","20-39","e5","Middle",9137,1647,634
"Medium","Sweden",752,"2025-2029","EU","Female","20-39","e6","High",38549,7695,3938
"Medium","Sweden",752,"2025-2029","EU","Female","40-64","e4","Low",13485,276,62
"Medium","Sweden",752,"2025-2029","EU","Female","40-64","e5","Middle",21224,1575,767
"Medium","Sweden",752,"2025-2029","EU","Female","40-64","e6","High",56963,4784,2912
"Medium","Sweden",752,"2025-2029","EU","Female","65+","e4","Low",30509,182,82
"Medium","Sweden",752,"2025-2029","EU","Female","65+","e5","Middle",31157,581,323
"Medium","Sweden",752,"2025-2029","EU","Female","65+","e6","High",29623,1158,794
"Medium","Sweden",752,"2025-2029","EU","Male","0-19","e4","Low",13542,746,281
"Medium","Sweden",752,"2025-2029","EU","Male","0-19","e5","Middle",1337,1442,595
"Medium","Sweden",752,"2025-2029","EU","Male","0-19","e6","High",46,595,190
"Medium","Sweden",752,"2025-2029","EU","Male","20-39","e4","Low",7786,223,53
"Medium","Sweden",752,"2025-2029","EU","Male","20-39","e5","Middle",10964,2184,955
"Medium","Sweden",752,"2025-2029","EU","Male","20-39","e6","High",28889,5901,3101
"Medium","Sweden",752,"2025-2029","EU","Male","40-64","e4","Low",20750,405,96
"Medium","Sweden",752,"2025-2029","EU","Male","40-64","e5","Middle",22906,1802,958
"Medium","Sweden",752,"2025-2029","EU","Male","40-64","e6","High",44283,3338,2026
"Medium","Sweden",752,"2025-2029","EU","Male","65+","e4","Low",18601,161,70
"Medium","Sweden",752,"2025-2029","EU","Male","65+","e5","Middle",25989,496,329
"Medium","Sweden",752,"2025-2029","EU","Male","65+","e6","High",17182,860,554
"Medium","Sweden",752,"2025-2029","NAT","Female","0-19","e4","Low",792081,117,43
"Medium","Sweden",752,"2025-2029","NAT","Female","0-19","e5","Middle",132764,241,98
"Medium","Sweden",752,"2025-2029","NAT","Female","0-19","e6","High",155853,290,105
"Medium","Sweden",752,"2025-2029","NAT","Female","20-39","e4","Low",71211,63,13
"Medium","Sweden",752,"2025-2029","NAT","Female","20-39","e5","Middle",361533,526,213
"Medium","Sweden",752,"2025-2029","NAT","Female","20-39","e6","High",562461,2756,1467
"Medium","Sweden",752,"2025-2029","NAT","Female","40-64","e4","Low",92192,174,38
"Medium","Sweden",752,"2025-2029","NAT","Female","40-64","e5","Middle",431326,591,280
"Medium","Sweden",752,"2025-2029","NAT","Female","40-64","e6","High",638380,2631,1592
"Medium","Sweden",752,"2025-2029","NAT","Female","65+","e4","Low",303965,69,31
"Medium","Sweden",752,"2025-2029","NAT","Female","65+","e5","Middle",347363,153,85
"Medium","Sweden",752,"2025-2029","NAT","Female","65+","e6","High",345157,424,293
"Medium","Sweden",752,"2025-2029","NAT","Male","0-19","e4","Low",840356,142,52
"Medium","Sweden",752,"2025-2029","NAT","Male","0-19","e5","Middle",137760,292,121
"Medium","Sweden",752,"2025-2029","NAT","Male","0-19","e6","High",164621,203,71
"Medium","Sweden",752,"2025-2029","NAT","Male","20-39","e4","Low",117989,95,24
"Medium","Sweden",752,"2025-2029","NAT","Male","20-39","e5","Middle",527890,552,247
"Medium","Sweden",752,"2025-2029","NAT","Male","20-39","e6","High",412957,1941,1063
"Medium","Sweden",752,"2025-2029","NAT","Male","40-64","e4","Low",146703,206,48
"Medium","Sweden",752,"2025-2029","NAT","Male","40-64","e5","Middle",581992,531,278
"Medium","Sweden",752,"2025-2029","NAT","Male","40-64","e6","High",492982,1715,1043
"Medium","Sweden",752,"2025-2029","NAT","Male","65+","e4","Low",237060,57,25
"Medium","Sweden",752,"2025-2029","NAT","Male","65+","e5","Middle",379507,108,72
"Medium","Sweden",752,"2025-2029","NAT","Male","65+","e6","High",271948,256,166
"Medium","Sweden",752,"2025-2029","NEU","Female","0-19","e4","Low",67352,14306,4032
"Medium","Sweden",752,"2025-2029","NEU","Female","0-19","e5","Middle",6168,7523,2850
"Medium","Sweden",752,"2025-2029","NEU","Female","0-19","e6","High",113,6439,2199
"Medium","Sweden",752,"2025-2029","NEU","Female","20-39","e4","Low",66828,5628,963
"Medium","Sweden",752,"2025-2029","NEU","Female","20-39","e5","Middle",53187,9038,3396
"Medium","Sweden",752,"2025-2029","NEU","Female","20-39","e6","High",119670,23300,11727
"Medium","Sweden",752,"2025-2029","NEU","Female","40-64","e4","Low",115288,4121,893
"Medium","Sweden",752,"2025-2029","NEU","Female","40-64","e5","Middle",73400,3463,1609
"Medium","Sweden",752,"2025-2029","NEU","Female","40-64","e6","High",154278,7675,4629
"Medium","Sweden",752,"2025-2029","NEU","Female","65+","e4","Low",40364,867,379
"Medium","Sweden",752,"2025-2029","NEU","Female","65+","e5","Middle",22227,672,372
"Medium","Sweden",752,"2025-2029","NEU","Female","65+","e6","High",28157,1206,823
"Medium","Sweden",752,"2025-2029","NEU","Male","0-19","e4","Low",72952,15075,4309
"Medium","Sweden",752,"2025-2029","NEU","Male","0-19","e5","Middle",5759,8420,3240
"Medium","Sweden",752,"2025-2029","NEU","Male","0-19","e6","High",76,4955,1580
"Medium","Sweden",752,"2025-2029","NEU","Male","20-39","e4","Low",97245,7138,1610
"Medium","Sweden",752,"2025-2029","NEU","Male","20-39","e5","Middle",65162,9955,4299
"Medium","Sweden",752,"2025-2029","NEU","Male","20-39","e6","High",111859,22244,11296
"Medium","Sweden",752,"2025-2029","NEU","Male","40-64","e4","Low",128351,5038,1179
"Medium","Sweden",752,"2025-2029","NEU","Male","40-64","e5","Middle",65057,3959,2049
"Medium","Sweden",752,"2025-2029","NEU","Male","40-64","e6","High",141814,7229,4376
"Medium","Sweden",752,"2025-2029","NEU","Male","65+","e4","Low",29773,817,349
"Medium","Sweden",752,"2025-2029","NEU","Male","65+","e5","Middle",27908,642,423
"Medium","Sweden",752,"2025-2029","NEU","Male","65+","e6","High",34415,1214,775
"Medium","Sweden",752,"2030-2034","EU","Female","0-19","e4","Low",6612,481,181
"Medium","Sweden",752,"2030-2034","EU","Female","0-19","e5","Middle",1261,1209,472
"Medium","Sweden",752,"2030-2034","EU","Female","0-19","e6","High",42,984,325
"Medium","Sweden",752,"2030-2034","EU","Female","20-39","e4","Low",4982,68,10
"Medium","Sweden",752,"2030-2034","EU","Female","20-39","e5","Middle",7190,1301,471
"Medium","Sweden",752,"2030-2034","EU","Female","20-39","e6","High",35494,6891,3444
"Medium","Sweden",752,"2030-2034","EU","Female","40-64","e4","Low",12422,194,41
"Medium","Sweden",752,"2030-2034","EU","Female","40-64","e5","Middle",18597,1320,600
"Medium","Sweden",752,"2030-2034","EU","Female","40-64","e6","High",63956,4635,2780
"Medium","Sweden",752,"2030-2034","EU","Female","65+","e4","Low",25875,129,45
"Medium","Sweden",752,"2030-2034","EU","Female","65+","e5","Middle",32265,567,321
"Medium","Sweden",752,"2030-2034","EU","Female","65+","e6","High",34480,1249,797
"Medium","Sweden",752,"2030-2034","EU","Male","0-19","e4","Low",7090,526,197
"Medium","Sweden",752,"2030-2034","EU","Male","0-19","e5","Middle",1225,1399,555
"Medium","Sweden",752,"2030-2034","EU","Male","0-19","e6","High",38,517,161
"Medium","Sweden",752,"2030-2034","EU","Male","20-39","e4","Low",6553,143,30
"Medium","Sweden",752,"2030-2034","EU","Male","20-39","e5","Middle",9247,1783,741
"Medium","Sweden",752,"2030-2034","EU","Male","20-39","e6","High",27723,5176,2644
"Medium","Sweden",752,"2030-2034","EU","Male","40-64","e4","Low",19874,305,71
"Medium","Sweden",752,"2030-2034","EU","Male","40-64","e5","Middle",20565,1574,782
"Medium","Sweden",752,"2030-2034","EU","Male","40-64","e6","High",49556,3226,1974
"Medium","Sweden",752,"2030-2034","EU","Male","65+","e4","Low",17297,124,44
"Medium","Sweden",752,"2030-2034","EU","Male","65+","e5","Middle",26697,493,325
"Medium","Sweden",752,"2030-2034","EU","Male","65+","e6","High",20531,853,521
"Medium","Sweden",752,"2030-2034","NAT","Female","0-19","e4","Low",562705,55,19
"Medium","Sweden",752,"2030-2034","NAT","Female","0-19","e5","Middle",211209,188,79
"Medium","Sweden",752,"2030-2034","NAT","Female","0-19","e6","High",322974,271,106
"Medium","Sweden",752,"2030-2034","NAT","Female","20-39","e4","Low",70274,37,6
"Medium","Sweden",752,"2030-2034","NAT","Female","20-39","e5","Middle",335085,400,150
"Medium","Sweden",752,"2030-2034","NAT","Female","20-39","e6","High",590199,2319,1188
"Medium","Sweden",752,"2030-2034","NAT","Female","40-64","e4","Low",82235,135,29
"Medium","Sweden",752,"2030-2034","NAT","Female","40-64","e5","Middle",402954,562,251
"Medium","Sweden",752,"2030-2034","NAT","Female","40-64","e6","High",686968,2736,1633
"Medium","Sweden",752,"2030-2034","NAT","Female","65+","e4","Low",249319,55,19
"Medium","Sweden",752,"2030-2034","NAT","Female","65+","e5","Middle",400863,167,94
"Medium","Sweden",752,"2030-2034","NAT","Female","65+","e6","High",401330,486,311
"Medium","Sweden",752,"2030-2034","NAT","Male","0-19","e4","Low",598267,64,21
"Medium","Sweden",752,"2030-2034","NAT","Male","0-19","e5","Middle",220363,235,99
"Medium","Sweden",752,"2030-2034","NAT","Male","0-19","e6","High",340910,192,78
"Medium","Sweden",752,"2030-2034","NAT","Male","20-39","e4","Low",117351,65,14
"Medium","Sweden",752,"2030-2034","NAT","Male","20-39","e5","Middle",505809,483,203
"Medium","Sweden",752,"2030-2034","NAT","Male","20-39","e6","High",431242,1796,944
"Medium","Sweden",752,"2030-2034","NAT","Male","40-64","e4","Low",139340,166,38
"Medium","Sweden",752,"2030-2034","NAT","Male","40-64","e5","Middle",576465,522,259
"Medium","Sweden",752,"2030-2034","NAT","Male","40-64","e6","High",522319,1738,1061
"Medium","Sweden",752,"2030-2034","NAT","Male","65+","e4","Low",205528,52,19
"Medium","Sweden",752,"2030-2034","NAT","Male","65+","e5","Middle",430446,128,84
"Medium","Sweden",752,"2030-2034","NAT","Male","65+","e6","High",308088,307,187
"Medium","Sweden",752,"2030-2034","NEU","Female","0-19","e4","Low",40904,11879,2612
"Medium","Sweden",752,"2030-2034","NEU","Female","0-19","e5","Middle",6245,9294,3427
"Medium","Sweden",752,"2030-2034","NEU","Female","0-19","e6","High",92,7336,2422
"Medium","Sweden",752,"2030-2034","NEU","Female","20-39","e4","Low",60119,5154,694
"Medium","Sweden",752,"2030-2034","NEU","Female","20-39","e5","Middle",48577,9704,3433
"Medium","Sweden",752,"2030-2034","NEU","Female","20-39","e6","High",115412,26364,13038
"Medium","Sweden",752,"2030-2034","NEU","Female","40-64","e4","Low",122068,4207,895
"Medium","Sweden",752,"2030-2034","NEU","Female","40-64","e5","Middle",78979,3926,1689
"Medium","Sweden",752,"2030-2034","NEU","Female","40-64","e6","High",183404,9505,5618
"Medium","Sweden",752,"2030-2034","NEU","Female","65+","e4","Low",52661,973,331
"Medium","Sweden",752,"2030-2034","NEU","Female","65+","e5","Middle",31321,856,484
"Medium","Sweden",752,"2030-2034","NEU","Female","65+","e6","High",43297,1581,1007
"Medium","Sweden",752,"2030-2034","NEU","Male","0-19","e4","Low",43856,12490,2793
"Medium","Sweden",752,"2030-2034","NEU","Male","0-19","e5","Middle",5841,10343,3898
"Medium","Sweden",752,"2030-2034","NEU","Male","0-19","e6","High",61,5574,1733
"Medium","Sweden",752,"2030-2034","NEU","Male","20-39","e4","Low",90489,6489,1273
"Medium","Sweden",752,"2030-2034","NEU","Male","20-39","e5","Middle",57216,10680,4394
"Medium","Sweden",752,"2030-2034","NEU","Male","20-39","e6","High",111262,24831,12328
"Medium","Sweden",752,"2030-2034","NEU","Male","40-64","e4","Low",142903,5226,1227
"Medium","Sweden",752,"2030-2034","NEU","Male","40-64","e5","Middle",70470,4513,2165
"Medium","Sweden",752,"2030-2034","NEU","Male","40-64","e6","High",164656,8552,5213
"Medium","Sweden",752,"2030-2034","NEU","Male","65+","e4","Low",41235,950,329
"Medium","Sweden",752,"2030-2034","NEU","Male","65+","e5","Middle",35914,810,533
"Medium","Sweden",752,"2030-2034","NEU","Male","65+","e6","High",48398,1526,930
"Medium","Sweden",752,"2035-2039","EU","Female","0-19","e4","Low",2133,337,123
"Medium","Sweden",752,"2035-2039","EU","Female","0-19","e5","Middle",973,958,361
"Medium","Sweden",752,"2035-2039","EU","Female","0-19","e6","High",19,871,280
"Medium","Sweden",752,"2035-2039","EU","Female","20-39","e4","Low",3670,39,4
"Medium","Sweden",752,"2035-2039","EU","Female","20-39","e5","Middle",5643,1009,331
"Medium","Sweden",752,"2035-2039","EU","Female","20-39","e6","High",30495,6176,2980
"Medium","Sweden",752,"2035-2039","EU","Female","40-64","e4","Low",11689,135,28
"Medium","Sweden",752,"2035-2039","EU","Female","40-64","e5","Middle",15709,1098,453
"Medium","Sweden",752,"2035-2039","EU","Female","40-64","e6","High",69939,4408,2585
"Medium","Sweden",752,"2035-2039","EU","Female","65+","e4","Low",21897,91,26
"Medium","Sweden",752,"2035-2039","EU","Female","65+","e5","Middle",32111,510,310
"Medium","Sweden",752,"2035-2039","EU","Female","65+","e6","High",40432,1254,828
"Medium","Sweden",752,"2035-2039","EU","Male","0-19","e4","Low",2309,370,134
"Medium","Sweden",752,"2035-2039","EU","Male","0-19","e5","Middle",974,1117,431
"Medium","Sweden",752,"2035-2039","EU","Male","0-19","e6","High",18,450,138
"Medium","Sweden",752,"2035-2039","EU","Male","20-39","e4","Low",5265,88,15
"Medium","Sweden",752,"2035-2039","EU","Male","20-39","e5","Middle",7325,1437,560
"Medium","Sweden",752,"2035-2039","EU","Male","20-39","e6","High",25516,4534,2219
"Medium","Sweden",752,"2035-2039","EU","Male","40-64","e4","Low",18103,225,52
"Medium","Sweden",752,"2035-2039","EU","Male","40-64","e5","Middle",17987,1354,614
"Medium","Sweden",752,"2035-2039","EU","Male","40-64","e6","High",53309,3052,1875
"Medium","Sweden",752,"2035-2039","EU","Male","65+","e4","Low",16776,99,29
"Medium","Sweden",752,"2035-2039","EU","Male","65+","e5","Middle",26491,460,316
"Medium","Sweden",752,"2035-2039","EU","Male","65+","e6","High",25225,826,535
"Medium","Sweden",752,"2035-2039","NAT","Female","0-19","e4","Low",315242,42,15
"Medium","Sweden",752,"2035-2039","NAT","Female","0-19","e5","Middle",281079,124,47
"Medium","Sweden",752,"2035-2039","NAT","Female","0-19","e6","High",495354,175,70
"Medium","Sweden",752,"2035-2039","NAT","Female","20-39","e4","Low",68237,20,2
"Medium","Sweden",752,"2035-2039","NAT","Female","20-39","e5","Middle",321115,304,100
"Medium","Sweden",752,"2035-2039","NAT","Female","20-39","e6","High",599575,2020,981
"Medium","Sweden",752,"2035-2039","NAT","Female","40-64","e4","Low",80614,100,21
"Medium","Sweden",752,"2035-2039","NAT","Female","40-64","e5","Middle",362958,504,208
"Medium","Sweden",752,"2035-2039","NAT","Female","40-64","e6","High",754258,2710,1590
"Medium","Sweden",752,"2035-2039","NAT","Female","65+","e4","Low",198564,48,13
"Medium","Sweden",752,"2035-2039","NAT","Female","65+","e5","Middle",445038,187,114
"Medium","Sweden",752,"2035-2039","NAT","Female","65+","e6","High",466999,587,388
"Medium","Sweden",752,"2035-2039","NAT","Male","0-19","e4","Low",336311,47,16
"Medium","Sweden",752,"2035-2039","NAT","Male","0-19","e5","Middle",293822,143,56
"Medium","Sweden",752,"2035-2039","NAT","Male","0-19","e6","High",522583,117,51
"Medium","Sweden",752,"2035-2039","NAT","Male","20-39","e4","Low",119140,43,8
"Medium","Sweden",752,"2035-2039","NAT","Male","20-39","e5","Middle",490371,413,161
"Medium","Sweden",752,"2035-2039","NAT","Male","20-39","e6","High",438086,1656,826
"Medium","Sweden",752,"2035-2039","NAT","Male","40-64","e4","Low",140274,131,30
"Medium","Sweden",752,"2035-2039","NAT","Male","40-64","e5","Middle",560896,487,222
"Medium","Sweden",752,"2035-2039","NAT","Male","40-64","e6","High",560473,1711,1048
"Medium","Sweden",752,"2035-2039","NAT","Male","65+","e4","Low",173502,50,15
"Medium","Sweden",752,"2035-2039","NAT","Male","65+","e5","Middle",479964,154,106
"Medium","Sweden",752,"2035-2039","NAT","Male","65+","e6","High",352449,387,251
"Medium","Sweden",752,"2035-2039","NEU","Female","0-19","e4","Low",21468,11409,2389
"Medium","Sweden",752,"2035-2039","NEU","Female","0-19","e5","Middle",6316,9667,3439
"Medium","Sweden",752,"2035-2039","NEU","Female","0-19","e6","High",49,7718,2483
"Medium","Sweden",752,"2035-2039","NEU","Female","20-39","e4","Low",51430,4776,503
"Medium","Sweden",752,"2035-2039","NEU","Female","20-39","e5","Middle",45446,10452,3409
"Medium","Sweden",752,"2035-2039","NEU","Female","20-39","e6","High",115658,29882,14325
"Medium","Sweden",752,"2035-2039","NEU","Female","40-64","e4","Low",123525,4165,856
"Medium","Sweden",752,"2035-2039","NEU","Female","40-64","e5","Middle",77248,4425,1787
"Medium","Sweden",752,"2035-2039","NEU","Female","40-64","e6","High",203865,11472,6672
"Medium","Sweden",752,"2035-2039","NEU","Female","65+","e4","Low",68325,1080,295
"Medium","Sweden",752,"2035-2039","NEU","Female","65+","e5","Middle",42564,939,571
"Medium","Sweden",752,"2035-2039","NEU","Female","65+","e6","High",64614,1892,1252
"Medium","Sweden",752,"2035-2039","NEU","Male","0-19","e4","Low",22654,11948,2535
"Medium","Sweden",752,"2035-2039","NEU","Male","0-19","e5","Middle",6095,10774,3937
"Medium","Sweden",752,"2035-2039","NEU","Male","0-19","e6","High",32,5836,1788
"Medium","Sweden",752,"2035-2039","NEU","Male","20-39","e4","Low",80169,5935,1008
"Medium","Sweden",752,"2035-2039","NEU","Male","20-39","e5","Middle",52655,11535,4489
"Medium","Sweden",752,"2035-2039","NEU","Male","20-39","e6","High",109131,27801,13294
"Medium","Sweden",752,"2035-2039","NEU","Male","40-64","e4","Low",152290,5227,1222
"Medium","Sweden",752,"2035-2039","NEU","Male","40-64","e5","Middle",72087,5080,2258
"Medium","Sweden",752,"2035-2039","NEU","Male","40-64","e6","High",184357,10033,6187
"Medium","Sweden",752,"2035-2039","NEU","Male","65+","e4","Low",56268,1095,314
"Medium","Sweden",752,"2035-2039","NEU","Male","65+","e5","Middle",42618,908,624
"Medium","Sweden",752,"2035-2039","NEU","Male","65+","e6","High",65185,1770,1148
"Medium","Sweden",752,"2040-2044","EU","Female","0-19","e4","Low",494,0,0
"Medium","Sweden",752,"2040-2044","EU","Female","0-19","e5","Middle",511,0,0
"Medium","Sweden",752,"2040-2044","EU","Female","0-19","e6","High",3,0,0
"Medium","Sweden",752,"2040-2044","EU","Female","20-39","e4","Low",2794,0,0
"Medium","Sweden",752,"2040-2044","EU","Female","20-39","e5","Middle",3698,0,0
"Medium","Sweden",752,"2040-2044","EU","Female","20-39","e6","High",26548,0,0
"Medium","Sweden",752,"2040-2044","EU","Female","40-64","e4","Low",10385,0,0
"Medium","Sweden",752,"2040-2044","EU","Female","40-64","e5","Middle",13369,0,0
"Medium","Sweden",752,"2040-2044","EU","Female","40-64","e6","High",70761,0,0
"Medium","Sweden",752,"2040-2044","EU","Female","65+","e4","Low",18531,0,0
"Medium","Sweden",752,"2040-2044","EU","Female","65+","e5","Middle",30360,0,0
"Medium","Sweden",752,"2040-2044","EU","Female","65+","e6","High",47382,0,0
"Medium","Sweden",752,"2040-2044","EU","Male","0-19","e4","Low",520,0,0
"Medium","Sweden",752,"2040-2044","EU","Male","0-19","e5","Middle",512,0,0
"Medium","Sweden",752,"2040-2044","EU","Male","0-19","e6","High",3,0,0
"Medium","Sweden",752,"2040-2044","EU","Male","20-39","e4","Low",4117,0,0
"Medium","Sweden",752,"2040-2044","EU","Male","20-39","e5","Middle",4976,0,0
"Medium","Sweden",752,"2040-2044","EU","Male","20-39","e6","High",23451,0,0
"Medium","Sweden",752,"2040-2044","EU","Male","40-64","e4","Low",15497,0,0
"Medium","Sweden",752,"2040-2044","EU","Male","40-64","e5","Middle",15530,0,0
"Medium","Sweden",752,"2040-2044","EU","Male","40-64","e6","High",53353,0,0
"Medium","Sweden",752,"2040-2044","EU","Male","65+","e4","Low",16757,0,0
"Medium","Sweden",752,"2040-2044","EU","Male","65+","e5","Middle",25327,0,0
"Medium","Sweden",752,"2040-2044","EU","Male","65+","e6","High",31139,0,0
"Medium","Sweden",752,"2040-2044","NAT","Female","0-19","e4","Low",299080,0,0
"Medium","Sweden",752,"2040-2044","NAT","Female","0-19","e5","Middle",263282,0,0
"Medium","Sweden",752,"2040-2044","NAT","Female","0-19","e6","High",524416,0,0
"Medium","Sweden",752,"2040-2044","NAT","Female","20-39","e4","Low",70921,0,0
"Medium","Sweden",752,"2040-2044","NAT","Female","20-39","e5","Middle",318629,0,0
"Medium","Sweden",752,"2040-2044","NAT","Female","20-39","e6","High",658319,0,0
"Medium","Sweden",752,"2040-2044","NAT","Female","40-64","e4","Low",80133,0,0
"Medium","Sweden",752,"2040-2044","NAT","Female","40-64","e5","Middle",327961,0,0
"Medium","Sweden",752,"2040-2044","NAT","Female","40-64","e6","High",772772,0,0
"Medium","Sweden",752,"2040-2044","NAT","Female","65+","e4","Low",153029,0,0
"Medium","Sweden",752,"2040-2044","NAT","Female","65+","e5","Middle",457474,0,0
"Medium","Sweden",752,"2040-2044","NAT","Female","65+","e6","High",538021,0,0
"Medium","Sweden",752,"2040-2044","NAT","Male","0-19","e4","Low",318505,0,0
"Medium","Sweden",752,"2040-2044","NAT","Male","0-19","e5","Middle",274669,0,0
"Medium","Sweden",752,"2040-2044","NAT","Male","0-19","e6","High",552641,0,0
"Medium","Sweden",752,"2040-2044","NAT","Male","20-39","e4","Low",126631,0,0
"Medium","Sweden",752,"2040-2044","NAT","Male","20-39","e5","Middle",501821,0,0
"Medium","Sweden",752,"2040-2044","NAT","Male","20-39","e6","High",481687,0,0
"Medium","Sweden",752,"2040-2044","NAT","Male","40-64","e4","Low",141481,0,0
"Medium","Sweden",752,"2040-2044","NAT","Male","40-64","e5","Middle",532306,0,0
"Medium","Sweden",752,"2040-2044","NAT","Male","40-64","e6","High",567634,0,0
"Medium","Sweden",752,"2040-2044","NAT","Male","65+","e4","Low",144799,0,0
"Medium","Sweden",752,"2040-2044","NAT","Male","65+","e5","Middle",505347,0,0
"Medium","Sweden",752,"2040-2044","NAT","Male","65+","e6","High",396100,0,0
"Medium","Sweden",752,"2040-2044","NEU","Female","0-19","e4","Low",15473,0,0
"Medium","Sweden",752,"2040-2044","NEU","Female","0-19","e5","Middle",5775,0,0
"Medium","Sweden",752,"2040-2044","NEU","Female","0-19","e6","High",25,0,0
"Medium","Sweden",752,"2040-2044","NEU","Female","20-39","e4","Low",44358,0,0
"Medium","Sweden",752,"2040-2044","NEU","Female","20-39","e5","Middle",38074,0,0
"Medium","Sweden",752,"2040-2044","NEU","Female","20-39","e6","High",116632,0,0
"Medium","Sweden",752,"2040-2044","NEU","Female","40-64","e4","Low",117080,0,0
"Medium","Sweden",752,"2040-2044","NEU","Female","40-64","e5","Middle",73803,0,0
"Medium","Sweden",752,"2040-2044","NEU","Female","40-64","e6","High",217357,0,0
"Medium","Sweden",752,"2040-2044","NEU","Female","65+","e4","Low",85178,0,0
"Medium","Sweden",752,"2040-2044","NEU","Female","65+","e5","Middle",54407,0,0
"Medium","Sweden",752,"2040-2044","NEU","Female","65+","e6","High",89944,0,0
"Medium","Sweden",752,"2040-2044","NEU","Male","0-19","e4","Low",16087,0,0
"Medium","Sweden",752,"2040-2044","NEU","Male","0-19","e5","Middle",5644,0,0
"Medium","Sweden",752,"2040-2044","NEU","Male","0-19","e6","High",16,0,0
"Medium","Sweden",752,"2040-2044","NEU","Male","20-39","e4","Low",64999,0,0
"Medium","Sweden",752,"2040-2044","NEU","Male","20-39","e5","Middle",41716,0,0
"Medium","Sweden",752,"2040-2044","NEU","Male","20-39","e6","High",101082,0,0
"Medium","Sweden",752,"2040-2044","NEU","Male","40-64","e4","Low",157254,0,0
"Medium","Sweden",752,"2040-2044","NEU","Male","40-64","e5","Middle",73922,0,0
"Medium","Sweden",752,"2040-2044","NEU","Male","40-64","e6","High",205543,0,0
"Medium","Sweden",752,"2040-2044","NEU","Male","65+","e4","Low",73618,0,0
"Medium","Sweden",752,"2040-2044","NEU","Male","65+","e5","Middle",49341,0,0
"Medium","Sweden",752,"2040-2044","NEU","Male","65+","e6","High",83908,0,0
