nuts_codes,policy_tags,policy_summary,policy_description,region_origin,links,scope,origin
"['AT211', 'AT127', 'AT332', 'PT170', 'NL213', 'NL212', 'NL211', 'NL131', 'NL124', 'NL112', 'NL111', 'NL226', 'NL321', 'NL414', 'NL413', 'NL412', 'NL411', 'NL33C', 'NL328', 'NL325', 'NL324', 'NL323', 'NL33A', 'LT011', 'SK010', 'CH012', 'CH011', 'CH013', 'CH021', 'CH023', 'CH065', 'CH064', 'CH063', 'CH062', 'CH061', 'CH055', 'CH054', 'CH053', 'CH040', 'CH033', 'CH031', 'CH024', 'CH022', 'NO092', 'NO091', 'NO082', 'NO081', 'NO074', 'NO071', 'NO060', 'NO020', 'SE124', 'DEA41', 'DE40D', 'DE405', 'DE404', 'DE403', 'DE402', 'DE401', 'DE300', 'DE27A', 'DE721', 'DE253', 'DE243', 'DE242', 'DE273', 'DE271', 'DE26C', 'DE265', 'DE263', 'DE724', 'DEA16', 'DEA14', 'DEA13', 'DEA11', 'DE945', 'DEA33', 'DEA32', 'DEA2D', 'DEA2B', 'DEA2A', 'DEA24', 'DEA23', 'DEA22', 'DEA1A', 'DE944', 'DE916', 'DE911', 'DE80L', 'DE804', 'DE803', 'DE93A', 'DE938', 'DE929', 'DE928', 'DE91C', 'BE256', 'BE341', 'BE310', 'DK014', 'DE21H', 'DE21F', 'DE21C', 'DE21B', 'DE21A', 'DE217', 'DE216', 'DE215', 'DE213', 'DE21K', 'DE21L', 'DE233', 'DE232', 'DE231', 'DE225', 'DE222', 'DE21N', 'DE21M', 'DE144', 'DE121', 'DE11D', 'DE11C', 'DE117', 'DE116', 'DE115', 'DE113', 'DE112', 'DE111', 'DK042', 'DE122', 'DE123', 'DE125', 'DE139', 'DE138', 'DE131', 'DE12A', 'DE128', 'DE126', 'ES212', 'FRK28', 'FRK27', 'FRJ26', 'FRJ21', 'DED41', 'DED21', 'DEB3H', 'DEB3F', 'DEF02', 'DEF01', 'DED51', 'DEB3C', 'DEB11', 'DEA52', 'DEA47', 'DEB38', 'DEB37', 'DEB36', 'DEB35', 'DEB33', 'DEB32', 'DEB23', 'DEB21', 'DEB24', 'DEF04', 'IE062', 'DEG09', 'DEG07', 'DEG05', 'DEG04', 'DEG03', 'DEG02', 'DEG01', 'DEF0F', 'DEF0D', 'DEF0C', 'DEF08', 'DEF07', 'DEG0F', 'DEG0H']","['Sustainability', 'Energy', 'Community engagement', 'Environmental protection']","Facilitate the installation of small wind turbines on agricultural land to promote sustainable energy use, supporting local energy needs and contributing to broader sustainability goals.","Since 2020, small wind turbines with a maximum height of 15 meters are permitted in rural areas, offering agricultural businesses a means to generate sustainable energy. The policy aims to support these businesses in meeting their energy needs while contributing to sustainability objectives. It focuses on erfturbines, which are small wind turbines intended for individual use, and excludes other types like dakturbines and larger turbines. The policy sets criteria for placement, ensuring turbines are integrated into the landscape without compromising spatial quality. It requires a permit for installation, emphasizing careful site selection and adherence to environmental and safety regulations. The policy excludes certain protected areas to preserve ecological and cultural values. Monitoring and evaluation are planned to assess the policy's effectiveness and make necessary adjustments. The policy also includes a participatory approach, requiring engagement with local communities to address concerns and ensure transparency. By providing a clear framework, the policy aims to streamline the application process, encourage investment in renewable energy, and prevent the escalation to larger turbines, thus maintaining the balance between development and environmental preservation.",['NL321'],https://openpub.hollandskroon.nl/wp-content/uploads/2025/05/1.-Beleidskader-kleine-windturbines.pdf,Policy,Verified
"['AT211', 'AT127', 'AT332', 'PT170', 'NL213', 'NL212', 'NL211', 'NL131', 'NL124', 'NL112', 'NL111', 'NL226', 'NL321', 'NL414', 'NL413', 'NL412', 'NL411', 'NL33C', 'NL328', 'NL325', 'NL324', 'NL323', 'NL33A', 'LT011', 'SK010', 'CH012', 'CH011', 'CH013', 'CH021', 'CH023', 'CH065', 'CH064', 'CH063', 'CH062', 'CH061', 'CH055', 'CH054', 'CH053', 'CH040', 'CH033', 'CH031', 'CH024', 'CH022', 'NO092', 'NO091', 'NO082', 'NO081', 'NO074', 'NO071', 'NO060', 'NO020', 'SE124', 'DEA41', 'DE40D', 'DE405', 'DE404', 'DE403', 'DE402', 'DE401', 'DE300', 'DE27A', 'DE721', 'DE253', 'DE243', 'DE242', 'DE273', 'DE271', 'DE26C', 'DE265', 'DE263', 'DE724', 'DEA16', 'DEA14', 'DEA13', 'DEA11', 'DE945', 'DEA33', 'DEA32', 'DEA2D', 'DEA2B', 'DEA2A', 'DEA24', 'DEA23', 'DEA22', 'DEA1A', 'DE944', 'DE916', 'DE911', 'DE80L', 'DE804', 'DE803', 'DE93A', 'DE938', 'DE929', 'DE928', 'DE91C', 'BE256', 'BE341', 'BE310', 'DK014', 'DE21H', 'DE21F', 'DE21C', 'DE21B', 'DE21A', 'DE217', 'DE216', 'DE215', 'DE213', 'DE21K', 'DE21L', 'DE233', 'DE232', 'DE231', 'DE225', 'DE222', 'DE21N', 'DE21M', 'DE144', 'DE121', 'DE11D', 'DE11C', 'DE117', 'DE116', 'DE115', 'DE113', 'DE112', 'DE111', 'DK042', 'DE122', 'DE123', 'DE125', 'DE139', 'DE138', 'DE131', 'DE12A', 'DE128', 'DE126', 'ES212', 'FRK28', 'FRK27', 'FRJ26', 'FRJ21', 'DED41', 'DED21', 'DEB3H', 'DEB3F', 'DEF02', 'DEF01', 'DED51', 'DEB3C', 'DEB11', 'DEA52', 'DEA47', 'DEB38', 'DEB37', 'DEB36', 'DEB35', 'DEB33', 'DEB32', 'DEB23', 'DEB21', 'DEB24', 'DEF04', 'IE062', 'DEG09', 'DEG07', 'DEG05', 'DEG04', 'DEG03', 'DEG02', 'DEG01', 'DEF0F', 'DEF0D', 'DEF0C', 'DEF08', 'DEF07', 'DEG0F', 'DEG0H']","['Sustainability', 'Infrastructure', 'Community engagement', 'Environmental protection']","The policy aims to create safe, efficient, and sustainable public spaces by providing guidelines for new developments and renovations, ensuring alignment with community needs and environmental standards.","The policy document provides a comprehensive framework for the design and management of public spaces, focusing on safety, efficiency, and sustainability. It outlines a structured process for developing new public areas and renovating existing ones, ensuring they meet specific guidelines and standards. The document is intended for use by developers, architects, and municipal authorities, providing clear directives on project phases from initial planning to execution and maintenance. It emphasizes the importance of adhering to legal and environmental regulations, integrating climate adaptation and sustainability into public space design. The policy also addresses the need for collaboration between stakeholders, including the municipality, to ensure that public spaces are functional and meet the community's needs. By setting clear expectations and responsibilities, the policy aims to optimize the lifecycle costs of public spaces, reduce maintenance burdens, and enhance the quality of life for residents. The document also highlights the importance of flexibility in design to accommodate future changes and innovations, ensuring that public spaces remain relevant and beneficial over time.",['NL321'],https://openpdc.hollandskroon.nl/wp-content/uploads/2023/05/1.-handboek-inrichting-openbare-ruimte-2022-2025.pdf,Programme,Community
"['AT211', 'AT127', 'AT332', 'PT170', 'NL213', 'NL212', 'NL211', 'NL131', 'NL124', 'NL112', 'NL111', 'NL226', 'NL321', 'NL414', 'NL413', 'NL412', 'NL411', 'NL33C', 'NL328', 'NL325', 'NL324', 'NL323', 'NL33A', 'LT011', 'SK010', 'CH012', 'CH011', 'CH013', 'CH021', 'CH023', 'CH065', 'CH064', 'CH063', 'CH062', 'CH061', 'CH055', 'CH054', 'CH053', 'CH040', 'CH033', 'CH031', 'CH024', 'CH022', 'NO092', 'NO091', 'NO082', 'NO081', 'NO074', 'NO071', 'NO060', 'NO020', 'SE124', 'DEA41', 'DE40D', 'DE405', 'DE404', 'DE403', 'DE402', 'DE401', 'DE300', 'DE27A', 'DE721', 'DE253', 'DE243', 'DE242', 'DE273', 'DE271', 'DE26C', 'DE265', 'DE263', 'DE724', 'DEA16', 'DEA14', 'DEA13', 'DEA11', 'DE945', 'DEA33', 'DEA32', 'DEA2D', 'DEA2B', 'DEA2A', 'DEA24', 'DEA23', 'DEA22', 'DEA1A', 'DE944', 'DE916', 'DE911', 'DE80L', 'DE804', 'DE803', 'DE93A', 'DE938', 'DE929', 'DE928', 'DE91C', 'BE256', 'BE341', 'BE310', 'DK014', 'DE21H', 'DE21F', 'DE21C', 'DE21B', 'DE21A', 'DE217', 'DE216', 'DE215', 'DE213', 'DE21K', 'DE21L', 'DE233', 'DE232', 'DE231', 'DE225', 'DE222', 'DE21N', 'DE21M', 'DE144', 'DE121', 'DE11D', 'DE11C', 'DE117', 'DE116', 'DE115', 'DE113', 'DE112', 'DE111', 'DK042', 'DE122', 'DE123', 'DE125', 'DE139', 'DE138', 'DE131', 'DE12A', 'DE128', 'DE126', 'ES212', 'FRK28', 'FRK27', 'FRJ26', 'FRJ21', 'DED41', 'DED21', 'DEB3H', 'DEB3F', 'DEF02', 'DEF01', 'DED51', 'DEB3C', 'DEB11', 'DEA52', 'DEA47', 'DEB38', 'DEB37', 'DEB36', 'DEB35', 'DEB33', 'DEB32', 'DEB23', 'DEB21', 'DEB24', 'DEF04', 'IE062', 'DEG09', 'DEG07', 'DEG05', 'DEG04', 'DEG03', 'DEG02', 'DEG01', 'DEF0F', 'DEF0D', 'DEF0C', 'DEF08', 'DEF07', 'DEG0F', 'DEG0H']","['Climate change', 'Public health', 'Community engagement', 'Infrastructure', 'Environmental protection']",The local heat plan aims to protect residents from health risks due to increasing heatwaves by implementing targeted measures and fostering collaboration among local organizations.,"Due to climate change, heatwaves are becoming more frequent and intense, posing significant health risks, especially to vulnerable groups like the elderly and young children. The local heat plan focuses on mitigating these risks through a structured approach involving preparation, warning, and response phases. It emphasizes the importance of collaboration among local organizations, including health services, municipal bodies, and community groups, to ensure effective communication and action. The plan outlines specific measures such as public awareness campaigns, the establishment of cool zones, and the adaptation of buildings and public spaces to reduce heat exposure. It also includes a cyclical process of evaluation and improvement to adapt to changing conditions and enhance resilience. By integrating health, environmental, and infrastructural strategies, the plan aims to reduce heat-related health issues and improve community preparedness and response. The ultimate goal is to enhance the self-reliance and resilience of residents, ensuring that they are better equipped to handle extreme heat events. This comprehensive approach not only addresses immediate health concerns but also contributes to long-term urban planning and climate adaptation efforts.",['NL321'],https://openpub.hollandskroon.nl/wp-content/uploads/2025/07/13-06-25-Lokaal-hitteplan-Hollands-Kroon-1.pdf,Programme,AI
"['AT211', 'AT127', 'AT332', 'PT170', 'NL213', 'NL212', 'NL211', 'NL131', 'NL124', 'NL112', 'NL111', 'NL226', 'NL321', 'NL414', 'NL413', 'NL412', 'NL411', 'NL33C', 'NL328', 'NL325', 'NL324', 'NL323', 'NL33A', 'LT011', 'SK010', 'CH012', 'CH011', 'CH013', 'CH021', 'CH023', 'CH065', 'CH064', 'CH063', 'CH062', 'CH061', 'CH055', 'CH054', 'CH053', 'CH040', 'CH033', 'CH031', 'CH024', 'CH022', 'NO092', 'NO091', 'NO082', 'NO081', 'NO074', 'NO071', 'NO060', 'NO020', 'SE124', 'DEA41', 'DE40D', 'DE405', 'DE404', 'DE403', 'DE402', 'DE401', 'DE300', 'DE27A', 'DE721', 'DE253', 'DE243', 'DE242', 'DE273', 'DE271', 'DE26C', 'DE265', 'DE263', 'DE724', 'DEA16', 'DEA14', 'DEA13', 'DEA11', 'DE945', 'DEA33', 'DEA32', 'DEA2D', 'DEA2B', 'DEA2A', 'DEA24', 'DEA23', 'DEA22', 'DEA1A', 'DE944', 'DE916', 'DE911', 'DE80L', 'DE804', 'DE803', 'DE93A', 'DE938', 'DE929', 'DE928', 'DE91C', 'BE256', 'BE341', 'BE310', 'DK014', 'DE21H', 'DE21F', 'DE21C', 'DE21B', 'DE21A', 'DE217', 'DE216', 'DE215', 'DE213', 'DE21K', 'DE21L', 'DE233', 'DE232', 'DE231', 'DE225', 'DE222', 'DE21N', 'DE21M', 'DE144', 'DE121', 'DE11D', 'DE11C', 'DE117', 'DE116', 'DE115', 'DE113', 'DE112', 'DE111', 'DK042', 'DE122', 'DE123', 'DE125', 'DE139', 'DE138', 'DE131', 'DE12A', 'DE128', 'DE126', 'ES212', 'FRK28', 'FRK27', 'FRJ26', 'FRJ21', 'DED41', 'DED21', 'DEB3H', 'DEB3F', 'DEF02', 'DEF01', 'DED51', 'DEB3C', 'DEB11', 'DEA52', 'DEA47', 'DEB38', 'DEB37', 'DEB36', 'DEB35', 'DEB33', 'DEB32', 'DEB23', 'DEB21', 'DEB24', 'DEF04', 'IE062', 'DEG09', 'DEG07', 'DEG05', 'DEG04', 'DEG03', 'DEG02', 'DEG01', 'DEF0F', 'DEF0D', 'DEF0C', 'DEF08', 'DEF07', 'DEG0F', 'DEG0H']","['Infrastructure', 'Sustainability', 'Transportation', 'Environmental protection']","The policy focuses on redesigning urban infrastructure to improve streetscapes. It involves replacing existing materials with new ones, optimizing space for pedestrians and vehicles, and enhancing green areas to create a more functional and aesthetically pleasing environment.","The policy document details a comprehensive plan to redesign urban infrastructure, specifically focusing on streetscape improvements. The existing situation involves various types of paving and curb materials, such as street bricks and concrete tiles, which are to be replaced or reconfigured. The redesign aims to optimize the use of space for both pedestrians and vehicles, ensuring a more efficient flow of traffic and safer pedestrian pathways. The plan includes the introduction of green verges and improved parking solutions to enhance the overall aesthetic and environmental quality of the area. The new design proposes specific measurements for roadways, sidewalks, and green spaces, ensuring a balanced allocation of space. The intended outcome is to create a more functional, safe, and visually appealing urban environment that meets the needs of residents and visitors. By implementing these changes, the policy aims to improve the quality of life, promote sustainable urban development, and increase the area's attractiveness. The document serves as a guide for engineers and planners to execute the proposed changes effectively, ensuring that the infrastructure supports future growth and development.",['NL321'],https://www.hollandskroon.nl/wp-content/uploads/2025/02/1299-Rioolvervanging-Brugstraat-20250206-MD-Profielen-bewonersavond.pdf,Programme,Verified
"['AT211', 'AT127', 'AT332', 'PT170', 'NL213', 'NL212', 'NL211', 'NL131', 'NL124', 'NL112', 'NL111', 'NL226', 'NL321', 'NL414', 'NL413', 'NL412', 'NL411', 'NL33C', 'NL328', 'NL325', 'NL324', 'NL323', 'NL33A', 'LT011', 'SK010', 'CH012', 'CH011', 'CH013', 'CH021', 'CH023', 'CH065', 'CH064', 'CH063', 'CH062', 'CH061', 'CH055', 'CH054', 'CH053', 'CH040', 'CH033', 'CH031', 'CH024', 'CH022', 'NO092', 'NO091', 'NO082', 'NO081', 'NO074', 'NO071', 'NO060', 'NO020', 'SE124', 'DEA41', 'DE40D', 'DE405', 'DE404', 'DE403', 'DE402', 'DE401', 'DE300', 'DE27A', 'DE721', 'DE253', 'DE243', 'DE242', 'DE273', 'DE271', 'DE26C', 'DE265', 'DE263', 'DE724', 'DEA16', 'DEA14', 'DEA13', 'DEA11', 'DE945', 'DEA33', 'DEA32', 'DEA2D', 'DEA2B', 'DEA2A', 'DEA24', 'DEA23', 'DEA22', 'DEA1A', 'DE944', 'DE916', 'DE911', 'DE80L', 'DE804', 'DE803', 'DE93A', 'DE938', 'DE929', 'DE928', 'DE91C', 'BE256', 'BE341', 'BE310', 'DK014', 'DE21H', 'DE21F', 'DE21C', 'DE21B', 'DE21A', 'DE217', 'DE216', 'DE215', 'DE213', 'DE21K', 'DE21L', 'DE233', 'DE232', 'DE231', 'DE225', 'DE222', 'DE21N', 'DE21M', 'DE144', 'DE121', 'DE11D', 'DE11C', 'DE117', 'DE116', 'DE115', 'DE113', 'DE112', 'DE111', 'DK042', 'DE122', 'DE123', 'DE125', 'DE139', 'DE138', 'DE131', 'DE12A', 'DE128', 'DE126', 'ES212', 'FRK28', 'FRK27', 'FRJ26', 'FRJ21', 'DED41', 'DED21', 'DEB3H', 'DEB3F', 'DEF02', 'DEF01', 'DED51', 'DEB3C', 'DEB11', 'DEA52', 'DEA47', 'DEB38', 'DEB37', 'DEB36', 'DEB35', 'DEB33', 'DEB32', 'DEB23', 'DEB21', 'DEB24', 'DEF04', 'IE062', 'DEG09', 'DEG07', 'DEG05', 'DEG04', 'DEG03', 'DEG02', 'DEG01', 'DEF0F', 'DEF0D', 'DEF0C', 'DEF08', 'DEF07', 'DEG0F', 'DEG0H']","['Sustainability', 'Environmental protection', 'Education']","Reduce marine litter by engaging the fishing industry in sustainable waste management practices, promoting recycling, and fostering international collaboration for a cleaner sea.","The Green Deal Visserij voor een Schone Zee focuses on reducing marine litter through collaboration with the fishing industry. It emphasizes sustainable waste management, recycling, and international cooperation. The initiative involves separating waste into three streams: household waste, 'Fishing for Litter' waste, and operational waste, including fishing gear. By 2020, all Dutch fishing ports are expected to facilitate separate waste collection, with a target of recycling 95% of operational and 'Fishing for Litter' waste. The deal also supports the development of sustainable alternatives to fishing materials like pluis. Educational programs aim to raise awareness among fishermen about sustainability. The initiative aligns with the EU's Marine Strategy Framework Directive and seeks to share best practices internationally. Financial feasibility and cost-effectiveness are crucial, with efforts to minimize costs for the fishing sector. The deal encourages EU co-financing and involves various stakeholders, including government bodies, ports, and environmental organizations. The intended impact is a significant reduction in marine litter, contributing to a circular economy and promoting green growth. Monitoring and evaluation are integral, with data collection on waste trends to assess the initiative's effectiveness.",['NL321'],https://openpdc.hollandskroon.nl/wp-content/uploads/2023/05/2015-07-08-green-deal-ondertekend.pdf,Policy,Community
"['AT211', 'AT127', 'AT332', 'PT170', 'NL213', 'NL212', 'NL211', 'NL131', 'NL124', 'NL112', 'NL111', 'NL226', 'NL321', 'NL414', 'NL413', 'NL412', 'NL411', 'NL33C', 'NL328', 'NL325', 'NL324', 'NL323', 'NL33A', 'LT011', 'SK010', 'CH012', 'CH011', 'CH013', 'CH021', 'CH023', 'CH065', 'CH064', 'CH063', 'CH062', 'CH061', 'CH055', 'CH054', 'CH053', 'CH040', 'CH033', 'CH031', 'CH024', 'CH022', 'NO092', 'NO091', 'NO082', 'NO081', 'NO074', 'NO071', 'NO060', 'NO020', 'SE124', 'DEA41', 'DE40D', 'DE405', 'DE404', 'DE403', 'DE402', 'DE401', 'DE300', 'DE27A', 'DE721', 'DE253', 'DE243', 'DE242', 'DE273', 'DE271', 'DE26C', 'DE265', 'DE263', 'DE724', 'DEA16', 'DEA14', 'DEA13', 'DEA11', 'DE945', 'DEA33', 'DEA32', 'DEA2D', 'DEA2B', 'DEA2A', 'DEA24', 'DEA23', 'DEA22', 'DEA1A', 'DE944', 'DE916', 'DE911', 'DE80L', 'DE804', 'DE803', 'DE93A', 'DE938', 'DE929', 'DE928', 'DE91C', 'BE256', 'BE341', 'BE310', 'DK014', 'DE21H', 'DE21F', 'DE21C', 'DE21B', 'DE21A', 'DE217', 'DE216', 'DE215', 'DE213', 'DE21K', 'DE21L', 'DE233', 'DE232', 'DE231', 'DE225', 'DE222', 'DE21N', 'DE21M', 'DE144', 'DE121', 'DE11D', 'DE11C', 'DE117', 'DE116', 'DE115', 'DE113', 'DE112', 'DE111', 'DK042', 'DE122', 'DE123', 'DE125', 'DE139', 'DE138', 'DE131', 'DE12A', 'DE128', 'DE126', 'ES212', 'FRK28', 'FRK27', 'FRJ26', 'FRJ21', 'DED41', 'DED21', 'DEB3H', 'DEB3F', 'DEF02', 'DEF01', 'DED51', 'DEB3C', 'DEB11', 'DEA52', 'DEA47', 'DEB38', 'DEB37', 'DEB36', 'DEB35', 'DEB33', 'DEB32', 'DEB23', 'DEB21', 'DEB24', 'DEF04', 'IE062', 'DEG09', 'DEG07', 'DEG05', 'DEG04', 'DEG03', 'DEG02', 'DEG01', 'DEF0F', 'DEF0D', 'DEF0C', 'DEF08', 'DEF07', 'DEG0F', 'DEG0H']","['Cultural heritage', 'Community engagement', 'Governance']","The policy aims to designate certain buildings as municipal monuments to protect their cultural heritage value, allowing for preservation and access to subsidies for maintenance.","In response to the Kadernota Erfgoed in Hollands Kroon, the policy involves expanding and reassessing the municipal monuments list to protect buildings with cultural and historical significance. Four buildings, previously removed from the provincial heritage register, are proposed for designation as municipal monuments. This designation ensures protection against demolition and allows owners to apply for subsidies for maintenance and restoration. The process involves collaboration with historical associations and requires owner consent. The municipal monuments commission supports the initiative, emphasizing the importance of these buildings to the community. The designation allows owners to access financial support through the Subsidieverordening Erfgoed Hollands Kroon, covering up to 25% of eligible costs, capped at €7500 per application. The policy aims to preserve the cultural narrative of the area by maintaining its characteristic and iconic structures. The decision is communicated to owners, who receive a monument plaque, and the buildings are registered in the municipal monument register. The policy ensures that the cultural heritage is preserved for future generations, contributing to the community's identity and historical continuity.",['NL321'],https://www.hollandskroon.nl/wp-content/uploads/2023/08/2021-05-25-Collegebesluit-aanwijzing-gemeentelijke-monumenten_1_1.pdf,Programme,AI
"['AT211', 'AT127', 'AT332', 'PT170', 'NL213', 'NL212', 'NL211', 'NL131', 'NL124', 'NL112', 'NL111', 'NL226', 'NL321', 'NL414', 'NL413', 'NL412', 'NL411', 'NL33C', 'NL328', 'NL325', 'NL324', 'NL323', 'NL33A', 'LT011', 'SK010', 'CH012', 'CH011', 'CH013', 'CH021', 'CH023', 'CH065', 'CH064', 'CH063', 'CH062', 'CH061', 'CH055', 'CH054', 'CH053', 'CH040', 'CH033', 'CH031', 'CH024', 'CH022', 'NO092', 'NO091', 'NO082', 'NO081', 'NO074', 'NO071', 'NO060', 'NO020', 'SE124', 'DEA41', 'DE40D', 'DE405', 'DE404', 'DE403', 'DE402', 'DE401', 'DE300', 'DE27A', 'DE721', 'DE253', 'DE243', 'DE242', 'DE273', 'DE271', 'DE26C', 'DE265', 'DE263', 'DE724', 'DEA16', 'DEA14', 'DEA13', 'DEA11', 'DE945', 'DEA33', 'DEA32', 'DEA2D', 'DEA2B', 'DEA2A', 'DEA24', 'DEA23', 'DEA22', 'DEA1A', 'DE944', 'DE916', 'DE911', 'DE80L', 'DE804', 'DE803', 'DE93A', 'DE938', 'DE929', 'DE928', 'DE91C', 'BE256', 'BE341', 'BE310', 'DK014', 'DE21H', 'DE21F', 'DE21C', 'DE21B', 'DE21A', 'DE217', 'DE216', 'DE215', 'DE213', 'DE21K', 'DE21L', 'DE233', 'DE232', 'DE231', 'DE225', 'DE222', 'DE21N', 'DE21M', 'DE144', 'DE121', 'DE11D', 'DE11C', 'DE117', 'DE116', 'DE115', 'DE113', 'DE112', 'DE111', 'DK042', 'DE122', 'DE123', 'DE125', 'DE139', 'DE138', 'DE131', 'DE12A', 'DE128', 'DE126', 'ES212', 'FRK28', 'FRK27', 'FRJ26', 'FRJ21', 'DED41', 'DED21', 'DEB3H', 'DEB3F', 'DEF02', 'DEF01', 'DED51', 'DEB3C', 'DEB11', 'DEA52', 'DEA47', 'DEB38', 'DEB37', 'DEB36', 'DEB35', 'DEB33', 'DEB32', 'DEB23', 'DEB21', 'DEB24', 'DEF04', 'IE062', 'DEG09', 'DEG07', 'DEG05', 'DEG04', 'DEG03', 'DEG02', 'DEG01', 'DEF0F', 'DEF0D', 'DEF0C', 'DEF08', 'DEF07', 'DEG0F', 'DEG0H']","['Economic development', 'Sustainability', 'Regional development', 'Innovation', 'Housing']","The policy aims to optimize business locations by balancing supply and demand, enhancing existing sites, and supporting key sectors through collaboration and sustainable practices.","The policy focuses on optimizing business locations by addressing the imbalance between supply and demand, enhancing the quality of existing sites, and supporting key sectors such as agriculture, energy, and maritime. It emphasizes regional collaboration to strengthen economic clusters and attract businesses that align with the region's economic DNA. The strategy includes providing space for local businesses, ensuring a balance between local and regional demands, and maintaining the quality of existing work locations. It also addresses workforce challenges by ensuring adequate housing for foreign workers and promoting sustainable practices through energy transition and circular economy initiatives. The policy aims to create a dynamic and adaptable business environment that can respond to external demands and support regional economic growth. By focusing on collaboration, sustainability, and innovation, the policy seeks to enhance the region's economic resilience and competitiveness, ensuring that it remains an attractive location for businesses and workers alike.",['NL321'],https://openpdc.hollandskroon.nl/wp-content/uploads/2023/07/2022-Strategie-Werklocaties-Kop-NH.pdf,Programme,Verified
"['AT211', 'AT127', 'AT332', 'PT170', 'NL213', 'NL212', 'NL211', 'NL131', 'NL124', 'NL112', 'NL111', 'NL226', 'NL321', 'NL414', 'NL413', 'NL412', 'NL411', 'NL33C', 'NL328', 'NL325', 'NL324', 'NL323', 'NL33A', 'LT011', 'SK010', 'CH012', 'CH011', 'CH013', 'CH021', 'CH023', 'CH065', 'CH064', 'CH063', 'CH062', 'CH061', 'CH055', 'CH054', 'CH053', 'CH040', 'CH033', 'CH031', 'CH024', 'CH022', 'NO092', 'NO091', 'NO082', 'NO081', 'NO074', 'NO071', 'NO060', 'NO020', 'SE124', 'DEA41', 'DE40D', 'DE405', 'DE404', 'DE403', 'DE402', 'DE401', 'DE300', 'DE27A', 'DE721', 'DE253', 'DE243', 'DE242', 'DE273', 'DE271', 'DE26C', 'DE265', 'DE263', 'DE724', 'DEA16', 'DEA14', 'DEA13', 'DEA11', 'DE945', 'DEA33', 'DEA32', 'DEA2D', 'DEA2B', 'DEA2A', 'DEA24', 'DEA23', 'DEA22', 'DEA1A', 'DE944', 'DE916', 'DE911', 'DE80L', 'DE804', 'DE803', 'DE93A', 'DE938', 'DE929', 'DE928', 'DE91C', 'BE256', 'BE341', 'BE310', 'DK014', 'DE21H', 'DE21F', 'DE21C', 'DE21B', 'DE21A', 'DE217', 'DE216', 'DE215', 'DE213', 'DE21K', 'DE21L', 'DE233', 'DE232', 'DE231', 'DE225', 'DE222', 'DE21N', 'DE21M', 'DE144', 'DE121', 'DE11D', 'DE11C', 'DE117', 'DE116', 'DE115', 'DE113', 'DE112', 'DE111', 'DK042', 'DE122', 'DE123', 'DE125', 'DE139', 'DE138', 'DE131', 'DE12A', 'DE128', 'DE126', 'ES212', 'FRK28', 'FRK27', 'FRJ26', 'FRJ21', 'DED41', 'DED21', 'DEB3H', 'DEB3F', 'DEF02', 'DEF01', 'DED51', 'DEB3C', 'DEB11', 'DEA52', 'DEA47', 'DEB38', 'DEB37', 'DEB36', 'DEB35', 'DEB33', 'DEB32', 'DEB23', 'DEB21', 'DEB24', 'DEF04', 'IE062', 'DEG09', 'DEG07', 'DEG05', 'DEG04', 'DEG03', 'DEG02', 'DEG01', 'DEF0F', 'DEF0D', 'DEF0C', 'DEF08', 'DEF07', 'DEG0F', 'DEG0H']","['Sustainability', 'Economic development', 'Regional development', 'Cultural heritage']","The policy aims to enhance regional prosperity through sustainable tourism and recreation, focusing on preserving valuable assets and improving offerings, benefiting both residents and visitors.","The policy focuses on leveraging tourism and recreation to boost regional prosperity by enhancing the quality of life and economic vitality. It emphasizes sustainable development, balancing economic, social, and ecological aspects to benefit current and future generations. The approach involves preserving valuable regional assets while improving and diversifying tourism offerings. Collaboration among governments, businesses, residents, and organizations is crucial to achieving these goals. The policy outlines short-term actions for immediate impact and long-term strategies for sustainable growth. Key initiatives include strengthening regional marketing, fostering public-private partnerships, and enhancing infrastructure. The policy also highlights the importance of data-driven management to monitor and optimize tourism's impact. By integrating tourism with other regional developments, such as energy sustainability and agricultural innovation, the policy aims to create a cohesive strategy that enhances the region's attractiveness for residents and visitors alike. The intended outcomes include increased economic activity, improved living standards, and a vibrant, resilient community that values its natural and cultural heritage. The policy seeks to ensure that tourism and recreation contribute positively to the region's overall well-being and sustainability.",['NL321'],https://openpub.hollandskroon.nl/wp-content/uploads/2025/07/Agenda-Toerisme-en-Recreatie-2040-Kop-van-Noord-Holland.pdf,Programme,Community
"['AT211', 'AT127', 'AT332', 'PT170', 'NL213', 'NL212', 'NL211', 'NL131', 'NL124', 'NL112', 'NL111', 'NL226', 'NL321', 'NL414', 'NL413', 'NL412', 'NL411', 'NL33C', 'NL328', 'NL325', 'NL324', 'NL323', 'NL33A', 'LT011', 'SK010', 'CH012', 'CH011', 'CH013', 'CH021', 'CH023', 'CH065', 'CH064', 'CH063', 'CH062', 'CH061', 'CH055', 'CH054', 'CH053', 'CH040', 'CH033', 'CH031', 'CH024', 'CH022', 'NO092', 'NO091', 'NO082', 'NO081', 'NO074', 'NO071', 'NO060', 'NO020', 'SE124', 'DEA41', 'DE40D', 'DE405', 'DE404', 'DE403', 'DE402', 'DE401', 'DE300', 'DE27A', 'DE721', 'DE253', 'DE243', 'DE242', 'DE273', 'DE271', 'DE26C', 'DE265', 'DE263', 'DE724', 'DEA16', 'DEA14', 'DEA13', 'DEA11', 'DE945', 'DEA33', 'DEA32', 'DEA2D', 'DEA2B', 'DEA2A', 'DEA24', 'DEA23', 'DEA22', 'DEA1A', 'DE944', 'DE916', 'DE911', 'DE80L', 'DE804', 'DE803', 'DE93A', 'DE938', 'DE929', 'DE928', 'DE91C', 'BE256', 'BE341', 'BE310', 'DK014', 'DE21H', 'DE21F', 'DE21C', 'DE21B', 'DE21A', 'DE217', 'DE216', 'DE215', 'DE213', 'DE21K', 'DE21L', 'DE233', 'DE232', 'DE231', 'DE225', 'DE222', 'DE21N', 'DE21M', 'DE144', 'DE121', 'DE11D', 'DE11C', 'DE117', 'DE116', 'DE115', 'DE113', 'DE112', 'DE111', 'DK042', 'DE122', 'DE123', 'DE125', 'DE139', 'DE138', 'DE131', 'DE12A', 'DE128', 'DE126', 'ES212', 'FRK28', 'FRK27', 'FRJ26', 'FRJ21', 'DED41', 'DED21', 'DEB3H', 'DEB3F', 'DEF02', 'DEF01', 'DED51', 'DEB3C', 'DEB11', 'DEA52', 'DEA47', 'DEB38', 'DEB37', 'DEB36', 'DEB35', 'DEB33', 'DEB32', 'DEB23', 'DEB21', 'DEB24', 'DEF04', 'IE062', 'DEG09', 'DEG07', 'DEG05', 'DEG04', 'DEG03', 'DEG02', 'DEG01', 'DEF0F', 'DEF0D', 'DEF0C', 'DEF08', 'DEF07', 'DEG0F', 'DEG0H']","['Governance', 'Digitalisation', 'Community engagement']","The policy aims to enhance regulatory compliance through structured implementation strategies, ensuring effective governance and improved outcomes. It focuses on systematic approaches to address compliance challenges and optimize regulatory frameworks.","The policy document addresses the need for improved regulatory compliance by outlining structured implementation strategies. It emphasizes the importance of systematic approaches to overcome existing compliance challenges and optimize regulatory frameworks. Key actions include the development of clear guidelines, enhanced monitoring mechanisms, and stakeholder engagement to ensure adherence to regulations. The policy also highlights the role of technology in streamlining compliance processes and improving data accuracy. By fostering collaboration among regulatory bodies, the policy aims to create a cohesive environment that supports effective governance. The intended outcomes include increased compliance rates, reduced regulatory breaches, and enhanced public trust in regulatory systems. The policy underscores the significance of continuous evaluation and adaptation to address emerging challenges and ensure the sustainability of compliance efforts. Overall, the document provides a comprehensive framework for policy officers to implement and monitor regulatory compliance effectively, ultimately contributing to improved governance and societal outcomes.",['NL321'],https://www.hollandskroon.nl/system/files/2023-07/Bijlage%202%20Verbeelding%20stedenbouwkundig%20plan%20%281%29.pdf,Programme,AI
"['AT211', 'AT127', 'AT332', 'PT170', 'NL213', 'NL212', 'NL211', 'NL131', 'NL124', 'NL112', 'NL111', 'NL226', 'NL321', 'NL414', 'NL413', 'NL412', 'NL411', 'NL33C', 'NL328', 'NL325', 'NL324', 'NL323', 'NL33A', 'LT011', 'SK010', 'CH012', 'CH011', 'CH013', 'CH021', 'CH023', 'CH065', 'CH064', 'CH063', 'CH062', 'CH061', 'CH055', 'CH054', 'CH053', 'CH040', 'CH033', 'CH031', 'CH024', 'CH022', 'NO092', 'NO091', 'NO082', 'NO081', 'NO074', 'NO071', 'NO060', 'NO020', 'SE124', 'DEA41', 'DE40D', 'DE405', 'DE404', 'DE403', 'DE402', 'DE401', 'DE300', 'DE27A', 'DE721', 'DE253', 'DE243', 'DE242', 'DE273', 'DE271', 'DE26C', 'DE265', 'DE263', 'DE724', 'DEA16', 'DEA14', 'DEA13', 'DEA11', 'DE945', 'DEA33', 'DEA32', 'DEA2D', 'DEA2B', 'DEA2A', 'DEA24', 'DEA23', 'DEA22', 'DEA1A', 'DE944', 'DE916', 'DE911', 'DE80L', 'DE804', 'DE803', 'DE93A', 'DE938', 'DE929', 'DE928', 'DE91C', 'BE256', 'BE341', 'BE310', 'DK014', 'DE21H', 'DE21F', 'DE21C', 'DE21B', 'DE21A', 'DE217', 'DE216', 'DE215', 'DE213', 'DE21K', 'DE21L', 'DE233', 'DE232', 'DE231', 'DE225', 'DE222', 'DE21N', 'DE21M', 'DE144', 'DE121', 'DE11D', 'DE11C', 'DE117', 'DE116', 'DE115', 'DE113', 'DE112', 'DE111', 'DK042', 'DE122', 'DE123', 'DE125', 'DE139', 'DE138', 'DE131', 'DE12A', 'DE128', 'DE126', 'ES212', 'FRK28', 'FRK27', 'FRJ26', 'FRJ21', 'DED41', 'DED21', 'DEB3H', 'DEB3F', 'DEF02', 'DEF01', 'DED51', 'DEB3C', 'DEB11', 'DEA52', 'DEA47', 'DEB38', 'DEB37', 'DEB36', 'DEB35', 'DEB33', 'DEB32', 'DEB23', 'DEB21', 'DEB24', 'DEF04', 'IE062', 'DEG09', 'DEG07', 'DEG05', 'DEG04', 'DEG03', 'DEG02', 'DEG01', 'DEF0F', 'DEF0D', 'DEF0C', 'DEF08', 'DEF07', 'DEG0F', 'DEG0H']","['Sustainability', 'Economic development', 'Community engagement', 'Housing', 'Governance']","The policy aims to build trust through collaboration with citizens and stakeholders, focusing on sustainable development and well-being. It emphasizes participatory governance and inclusive decision-making to address contemporary challenges effectively.","The policy focuses on fostering trust and collaboration between the government, citizens, and stakeholders to address modern challenges such as climate change, housing shortages, and economic development. It emphasizes a participatory approach, encouraging early and active involvement of citizens in decision-making processes. The policy aims to enhance public services by improving communication and ensuring that governance is transparent and responsive to the needs of the community. It promotes sustainable development by integrating economic, social, and environmental considerations into planning and decision-making. The policy also addresses the need for a balanced housing market, supporting diverse housing needs and innovative building practices. It seeks to strengthen local economies by supporting small and medium-sized enterprises and promoting sustainable agricultural practices. The policy highlights the importance of inclusivity, ensuring equal opportunities for all citizens, and addressing issues such as poverty and accessibility. By focusing on these areas, the policy aims to create a resilient and thriving community that is well-equipped to handle future challenges, ultimately enhancing the overall well-being of its citizens.",['NL321'],https://www.hollandskroon.nl/wp-content/uploads/2024/08/Coalitieakkoord-Samen-bouwen-aan-vertrouwen.pdf,Programme,Verified
"['AT211', 'AT127', 'AT332', 'PT170', 'NL213', 'NL212', 'NL211', 'NL131', 'NL124', 'NL112', 'NL111', 'NL226', 'NL321', 'NL414', 'NL413', 'NL412', 'NL411', 'NL33C', 'NL328', 'NL325', 'NL324', 'NL323', 'NL33A', 'LT011', 'SK010', 'CH012', 'CH011', 'CH013', 'CH021', 'CH023', 'CH065', 'CH064', 'CH063', 'CH062', 'CH061', 'CH055', 'CH054', 'CH053', 'CH040', 'CH033', 'CH031', 'CH024', 'CH022', 'NO092', 'NO091', 'NO082', 'NO081', 'NO074', 'NO071', 'NO060', 'NO020', 'SE124', 'DEA41', 'DE40D', 'DE405', 'DE404', 'DE403', 'DE402', 'DE401', 'DE300', 'DE27A', 'DE721', 'DE253', 'DE243', 'DE242', 'DE273', 'DE271', 'DE26C', 'DE265', 'DE263', 'DE724', 'DEA16', 'DEA14', 'DEA13', 'DEA11', 'DE945', 'DEA33', 'DEA32', 'DEA2D', 'DEA2B', 'DEA2A', 'DEA24', 'DEA23', 'DEA22', 'DEA1A', 'DE944', 'DE916', 'DE911', 'DE80L', 'DE804', 'DE803', 'DE93A', 'DE938', 'DE929', 'DE928', 'DE91C', 'BE256', 'BE341', 'BE310', 'DK014', 'DE21H', 'DE21F', 'DE21C', 'DE21B', 'DE21A', 'DE217', 'DE216', 'DE215', 'DE213', 'DE21K', 'DE21L', 'DE233', 'DE232', 'DE231', 'DE225', 'DE222', 'DE21N', 'DE21M', 'DE144', 'DE121', 'DE11D', 'DE11C', 'DE117', 'DE116', 'DE115', 'DE113', 'DE112', 'DE111', 'DK042', 'DE122', 'DE123', 'DE125', 'DE139', 'DE138', 'DE131', 'DE12A', 'DE128', 'DE126', 'ES212', 'FRK28', 'FRK27', 'FRJ26', 'FRJ21', 'DED41', 'DED21', 'DEB3H', 'DEB3F', 'DEF02', 'DEF01', 'DED51', 'DEB3C', 'DEB11', 'DEA52', 'DEA47', 'DEB38', 'DEB37', 'DEB36', 'DEB35', 'DEB33', 'DEB32', 'DEB23', 'DEB21', 'DEB24', 'DEF04', 'IE062', 'DEG09', 'DEG07', 'DEG05', 'DEG04', 'DEG03', 'DEG02', 'DEG01', 'DEF0F', 'DEF0D', 'DEF0C', 'DEF08', 'DEF07', 'DEG0F', 'DEG0H']","['Governance', 'Migration', 'Youth empowerment']","The document provides a consent framework for minors traveling abroad, ensuring legal guardianship and custody rights are respected. It outlines necessary documentation and signatures required for lawful travel, aiming to safeguard minors and clarify responsibilities.","Consent letters for minors traveling abroad are essential to ensure that the legal rights of custodial guardians are upheld. The document requires detailed information about the minor, the accompanying person, and the individuals giving consent. It mandates the inclusion of travel document details, such as the number, issuing authority, and validation date, for both the minor and the accompanying person. The consent letter also specifies the travel itinerary, including departure and return dates, flight numbers, and accommodation details. Signatures from both the person giving consent and the person traveling with the minor are required to validate the document. Additionally, the document lists necessary appendices, such as copies of travel documents, certified extracts of residence and birth certificates, and custody-related court orders. The policy aims to protect minors by ensuring that all parties involved are informed and agree to the travel arrangements, thereby preventing unauthorized travel and potential legal disputes. The document also facilitates communication between the child and the non-traveling parent, emphasizing joint consultation. This structured approach ensures clarity and legal compliance, safeguarding the minor's welfare during international travel.",['NL321'],https://openpdc.hollandskroon.nl/wp-content/uploads/2023/06/Consent-letter-for-minors-travelling-abroad.pdf,Programme,Community
"['AT211', 'AT127', 'AT332', 'PT170', 'NL213', 'NL212', 'NL211', 'NL131', 'NL124', 'NL112', 'NL111', 'NL226', 'NL321', 'NL414', 'NL413', 'NL412', 'NL411', 'NL33C', 'NL328', 'NL325', 'NL324', 'NL323', 'NL33A', 'LT011', 'SK010', 'CH012', 'CH011', 'CH013', 'CH021', 'CH023', 'CH065', 'CH064', 'CH063', 'CH062', 'CH061', 'CH055', 'CH054', 'CH053', 'CH040', 'CH033', 'CH031', 'CH024', 'CH022', 'NO092', 'NO091', 'NO082', 'NO081', 'NO074', 'NO071', 'NO060', 'NO020', 'SE124', 'DEA41', 'DE40D', 'DE405', 'DE404', 'DE403', 'DE402', 'DE401', 'DE300', 'DE27A', 'DE721', 'DE253', 'DE243', 'DE242', 'DE273', 'DE271', 'DE26C', 'DE265', 'DE263', 'DE724', 'DEA16', 'DEA14', 'DEA13', 'DEA11', 'DE945', 'DEA33', 'DEA32', 'DEA2D', 'DEA2B', 'DEA2A', 'DEA24', 'DEA23', 'DEA22', 'DEA1A', 'DE944', 'DE916', 'DE911', 'DE80L', 'DE804', 'DE803', 'DE93A', 'DE938', 'DE929', 'DE928', 'DE91C', 'BE256', 'BE341', 'BE310', 'DK014', 'DE21H', 'DE21F', 'DE21C', 'DE21B', 'DE21A', 'DE217', 'DE216', 'DE215', 'DE213', 'DE21K', 'DE21L', 'DE233', 'DE232', 'DE231', 'DE225', 'DE222', 'DE21N', 'DE21M', 'DE144', 'DE121', 'DE11D', 'DE11C', 'DE117', 'DE116', 'DE115', 'DE113', 'DE112', 'DE111', 'DK042', 'DE122', 'DE123', 'DE125', 'DE139', 'DE138', 'DE131', 'DE12A', 'DE128', 'DE126', 'ES212', 'FRK28', 'FRK27', 'FRJ26', 'FRJ21', 'DED41', 'DED21', 'DEB3H', 'DEB3F', 'DEF02', 'DEF01', 'DED51', 'DEB3C', 'DEB11', 'DEA52', 'DEA47', 'DEB38', 'DEB37', 'DEB36', 'DEB35', 'DEB33', 'DEB32', 'DEB23', 'DEB21', 'DEB24', 'DEF04', 'IE062', 'DEG09', 'DEG07', 'DEG05', 'DEG04', 'DEG03', 'DEG02', 'DEG01', 'DEF0F', 'DEF0D', 'DEF0C', 'DEF08', 'DEF07', 'DEG0F', 'DEG0H']","['Biodiversity', 'Climate change', 'Community engagement', 'Infrastructure', 'Environmental protection']","The policy aims to enhance biodiversity through a green infrastructure plan, focusing on creating a network of woody plantings to support wildlife, improve landscape aesthetics, and adapt to climate change.","The policy focuses on enhancing biodiversity by establishing a green infrastructure plan that creates a network of woody plantings. This network aims to support wildlife by providing habitats and corridors, improve landscape aesthetics, and offer recreational opportunities. The plan emphasizes sustainable and disease-resistant planting, using native species that are well-suited to local soil and climate conditions. It also considers climate adaptation by selecting species resilient to weather extremes and higher temperatures. The policy involves community engagement through surveys and public meetings to gather input on planting locations and preferences. It addresses provincial and municipal regulations, ensuring that new plantings do not interfere with protected landscapes, weidevogel (meadow bird) areas, or historical sites. The intended outcomes include increased biodiversity, improved air quality, reduced urban heat, and enhanced public well-being. The policy also aims to create a robust ecological network that connects existing natural areas, supporting species migration and genetic diversity. Monitoring and community involvement are encouraged to track progress and adapt strategies as needed, ensuring long-term sustainability and resilience of the green infrastructure.",['NL321'],https://duurzaam.hollandskroon.nl/wp-content/uploads/sites/5/2024/09/groenstructuurplan_hollands_kroon_2021.pdf,Programme,AI
"['AT211', 'AT127', 'AT332', 'PT170', 'NL213', 'NL212', 'NL211', 'NL131', 'NL124', 'NL112', 'NL111', 'NL226', 'NL321', 'NL414', 'NL413', 'NL412', 'NL411', 'NL33C', 'NL328', 'NL325', 'NL324', 'NL323', 'NL33A', 'LT011', 'SK010', 'CH012', 'CH011', 'CH013', 'CH021', 'CH023', 'CH065', 'CH064', 'CH063', 'CH062', 'CH061', 'CH055', 'CH054', 'CH053', 'CH040', 'CH033', 'CH031', 'CH024', 'CH022', 'NO092', 'NO091', 'NO082', 'NO081', 'NO074', 'NO071', 'NO060', 'NO020', 'SE124', 'DEA41', 'DE40D', 'DE405', 'DE404', 'DE403', 'DE402', 'DE401', 'DE300', 'DE27A', 'DE721', 'DE253', 'DE243', 'DE242', 'DE273', 'DE271', 'DE26C', 'DE265', 'DE263', 'DE724', 'DEA16', 'DEA14', 'DEA13', 'DEA11', 'DE945', 'DEA33', 'DEA32', 'DEA2D', 'DEA2B', 'DEA2A', 'DEA24', 'DEA23', 'DEA22', 'DEA1A', 'DE944', 'DE916', 'DE911', 'DE80L', 'DE804', 'DE803', 'DE93A', 'DE938', 'DE929', 'DE928', 'DE91C', 'BE256', 'BE341', 'BE310', 'DK014', 'DE21H', 'DE21F', 'DE21C', 'DE21B', 'DE21A', 'DE217', 'DE216', 'DE215', 'DE213', 'DE21K', 'DE21L', 'DE233', 'DE232', 'DE231', 'DE225', 'DE222', 'DE21N', 'DE21M', 'DE144', 'DE121', 'DE11D', 'DE11C', 'DE117', 'DE116', 'DE115', 'DE113', 'DE112', 'DE111', 'DK042', 'DE122', 'DE123', 'DE125', 'DE139', 'DE138', 'DE131', 'DE12A', 'DE128', 'DE126', 'ES212', 'FRK28', 'FRK27', 'FRJ26', 'FRJ21', 'DED41', 'DED21', 'DEB3H', 'DEB3F', 'DEF02', 'DEF01', 'DED51', 'DEB3C', 'DEB11', 'DEA52', 'DEA47', 'DEB38', 'DEB37', 'DEB36', 'DEB35', 'DEB33', 'DEB32', 'DEB23', 'DEB21', 'DEB24', 'DEF04', 'IE062', 'DEG09', 'DEG07', 'DEG05', 'DEG04', 'DEG03', 'DEG02', 'DEG01', 'DEF0F', 'DEF0D', 'DEF0C', 'DEF08', 'DEF07', 'DEG0F', 'DEG0H']","['Sustainability', 'Community engagement', 'Cultural heritage']","The policy focuses on preserving church buildings by addressing challenges like declining congregations and maintenance costs, while promoting community engagement and sustainable practices.","Church buildings face challenges due to declining congregations and financial pressures, exacerbated by the COVID-19 pandemic. The policy aims to preserve these structures by promoting community engagement and sustainable practices. It involves assessing the current state of church buildings, understanding their cultural, religious, and social significance, and exploring new uses to maintain their relevance. The policy encourages collaboration between church owners, local communities, and government bodies to ensure these buildings meet local needs. It highlights the importance of early stakeholder involvement in decision-making processes to prevent missed opportunities. The policy also addresses the need for improved information dissemination regarding funding and support for maintenance and sustainability efforts. By aligning with broader regional and national initiatives, the policy seeks to integrate church buildings into the community's social and cultural fabric, ensuring their long-term viability. The intended outcome is a strategic approach to managing church buildings that balances heritage preservation with modern community needs, fostering a sustainable future for these historically significant structures.",['NL321'],http://www.hollandskroon.nl/wp-content/uploads/2023/07/Kerkenvisie-Hollands-Kroon_maart-2022.pdf,Programme,Verified
"['AT211', 'AT127', 'AT332', 'PT170', 'NL213', 'NL212', 'NL211', 'NL131', 'NL124', 'NL112', 'NL111', 'NL226', 'NL321', 'NL414', 'NL413', 'NL412', 'NL411', 'NL33C', 'NL328', 'NL325', 'NL324', 'NL323', 'NL33A', 'LT011', 'SK010', 'CH012', 'CH011', 'CH013', 'CH021', 'CH023', 'CH065', 'CH064', 'CH063', 'CH062', 'CH061', 'CH055', 'CH054', 'CH053', 'CH040', 'CH033', 'CH031', 'CH024', 'CH022', 'NO092', 'NO091', 'NO082', 'NO081', 'NO074', 'NO071', 'NO060', 'NO020', 'SE124', 'DEA41', 'DE40D', 'DE405', 'DE404', 'DE403', 'DE402', 'DE401', 'DE300', 'DE27A', 'DE721', 'DE253', 'DE243', 'DE242', 'DE273', 'DE271', 'DE26C', 'DE265', 'DE263', 'DE724', 'DEA16', 'DEA14', 'DEA13', 'DEA11', 'DE945', 'DEA33', 'DEA32', 'DEA2D', 'DEA2B', 'DEA2A', 'DEA24', 'DEA23', 'DEA22', 'DEA1A', 'DE944', 'DE916', 'DE911', 'DE80L', 'DE804', 'DE803', 'DE93A', 'DE938', 'DE929', 'DE928', 'DE91C', 'BE256', 'BE341', 'BE310', 'DK014', 'DE21H', 'DE21F', 'DE21C', 'DE21B', 'DE21A', 'DE217', 'DE216', 'DE215', 'DE213', 'DE21K', 'DE21L', 'DE233', 'DE232', 'DE231', 'DE225', 'DE222', 'DE21N', 'DE21M', 'DE144', 'DE121', 'DE11D', 'DE11C', 'DE117', 'DE116', 'DE115', 'DE113', 'DE112', 'DE111', 'DK042', 'DE122', 'DE123', 'DE125', 'DE139', 'DE138', 'DE131', 'DE12A', 'DE128', 'DE126', 'ES212', 'FRK28', 'FRK27', 'FRJ26', 'FRJ21', 'DED41', 'DED21', 'DEB3H', 'DEB3F', 'DEF02', 'DEF01', 'DED51', 'DEB3C', 'DEB11', 'DEA52', 'DEA47', 'DEB38', 'DEB37', 'DEB36', 'DEB35', 'DEB33', 'DEB32', 'DEB23', 'DEB21', 'DEB24', 'DEF04', 'IE062', 'DEG09', 'DEG07', 'DEG05', 'DEG04', 'DEG03', 'DEG02', 'DEG01', 'DEF0F', 'DEF0D', 'DEF0C', 'DEF08', 'DEF07', 'DEG0F', 'DEG0H']","['Sustainability', 'Community engagement', 'Housing', 'Innovation', 'Cultural heritage']","The policy aims to enhance community wellbeing through sustainable development, integrating positive health concepts and broad participation. It focuses on strategic planning for housing, agriculture, and recreation, ensuring environmental and economic sustainability.","The policy document emphasizes enhancing community wellbeing by integrating positive health concepts into spatial development. It outlines a strategic approach to sustainable development, focusing on housing, agriculture, and recreation. The policy encourages broad participation from residents, businesses, and stakeholders to ensure developments align with community needs. It promotes sustainable housing solutions, prioritizing energy efficiency and mixed-use developments to cater to diverse demographics. The agricultural sector is positioned as a future hub of innovation, with a focus on sustainable practices and technological advancements. Recreational spaces are enhanced to improve quality of life and promote cultural heritage. The policy uses the 'Inspiratiekader Brede Welvaart' model to guide decision-making, ensuring developments contribute to safety, inclusivity, sustainability, economic growth, accessibility, health, nature, and the living environment. By fostering collaboration and innovation, the policy aims to create a resilient, vibrant community that adapts to future challenges while preserving its unique identity and natural resources. The intended outcome is a balanced, thriving community where economic, social, and environmental factors are harmoniously integrated, ensuring long-term prosperity and quality of life for all residents.",['NL321'],https://openpdc.hollandskroon.nl/wp-content/uploads/2025/06/Omgevingsvisie-Hollands-Kroon-Concept-juni-2025.pdf,Programme,Community
"['AT211', 'AT127', 'AT332', 'PT170', 'NL213', 'NL212', 'NL211', 'NL131', 'NL124', 'NL112', 'NL111', 'NL226', 'NL321', 'NL414', 'NL413', 'NL412', 'NL411', 'NL33C', 'NL328', 'NL325', 'NL324', 'NL323', 'NL33A', 'LT011', 'SK010', 'CH012', 'CH011', 'CH013', 'CH021', 'CH023', 'CH065', 'CH064', 'CH063', 'CH062', 'CH061', 'CH055', 'CH054', 'CH053', 'CH040', 'CH033', 'CH031', 'CH024', 'CH022', 'NO092', 'NO091', 'NO082', 'NO081', 'NO074', 'NO071', 'NO060', 'NO020', 'SE124', 'DEA41', 'DE40D', 'DE405', 'DE404', 'DE403', 'DE402', 'DE401', 'DE300', 'DE27A', 'DE721', 'DE253', 'DE243', 'DE242', 'DE273', 'DE271', 'DE26C', 'DE265', 'DE263', 'DE724', 'DEA16', 'DEA14', 'DEA13', 'DEA11', 'DE945', 'DEA33', 'DEA32', 'DEA2D', 'DEA2B', 'DEA2A', 'DEA24', 'DEA23', 'DEA22', 'DEA1A', 'DE944', 'DE916', 'DE911', 'DE80L', 'DE804', 'DE803', 'DE93A', 'DE938', 'DE929', 'DE928', 'DE91C', 'BE256', 'BE341', 'BE310', 'DK014', 'DE21H', 'DE21F', 'DE21C', 'DE21B', 'DE21A', 'DE217', 'DE216', 'DE215', 'DE213', 'DE21K', 'DE21L', 'DE233', 'DE232', 'DE231', 'DE225', 'DE222', 'DE21N', 'DE21M', 'DE144', 'DE121', 'DE11D', 'DE11C', 'DE117', 'DE116', 'DE115', 'DE113', 'DE112', 'DE111', 'DK042', 'DE122', 'DE123', 'DE125', 'DE139', 'DE138', 'DE131', 'DE12A', 'DE128', 'DE126', 'ES212', 'FRK28', 'FRK27', 'FRJ26', 'FRJ21', 'DED41', 'DED21', 'DEB3H', 'DEB3F', 'DEF02', 'DEF01', 'DED51', 'DEB3C', 'DEB11', 'DEA52', 'DEA47', 'DEB38', 'DEB37', 'DEB36', 'DEB35', 'DEB33', 'DEB32', 'DEB23', 'DEB21', 'DEB24', 'DEF04', 'IE062', 'DEG09', 'DEG07', 'DEG05', 'DEG04', 'DEG03', 'DEG02', 'DEG01', 'DEF0F', 'DEF0D', 'DEF0C', 'DEF08', 'DEF07', 'DEG0F', 'DEG0H']","['Governance', 'Community engagement', 'Economic development']","The policy aims to achieve specific objectives through a strategic approach, focusing on effective implementation to ensure desired outcomes. It addresses key issues and provides a framework for action, emphasizing accountability and evaluation to measure success.","The policy document provides a comprehensive framework designed to address specific challenges by setting clear objectives and outlining strategic actions. It emphasizes the importance of effective implementation, detailing the roles and responsibilities of various stakeholders to ensure accountability. The approach includes a combination of regulatory measures, incentives, and collaborative efforts to drive change. Evaluation mechanisms are established to monitor progress and assess the impact of the policy, ensuring that adjustments can be made as necessary to achieve the desired outcomes. The policy also highlights the need for transparency and communication to engage stakeholders and the public, fostering trust and support. By focusing on measurable results, the policy aims to create a sustainable impact, addressing both immediate and long-term goals. The intended outcomes include improved efficiency, enhanced service delivery, and the promotion of best practices across relevant sectors. The document underscores the significance of aligning resources and efforts to maximize effectiveness, ultimately contributing to broader societal and economic benefits.",['NL321'],https://www.hollandskroon.nl/system/files/2023-10/Oogstdagen%20november%20MeerBomenNu.pdf,Programme,AI
"['AT211', 'AT127', 'AT332', 'PT170', 'NL213', 'NL212', 'NL211', 'NL131', 'NL124', 'NL112', 'NL111', 'NL226', 'NL321', 'NL414', 'NL413', 'NL412', 'NL411', 'NL33C', 'NL328', 'NL325', 'NL324', 'NL323', 'NL33A', 'LT011', 'SK010', 'CH012', 'CH011', 'CH013', 'CH021', 'CH023', 'CH065', 'CH064', 'CH063', 'CH062', 'CH061', 'CH055', 'CH054', 'CH053', 'CH040', 'CH033', 'CH031', 'CH024', 'CH022', 'NO092', 'NO091', 'NO082', 'NO081', 'NO074', 'NO071', 'NO060', 'NO020', 'SE124', 'DEA41', 'DE40D', 'DE405', 'DE404', 'DE403', 'DE402', 'DE401', 'DE300', 'DE27A', 'DE721', 'DE253', 'DE243', 'DE242', 'DE273', 'DE271', 'DE26C', 'DE265', 'DE263', 'DE724', 'DEA16', 'DEA14', 'DEA13', 'DEA11', 'DE945', 'DEA33', 'DEA32', 'DEA2D', 'DEA2B', 'DEA2A', 'DEA24', 'DEA23', 'DEA22', 'DEA1A', 'DE944', 'DE916', 'DE911', 'DE80L', 'DE804', 'DE803', 'DE93A', 'DE938', 'DE929', 'DE928', 'DE91C', 'BE256', 'BE341', 'BE310', 'DK014', 'DE21H', 'DE21F', 'DE21C', 'DE21B', 'DE21A', 'DE217', 'DE216', 'DE215', 'DE213', 'DE21K', 'DE21L', 'DE233', 'DE232', 'DE231', 'DE225', 'DE222', 'DE21N', 'DE21M', 'DE144', 'DE121', 'DE11D', 'DE11C', 'DE117', 'DE116', 'DE115', 'DE113', 'DE112', 'DE111', 'DK042', 'DE122', 'DE123', 'DE125', 'DE139', 'DE138', 'DE131', 'DE12A', 'DE128', 'DE126', 'ES212', 'FRK28', 'FRK27', 'FRJ26', 'FRJ21', 'DED41', 'DED21', 'DEB3H', 'DEB3F', 'DEF02', 'DEF01', 'DED51', 'DEB3C', 'DEB11', 'DEA52', 'DEA47', 'DEB38', 'DEB37', 'DEB36', 'DEB35', 'DEB33', 'DEB32', 'DEB23', 'DEB21', 'DEB24', 'DEF04', 'IE062', 'DEG09', 'DEG07', 'DEG05', 'DEG04', 'DEG03', 'DEG02', 'DEG01', 'DEF0F', 'DEF0D', 'DEF0C', 'DEF08', 'DEF07', 'DEG0F', 'DEG0H']","['Economic development', 'Governance', 'Community engagement']",The policy aims to implement strategic measures to achieve specific outcomes. It focuses on effective implementation and monitoring to ensure the desired impact. The approach involves coordinated actions and resource allocation to address key issues and improve overall effectiveness.,"The policy document focuses on implementing strategic measures to achieve targeted outcomes. It emphasizes the importance of effective implementation and monitoring to ensure the desired impact. The strategy involves coordinated actions across various sectors, with a focus on resource allocation and stakeholder engagement. The policy aims to address key issues by setting clear objectives and timelines, ensuring accountability and transparency in the process. It outlines specific actions to be taken, including the development of frameworks and guidelines to support implementation. The intended outcomes include improved efficiency, enhanced service delivery, and positive social and economic impacts. The policy also highlights the need for continuous evaluation and feedback mechanisms to adapt to changing circumstances and ensure long-term sustainability. By fostering collaboration among stakeholders, the policy seeks to create a conducive environment for achieving its goals. The impact is expected to be significant, with benefits extending to various sectors and contributing to overall development and progress. The document serves as a comprehensive guide for policy officers to navigate the complexities of implementation and achieve the desired outcomes effectively.",['NL321'],https://www.hollandskroon.nl/wp-content/uploads/2023/08/OPENBARE-RUIMTE-IN-BEELD-2012.pdf,Programme,Verified
"['AT211', 'AT127', 'AT332', 'PT170', 'NL213', 'NL212', 'NL211', 'NL131', 'NL124', 'NL112', 'NL111', 'NL226', 'NL321', 'NL414', 'NL413', 'NL412', 'NL411', 'NL33C', 'NL328', 'NL325', 'NL324', 'NL323', 'NL33A', 'LT011', 'SK010', 'CH012', 'CH011', 'CH013', 'CH021', 'CH023', 'CH065', 'CH064', 'CH063', 'CH062', 'CH061', 'CH055', 'CH054', 'CH053', 'CH040', 'CH033', 'CH031', 'CH024', 'CH022', 'NO092', 'NO091', 'NO082', 'NO081', 'NO074', 'NO071', 'NO060', 'NO020', 'SE124', 'DEA41', 'DE40D', 'DE405', 'DE404', 'DE403', 'DE402', 'DE401', 'DE300', 'DE27A', 'DE721', 'DE253', 'DE243', 'DE242', 'DE273', 'DE271', 'DE26C', 'DE265', 'DE263', 'DE724', 'DEA16', 'DEA14', 'DEA13', 'DEA11', 'DE945', 'DEA33', 'DEA32', 'DEA2D', 'DEA2B', 'DEA2A', 'DEA24', 'DEA23', 'DEA22', 'DEA1A', 'DE944', 'DE916', 'DE911', 'DE80L', 'DE804', 'DE803', 'DE93A', 'DE938', 'DE929', 'DE928', 'DE91C', 'BE256', 'BE341', 'BE310', 'DK014', 'DE21H', 'DE21F', 'DE21C', 'DE21B', 'DE21A', 'DE217', 'DE216', 'DE215', 'DE213', 'DE21K', 'DE21L', 'DE233', 'DE232', 'DE231', 'DE225', 'DE222', 'DE21N', 'DE21M', 'DE144', 'DE121', 'DE11D', 'DE11C', 'DE117', 'DE116', 'DE115', 'DE113', 'DE112', 'DE111', 'DK042', 'DE122', 'DE123', 'DE125', 'DE139', 'DE138', 'DE131', 'DE12A', 'DE128', 'DE126', 'ES212', 'FRK28', 'FRK27', 'FRJ26', 'FRJ21', 'DED41', 'DED21', 'DEB3H', 'DEB3F', 'DEF02', 'DEF01', 'DED51', 'DEB3C', 'DEB11', 'DEA52', 'DEA47', 'DEB38', 'DEB37', 'DEB36', 'DEB35', 'DEB33', 'DEB32', 'DEB23', 'DEB21', 'DEB24', 'DEF04', 'IE062', 'DEG09', 'DEG07', 'DEG05', 'DEG04', 'DEG03', 'DEG02', 'DEG01', 'DEF0F', 'DEF0D', 'DEF0C', 'DEF08', 'DEF07', 'DEG0F', 'DEG0H']","['Education', 'Community engagement', 'Cultural heritage', 'Social inclusion', 'Youth empowerment']","The policy aims to enhance access to arts and culture, focusing on education, collaboration, and funding to support cultural initiatives and volunteer engagement, ultimately strengthening cultural identity and social cohesion.","The policy focuses on improving access to arts and culture by enhancing education, collaboration, and funding. It emphasizes starting with children and youth to foster cultural education through structured programs and increased budgets. The establishment of an independent Culture Fund aims to support innovative and collaborative projects, with a clear subsidy structure to encourage quality initiatives. Volunteer support is strengthened through workshops on fundraising and communication, ensuring sustainable community engagement. The policy also seeks to improve library services, making them more accessible and educational, with a focus on promoting reading and cultural exposure. A dedicated team will streamline cultural, heritage, and tourism efforts, ensuring better information sharing and support for cultural organizations. The policy aims to increase the cultural budget to 1.5% of the total municipal budget, reflecting a commitment to cultural development. By fostering partnerships and innovation, the policy intends to create a vibrant cultural landscape that enhances social cohesion and economic growth, while addressing challenges such as aging populations and limited youth engagement. The overall goal is to create a sustainable and inclusive cultural environment that benefits all community members.",['NL321'],https://openpub.hollandskroon.nl/wp-content/uploads/2024/05/PPP-Presentatie-Cultuurvisie-7-mei-.pdf,Programme,Community
"['AT211', 'AT127', 'AT332', 'PT170', 'NL213', 'NL212', 'NL211', 'NL131', 'NL124', 'NL112', 'NL111', 'NL226', 'NL321', 'NL414', 'NL413', 'NL412', 'NL411', 'NL33C', 'NL328', 'NL325', 'NL324', 'NL323', 'NL33A', 'LT011', 'SK010', 'CH012', 'CH011', 'CH013', 'CH021', 'CH023', 'CH065', 'CH064', 'CH063', 'CH062', 'CH061', 'CH055', 'CH054', 'CH053', 'CH040', 'CH033', 'CH031', 'CH024', 'CH022', 'NO092', 'NO091', 'NO082', 'NO081', 'NO074', 'NO071', 'NO060', 'NO020', 'SE124', 'DEA41', 'DE40D', 'DE405', 'DE404', 'DE403', 'DE402', 'DE401', 'DE300', 'DE27A', 'DE721', 'DE253', 'DE243', 'DE242', 'DE273', 'DE271', 'DE26C', 'DE265', 'DE263', 'DE724', 'DEA16', 'DEA14', 'DEA13', 'DEA11', 'DE945', 'DEA33', 'DEA32', 'DEA2D', 'DEA2B', 'DEA2A', 'DEA24', 'DEA23', 'DEA22', 'DEA1A', 'DE944', 'DE916', 'DE911', 'DE80L', 'DE804', 'DE803', 'DE93A', 'DE938', 'DE929', 'DE928', 'DE91C', 'BE256', 'BE341', 'BE310', 'DK014', 'DE21H', 'DE21F', 'DE21C', 'DE21B', 'DE21A', 'DE217', 'DE216', 'DE215', 'DE213', 'DE21K', 'DE21L', 'DE233', 'DE232', 'DE231', 'DE225', 'DE222', 'DE21N', 'DE21M', 'DE144', 'DE121', 'DE11D', 'DE11C', 'DE117', 'DE116', 'DE115', 'DE113', 'DE112', 'DE111', 'DK042', 'DE122', 'DE123', 'DE125', 'DE139', 'DE138', 'DE131', 'DE12A', 'DE128', 'DE126', 'ES212', 'FRK28', 'FRK27', 'FRJ26', 'FRJ21', 'DED41', 'DED21', 'DEB3H', 'DEB3F', 'DEF02', 'DEF01', 'DED51', 'DEB3C', 'DEB11', 'DEA52', 'DEA47', 'DEB38', 'DEB37', 'DEB36', 'DEB35', 'DEB33', 'DEB32', 'DEB23', 'DEB21', 'DEB24', 'DEF04', 'IE062', 'DEG09', 'DEG07', 'DEG05', 'DEG04', 'DEG03', 'DEG02', 'DEG01', 'DEF0F', 'DEF0D', 'DEF0C', 'DEF08', 'DEF07', 'DEG0F', 'DEG0H']","['Governance', 'Economic development', 'Community engagement', 'Digitalisation']","The policy aims to enhance regulatory compliance through structured implementation strategies, ensuring effective governance and accountability. It seeks to address existing gaps and improve overall system efficiency by establishing clear guidelines and monitoring mechanisms.","The policy focuses on strengthening regulatory compliance by introducing a comprehensive framework that includes clear guidelines, monitoring mechanisms, and accountability measures. It addresses current inefficiencies and gaps in the system by proposing structured implementation strategies that ensure effective governance. The policy outlines specific actions such as regular audits, stakeholder engagement, and capacity-building initiatives to enhance understanding and adherence to regulations. By fostering a culture of compliance, the policy aims to improve overall system efficiency and effectiveness. The intended outcomes include increased transparency, reduced instances of non-compliance, and enhanced public trust in regulatory bodies. The policy also emphasizes the importance of collaboration between various stakeholders, including government agencies, private sector entities, and civil society, to achieve its objectives. By leveraging technology and data analytics, the policy seeks to streamline processes and provide real-time insights into compliance levels. Ultimately, the policy aims to create a more robust regulatory environment that supports sustainable development and economic growth while safeguarding public interests.",['NL321'],https://www.hollandskroon.nl/wp-content/uploads/2025/01/Stedenbouwkundige-randvoorwaarden-Lelypark.pdf,Programme,AI
"['PL518', 'PL515', 'PL418', 'PL613', 'PL617', 'PL637', 'PL634', 'PL619', 'PL618', 'PL22C', 'PL22B', 'PL227', 'PL225', 'PL224', 'PL219', 'PL218', 'PL217', 'PL214', 'RO314', 'RO312', 'RO226', 'RO225', 'RO224', 'RO223', 'RO222', 'RO317', 'SI036', 'SI031', 'RO422', 'RO412', 'PT119', 'PT112', 'PT111', 'PL926', 'PL925', 'PL922', 'PT16B', 'RO115', 'RO114', 'RO112', 'RO111', 'PT187', 'PT185', 'PT181', 'PT16I', 'PT16F', 'PT184', 'ITH31', 'ITG2G', 'ITG2D', 'ITG16', 'ITG15', 'ITG14', 'ITH35', 'ITI12', 'ITH36', 'ITF64', 'ITF63', 'ITF62', 'ITF61', 'ITF52', 'ITF51', 'ITF47', 'ITF43', 'ITF32', 'ITF22', 'ITF14', 'ITF12', 'ITF34', 'HU332', 'HU331', 'HU321', 'LV009', 'LV007', 'LV005', 'LV003', 'ITI35', 'ITI34', 'ITI33', 'ITI31', 'LT021', 'HU313', 'HU233', 'HU232', 'HU231', 'HU223', 'HU222', 'HU221', 'HU322', 'LT029', 'LT026', 'LT025', 'HU212', 'NO0A3', 'NO0A1', 'SK042', 'SK032', 'SK031', 'SK022', 'SK021', 'SE313', 'DE94G', 'DE939', 'BG344', 'BG343', 'BG334', 'BG333', 'BG332', 'BG331', 'BG324', 'BG323', 'BG322', 'BG422', 'CZ042', 'BG425', 'BG424', 'BG423', 'DE22C', 'EL653', 'FRM02', 'FRM01', 'HR063', 'HR061', 'HR037', 'HR036', 'HR035', 'HR034', 'HR033', 'HR032', 'HR031', 'HR028', 'HR027', 'HR025', 'HR024', 'HR023', 'HR022', 'HR021', 'FRY40', 'FRJ12', 'EL644', 'EL643', 'DEE0E', 'DEE0C', 'DEE08', 'EL515', 'EL514', 'EL513', 'EL511', 'EL432', 'EL431', 'EL521', 'EL523', 'EL641', 'EL633', 'EL632', 'EL631', 'EL624', 'EL623', 'EL622', 'EL621', 'EL613', 'EL612', 'EL533', 'EL532', 'EL531', 'EL526', 'EL525', 'EL611', 'EE00A', 'EE009', 'EE008', 'EE004', 'PL514', 'PL415', 'PL633', 'AT224', 'RO321', 'PL912', 'PT150', 'ITH10', 'ITI14', 'ITH59', 'ITH55', 'ITC31', 'ITC4C', 'ITI43', 'SI043', 'DE717', 'DE713', 'DE502', 'DE279', 'DE262', 'BE232', 'ES640', 'ES630', 'ES618', 'ES617', 'ES614', 'FRC24', 'ES612', 'ES521', 'ES424', 'FRL06', 'FRL05', 'FRL04', 'FRK24', 'FRK23', 'HR050', 'FRI12', 'FRJ13', 'DEC02', 'DEB18', 'EL413', 'EL412', 'EL411', 'PL432', 'PL524', 'PL523', 'PL516', 'PL431', 'PL411', 'PL427', 'PL426', 'PL424', 'PL417', 'PL416', 'PL414', 'PL428', 'PL616', 'PL636', 'PL623', 'PL622', 'PL621', 'PL638', 'PL228', 'AT341', 'RO116', 'RO315', 'RO221', 'RO216', 'RO215', 'RO214', 'RO213', 'RO212', 'RO211', 'RO415', 'RO414', 'RO413', 'RO411', 'PT11B', 'ITG19', 'ITG18', 'ITG17', 'ITG13', 'ITG12', 'ITG11', 'ITF65', 'ITF48', 'ITF46', 'ITF45', 'ITF35', 'ITF33', 'ITF31', 'ITF13', 'HU323', 'LV006', 'LT024', 'LT027', 'SK041', 'BG342', 'BG325', 'BG321', 'BG315', 'BG314', 'BG313', 'BG312', 'CZ041', 'BG311', 'BE342', 'ES425', 'EL645', 'FRY10', 'FRY20', 'FRY30', 'HR026', 'DEB13', 'EL512', 'EL422', 'EL522', 'EL524', 'EL541']","['Governance', 'Regional development', 'Community engagement', 'Cultural heritage', 'Economic development']","The document discusses the challenges and future directions for local governance in Poland, emphasizing the need for decentralization, financial autonomy, and effective regional development to enhance public administration and community empowerment.","Local governance in Poland faces challenges that require strategic reforms to enhance decentralization and financial autonomy. The document highlights the need to address the fragmentation of administrative structures and the dualism between governmental and self-governing bodies. It advocates for the consolidation of municipalities and counties to create economically stronger units capable of self-sustained development. Emphasizing the importance of regional development, the document suggests leveraging EU funds to build a competitive and self-sufficient economic base. It also calls for a re-evaluation of the roles and responsibilities between state and local governments, proposing a shift of regional development policies entirely to local authorities. The introduction of Integrated Territorial Investments (ITI) and Territorial Agreements (TA) aims to foster collaboration among municipalities, enhancing their capacity to address shared challenges such as education, public transport, and environmental management. The document underscores the importance of cultural heritage and community identity in shaping local governance, advocating for policies that support sustainable development and community engagement. By addressing these issues, the document envisions a more resilient and responsive local governance framework that can adapt to future challenges and continue to drive Poland's socio-economic progress.",['PL63'],https://pomorskie.eu/wp-content/uploads/2020/07/6d734ee3-de02-4a9c-bd74-b6bd16eac6cc-1.pdf,Programme,Verified
"['PL518', 'PL515', 'PL418', 'PL613', 'PL617', 'PL637', 'PL634', 'PL619', 'PL618', 'PL22C', 'PL22B', 'PL227', 'PL225', 'PL224', 'PL219', 'PL218', 'PL217', 'PL214', 'RO314', 'RO312', 'RO226', 'RO225', 'RO224', 'RO223', 'RO222', 'RO317', 'SI036', 'SI031', 'RO422', 'RO412', 'PT119', 'PT112', 'PT111', 'PL926', 'PL925', 'PL922', 'PT16B', 'RO115', 'RO114', 'RO112', 'RO111', 'PT187', 'PT185', 'PT181', 'PT16I', 'PT16F', 'PT184', 'ITH31', 'ITG2G', 'ITG2D', 'ITG16', 'ITG15', 'ITG14', 'ITH35', 'ITI12', 'ITH36', 'ITF64', 'ITF63', 'ITF62', 'ITF61', 'ITF52', 'ITF51', 'ITF47', 'ITF43', 'ITF32', 'ITF22', 'ITF14', 'ITF12', 'ITF34', 'HU332', 'HU331', 'HU321', 'LV009', 'LV007', 'LV005', 'LV003', 'ITI35', 'ITI34', 'ITI33', 'ITI31', 'LT021', 'HU313', 'HU233', 'HU232', 'HU231', 'HU223', 'HU222', 'HU221', 'HU322', 'LT029', 'LT026', 'LT025', 'HU212', 'NO0A3', 'NO0A1', 'SK042', 'SK032', 'SK031', 'SK022', 'SK021', 'SE313', 'DE94G', 'DE939', 'BG344', 'BG343', 'BG334', 'BG333', 'BG332', 'BG331', 'BG324', 'BG323', 'BG322', 'BG422', 'CZ042', 'BG425', 'BG424', 'BG423', 'DE22C', 'EL653', 'FRM02', 'FRM01', 'HR063', 'HR061', 'HR037', 'HR036', 'HR035', 'HR034', 'HR033', 'HR032', 'HR031', 'HR028', 'HR027', 'HR025', 'HR024', 'HR023', 'HR022', 'HR021', 'FRY40', 'FRJ12', 'EL644', 'EL643', 'DEE0E', 'DEE0C', 'DEE08', 'EL515', 'EL514', 'EL513', 'EL511', 'EL432', 'EL431', 'EL521', 'EL523', 'EL641', 'EL633', 'EL632', 'EL631', 'EL624', 'EL623', 'EL622', 'EL621', 'EL613', 'EL612', 'EL533', 'EL532', 'EL531', 'EL526', 'EL525', 'EL611', 'EE00A', 'EE009', 'EE008', 'EE004', 'PL514', 'PL415', 'PL633', 'AT224', 'RO321', 'PL912', 'PT150', 'ITH10', 'ITI14', 'ITH59', 'ITH55', 'ITC31', 'ITC4C', 'ITI43', 'SI043', 'DE717', 'DE713', 'DE502', 'DE279', 'DE262', 'BE232', 'ES640', 'ES630', 'ES618', 'ES617', 'ES614', 'FRC24', 'ES612', 'ES521', 'ES424', 'FRL06', 'FRL05', 'FRL04', 'FRK24', 'FRK23', 'HR050', 'FRI12', 'FRJ13', 'DEC02', 'DEB18', 'EL413', 'EL412', 'EL411', 'PL432', 'PL524', 'PL523', 'PL516', 'PL431', 'PL411', 'PL427', 'PL426', 'PL424', 'PL417', 'PL416', 'PL414', 'PL428', 'PL616', 'PL636', 'PL623', 'PL622', 'PL621', 'PL638', 'PL228', 'AT341', 'RO116', 'RO315', 'RO221', 'RO216', 'RO215', 'RO214', 'RO213', 'RO212', 'RO211', 'RO415', 'RO414', 'RO413', 'RO411', 'PT11B', 'ITG19', 'ITG18', 'ITG17', 'ITG13', 'ITG12', 'ITG11', 'ITF65', 'ITF48', 'ITF46', 'ITF45', 'ITF35', 'ITF33', 'ITF31', 'ITF13', 'HU323', 'LV006', 'LT024', 'LT027', 'SK041', 'BG342', 'BG325', 'BG321', 'BG315', 'BG314', 'BG313', 'BG312', 'CZ041', 'BG311', 'BE342', 'ES425', 'EL645', 'FRY10', 'FRY20', 'FRY30', 'HR026', 'DEB13', 'EL512', 'EL422', 'EL522', 'EL524', 'EL541']","['Sustainability', 'Economic development', 'Infrastructure', 'Energy', 'Transportation']","The document outlines initiatives in the maritime sector focusing on sustainable development, offshore wind energy, and enhanced logistics. It aims to boost economic growth and environmental responsibility through strategic partnerships and infrastructure improvements.","The document details various initiatives within the maritime sector aimed at promoting sustainable development and economic growth. Key actions include the implementation of green corridors and conferences by Viking Line to reduce emissions, and the EU-Mercosur trade agreement to enhance trade and investment. Infrastructure improvements, such as the deepening of the Chorzowskie quay and the construction of the Orlen Transshipment Terminal, are designed to increase port efficiency and competitiveness. In the offshore wind sector, projects like MFW Baltic Power and BC-Wind are advancing with significant investments and regulatory approvals, aiming to increase renewable energy capacity. Collaborative efforts, such as the partnership between Polish Ocean Lines and Stödig Ship Management, focus on leveraging expertise for strategic growth in shipping. The document also highlights the importance of international cooperation, as seen in the Polish-Lithuanian transport projects and the new China-Europe rail connection via Azerbaijan. These initiatives collectively aim to enhance the maritime sector's role in economic development while addressing environmental challenges and fostering innovation through strategic partnerships and infrastructure development.",['PL63'],https://gospodarka.pomorskie.eu/wp-content/uploads/2025/05/20-PUM_Monitoring_012025_II.pdf,Programme,Community
"['PL518', 'PL515', 'PL418', 'PL613', 'PL617', 'PL637', 'PL634', 'PL619', 'PL618', 'PL22C', 'PL22B', 'PL227', 'PL225', 'PL224', 'PL219', 'PL218', 'PL217', 'PL214', 'RO314', 'RO312', 'RO226', 'RO225', 'RO224', 'RO223', 'RO222', 'RO317', 'SI036', 'SI031', 'RO422', 'RO412', 'PT119', 'PT112', 'PT111', 'PL926', 'PL925', 'PL922', 'PT16B', 'RO115', 'RO114', 'RO112', 'RO111', 'PT187', 'PT185', 'PT181', 'PT16I', 'PT16F', 'PT184', 'ITH31', 'ITG2G', 'ITG2D', 'ITG16', 'ITG15', 'ITG14', 'ITH35', 'ITI12', 'ITH36', 'ITF64', 'ITF63', 'ITF62', 'ITF61', 'ITF52', 'ITF51', 'ITF47', 'ITF43', 'ITF32', 'ITF22', 'ITF14', 'ITF12', 'ITF34', 'HU332', 'HU331', 'HU321', 'LV009', 'LV007', 'LV005', 'LV003', 'ITI35', 'ITI34', 'ITI33', 'ITI31', 'LT021', 'HU313', 'HU233', 'HU232', 'HU231', 'HU223', 'HU222', 'HU221', 'HU322', 'LT029', 'LT026', 'LT025', 'HU212', 'NO0A3', 'NO0A1', 'SK042', 'SK032', 'SK031', 'SK022', 'SK021', 'SE313', 'DE94G', 'DE939', 'BG344', 'BG343', 'BG334', 'BG333', 'BG332', 'BG331', 'BG324', 'BG323', 'BG322', 'BG422', 'CZ042', 'BG425', 'BG424', 'BG423', 'DE22C', 'EL653', 'FRM02', 'FRM01', 'HR063', 'HR061', 'HR037', 'HR036', 'HR035', 'HR034', 'HR033', 'HR032', 'HR031', 'HR028', 'HR027', 'HR025', 'HR024', 'HR023', 'HR022', 'HR021', 'FRY40', 'FRJ12', 'EL644', 'EL643', 'DEE0E', 'DEE0C', 'DEE08', 'EL515', 'EL514', 'EL513', 'EL511', 'EL432', 'EL431', 'EL521', 'EL523', 'EL641', 'EL633', 'EL632', 'EL631', 'EL624', 'EL623', 'EL622', 'EL621', 'EL613', 'EL612', 'EL533', 'EL532', 'EL531', 'EL526', 'EL525', 'EL611', 'EE00A', 'EE009', 'EE008', 'EE004', 'PL514', 'PL415', 'PL633', 'AT224', 'RO321', 'PL912', 'PT150', 'ITH10', 'ITI14', 'ITH59', 'ITH55', 'ITC31', 'ITC4C', 'ITI43', 'SI043', 'DE717', 'DE713', 'DE502', 'DE279', 'DE262', 'BE232', 'ES640', 'ES630', 'ES618', 'ES617', 'ES614', 'FRC24', 'ES612', 'ES521', 'ES424', 'FRL06', 'FRL05', 'FRL04', 'FRK24', 'FRK23', 'HR050', 'FRI12', 'FRJ13', 'DEC02', 'DEB18', 'EL413', 'EL412', 'EL411', 'PL432', 'PL524', 'PL523', 'PL516', 'PL431', 'PL411', 'PL427', 'PL426', 'PL424', 'PL417', 'PL416', 'PL414', 'PL428', 'PL616', 'PL636', 'PL623', 'PL622', 'PL621', 'PL638', 'PL228', 'AT341', 'RO116', 'RO315', 'RO221', 'RO216', 'RO215', 'RO214', 'RO213', 'RO212', 'RO211', 'RO415', 'RO414', 'RO413', 'RO411', 'PT11B', 'ITG19', 'ITG18', 'ITG17', 'ITG13', 'ITG12', 'ITG11', 'ITF65', 'ITF48', 'ITF46', 'ITF45', 'ITF35', 'ITF33', 'ITF31', 'ITF13', 'HU323', 'LV006', 'LT024', 'LT027', 'SK041', 'BG342', 'BG325', 'BG321', 'BG315', 'BG314', 'BG313', 'BG312', 'CZ041', 'BG311', 'BE342', 'ES425', 'EL645', 'FRY10', 'FRY20', 'FRY30', 'HR026', 'DEB13', 'EL512', 'EL422', 'EL522', 'EL524', 'EL541']","['Economic development', 'Energy', 'Innovation', 'Regional development', 'Sustainability']","The document reviews maritime economy sectors, focusing on port logistics, offshore wind, and shipbuilding. It aims to monitor and analyze their economic and social impacts, supporting strategic development and investment decisions.","The document provides a comprehensive review of selected events in the maritime economy, specifically focusing on port logistics, offshore wind, and shipbuilding sectors. It highlights key developments such as infrastructure investments, strategic alliances, and market trends. The analysis aims to understand the economic and social impacts of these sectors, facilitating informed decision-making for future investments and policy adjustments. By monitoring operational results and macroeconomic data, the document seeks to create a functional dependency model with structured connections based on market observations. This approach supports the strategic development of the maritime economy, ensuring sustainable growth and competitiveness. The document also emphasizes the importance of adapting to market changes, such as shifts in container shipping alliances and the integration of renewable energy sources like offshore wind. By fostering innovation and resilience, the maritime sectors can enhance their contribution to the regional and national economy. The ultimate goal is to establish a coordinated system for monitoring and supporting vocational education, higher education, and lifelong learning, aligning with regional development plans. This initiative is part of a broader effort to strengthen the maritime economy's role in the socio-economic framework, ensuring long-term sustainability and prosperity.",['PL63'],https://gospodarka.pomorskie.eu/wp-content/uploads/2025/05/23-PUM_Monitoring_03-2025I.pdf,Programme,Verified
"['PL518', 'PL515', 'PL418', 'PL613', 'PL617', 'PL637', 'PL634', 'PL619', 'PL618', 'PL22C', 'PL22B', 'PL227', 'PL225', 'PL224', 'PL219', 'PL218', 'PL217', 'PL214', 'RO314', 'RO312', 'RO226', 'RO225', 'RO224', 'RO223', 'RO222', 'RO317', 'SI036', 'SI031', 'RO422', 'RO412', 'PT119', 'PT112', 'PT111', 'PL926', 'PL925', 'PL922', 'PT16B', 'RO115', 'RO114', 'RO112', 'RO111', 'PT187', 'PT185', 'PT181', 'PT16I', 'PT16F', 'PT184', 'ITH31', 'ITG2G', 'ITG2D', 'ITG16', 'ITG15', 'ITG14', 'ITH35', 'ITI12', 'ITH36', 'ITF64', 'ITF63', 'ITF62', 'ITF61', 'ITF52', 'ITF51', 'ITF47', 'ITF43', 'ITF32', 'ITF22', 'ITF14', 'ITF12', 'ITF34', 'HU332', 'HU331', 'HU321', 'LV009', 'LV007', 'LV005', 'LV003', 'ITI35', 'ITI34', 'ITI33', 'ITI31', 'LT021', 'HU313', 'HU233', 'HU232', 'HU231', 'HU223', 'HU222', 'HU221', 'HU322', 'LT029', 'LT026', 'LT025', 'HU212', 'NO0A3', 'NO0A1', 'SK042', 'SK032', 'SK031', 'SK022', 'SK021', 'SE313', 'DE94G', 'DE939', 'BG344', 'BG343', 'BG334', 'BG333', 'BG332', 'BG331', 'BG324', 'BG323', 'BG322', 'BG422', 'CZ042', 'BG425', 'BG424', 'BG423', 'DE22C', 'EL653', 'FRM02', 'FRM01', 'HR063', 'HR061', 'HR037', 'HR036', 'HR035', 'HR034', 'HR033', 'HR032', 'HR031', 'HR028', 'HR027', 'HR025', 'HR024', 'HR023', 'HR022', 'HR021', 'FRY40', 'FRJ12', 'EL644', 'EL643', 'DEE0E', 'DEE0C', 'DEE08', 'EL515', 'EL514', 'EL513', 'EL511', 'EL432', 'EL431', 'EL521', 'EL523', 'EL641', 'EL633', 'EL632', 'EL631', 'EL624', 'EL623', 'EL622', 'EL621', 'EL613', 'EL612', 'EL533', 'EL532', 'EL531', 'EL526', 'EL525', 'EL611', 'EE00A', 'EE009', 'EE008', 'EE004', 'PL514', 'PL415', 'PL633', 'AT224', 'RO321', 'PL912', 'PT150', 'ITH10', 'ITI14', 'ITH59', 'ITH55', 'ITC31', 'ITC4C', 'ITI43', 'SI043', 'DE717', 'DE713', 'DE502', 'DE279', 'DE262', 'BE232', 'ES640', 'ES630', 'ES618', 'ES617', 'ES614', 'FRC24', 'ES612', 'ES521', 'ES424', 'FRL06', 'FRL05', 'FRL04', 'FRK24', 'FRK23', 'HR050', 'FRI12', 'FRJ13', 'DEC02', 'DEB18', 'EL413', 'EL412', 'EL411', 'PL432', 'PL524', 'PL523', 'PL516', 'PL431', 'PL411', 'PL427', 'PL426', 'PL424', 'PL417', 'PL416', 'PL414', 'PL428', 'PL616', 'PL636', 'PL623', 'PL622', 'PL621', 'PL638', 'PL228', 'AT341', 'RO116', 'RO315', 'RO221', 'RO216', 'RO215', 'RO214', 'RO213', 'RO212', 'RO211', 'RO415', 'RO414', 'RO413', 'RO411', 'PT11B', 'ITG19', 'ITG18', 'ITG17', 'ITG13', 'ITG12', 'ITG11', 'ITF65', 'ITF48', 'ITF46', 'ITF45', 'ITF35', 'ITF33', 'ITF31', 'ITF13', 'HU323', 'LV006', 'LT024', 'LT027', 'SK041', 'BG342', 'BG325', 'BG321', 'BG315', 'BG314', 'BG313', 'BG312', 'CZ041', 'BG311', 'BE342', 'ES425', 'EL645', 'FRY10', 'FRY20', 'FRY30', 'HR026', 'DEB13', 'EL512', 'EL422', 'EL522', 'EL524', 'EL541']","['Sustainability', 'Innovation', 'Environmental protection', 'Regional development']","The Interreg South Baltic Programme 2021-2027 aims to enhance cross-border cooperation by promoting innovation, sustainability, and a green economy, ensuring alignment with EU environmental goals.","The Interreg South Baltic Programme 2021-2027 focuses on fostering cross-border cooperation among Denmark, Germany, Lithuania, Poland, and Sweden. It emphasizes innovation, sustainable development, and the promotion of a blue and green economy. The programme is structured around four priorities: enhancing innovation and internationalization, promoting sustainable energy and resource efficiency, activating tourism potential, and improving governance cooperation. It aims to align with EU environmental goals, ensuring that projects contribute positively to sustainability and do not harm the environment. The programme supports small-scale pilot actions to test innovative solutions, with an emphasis on local impact. Environmental assessments are conducted to ensure compliance with EU directives, focusing on biodiversity, water, air, and climate. The programme seeks to strengthen environmental aspects in decision-making processes, proposing mitigation and reinforcement measures to maximize positive impacts. By setting clear project selection criteria, it aims to fulfill environmental protection requirements and enhance the overall environmental benefits of the initiatives. The programme's strategic approach ensures that it contributes to the EU's broader environmental and sustainability objectives, fostering regional development while safeguarding natural resources and ecosystems.",['PL63'],https://programymiedzynarodowe.pomorskie.eu/wp-content/uploads/2022/11/2021-11-29_SEA-Report-for-the-draft-Interreg-South-Baltic-Programme-2021-2027.pdf,Programme,Community
"['PL518', 'PL515', 'PL418', 'PL613', 'PL617', 'PL637', 'PL634', 'PL619', 'PL618', 'PL22C', 'PL22B', 'PL227', 'PL225', 'PL224', 'PL219', 'PL218', 'PL217', 'PL214', 'RO314', 'RO312', 'RO226', 'RO225', 'RO224', 'RO223', 'RO222', 'RO317', 'SI036', 'SI031', 'RO422', 'RO412', 'PT119', 'PT112', 'PT111', 'PL926', 'PL925', 'PL922', 'PT16B', 'RO115', 'RO114', 'RO112', 'RO111', 'PT187', 'PT185', 'PT181', 'PT16I', 'PT16F', 'PT184', 'ITH31', 'ITG2G', 'ITG2D', 'ITG16', 'ITG15', 'ITG14', 'ITH35', 'ITI12', 'ITH36', 'ITF64', 'ITF63', 'ITF62', 'ITF61', 'ITF52', 'ITF51', 'ITF47', 'ITF43', 'ITF32', 'ITF22', 'ITF14', 'ITF12', 'ITF34', 'HU332', 'HU331', 'HU321', 'LV009', 'LV007', 'LV005', 'LV003', 'ITI35', 'ITI34', 'ITI33', 'ITI31', 'LT021', 'HU313', 'HU233', 'HU232', 'HU231', 'HU223', 'HU222', 'HU221', 'HU322', 'LT029', 'LT026', 'LT025', 'HU212', 'NO0A3', 'NO0A1', 'SK042', 'SK032', 'SK031', 'SK022', 'SK021', 'SE313', 'DE94G', 'DE939', 'BG344', 'BG343', 'BG334', 'BG333', 'BG332', 'BG331', 'BG324', 'BG323', 'BG322', 'BG422', 'CZ042', 'BG425', 'BG424', 'BG423', 'DE22C', 'EL653', 'FRM02', 'FRM01', 'HR063', 'HR061', 'HR037', 'HR036', 'HR035', 'HR034', 'HR033', 'HR032', 'HR031', 'HR028', 'HR027', 'HR025', 'HR024', 'HR023', 'HR022', 'HR021', 'FRY40', 'FRJ12', 'EL644', 'EL643', 'DEE0E', 'DEE0C', 'DEE08', 'EL515', 'EL514', 'EL513', 'EL511', 'EL432', 'EL431', 'EL521', 'EL523', 'EL641', 'EL633', 'EL632', 'EL631', 'EL624', 'EL623', 'EL622', 'EL621', 'EL613', 'EL612', 'EL533', 'EL532', 'EL531', 'EL526', 'EL525', 'EL611', 'EE00A', 'EE009', 'EE008', 'EE004', 'PL514', 'PL415', 'PL633', 'AT224', 'RO321', 'PL912', 'PT150', 'ITH10', 'ITI14', 'ITH59', 'ITH55', 'ITC31', 'ITC4C', 'ITI43', 'SI043', 'DE717', 'DE713', 'DE502', 'DE279', 'DE262', 'BE232', 'ES640', 'ES630', 'ES618', 'ES617', 'ES614', 'FRC24', 'ES612', 'ES521', 'ES424', 'FRL06', 'FRL05', 'FRL04', 'FRK24', 'FRK23', 'HR050', 'FRI12', 'FRJ13', 'DEC02', 'DEB18', 'EL413', 'EL412', 'EL411', 'PL432', 'PL524', 'PL523', 'PL516', 'PL431', 'PL411', 'PL427', 'PL426', 'PL424', 'PL417', 'PL416', 'PL414', 'PL428', 'PL616', 'PL636', 'PL623', 'PL622', 'PL621', 'PL638', 'PL228', 'AT341', 'RO116', 'RO315', 'RO221', 'RO216', 'RO215', 'RO214', 'RO213', 'RO212', 'RO211', 'RO415', 'RO414', 'RO413', 'RO411', 'PT11B', 'ITG19', 'ITG18', 'ITG17', 'ITG13', 'ITG12', 'ITG11', 'ITF65', 'ITF48', 'ITF46', 'ITF45', 'ITF35', 'ITF33', 'ITF31', 'ITF13', 'HU323', 'LV006', 'LT024', 'LT027', 'SK041', 'BG342', 'BG325', 'BG321', 'BG315', 'BG314', 'BG313', 'BG312', 'CZ041', 'BG311', 'BE342', 'ES425', 'EL645', 'FRY10', 'FRY20', 'FRY30', 'HR026', 'DEB13', 'EL512', 'EL422', 'EL522', 'EL524', 'EL541']","['Regional development', 'Governance', 'Community engagement', 'Cultural heritage', 'Economic development']","The document discusses the importance of regionalism and decentralization in enhancing self-governance and community identity. It emphasizes empowering local regions to foster economic and cultural development, aligning with broader national interests while maintaining regional uniqueness.","Regionalism and decentralization are crucial for fostering self-governance and strengthening community identity. The document highlights the need for empowering local regions to manage their own economic and cultural development, which aligns with national interests. It discusses the historical context of regionalism in Pomorskie, emphasizing the role of local governance in addressing unique regional challenges. The approach involves creating a balance between central authority and regional autonomy, ensuring that local needs and identities are respected and integrated into broader national policies. By decentralizing power, regions can better utilize their resources, promote local culture, and enhance civic engagement. The document also addresses potential challenges, such as the risk of recentralization and the need for a supportive legal framework to ensure effective implementation. The intended outcome is a more dynamic and responsive governance structure that can adapt to local conditions while contributing to national stability and growth. This approach aims to create a more equitable distribution of resources and opportunities, fostering innovation and resilience within regions. The impact of these policies is expected to be a more cohesive and empowered society, capable of addressing both local and national challenges effectively.",['PL63'],https://pomorskie.eu/wp-content/uploads/2020/07/5787ea67-e14b-4230-996a-783816482b9f-1.pdf,Programme,AI
"['PL518', 'PL515', 'PL418', 'PL613', 'PL617', 'PL637', 'PL634', 'PL619', 'PL618', 'PL22C', 'PL22B', 'PL227', 'PL225', 'PL224', 'PL219', 'PL218', 'PL217', 'PL214', 'RO314', 'RO312', 'RO226', 'RO225', 'RO224', 'RO223', 'RO222', 'RO317', 'SI036', 'SI031', 'RO422', 'RO412', 'PT119', 'PT112', 'PT111', 'PL926', 'PL925', 'PL922', 'PT16B', 'RO115', 'RO114', 'RO112', 'RO111', 'PT187', 'PT185', 'PT181', 'PT16I', 'PT16F', 'PT184', 'ITH31', 'ITG2G', 'ITG2D', 'ITG16', 'ITG15', 'ITG14', 'ITH35', 'ITI12', 'ITH36', 'ITF64', 'ITF63', 'ITF62', 'ITF61', 'ITF52', 'ITF51', 'ITF47', 'ITF43', 'ITF32', 'ITF22', 'ITF14', 'ITF12', 'ITF34', 'HU332', 'HU331', 'HU321', 'LV009', 'LV007', 'LV005', 'LV003', 'ITI35', 'ITI34', 'ITI33', 'ITI31', 'LT021', 'HU313', 'HU233', 'HU232', 'HU231', 'HU223', 'HU222', 'HU221', 'HU322', 'LT029', 'LT026', 'LT025', 'HU212', 'NO0A3', 'NO0A1', 'SK042', 'SK032', 'SK031', 'SK022', 'SK021', 'SE313', 'DE94G', 'DE939', 'BG344', 'BG343', 'BG334', 'BG333', 'BG332', 'BG331', 'BG324', 'BG323', 'BG322', 'BG422', 'CZ042', 'BG425', 'BG424', 'BG423', 'DE22C', 'EL653', 'FRM02', 'FRM01', 'HR063', 'HR061', 'HR037', 'HR036', 'HR035', 'HR034', 'HR033', 'HR032', 'HR031', 'HR028', 'HR027', 'HR025', 'HR024', 'HR023', 'HR022', 'HR021', 'FRY40', 'FRJ12', 'EL644', 'EL643', 'DEE0E', 'DEE0C', 'DEE08', 'EL515', 'EL514', 'EL513', 'EL511', 'EL432', 'EL431', 'EL521', 'EL523', 'EL641', 'EL633', 'EL632', 'EL631', 'EL624', 'EL623', 'EL622', 'EL621', 'EL613', 'EL612', 'EL533', 'EL532', 'EL531', 'EL526', 'EL525', 'EL611', 'EE00A', 'EE009', 'EE008', 'EE004', 'PL514', 'PL415', 'PL633', 'AT224', 'RO321', 'PL912', 'PT150', 'ITH10', 'ITI14', 'ITH59', 'ITH55', 'ITC31', 'ITC4C', 'ITI43', 'SI043', 'DE717', 'DE713', 'DE502', 'DE279', 'DE262', 'BE232', 'ES640', 'ES630', 'ES618', 'ES617', 'ES614', 'FRC24', 'ES612', 'ES521', 'ES424', 'FRL06', 'FRL05', 'FRL04', 'FRK24', 'FRK23', 'HR050', 'FRI12', 'FRJ13', 'DEC02', 'DEB18', 'EL413', 'EL412', 'EL411', 'PL432', 'PL524', 'PL523', 'PL516', 'PL431', 'PL411', 'PL427', 'PL426', 'PL424', 'PL417', 'PL416', 'PL414', 'PL428', 'PL616', 'PL636', 'PL623', 'PL622', 'PL621', 'PL638', 'PL228', 'AT341', 'RO116', 'RO315', 'RO221', 'RO216', 'RO215', 'RO214', 'RO213', 'RO212', 'RO211', 'RO415', 'RO414', 'RO413', 'RO411', 'PT11B', 'ITG19', 'ITG18', 'ITG17', 'ITG13', 'ITG12', 'ITG11', 'ITF65', 'ITF48', 'ITF46', 'ITF45', 'ITF35', 'ITF33', 'ITF31', 'ITF13', 'HU323', 'LV006', 'LT024', 'LT027', 'SK041', 'BG342', 'BG325', 'BG321', 'BG315', 'BG314', 'BG313', 'BG312', 'CZ041', 'BG311', 'BE342', 'ES425', 'EL645', 'FRY10', 'FRY20', 'FRY30', 'HR026', 'DEB13', 'EL512', 'EL422', 'EL522', 'EL524', 'EL541']","['Economic development', 'Regional development', 'Innovation', 'Digitalisation', 'Governance']","The policy focuses on fostering economic recovery and resilience through green and digital transformation, addressing innovation gaps, and supporting regions in adapting to demographic changes, ensuring fair and sustainable development across all regions.","Cohesion policy for 2021-2027 aims to drive economic recovery and resilience by leveraging green and digital transformations. It addresses short-term crisis responses and medium-term repairs, while focusing on long-term recovery. The policy emphasizes bridging innovation gaps and enhancing regional cooperation to ensure equitable development. It supports regions in managing demographic changes, particularly in rural and less developed areas, and aims to counteract pressures on democracy. Strategic use of EU funds is linked to reforms, with over €100 billion allocated to Poland. The policy also includes measures to combat the energy crisis and promote carbon neutrality. Intelligent Specializations (IS) play a strategic role in crisis response and regional transformation, promoting solutions and partnerships that align with regional needs. The policy encourages the development of new economic perspectives for lagging regions and fosters cross-border cooperation. It also highlights the importance of governance quality and stakeholder coordination in achieving policy goals. By 2050, the policy envisions regions achieving sustainable development through innovative and collaborative approaches, addressing global challenges effectively. The policy's success relies on monitoring, evaluation, and adaptive strategies to ensure its objectives are met efficiently and equitably across the EU.",['PL63'],https://gospodarka.pomorskie.eu/wp-content/uploads/2022/06/A.Krasicka_Uwarunkowania-polityki-spojnosci.pdf,Policy,Verified
"['PL518', 'PL515', 'PL418', 'PL613', 'PL617', 'PL637', 'PL634', 'PL619', 'PL618', 'PL22C', 'PL22B', 'PL227', 'PL225', 'PL224', 'PL219', 'PL218', 'PL217', 'PL214', 'RO314', 'RO312', 'RO226', 'RO225', 'RO224', 'RO223', 'RO222', 'RO317', 'SI036', 'SI031', 'RO422', 'RO412', 'PT119', 'PT112', 'PT111', 'PL926', 'PL925', 'PL922', 'PT16B', 'RO115', 'RO114', 'RO112', 'RO111', 'PT187', 'PT185', 'PT181', 'PT16I', 'PT16F', 'PT184', 'ITH31', 'ITG2G', 'ITG2D', 'ITG16', 'ITG15', 'ITG14', 'ITH35', 'ITI12', 'ITH36', 'ITF64', 'ITF63', 'ITF62', 'ITF61', 'ITF52', 'ITF51', 'ITF47', 'ITF43', 'ITF32', 'ITF22', 'ITF14', 'ITF12', 'ITF34', 'HU332', 'HU331', 'HU321', 'LV009', 'LV007', 'LV005', 'LV003', 'ITI35', 'ITI34', 'ITI33', 'ITI31', 'LT021', 'HU313', 'HU233', 'HU232', 'HU231', 'HU223', 'HU222', 'HU221', 'HU322', 'LT029', 'LT026', 'LT025', 'HU212', 'NO0A3', 'NO0A1', 'SK042', 'SK032', 'SK031', 'SK022', 'SK021', 'SE313', 'DE94G', 'DE939', 'BG344', 'BG343', 'BG334', 'BG333', 'BG332', 'BG331', 'BG324', 'BG323', 'BG322', 'BG422', 'CZ042', 'BG425', 'BG424', 'BG423', 'DE22C', 'EL653', 'FRM02', 'FRM01', 'HR063', 'HR061', 'HR037', 'HR036', 'HR035', 'HR034', 'HR033', 'HR032', 'HR031', 'HR028', 'HR027', 'HR025', 'HR024', 'HR023', 'HR022', 'HR021', 'FRY40', 'FRJ12', 'EL644', 'EL643', 'DEE0E', 'DEE0C', 'DEE08', 'EL515', 'EL514', 'EL513', 'EL511', 'EL432', 'EL431', 'EL521', 'EL523', 'EL641', 'EL633', 'EL632', 'EL631', 'EL624', 'EL623', 'EL622', 'EL621', 'EL613', 'EL612', 'EL533', 'EL532', 'EL531', 'EL526', 'EL525', 'EL611', 'EE00A', 'EE009', 'EE008', 'EE004', 'PL514', 'PL415', 'PL633', 'AT224', 'RO321', 'PL912', 'PT150', 'ITH10', 'ITI14', 'ITH59', 'ITH55', 'ITC31', 'ITC4C', 'ITI43', 'SI043', 'DE717', 'DE713', 'DE502', 'DE279', 'DE262', 'BE232', 'ES640', 'ES630', 'ES618', 'ES617', 'ES614', 'FRC24', 'ES612', 'ES521', 'ES424', 'FRL06', 'FRL05', 'FRL04', 'FRK24', 'FRK23', 'HR050', 'FRI12', 'FRJ13', 'DEC02', 'DEB18', 'EL413', 'EL412', 'EL411', 'PL432', 'PL524', 'PL523', 'PL516', 'PL431', 'PL411', 'PL427', 'PL426', 'PL424', 'PL417', 'PL416', 'PL414', 'PL428', 'PL616', 'PL636', 'PL623', 'PL622', 'PL621', 'PL638', 'PL228', 'AT341', 'RO116', 'RO315', 'RO221', 'RO216', 'RO215', 'RO214', 'RO213', 'RO212', 'RO211', 'RO415', 'RO414', 'RO413', 'RO411', 'PT11B', 'ITG19', 'ITG18', 'ITG17', 'ITG13', 'ITG12', 'ITG11', 'ITF65', 'ITF48', 'ITF46', 'ITF45', 'ITF35', 'ITF33', 'ITF31', 'ITF13', 'HU323', 'LV006', 'LT024', 'LT027', 'SK041', 'BG342', 'BG325', 'BG321', 'BG315', 'BG314', 'BG313', 'BG312', 'CZ041', 'BG311', 'BE342', 'ES425', 'EL645', 'FRY10', 'FRY20', 'FRY30', 'HR026', 'DEB13', 'EL512', 'EL422', 'EL522', 'EL524', 'EL541']","['Governance', 'Community engagement', 'Regional development', 'Social inclusion']","The document discusses the evolution of democratic governance and regional cooperation in Poland, emphasizing the importance of family and local community in fostering social cohesion and development. It highlights the role of international partnerships and European integration in enhancing regional growth and stability.","The document examines the transformation of Poland's democratic governance since 1989, focusing on the role of local governance and family policy in strengthening social structures. It highlights the significance of the 1989 elections as a turning point for democratic change and the subsequent development of local governance systems. The document underscores the importance of family as a core unit in local democracy, advocating for policies that support family welfare and community engagement. It also explores the impact of international cooperation, particularly within the Baltic Sea region and with European partners, on regional development. The integration into the European Union is presented as a crucial factor in Poland's socio-economic growth, providing frameworks for regional collaboration and policy alignment. The document calls for continued reflection on past achievements and challenges, urging policymakers to focus on sustainable development, social inclusion, and the strengthening of democratic institutions. By fostering international partnerships and prioritizing family and community in policy-making, the document aims to enhance regional stability and prosperity, ensuring that Poland remains an active and influential member of the European community.",['PL63'],https://pomorskie.eu/wp-content/uploads/2020/07/a6d8269a-4e80-438d-9d6a-49a7a5132efe-1.pdf,Programme,Community
"['PL518', 'PL515', 'PL418', 'PL613', 'PL617', 'PL637', 'PL634', 'PL619', 'PL618', 'PL22C', 'PL22B', 'PL227', 'PL225', 'PL224', 'PL219', 'PL218', 'PL217', 'PL214', 'RO314', 'RO312', 'RO226', 'RO225', 'RO224', 'RO223', 'RO222', 'RO317', 'SI036', 'SI031', 'RO422', 'RO412', 'PT119', 'PT112', 'PT111', 'PL926', 'PL925', 'PL922', 'PT16B', 'RO115', 'RO114', 'RO112', 'RO111', 'PT187', 'PT185', 'PT181', 'PT16I', 'PT16F', 'PT184', 'ITH31', 'ITG2G', 'ITG2D', 'ITG16', 'ITG15', 'ITG14', 'ITH35', 'ITI12', 'ITH36', 'ITF64', 'ITF63', 'ITF62', 'ITF61', 'ITF52', 'ITF51', 'ITF47', 'ITF43', 'ITF32', 'ITF22', 'ITF14', 'ITF12', 'ITF34', 'HU332', 'HU331', 'HU321', 'LV009', 'LV007', 'LV005', 'LV003', 'ITI35', 'ITI34', 'ITI33', 'ITI31', 'LT021', 'HU313', 'HU233', 'HU232', 'HU231', 'HU223', 'HU222', 'HU221', 'HU322', 'LT029', 'LT026', 'LT025', 'HU212', 'NO0A3', 'NO0A1', 'SK042', 'SK032', 'SK031', 'SK022', 'SK021', 'SE313', 'DE94G', 'DE939', 'BG344', 'BG343', 'BG334', 'BG333', 'BG332', 'BG331', 'BG324', 'BG323', 'BG322', 'BG422', 'CZ042', 'BG425', 'BG424', 'BG423', 'DE22C', 'EL653', 'FRM02', 'FRM01', 'HR063', 'HR061', 'HR037', 'HR036', 'HR035', 'HR034', 'HR033', 'HR032', 'HR031', 'HR028', 'HR027', 'HR025', 'HR024', 'HR023', 'HR022', 'HR021', 'FRY40', 'FRJ12', 'EL644', 'EL643', 'DEE0E', 'DEE0C', 'DEE08', 'EL515', 'EL514', 'EL513', 'EL511', 'EL432', 'EL431', 'EL521', 'EL523', 'EL641', 'EL633', 'EL632', 'EL631', 'EL624', 'EL623', 'EL622', 'EL621', 'EL613', 'EL612', 'EL533', 'EL532', 'EL531', 'EL526', 'EL525', 'EL611', 'EE00A', 'EE009', 'EE008', 'EE004', 'PL514', 'PL415', 'PL633', 'AT224', 'RO321', 'PL912', 'PT150', 'ITH10', 'ITI14', 'ITH59', 'ITH55', 'ITC31', 'ITC4C', 'ITI43', 'SI043', 'DE717', 'DE713', 'DE502', 'DE279', 'DE262', 'BE232', 'ES640', 'ES630', 'ES618', 'ES617', 'ES614', 'FRC24', 'ES612', 'ES521', 'ES424', 'FRL06', 'FRL05', 'FRL04', 'FRK24', 'FRK23', 'HR050', 'FRI12', 'FRJ13', 'DEC02', 'DEB18', 'EL413', 'EL412', 'EL411', 'PL432', 'PL524', 'PL523', 'PL516', 'PL431', 'PL411', 'PL427', 'PL426', 'PL424', 'PL417', 'PL416', 'PL414', 'PL428', 'PL616', 'PL636', 'PL623', 'PL622', 'PL621', 'PL638', 'PL228', 'AT341', 'RO116', 'RO315', 'RO221', 'RO216', 'RO215', 'RO214', 'RO213', 'RO212', 'RO211', 'RO415', 'RO414', 'RO413', 'RO411', 'PT11B', 'ITG19', 'ITG18', 'ITG17', 'ITG13', 'ITG12', 'ITG11', 'ITF65', 'ITF48', 'ITF46', 'ITF45', 'ITF35', 'ITF33', 'ITF31', 'ITF13', 'HU323', 'LV006', 'LT024', 'LT027', 'SK041', 'BG342', 'BG325', 'BG321', 'BG315', 'BG314', 'BG313', 'BG312', 'CZ041', 'BG311', 'BE342', 'ES425', 'EL645', 'FRY10', 'FRY20', 'FRY30', 'HR026', 'DEB13', 'EL512', 'EL422', 'EL522', 'EL524', 'EL541']","['Sustainability', 'Regional development', 'Cultural heritage', 'Environmental protection', 'Community engagement']","The policy focuses on integrating landscape protection into regional development through comprehensive audits. It aims to balance environmental, cultural, and economic interests, ensuring sustainable development and preserving valuable landscapes for future generations.","The policy mandates the integration of landscape protection into regional development strategies by conducting comprehensive landscape audits. These audits identify and evaluate landscapes, focusing on their natural, cultural, and historical significance. The goal is to establish a cohesive framework for managing and protecting landscapes, ensuring they contribute to sustainable development. The policy emphasizes the importance of public participation and collaboration with local authorities, scientific communities, and stakeholders. It seeks to harmonize existing legal frameworks for nature and cultural heritage protection, addressing gaps and overlaps. By identifying priority landscapes, the policy aims to guide regional planning and development, promoting economic opportunities while preserving environmental and cultural values. The expected outcomes include enhanced regional identity, increased public awareness of landscape values, and the creation of new economic opportunities through tourism and local branding. The policy also anticipates challenges such as balancing development pressures with conservation needs and ensuring effective implementation across diverse regions. Overall, the policy strives to create a sustainable balance between development and conservation, fostering a resilient and vibrant regional landscape that supports both current and future generations.",['PL63'],https://pomorskie.eu/wp-content/uploads/2020/07/b4260236-4cfa-4fe6-94f0-254d1981ecad-1.pdf,Programme,AI
"['PL518', 'PL515', 'PL418', 'PL613', 'PL617', 'PL637', 'PL634', 'PL619', 'PL618', 'PL22C', 'PL22B', 'PL227', 'PL225', 'PL224', 'PL219', 'PL218', 'PL217', 'PL214', 'RO314', 'RO312', 'RO226', 'RO225', 'RO224', 'RO223', 'RO222', 'RO317', 'SI036', 'SI031', 'RO422', 'RO412', 'PT119', 'PT112', 'PT111', 'PL926', 'PL925', 'PL922', 'PT16B', 'RO115', 'RO114', 'RO112', 'RO111', 'PT187', 'PT185', 'PT181', 'PT16I', 'PT16F', 'PT184', 'ITH31', 'ITG2G', 'ITG2D', 'ITG16', 'ITG15', 'ITG14', 'ITH35', 'ITI12', 'ITH36', 'ITF64', 'ITF63', 'ITF62', 'ITF61', 'ITF52', 'ITF51', 'ITF47', 'ITF43', 'ITF32', 'ITF22', 'ITF14', 'ITF12', 'ITF34', 'HU332', 'HU331', 'HU321', 'LV009', 'LV007', 'LV005', 'LV003', 'ITI35', 'ITI34', 'ITI33', 'ITI31', 'LT021', 'HU313', 'HU233', 'HU232', 'HU231', 'HU223', 'HU222', 'HU221', 'HU322', 'LT029', 'LT026', 'LT025', 'HU212', 'NO0A3', 'NO0A1', 'SK042', 'SK032', 'SK031', 'SK022', 'SK021', 'SE313', 'DE94G', 'DE939', 'BG344', 'BG343', 'BG334', 'BG333', 'BG332', 'BG331', 'BG324', 'BG323', 'BG322', 'BG422', 'CZ042', 'BG425', 'BG424', 'BG423', 'DE22C', 'EL653', 'FRM02', 'FRM01', 'HR063', 'HR061', 'HR037', 'HR036', 'HR035', 'HR034', 'HR033', 'HR032', 'HR031', 'HR028', 'HR027', 'HR025', 'HR024', 'HR023', 'HR022', 'HR021', 'FRY40', 'FRJ12', 'EL644', 'EL643', 'DEE0E', 'DEE0C', 'DEE08', 'EL515', 'EL514', 'EL513', 'EL511', 'EL432', 'EL431', 'EL521', 'EL523', 'EL641', 'EL633', 'EL632', 'EL631', 'EL624', 'EL623', 'EL622', 'EL621', 'EL613', 'EL612', 'EL533', 'EL532', 'EL531', 'EL526', 'EL525', 'EL611', 'EE00A', 'EE009', 'EE008', 'EE004', 'PL514', 'PL415', 'PL633', 'AT224', 'RO321', 'PL912', 'PT150', 'ITH10', 'ITI14', 'ITH59', 'ITH55', 'ITC31', 'ITC4C', 'ITI43', 'SI043', 'DE717', 'DE713', 'DE502', 'DE279', 'DE262', 'BE232', 'ES640', 'ES630', 'ES618', 'ES617', 'ES614', 'FRC24', 'ES612', 'ES521', 'ES424', 'FRL06', 'FRL05', 'FRL04', 'FRK24', 'FRK23', 'HR050', 'FRI12', 'FRJ13', 'DEC02', 'DEB18', 'EL413', 'EL412', 'EL411', 'PL432', 'PL524', 'PL523', 'PL516', 'PL431', 'PL411', 'PL427', 'PL426', 'PL424', 'PL417', 'PL416', 'PL414', 'PL428', 'PL616', 'PL636', 'PL623', 'PL622', 'PL621', 'PL638', 'PL228', 'AT341', 'RO116', 'RO315', 'RO221', 'RO216', 'RO215', 'RO214', 'RO213', 'RO212', 'RO211', 'RO415', 'RO414', 'RO413', 'RO411', 'PT11B', 'ITG19', 'ITG18', 'ITG17', 'ITG13', 'ITG12', 'ITG11', 'ITF65', 'ITF48', 'ITF46', 'ITF45', 'ITF35', 'ITF33', 'ITF31', 'ITF13', 'HU323', 'LV006', 'LT024', 'LT027', 'SK041', 'BG342', 'BG325', 'BG321', 'BG315', 'BG314', 'BG313', 'BG312', 'CZ041', 'BG311', 'BE342', 'ES425', 'EL645', 'FRY10', 'FRY20', 'FRY30', 'HR026', 'DEB13', 'EL512', 'EL422', 'EL522', 'EL524', 'EL541']","['Education', 'Innovation', 'Digitalisation', 'Social inclusion', 'Regional development']","The policy aims to enhance regional education systems to develop future competencies, addressing technological and societal changes. It focuses on integrating hard and soft skills to foster innovation and adaptability in the workforce.","In response to rapid technological advancements and societal challenges, the policy emphasizes the need for education systems to cultivate future competencies. It highlights the importance of both hard skills, such as technology proficiency and data analysis, and soft skills, including communication and teamwork. The policy identifies key areas for improvement, such as lifelong learning and digital literacy, to ensure individuals can adapt to evolving market demands. By fostering entrepreneurship and intercultural communication, the policy aims to build a resilient and innovative workforce. It also stresses the significance of ecological awareness and inclusivity in education to prepare regions for global integration. The policy outlines a framework for regional education systems to align with modern economic needs, promoting interdisciplinary approaches and continuous skill development. The intended outcome is a society capable of not only adapting to but also shaping future economic and social landscapes, thereby enhancing regional competitiveness and quality of life. The policy serves as a strategic guide for regions to transition from traditional educational models to those that support sustainable growth and innovation in a rapidly changing world.",['PL63'],https://gospodarka.pomorskie.eu/wp-content/uploads/2025/02/Barometr-Edukacyjno-Kompetencyjny-Pomorza-2024.pdf,Programme,Verified
"['PL518', 'PL515', 'PL418', 'PL613', 'PL617', 'PL637', 'PL634', 'PL619', 'PL618', 'PL22C', 'PL22B', 'PL227', 'PL225', 'PL224', 'PL219', 'PL218', 'PL217', 'PL214', 'RO314', 'RO312', 'RO226', 'RO225', 'RO224', 'RO223', 'RO222', 'RO317', 'SI036', 'SI031', 'RO422', 'RO412', 'PT119', 'PT112', 'PT111', 'PL926', 'PL925', 'PL922', 'PT16B', 'RO115', 'RO114', 'RO112', 'RO111', 'PT187', 'PT185', 'PT181', 'PT16I', 'PT16F', 'PT184', 'ITH31', 'ITG2G', 'ITG2D', 'ITG16', 'ITG15', 'ITG14', 'ITH35', 'ITI12', 'ITH36', 'ITF64', 'ITF63', 'ITF62', 'ITF61', 'ITF52', 'ITF51', 'ITF47', 'ITF43', 'ITF32', 'ITF22', 'ITF14', 'ITF12', 'ITF34', 'HU332', 'HU331', 'HU321', 'LV009', 'LV007', 'LV005', 'LV003', 'ITI35', 'ITI34', 'ITI33', 'ITI31', 'LT021', 'HU313', 'HU233', 'HU232', 'HU231', 'HU223', 'HU222', 'HU221', 'HU322', 'LT029', 'LT026', 'LT025', 'HU212', 'NO0A3', 'NO0A1', 'SK042', 'SK032', 'SK031', 'SK022', 'SK021', 'SE313', 'DE94G', 'DE939', 'BG344', 'BG343', 'BG334', 'BG333', 'BG332', 'BG331', 'BG324', 'BG323', 'BG322', 'BG422', 'CZ042', 'BG425', 'BG424', 'BG423', 'DE22C', 'EL653', 'FRM02', 'FRM01', 'HR063', 'HR061', 'HR037', 'HR036', 'HR035', 'HR034', 'HR033', 'HR032', 'HR031', 'HR028', 'HR027', 'HR025', 'HR024', 'HR023', 'HR022', 'HR021', 'FRY40', 'FRJ12', 'EL644', 'EL643', 'DEE0E', 'DEE0C', 'DEE08', 'EL515', 'EL514', 'EL513', 'EL511', 'EL432', 'EL431', 'EL521', 'EL523', 'EL641', 'EL633', 'EL632', 'EL631', 'EL624', 'EL623', 'EL622', 'EL621', 'EL613', 'EL612', 'EL533', 'EL532', 'EL531', 'EL526', 'EL525', 'EL611', 'EE00A', 'EE009', 'EE008', 'EE004', 'PL514', 'PL415', 'PL633', 'AT224', 'RO321', 'PL912', 'PT150', 'ITH10', 'ITI14', 'ITH59', 'ITH55', 'ITC31', 'ITC4C', 'ITI43', 'SI043', 'DE717', 'DE713', 'DE502', 'DE279', 'DE262', 'BE232', 'ES640', 'ES630', 'ES618', 'ES617', 'ES614', 'FRC24', 'ES612', 'ES521', 'ES424', 'FRL06', 'FRL05', 'FRL04', 'FRK24', 'FRK23', 'HR050', 'FRI12', 'FRJ13', 'DEC02', 'DEB18', 'EL413', 'EL412', 'EL411', 'PL432', 'PL524', 'PL523', 'PL516', 'PL431', 'PL411', 'PL427', 'PL426', 'PL424', 'PL417', 'PL416', 'PL414', 'PL428', 'PL616', 'PL636', 'PL623', 'PL622', 'PL621', 'PL638', 'PL228', 'AT341', 'RO116', 'RO315', 'RO221', 'RO216', 'RO215', 'RO214', 'RO213', 'RO212', 'RO211', 'RO415', 'RO414', 'RO413', 'RO411', 'PT11B', 'ITG19', 'ITG18', 'ITG17', 'ITG13', 'ITG12', 'ITG11', 'ITF65', 'ITF48', 'ITF46', 'ITF45', 'ITF35', 'ITF33', 'ITF31', 'ITF13', 'HU323', 'LV006', 'LT024', 'LT027', 'SK041', 'BG342', 'BG325', 'BG321', 'BG315', 'BG314', 'BG313', 'BG312', 'CZ041', 'BG311', 'BE342', 'ES425', 'EL645', 'FRY10', 'FRY20', 'FRY30', 'HR026', 'DEB13', 'EL512', 'EL422', 'EL522', 'EL524', 'EL541']","['Sustainability', 'Climate change', 'Infrastructure', 'Public health', 'Community engagement']","The policy promotes nature-based solutions to address urban challenges like climate change, aiming for sustainable development through integrated planning and green infrastructure to enhance urban resilience and quality of life.","Urban areas face challenges such as climate change, pollution, and social cohesion. The policy advocates for nature-based solutions (NBS) to tackle these issues, integrating them into urban planning and development strategies. By adopting a holistic approach, cities can enhance green infrastructure, improve air and water quality, and mitigate climate impacts. Strategic tools include regulations, financial incentives, and collaborative frameworks to support NBS implementation. The policy emphasizes cross-sectoral collaboration and public engagement to ensure effective planning and execution. Expected outcomes include reduced greenhouse gas emissions, improved urban resilience, and enhanced public health and well-being. The policy also highlights the importance of monitoring and evaluation to adapt strategies over time, ensuring long-term sustainability and effectiveness. By fostering partnerships between public, private, and civil sectors, the policy aims to create a cohesive urban environment that supports economic, social, and environmental goals, ultimately leading to a more sustainable and livable urban future.",['PL63'],https://gospodarka.pomorskie.eu/wp-content/uploads/2022/10/Blekitno-zielona-infrastruktura-dla-lagodzenia-zmian-klimatu.pdf,Programme,Community
"['PL518', 'PL515', 'PL418', 'PL613', 'PL617', 'PL637', 'PL634', 'PL619', 'PL618', 'PL22C', 'PL22B', 'PL227', 'PL225', 'PL224', 'PL219', 'PL218', 'PL217', 'PL214', 'RO314', 'RO312', 'RO226', 'RO225', 'RO224', 'RO223', 'RO222', 'RO317', 'SI036', 'SI031', 'RO422', 'RO412', 'PT119', 'PT112', 'PT111', 'PL926', 'PL925', 'PL922', 'PT16B', 'RO115', 'RO114', 'RO112', 'RO111', 'PT187', 'PT185', 'PT181', 'PT16I', 'PT16F', 'PT184', 'ITH31', 'ITG2G', 'ITG2D', 'ITG16', 'ITG15', 'ITG14', 'ITH35', 'ITI12', 'ITH36', 'ITF64', 'ITF63', 'ITF62', 'ITF61', 'ITF52', 'ITF51', 'ITF47', 'ITF43', 'ITF32', 'ITF22', 'ITF14', 'ITF12', 'ITF34', 'HU332', 'HU331', 'HU321', 'LV009', 'LV007', 'LV005', 'LV003', 'ITI35', 'ITI34', 'ITI33', 'ITI31', 'LT021', 'HU313', 'HU233', 'HU232', 'HU231', 'HU223', 'HU222', 'HU221', 'HU322', 'LT029', 'LT026', 'LT025', 'HU212', 'NO0A3', 'NO0A1', 'SK042', 'SK032', 'SK031', 'SK022', 'SK021', 'SE313', 'DE94G', 'DE939', 'BG344', 'BG343', 'BG334', 'BG333', 'BG332', 'BG331', 'BG324', 'BG323', 'BG322', 'BG422', 'CZ042', 'BG425', 'BG424', 'BG423', 'DE22C', 'EL653', 'FRM02', 'FRM01', 'HR063', 'HR061', 'HR037', 'HR036', 'HR035', 'HR034', 'HR033', 'HR032', 'HR031', 'HR028', 'HR027', 'HR025', 'HR024', 'HR023', 'HR022', 'HR021', 'FRY40', 'FRJ12', 'EL644', 'EL643', 'DEE0E', 'DEE0C', 'DEE08', 'EL515', 'EL514', 'EL513', 'EL511', 'EL432', 'EL431', 'EL521', 'EL523', 'EL641', 'EL633', 'EL632', 'EL631', 'EL624', 'EL623', 'EL622', 'EL621', 'EL613', 'EL612', 'EL533', 'EL532', 'EL531', 'EL526', 'EL525', 'EL611', 'EE00A', 'EE009', 'EE008', 'EE004', 'PL514', 'PL415', 'PL633', 'AT224', 'RO321', 'PL912', 'PT150', 'ITH10', 'ITI14', 'ITH59', 'ITH55', 'ITC31', 'ITC4C', 'ITI43', 'SI043', 'DE717', 'DE713', 'DE502', 'DE279', 'DE262', 'BE232', 'ES640', 'ES630', 'ES618', 'ES617', 'ES614', 'FRC24', 'ES612', 'ES521', 'ES424', 'FRL06', 'FRL05', 'FRL04', 'FRK24', 'FRK23', 'HR050', 'FRI12', 'FRJ13', 'DEC02', 'DEB18', 'EL413', 'EL412', 'EL411', 'PL432', 'PL524', 'PL523', 'PL516', 'PL431', 'PL411', 'PL427', 'PL426', 'PL424', 'PL417', 'PL416', 'PL414', 'PL428', 'PL616', 'PL636', 'PL623', 'PL622', 'PL621', 'PL638', 'PL228', 'AT341', 'RO116', 'RO315', 'RO221', 'RO216', 'RO215', 'RO214', 'RO213', 'RO212', 'RO211', 'RO415', 'RO414', 'RO413', 'RO411', 'PT11B', 'ITG19', 'ITG18', 'ITG17', 'ITG13', 'ITG12', 'ITG11', 'ITF65', 'ITF48', 'ITF46', 'ITF45', 'ITF35', 'ITF33', 'ITF31', 'ITF13', 'HU323', 'LV006', 'LT024', 'LT027', 'SK041', 'BG342', 'BG325', 'BG321', 'BG315', 'BG314', 'BG313', 'BG312', 'CZ041', 'BG311', 'BE342', 'ES425', 'EL645', 'FRY10', 'FRY20', 'FRY30', 'HR026', 'DEB13', 'EL512', 'EL422', 'EL522', 'EL524', 'EL541']","['Governance', 'Regional development', 'Economic development', 'Community engagement', 'Innovation']","The document discusses the regionalization reform in Poland, focusing on establishing regional self-governance to enhance local autonomy and improve public administration efficiency. It aims to decentralize power, enabling regions to manage their development and resources more effectively.","Regionalization reform in Poland aims to establish a model of regional self-governance within a unitary state framework. This involves creating regional governments with the authority to manage local development and public services, thereby decentralizing power from the central government. The reform addresses the need for efficient public administration and regional development by empowering local entities to make decisions tailored to their specific needs. It also seeks to balance national and regional interests, ensuring that regional policies align with national objectives while addressing local priorities. The reform is driven by the need to enhance administrative efficiency, promote economic growth, and improve the quality of life for residents by providing more responsive and accountable governance. The impact of this reform is expected to be significant, fostering regional competitiveness and innovation, reducing regional disparities, and strengthening the overall governance structure in Poland. Challenges include managing the dual authority of regional and central governments and ensuring adequate financial resources for regional administrations. The reform's success depends on effective collaboration between regional and national authorities and the active participation of local communities in governance processes.",['PL63'],https://pomorskie.eu/wp-content/uploads/2020/07/c5e22bba-8274-463b-8beb-116fc08f9ca5-1.pdf,Programme,AI
"['PL518', 'PL515', 'PL418', 'PL613', 'PL617', 'PL637', 'PL634', 'PL619', 'PL618', 'PL22C', 'PL22B', 'PL227', 'PL225', 'PL224', 'PL219', 'PL218', 'PL217', 'PL214', 'RO314', 'RO312', 'RO226', 'RO225', 'RO224', 'RO223', 'RO222', 'RO317', 'SI036', 'SI031', 'RO422', 'RO412', 'PT119', 'PT112', 'PT111', 'PL926', 'PL925', 'PL922', 'PT16B', 'RO115', 'RO114', 'RO112', 'RO111', 'PT187', 'PT185', 'PT181', 'PT16I', 'PT16F', 'PT184', 'ITH31', 'ITG2G', 'ITG2D', 'ITG16', 'ITG15', 'ITG14', 'ITH35', 'ITI12', 'ITH36', 'ITF64', 'ITF63', 'ITF62', 'ITF61', 'ITF52', 'ITF51', 'ITF47', 'ITF43', 'ITF32', 'ITF22', 'ITF14', 'ITF12', 'ITF34', 'HU332', 'HU331', 'HU321', 'LV009', 'LV007', 'LV005', 'LV003', 'ITI35', 'ITI34', 'ITI33', 'ITI31', 'LT021', 'HU313', 'HU233', 'HU232', 'HU231', 'HU223', 'HU222', 'HU221', 'HU322', 'LT029', 'LT026', 'LT025', 'HU212', 'NO0A3', 'NO0A1', 'SK042', 'SK032', 'SK031', 'SK022', 'SK021', 'SE313', 'DE94G', 'DE939', 'BG344', 'BG343', 'BG334', 'BG333', 'BG332', 'BG331', 'BG324', 'BG323', 'BG322', 'BG422', 'CZ042', 'BG425', 'BG424', 'BG423', 'DE22C', 'EL653', 'FRM02', 'FRM01', 'HR063', 'HR061', 'HR037', 'HR036', 'HR035', 'HR034', 'HR033', 'HR032', 'HR031', 'HR028', 'HR027', 'HR025', 'HR024', 'HR023', 'HR022', 'HR021', 'FRY40', 'FRJ12', 'EL644', 'EL643', 'DEE0E', 'DEE0C', 'DEE08', 'EL515', 'EL514', 'EL513', 'EL511', 'EL432', 'EL431', 'EL521', 'EL523', 'EL641', 'EL633', 'EL632', 'EL631', 'EL624', 'EL623', 'EL622', 'EL621', 'EL613', 'EL612', 'EL533', 'EL532', 'EL531', 'EL526', 'EL525', 'EL611', 'EE00A', 'EE009', 'EE008', 'EE004', 'PL514', 'PL415', 'PL633', 'AT224', 'RO321', 'PL912', 'PT150', 'ITH10', 'ITI14', 'ITH59', 'ITH55', 'ITC31', 'ITC4C', 'ITI43', 'SI043', 'DE717', 'DE713', 'DE502', 'DE279', 'DE262', 'BE232', 'ES640', 'ES630', 'ES618', 'ES617', 'ES614', 'FRC24', 'ES612', 'ES521', 'ES424', 'FRL06', 'FRL05', 'FRL04', 'FRK24', 'FRK23', 'HR050', 'FRI12', 'FRJ13', 'DEC02', 'DEB18', 'EL413', 'EL412', 'EL411', 'PL432', 'PL524', 'PL523', 'PL516', 'PL431', 'PL411', 'PL427', 'PL426', 'PL424', 'PL417', 'PL416', 'PL414', 'PL428', 'PL616', 'PL636', 'PL623', 'PL622', 'PL621', 'PL638', 'PL228', 'AT341', 'RO116', 'RO315', 'RO221', 'RO216', 'RO215', 'RO214', 'RO213', 'RO212', 'RO211', 'RO415', 'RO414', 'RO413', 'RO411', 'PT11B', 'ITG19', 'ITG18', 'ITG17', 'ITG13', 'ITG12', 'ITG11', 'ITF65', 'ITF48', 'ITF46', 'ITF45', 'ITF35', 'ITF33', 'ITF31', 'ITF13', 'HU323', 'LV006', 'LT024', 'LT027', 'SK041', 'BG342', 'BG325', 'BG321', 'BG315', 'BG314', 'BG313', 'BG312', 'CZ041', 'BG311', 'BE342', 'ES425', 'EL645', 'FRY10', 'FRY20', 'FRY30', 'HR026', 'DEB13', 'EL512', 'EL422', 'EL522', 'EL524', 'EL541']","['Economic development', 'Innovation', 'Governance', 'Social inclusion', 'Energy']","The policy document identifies global trends and challenges the EU may face by 2030, aiming to enhance strategic foresight and collaboration to address economic, technological, and geopolitical transformations.","Facing rapid global changes, the EU must adapt to five key trends by 2030: an aging and wealthier population, shifting economic power towards Asia, technological revolutions, resource competition, and unstable global governance. The EU's strategy involves fostering sustainable economic growth through innovation, completing the single market, and enhancing energy security. It also emphasizes social inclusion, addressing inequalities, and reinforcing democratic governance. Externally, the EU aims to strengthen its global role by stabilizing its neighborhood, enhancing multilateral frameworks, and building strategic partnerships, particularly with the US. The document stresses the importance of long-term strategic thinking and flexible, adaptive structures to manage complexity and uncertainty, ensuring the EU remains resilient and competitive in a multipolar world. The policy encourages leveraging Europe's cultural diversity, skilled workforce, and research capabilities to maintain its global standing and address internal and external challenges effectively.",['PL63'],https://strategia2030.pomorskie.eu/wp-content/uploads/2021/06/espas-report-2015pl.pdf,Policy,Verified
"['PL518', 'PL515', 'PL418', 'PL613', 'PL617', 'PL637', 'PL634', 'PL619', 'PL618', 'PL22C', 'PL22B', 'PL227', 'PL225', 'PL224', 'PL219', 'PL218', 'PL217', 'PL214', 'RO314', 'RO312', 'RO226', 'RO225', 'RO224', 'RO223', 'RO222', 'RO317', 'SI036', 'SI031', 'RO422', 'RO412', 'PT119', 'PT112', 'PT111', 'PL926', 'PL925', 'PL922', 'PT16B', 'RO115', 'RO114', 'RO112', 'RO111', 'PT187', 'PT185', 'PT181', 'PT16I', 'PT16F', 'PT184', 'ITH31', 'ITG2G', 'ITG2D', 'ITG16', 'ITG15', 'ITG14', 'ITH35', 'ITI12', 'ITH36', 'ITF64', 'ITF63', 'ITF62', 'ITF61', 'ITF52', 'ITF51', 'ITF47', 'ITF43', 'ITF32', 'ITF22', 'ITF14', 'ITF12', 'ITF34', 'HU332', 'HU331', 'HU321', 'LV009', 'LV007', 'LV005', 'LV003', 'ITI35', 'ITI34', 'ITI33', 'ITI31', 'LT021', 'HU313', 'HU233', 'HU232', 'HU231', 'HU223', 'HU222', 'HU221', 'HU322', 'LT029', 'LT026', 'LT025', 'HU212', 'NO0A3', 'NO0A1', 'SK042', 'SK032', 'SK031', 'SK022', 'SK021', 'SE313', 'DE94G', 'DE939', 'BG344', 'BG343', 'BG334', 'BG333', 'BG332', 'BG331', 'BG324', 'BG323', 'BG322', 'BG422', 'CZ042', 'BG425', 'BG424', 'BG423', 'DE22C', 'EL653', 'FRM02', 'FRM01', 'HR063', 'HR061', 'HR037', 'HR036', 'HR035', 'HR034', 'HR033', 'HR032', 'HR031', 'HR028', 'HR027', 'HR025', 'HR024', 'HR023', 'HR022', 'HR021', 'FRY40', 'FRJ12', 'EL644', 'EL643', 'DEE0E', 'DEE0C', 'DEE08', 'EL515', 'EL514', 'EL513', 'EL511', 'EL432', 'EL431', 'EL521', 'EL523', 'EL641', 'EL633', 'EL632', 'EL631', 'EL624', 'EL623', 'EL622', 'EL621', 'EL613', 'EL612', 'EL533', 'EL532', 'EL531', 'EL526', 'EL525', 'EL611', 'EE00A', 'EE009', 'EE008', 'EE004', 'PL514', 'PL415', 'PL633', 'AT224', 'RO321', 'PL912', 'PT150', 'ITH10', 'ITI14', 'ITH59', 'ITH55', 'ITC31', 'ITC4C', 'ITI43', 'SI043', 'DE717', 'DE713', 'DE502', 'DE279', 'DE262', 'BE232', 'ES640', 'ES630', 'ES618', 'ES617', 'ES614', 'FRC24', 'ES612', 'ES521', 'ES424', 'FRL06', 'FRL05', 'FRL04', 'FRK24', 'FRK23', 'HR050', 'FRI12', 'FRJ13', 'DEC02', 'DEB18', 'EL413', 'EL412', 'EL411', 'PL432', 'PL524', 'PL523', 'PL516', 'PL431', 'PL411', 'PL427', 'PL426', 'PL424', 'PL417', 'PL416', 'PL414', 'PL428', 'PL616', 'PL636', 'PL623', 'PL622', 'PL621', 'PL638', 'PL228', 'AT341', 'RO116', 'RO315', 'RO221', 'RO216', 'RO215', 'RO214', 'RO213', 'RO212', 'RO211', 'RO415', 'RO414', 'RO413', 'RO411', 'PT11B', 'ITG19', 'ITG18', 'ITG17', 'ITG13', 'ITG12', 'ITG11', 'ITF65', 'ITF48', 'ITF46', 'ITF45', 'ITF35', 'ITF33', 'ITF31', 'ITF13', 'HU323', 'LV006', 'LT024', 'LT027', 'SK041', 'BG342', 'BG325', 'BG321', 'BG315', 'BG314', 'BG313', 'BG312', 'CZ041', 'BG311', 'BE342', 'ES425', 'EL645', 'FRY10', 'FRY20', 'FRY30', 'HR026', 'DEB13', 'EL512', 'EL422', 'EL522', 'EL524', 'EL541']","['Sustainability', 'Climate change', 'Economic development', 'Governance', 'Environmental protection']","The European Green Deal aims to transform the EU into a climate-neutral economy by addressing climate change through sustainable practices and regional collaboration, enhancing economic, social, and cultural development.","The European Green Deal is a comprehensive strategy to transition the EU towards a climate-neutral economy, addressing climate change through sustainable practices. It emphasizes the importance of regional and local governance in implementing this transformation, leveraging the unique capabilities of local governments to integrate public policies with grassroots initiatives. The strategy seeks to reduce greenhouse gas emissions, promote renewable energy, and enhance resource efficiency. It also aims to foster economic growth, social cohesion, and cultural development by encouraging innovation and collaboration across sectors. The Green Deal includes financial mechanisms to support regions and industries in transition, ensuring a just and inclusive shift. By prioritizing ecological and climate issues, the EU intends to lead global efforts in sustainability, setting ambitious targets for carbon reduction and environmental protection. The initiative also addresses potential socio-political challenges, advocating for protective measures to support communities and industries most affected by the transition. The ultimate goal is to create a resilient, sustainable economy that benefits all EU citizens while contributing to global environmental goals.",['PL63'],https://solidarniwklimacie.pomorskie.eu/wp-content/uploads/2021/04/idee_dla_pomorza-3-2020.pdf,Programme,Community
"['PL518', 'PL515', 'PL418', 'PL613', 'PL617', 'PL637', 'PL634', 'PL619', 'PL618', 'PL22C', 'PL22B', 'PL227', 'PL225', 'PL224', 'PL219', 'PL218', 'PL217', 'PL214', 'RO314', 'RO312', 'RO226', 'RO225', 'RO224', 'RO223', 'RO222', 'RO317', 'SI036', 'SI031', 'RO422', 'RO412', 'PT119', 'PT112', 'PT111', 'PL926', 'PL925', 'PL922', 'PT16B', 'RO115', 'RO114', 'RO112', 'RO111', 'PT187', 'PT185', 'PT181', 'PT16I', 'PT16F', 'PT184', 'ITH31', 'ITG2G', 'ITG2D', 'ITG16', 'ITG15', 'ITG14', 'ITH35', 'ITI12', 'ITH36', 'ITF64', 'ITF63', 'ITF62', 'ITF61', 'ITF52', 'ITF51', 'ITF47', 'ITF43', 'ITF32', 'ITF22', 'ITF14', 'ITF12', 'ITF34', 'HU332', 'HU331', 'HU321', 'LV009', 'LV007', 'LV005', 'LV003', 'ITI35', 'ITI34', 'ITI33', 'ITI31', 'LT021', 'HU313', 'HU233', 'HU232', 'HU231', 'HU223', 'HU222', 'HU221', 'HU322', 'LT029', 'LT026', 'LT025', 'HU212', 'NO0A3', 'NO0A1', 'SK042', 'SK032', 'SK031', 'SK022', 'SK021', 'SE313', 'DE94G', 'DE939', 'BG344', 'BG343', 'BG334', 'BG333', 'BG332', 'BG331', 'BG324', 'BG323', 'BG322', 'BG422', 'CZ042', 'BG425', 'BG424', 'BG423', 'DE22C', 'EL653', 'FRM02', 'FRM01', 'HR063', 'HR061', 'HR037', 'HR036', 'HR035', 'HR034', 'HR033', 'HR032', 'HR031', 'HR028', 'HR027', 'HR025', 'HR024', 'HR023', 'HR022', 'HR021', 'FRY40', 'FRJ12', 'EL644', 'EL643', 'DEE0E', 'DEE0C', 'DEE08', 'EL515', 'EL514', 'EL513', 'EL511', 'EL432', 'EL431', 'EL521', 'EL523', 'EL641', 'EL633', 'EL632', 'EL631', 'EL624', 'EL623', 'EL622', 'EL621', 'EL613', 'EL612', 'EL533', 'EL532', 'EL531', 'EL526', 'EL525', 'EL611', 'EE00A', 'EE009', 'EE008', 'EE004', 'PL514', 'PL415', 'PL633', 'AT224', 'RO321', 'PL912', 'PT150', 'ITH10', 'ITI14', 'ITH59', 'ITH55', 'ITC31', 'ITC4C', 'ITI43', 'SI043', 'DE717', 'DE713', 'DE502', 'DE279', 'DE262', 'BE232', 'ES640', 'ES630', 'ES618', 'ES617', 'ES614', 'FRC24', 'ES612', 'ES521', 'ES424', 'FRL06', 'FRL05', 'FRL04', 'FRK24', 'FRK23', 'HR050', 'FRI12', 'FRJ13', 'DEC02', 'DEB18', 'EL413', 'EL412', 'EL411', 'PL432', 'PL524', 'PL523', 'PL516', 'PL431', 'PL411', 'PL427', 'PL426', 'PL424', 'PL417', 'PL416', 'PL414', 'PL428', 'PL616', 'PL636', 'PL623', 'PL622', 'PL621', 'PL638', 'PL228', 'AT341', 'RO116', 'RO315', 'RO221', 'RO216', 'RO215', 'RO214', 'RO213', 'RO212', 'RO211', 'RO415', 'RO414', 'RO413', 'RO411', 'PT11B', 'ITG19', 'ITG18', 'ITG17', 'ITG13', 'ITG12', 'ITG11', 'ITF65', 'ITF48', 'ITF46', 'ITF45', 'ITF35', 'ITF33', 'ITF31', 'ITF13', 'HU323', 'LV006', 'LT024', 'LT027', 'SK041', 'BG342', 'BG325', 'BG321', 'BG315', 'BG314', 'BG313', 'BG312', 'CZ041', 'BG311', 'BE342', 'ES425', 'EL645', 'FRY10', 'FRY20', 'FRY30', 'HR026', 'DEB13', 'EL512', 'EL422', 'EL522', 'EL524', 'EL541']","['Innovation', 'Sustainability', 'Social inclusion', 'Regional development', 'Digitalisation']","Interreg Europe 2021-2027 aims to enhance regional development policies through interregional cooperation, focusing on innovation, sustainability, and social inclusion to address disparities and foster cohesion across Europe.","Interreg Europe 2021-2027 addresses regional disparities by fostering interregional cooperation to enhance policy development in innovation, sustainability, and social inclusion. The program supports regions in sharing experiences and learning from each other to improve their policies, particularly through smart specialisation strategies. It aligns with EU strategic goals like the European Green Deal and the Digital Agenda, aiming for a climate-neutral, resilient, and inclusive Europe. The program encourages regions to develop tailored policies that meet specific local needs while contributing to broader EU objectives. By facilitating knowledge exchange and capacity building, Interreg Europe seeks to improve governance and policy implementation at regional levels. The program also emphasizes the importance of digital transformation and the circular economy as key drivers for sustainable growth. Through its projects and platforms, Interreg Europe aims to influence regional development policies, including those funded by European Structural and Investment Funds, to ensure a more cohesive and competitive Europe. The expected outcomes include enhanced regional innovation capacities, improved environmental sustainability, and increased social inclusion, ultimately contributing to a more balanced and integrated European territory.",['PL63'],https://programymiedzynarodowe.pomorskie.eu/wp-content/uploads/2022/07/Interreg-Europe_2021-2027_CP-version_final.pdf,Policy,AI
"['PL518', 'PL515', 'PL418', 'PL613', 'PL617', 'PL637', 'PL634', 'PL619', 'PL618', 'PL22C', 'PL22B', 'PL227', 'PL225', 'PL224', 'PL219', 'PL218', 'PL217', 'PL214', 'RO314', 'RO312', 'RO226', 'RO225', 'RO224', 'RO223', 'RO222', 'RO317', 'SI036', 'SI031', 'RO422', 'RO412', 'PT119', 'PT112', 'PT111', 'PL926', 'PL925', 'PL922', 'PT16B', 'RO115', 'RO114', 'RO112', 'RO111', 'PT187', 'PT185', 'PT181', 'PT16I', 'PT16F', 'PT184', 'ITH31', 'ITG2G', 'ITG2D', 'ITG16', 'ITG15', 'ITG14', 'ITH35', 'ITI12', 'ITH36', 'ITF64', 'ITF63', 'ITF62', 'ITF61', 'ITF52', 'ITF51', 'ITF47', 'ITF43', 'ITF32', 'ITF22', 'ITF14', 'ITF12', 'ITF34', 'HU332', 'HU331', 'HU321', 'LV009', 'LV007', 'LV005', 'LV003', 'ITI35', 'ITI34', 'ITI33', 'ITI31', 'LT021', 'HU313', 'HU233', 'HU232', 'HU231', 'HU223', 'HU222', 'HU221', 'HU322', 'LT029', 'LT026', 'LT025', 'HU212', 'NO0A3', 'NO0A1', 'SK042', 'SK032', 'SK031', 'SK022', 'SK021', 'SE313', 'DE94G', 'DE939', 'BG344', 'BG343', 'BG334', 'BG333', 'BG332', 'BG331', 'BG324', 'BG323', 'BG322', 'BG422', 'CZ042', 'BG425', 'BG424', 'BG423', 'DE22C', 'EL653', 'FRM02', 'FRM01', 'HR063', 'HR061', 'HR037', 'HR036', 'HR035', 'HR034', 'HR033', 'HR032', 'HR031', 'HR028', 'HR027', 'HR025', 'HR024', 'HR023', 'HR022', 'HR021', 'FRY40', 'FRJ12', 'EL644', 'EL643', 'DEE0E', 'DEE0C', 'DEE08', 'EL515', 'EL514', 'EL513', 'EL511', 'EL432', 'EL431', 'EL521', 'EL523', 'EL641', 'EL633', 'EL632', 'EL631', 'EL624', 'EL623', 'EL622', 'EL621', 'EL613', 'EL612', 'EL533', 'EL532', 'EL531', 'EL526', 'EL525', 'EL611', 'EE00A', 'EE009', 'EE008', 'EE004', 'PL514', 'PL415', 'PL633', 'AT224', 'RO321', 'PL912', 'PT150', 'ITH10', 'ITI14', 'ITH59', 'ITH55', 'ITC31', 'ITC4C', 'ITI43', 'SI043', 'DE717', 'DE713', 'DE502', 'DE279', 'DE262', 'BE232', 'ES640', 'ES630', 'ES618', 'ES617', 'ES614', 'FRC24', 'ES612', 'ES521', 'ES424', 'FRL06', 'FRL05', 'FRL04', 'FRK24', 'FRK23', 'HR050', 'FRI12', 'FRJ13', 'DEC02', 'DEB18', 'EL413', 'EL412', 'EL411', 'PL432', 'PL524', 'PL523', 'PL516', 'PL431', 'PL411', 'PL427', 'PL426', 'PL424', 'PL417', 'PL416', 'PL414', 'PL428', 'PL616', 'PL636', 'PL623', 'PL622', 'PL621', 'PL638', 'PL228', 'AT341', 'RO116', 'RO315', 'RO221', 'RO216', 'RO215', 'RO214', 'RO213', 'RO212', 'RO211', 'RO415', 'RO414', 'RO413', 'RO411', 'PT11B', 'ITG19', 'ITG18', 'ITG17', 'ITG13', 'ITG12', 'ITG11', 'ITF65', 'ITF48', 'ITF46', 'ITF45', 'ITF35', 'ITF33', 'ITF31', 'ITF13', 'HU323', 'LV006', 'LT024', 'LT027', 'SK041', 'BG342', 'BG325', 'BG321', 'BG315', 'BG314', 'BG313', 'BG312', 'CZ041', 'BG311', 'BE342', 'ES425', 'EL645', 'FRY10', 'FRY20', 'FRY30', 'HR026', 'DEB13', 'EL512', 'EL422', 'EL522', 'EL524', 'EL541']","['Sustainability', 'Economic development', 'Innovation', 'Energy', 'Regional development']","The Interreg VI-A South Baltic Programme aims to enhance cross-border cooperation for sustainable development and innovation, focusing on blue and green economy sectors to drive regional growth and address socio-economic disparities.","The Interreg VI-A South Baltic Programme focuses on enhancing cross-border cooperation among Denmark, Germany, Lithuania, Poland, and Sweden to promote sustainable development and innovation. It targets the blue and green economy sectors, leveraging the region's maritime and natural resources to drive economic growth. The programme addresses socio-economic disparities by fostering collaboration among small enterprises, enhancing the competitiveness of SMEs, and promoting sustainable tourism. It also aims to improve renewable energy production and infrastructure, addressing environmental challenges like climate change and pollution. By supporting innovation and digitalization, the programme seeks to bridge the urban-rural divide and enhance technological advancement. The initiative encourages cooperation among educational institutions to strengthen the regional labor market and counteract demographic challenges. The programme's actions are designed to create a more integrated and resilient South Baltic Area, enhancing the quality of life for its inhabitants and ensuring long-term economic and environmental sustainability. Through strategic investments and partnerships, the programme aims to build a cohesive regional identity and foster a culture of trust and collaboration across borders, ultimately contributing to the European Union's broader cohesion policy goals.",['PL63'],https://programymiedzynarodowe.pomorskie.eu/wp-content/uploads/2024/02/ISBPProgramme-2021-2027_EC.pdf,Policy,Verified
"['PL518', 'PL515', 'PL418', 'PL613', 'PL617', 'PL637', 'PL634', 'PL619', 'PL618', 'PL22C', 'PL22B', 'PL227', 'PL225', 'PL224', 'PL219', 'PL218', 'PL217', 'PL214', 'RO314', 'RO312', 'RO226', 'RO225', 'RO224', 'RO223', 'RO222', 'RO317', 'SI036', 'SI031', 'RO422', 'RO412', 'PT119', 'PT112', 'PT111', 'PL926', 'PL925', 'PL922', 'PT16B', 'RO115', 'RO114', 'RO112', 'RO111', 'PT187', 'PT185', 'PT181', 'PT16I', 'PT16F', 'PT184', 'ITH31', 'ITG2G', 'ITG2D', 'ITG16', 'ITG15', 'ITG14', 'ITH35', 'ITI12', 'ITH36', 'ITF64', 'ITF63', 'ITF62', 'ITF61', 'ITF52', 'ITF51', 'ITF47', 'ITF43', 'ITF32', 'ITF22', 'ITF14', 'ITF12', 'ITF34', 'HU332', 'HU331', 'HU321', 'LV009', 'LV007', 'LV005', 'LV003', 'ITI35', 'ITI34', 'ITI33', 'ITI31', 'LT021', 'HU313', 'HU233', 'HU232', 'HU231', 'HU223', 'HU222', 'HU221', 'HU322', 'LT029', 'LT026', 'LT025', 'HU212', 'NO0A3', 'NO0A1', 'SK042', 'SK032', 'SK031', 'SK022', 'SK021', 'SE313', 'DE94G', 'DE939', 'BG344', 'BG343', 'BG334', 'BG333', 'BG332', 'BG331', 'BG324', 'BG323', 'BG322', 'BG422', 'CZ042', 'BG425', 'BG424', 'BG423', 'DE22C', 'EL653', 'FRM02', 'FRM01', 'HR063', 'HR061', 'HR037', 'HR036', 'HR035', 'HR034', 'HR033', 'HR032', 'HR031', 'HR028', 'HR027', 'HR025', 'HR024', 'HR023', 'HR022', 'HR021', 'FRY40', 'FRJ12', 'EL644', 'EL643', 'DEE0E', 'DEE0C', 'DEE08', 'EL515', 'EL514', 'EL513', 'EL511', 'EL432', 'EL431', 'EL521', 'EL523', 'EL641', 'EL633', 'EL632', 'EL631', 'EL624', 'EL623', 'EL622', 'EL621', 'EL613', 'EL612', 'EL533', 'EL532', 'EL531', 'EL526', 'EL525', 'EL611', 'EE00A', 'EE009', 'EE008', 'EE004', 'PL514', 'PL415', 'PL633', 'AT224', 'RO321', 'PL912', 'PT150', 'ITH10', 'ITI14', 'ITH59', 'ITH55', 'ITC31', 'ITC4C', 'ITI43', 'SI043', 'DE717', 'DE713', 'DE502', 'DE279', 'DE262', 'BE232', 'ES640', 'ES630', 'ES618', 'ES617', 'ES614', 'FRC24', 'ES612', 'ES521', 'ES424', 'FRL06', 'FRL05', 'FRL04', 'FRK24', 'FRK23', 'HR050', 'FRI12', 'FRJ13', 'DEC02', 'DEB18', 'EL413', 'EL412', 'EL411', 'PL432', 'PL524', 'PL523', 'PL516', 'PL431', 'PL411', 'PL427', 'PL426', 'PL424', 'PL417', 'PL416', 'PL414', 'PL428', 'PL616', 'PL636', 'PL623', 'PL622', 'PL621', 'PL638', 'PL228', 'AT341', 'RO116', 'RO315', 'RO221', 'RO216', 'RO215', 'RO214', 'RO213', 'RO212', 'RO211', 'RO415', 'RO414', 'RO413', 'RO411', 'PT11B', 'ITG19', 'ITG18', 'ITG17', 'ITG13', 'ITG12', 'ITG11', 'ITF65', 'ITF48', 'ITF46', 'ITF45', 'ITF35', 'ITF33', 'ITF31', 'ITF13', 'HU323', 'LV006', 'LT024', 'LT027', 'SK041', 'BG342', 'BG325', 'BG321', 'BG315', 'BG314', 'BG313', 'BG312', 'CZ041', 'BG311', 'BE342', 'ES425', 'EL645', 'FRY10', 'FRY20', 'FRY30', 'HR026', 'DEB13', 'EL512', 'EL422', 'EL522', 'EL524', 'EL541']","['Governance', 'Economic development', 'Infrastructure', 'Social inclusion']","The document discusses the importance of the upcoming European Parliament elections in safeguarding the European Union against populist and nationalist threats, emphasizing the need for voter mobilization to maintain unity and stability.","The document highlights the critical nature of the upcoming European Parliament elections, emphasizing their role in determining the future of the European Union. It identifies populism and nationalism as significant threats that could lead to the disintegration of the EU, with Poland being particularly vulnerable to such outcomes. The text underscores the necessity for European citizens to vote, thereby supporting pro-European values and countering anti-EU sentiments. It discusses the positions of various Polish political parties, noting that while most support EU membership, there are differing views on the EU's structure and Poland's role within it. The document also reflects on the economic and social benefits Poland has gained from EU membership, such as improved infrastructure and increased security, and warns against the risks of aligning with anti-European forces. Additionally, it addresses external threats, particularly from Russia, which is accused of attempting to influence the elections to support eurosceptic parties. The document calls for a collective effort to protect the EU's foundational values and ensure continued economic and social progress across member states.",['PL63'],https://pomorskie.eu/wp-content/uploads/2020/05/Magazyn-Pomorskie_1_2019.pdf,Programme,Community
"['PL518', 'PL515', 'PL418', 'PL613', 'PL617', 'PL637', 'PL634', 'PL619', 'PL618', 'PL22C', 'PL22B', 'PL227', 'PL225', 'PL224', 'PL219', 'PL218', 'PL217', 'PL214', 'RO314', 'RO312', 'RO226', 'RO225', 'RO224', 'RO223', 'RO222', 'RO317', 'SI036', 'SI031', 'RO422', 'RO412', 'PT119', 'PT112', 'PT111', 'PL926', 'PL925', 'PL922', 'PT16B', 'RO115', 'RO114', 'RO112', 'RO111', 'PT187', 'PT185', 'PT181', 'PT16I', 'PT16F', 'PT184', 'ITH31', 'ITG2G', 'ITG2D', 'ITG16', 'ITG15', 'ITG14', 'ITH35', 'ITI12', 'ITH36', 'ITF64', 'ITF63', 'ITF62', 'ITF61', 'ITF52', 'ITF51', 'ITF47', 'ITF43', 'ITF32', 'ITF22', 'ITF14', 'ITF12', 'ITF34', 'HU332', 'HU331', 'HU321', 'LV009', 'LV007', 'LV005', 'LV003', 'ITI35', 'ITI34', 'ITI33', 'ITI31', 'LT021', 'HU313', 'HU233', 'HU232', 'HU231', 'HU223', 'HU222', 'HU221', 'HU322', 'LT029', 'LT026', 'LT025', 'HU212', 'NO0A3', 'NO0A1', 'SK042', 'SK032', 'SK031', 'SK022', 'SK021', 'SE313', 'DE94G', 'DE939', 'BG344', 'BG343', 'BG334', 'BG333', 'BG332', 'BG331', 'BG324', 'BG323', 'BG322', 'BG422', 'CZ042', 'BG425', 'BG424', 'BG423', 'DE22C', 'EL653', 'FRM02', 'FRM01', 'HR063', 'HR061', 'HR037', 'HR036', 'HR035', 'HR034', 'HR033', 'HR032', 'HR031', 'HR028', 'HR027', 'HR025', 'HR024', 'HR023', 'HR022', 'HR021', 'FRY40', 'FRJ12', 'EL644', 'EL643', 'DEE0E', 'DEE0C', 'DEE08', 'EL515', 'EL514', 'EL513', 'EL511', 'EL432', 'EL431', 'EL521', 'EL523', 'EL641', 'EL633', 'EL632', 'EL631', 'EL624', 'EL623', 'EL622', 'EL621', 'EL613', 'EL612', 'EL533', 'EL532', 'EL531', 'EL526', 'EL525', 'EL611', 'EE00A', 'EE009', 'EE008', 'EE004', 'PL514', 'PL415', 'PL633', 'AT224', 'RO321', 'PL912', 'PT150', 'ITH10', 'ITI14', 'ITH59', 'ITH55', 'ITC31', 'ITC4C', 'ITI43', 'SI043', 'DE717', 'DE713', 'DE502', 'DE279', 'DE262', 'BE232', 'ES640', 'ES630', 'ES618', 'ES617', 'ES614', 'FRC24', 'ES612', 'ES521', 'ES424', 'FRL06', 'FRL05', 'FRL04', 'FRK24', 'FRK23', 'HR050', 'FRI12', 'FRJ13', 'DEC02', 'DEB18', 'EL413', 'EL412', 'EL411', 'PL432', 'PL524', 'PL523', 'PL516', 'PL431', 'PL411', 'PL427', 'PL426', 'PL424', 'PL417', 'PL416', 'PL414', 'PL428', 'PL616', 'PL636', 'PL623', 'PL622', 'PL621', 'PL638', 'PL228', 'AT341', 'RO116', 'RO315', 'RO221', 'RO216', 'RO215', 'RO214', 'RO213', 'RO212', 'RO211', 'RO415', 'RO414', 'RO413', 'RO411', 'PT11B', 'ITG19', 'ITG18', 'ITG17', 'ITG13', 'ITG12', 'ITG11', 'ITF65', 'ITF48', 'ITF46', 'ITF45', 'ITF35', 'ITF33', 'ITF31', 'ITF13', 'HU323', 'LV006', 'LT024', 'LT027', 'SK041', 'BG342', 'BG325', 'BG321', 'BG315', 'BG314', 'BG313', 'BG312', 'CZ041', 'BG311', 'BE342', 'ES425', 'EL645', 'FRY10', 'FRY20', 'FRY30', 'HR026', 'DEB13', 'EL512', 'EL422', 'EL522', 'EL524', 'EL541']","['Economic development', 'Energy', 'Public health', 'Transportation', 'Governance']","The policy addresses rising energy costs impacting households and public services, urging budget adjustments and potential service cuts to manage financial strain on local governments, aiming to maintain essential services amidst economic challenges.","Rising energy prices are significantly affecting both households and public services, leading to increased operational costs for local governments. This economic pressure necessitates budget adjustments, including potential cuts in public investments and services. The policy highlights the need for local governments to find ways to fill budget gaps created by these rising costs, which are not offset by national funding. The impact is widespread, affecting transportation, healthcare, and education sectors, with potential consequences such as increased public service fees, longer wait times for medical services, and possible closures of hospital departments. Additionally, the policy notes the strain on local governments due to national tax cuts and increased labor costs, which further reduce their revenue. The document emphasizes the critical need for strategic financial planning and potential borrowing to sustain essential services. It also calls for a reevaluation of waste management policies due to regulatory changes leading to higher costs for residents. The overarching goal is to ensure that local governments can continue to provide necessary services while managing the economic challenges posed by these external financial pressures.",['PL63'],https://pomorskie.eu/wp-content/uploads/2020/05/Magazyn-Pomorskie-grudzień-2019.pdf,Programme,AI
"['PL518', 'PL515', 'PL418', 'PL613', 'PL617', 'PL637', 'PL634', 'PL619', 'PL618', 'PL22C', 'PL22B', 'PL227', 'PL225', 'PL224', 'PL219', 'PL218', 'PL217', 'PL214', 'RO314', 'RO312', 'RO226', 'RO225', 'RO224', 'RO223', 'RO222', 'RO317', 'SI036', 'SI031', 'RO422', 'RO412', 'PT119', 'PT112', 'PT111', 'PL926', 'PL925', 'PL922', 'PT16B', 'RO115', 'RO114', 'RO112', 'RO111', 'PT187', 'PT185', 'PT181', 'PT16I', 'PT16F', 'PT184', 'ITH31', 'ITG2G', 'ITG2D', 'ITG16', 'ITG15', 'ITG14', 'ITH35', 'ITI12', 'ITH36', 'ITF64', 'ITF63', 'ITF62', 'ITF61', 'ITF52', 'ITF51', 'ITF47', 'ITF43', 'ITF32', 'ITF22', 'ITF14', 'ITF12', 'ITF34', 'HU332', 'HU331', 'HU321', 'LV009', 'LV007', 'LV005', 'LV003', 'ITI35', 'ITI34', 'ITI33', 'ITI31', 'LT021', 'HU313', 'HU233', 'HU232', 'HU231', 'HU223', 'HU222', 'HU221', 'HU322', 'LT029', 'LT026', 'LT025', 'HU212', 'NO0A3', 'NO0A1', 'SK042', 'SK032', 'SK031', 'SK022', 'SK021', 'SE313', 'DE94G', 'DE939', 'BG344', 'BG343', 'BG334', 'BG333', 'BG332', 'BG331', 'BG324', 'BG323', 'BG322', 'BG422', 'CZ042', 'BG425', 'BG424', 'BG423', 'DE22C', 'EL653', 'FRM02', 'FRM01', 'HR063', 'HR061', 'HR037', 'HR036', 'HR035', 'HR034', 'HR033', 'HR032', 'HR031', 'HR028', 'HR027', 'HR025', 'HR024', 'HR023', 'HR022', 'HR021', 'FRY40', 'FRJ12', 'EL644', 'EL643', 'DEE0E', 'DEE0C', 'DEE08', 'EL515', 'EL514', 'EL513', 'EL511', 'EL432', 'EL431', 'EL521', 'EL523', 'EL641', 'EL633', 'EL632', 'EL631', 'EL624', 'EL623', 'EL622', 'EL621', 'EL613', 'EL612', 'EL533', 'EL532', 'EL531', 'EL526', 'EL525', 'EL611', 'EE00A', 'EE009', 'EE008', 'EE004', 'PL514', 'PL415', 'PL633', 'AT224', 'RO321', 'PL912', 'PT150', 'ITH10', 'ITI14', 'ITH59', 'ITH55', 'ITC31', 'ITC4C', 'ITI43', 'SI043', 'DE717', 'DE713', 'DE502', 'DE279', 'DE262', 'BE232', 'ES640', 'ES630', 'ES618', 'ES617', 'ES614', 'FRC24', 'ES612', 'ES521', 'ES424', 'FRL06', 'FRL05', 'FRL04', 'FRK24', 'FRK23', 'HR050', 'FRI12', 'FRJ13', 'DEC02', 'DEB18', 'EL413', 'EL412', 'EL411', 'PL432', 'PL524', 'PL523', 'PL516', 'PL431', 'PL411', 'PL427', 'PL426', 'PL424', 'PL417', 'PL416', 'PL414', 'PL428', 'PL616', 'PL636', 'PL623', 'PL622', 'PL621', 'PL638', 'PL228', 'AT341', 'RO116', 'RO315', 'RO221', 'RO216', 'RO215', 'RO214', 'RO213', 'RO212', 'RO211', 'RO415', 'RO414', 'RO413', 'RO411', 'PT11B', 'ITG19', 'ITG18', 'ITG17', 'ITG13', 'ITG12', 'ITG11', 'ITF65', 'ITF48', 'ITF46', 'ITF45', 'ITF35', 'ITF33', 'ITF31', 'ITF13', 'HU323', 'LV006', 'LT024', 'LT027', 'SK041', 'BG342', 'BG325', 'BG321', 'BG315', 'BG314', 'BG313', 'BG312', 'CZ041', 'BG311', 'BE342', 'ES425', 'EL645', 'FRY10', 'FRY20', 'FRY30', 'HR026', 'DEB13', 'EL512', 'EL422', 'EL522', 'EL524', 'EL541']","['Economic development', 'Community engagement', 'Governance', 'Regional development', 'Cultural heritage']","The policy emphasizes the strategic cultural and economic development of the Pomeranian region, highlighting the importance of regional governance and community engagement to ensure sustainable growth and integration within the broader national framework.","The document focuses on the strategic development of the Pomeranian region, emphasizing the importance of cultural and economic growth as key drivers for regional prosperity. It highlights the historical context of Pomerania's integration into Poland, underscoring the role of cultural and mental codes in fostering community cohesion and economic transactions. The policy advocates for strong regional governance, drawing on historical precedents of self-governance to resist centralization and maintain local autonomy. It outlines the need for community engagement, leveraging the diverse backgrounds of residents to build a unified regional identity. The document also discusses the economic potential of the region, aiming to enhance its contribution to the national economy through strategic investments and infrastructure development. By fostering a sense of dignity, rule of law, and democratic relations, the policy seeks to create a resilient and prosperous community that can effectively participate in global trade and cultural exchanges. The ultimate goal is to ensure that Pomerania remains a vibrant and integral part of Poland, contributing to the nation's overall development and stability.",['PL63'],https://pomorskie.eu/wp-content/uploads/2020/05/Magazyn-Pomorskie-luty-2020.pdf,Programme,Verified
"['PL518', 'PL515', 'PL418', 'PL613', 'PL617', 'PL637', 'PL634', 'PL619', 'PL618', 'PL22C', 'PL22B', 'PL227', 'PL225', 'PL224', 'PL219', 'PL218', 'PL217', 'PL214', 'RO314', 'RO312', 'RO226', 'RO225', 'RO224', 'RO223', 'RO222', 'RO317', 'SI036', 'SI031', 'RO422', 'RO412', 'PT119', 'PT112', 'PT111', 'PL926', 'PL925', 'PL922', 'PT16B', 'RO115', 'RO114', 'RO112', 'RO111', 'PT187', 'PT185', 'PT181', 'PT16I', 'PT16F', 'PT184', 'ITH31', 'ITG2G', 'ITG2D', 'ITG16', 'ITG15', 'ITG14', 'ITH35', 'ITI12', 'ITH36', 'ITF64', 'ITF63', 'ITF62', 'ITF61', 'ITF52', 'ITF51', 'ITF47', 'ITF43', 'ITF32', 'ITF22', 'ITF14', 'ITF12', 'ITF34', 'HU332', 'HU331', 'HU321', 'LV009', 'LV007', 'LV005', 'LV003', 'ITI35', 'ITI34', 'ITI33', 'ITI31', 'LT021', 'HU313', 'HU233', 'HU232', 'HU231', 'HU223', 'HU222', 'HU221', 'HU322', 'LT029', 'LT026', 'LT025', 'HU212', 'NO0A3', 'NO0A1', 'SK042', 'SK032', 'SK031', 'SK022', 'SK021', 'SE313', 'DE94G', 'DE939', 'BG344', 'BG343', 'BG334', 'BG333', 'BG332', 'BG331', 'BG324', 'BG323', 'BG322', 'BG422', 'CZ042', 'BG425', 'BG424', 'BG423', 'DE22C', 'EL653', 'FRM02', 'FRM01', 'HR063', 'HR061', 'HR037', 'HR036', 'HR035', 'HR034', 'HR033', 'HR032', 'HR031', 'HR028', 'HR027', 'HR025', 'HR024', 'HR023', 'HR022', 'HR021', 'FRY40', 'FRJ12', 'EL644', 'EL643', 'DEE0E', 'DEE0C', 'DEE08', 'EL515', 'EL514', 'EL513', 'EL511', 'EL432', 'EL431', 'EL521', 'EL523', 'EL641', 'EL633', 'EL632', 'EL631', 'EL624', 'EL623', 'EL622', 'EL621', 'EL613', 'EL612', 'EL533', 'EL532', 'EL531', 'EL526', 'EL525', 'EL611', 'EE00A', 'EE009', 'EE008', 'EE004', 'PL514', 'PL415', 'PL633', 'AT224', 'RO321', 'PL912', 'PT150', 'ITH10', 'ITI14', 'ITH59', 'ITH55', 'ITC31', 'ITC4C', 'ITI43', 'SI043', 'DE717', 'DE713', 'DE502', 'DE279', 'DE262', 'BE232', 'ES640', 'ES630', 'ES618', 'ES617', 'ES614', 'FRC24', 'ES612', 'ES521', 'ES424', 'FRL06', 'FRL05', 'FRL04', 'FRK24', 'FRK23', 'HR050', 'FRI12', 'FRJ13', 'DEC02', 'DEB18', 'EL413', 'EL412', 'EL411', 'PL432', 'PL524', 'PL523', 'PL516', 'PL431', 'PL411', 'PL427', 'PL426', 'PL424', 'PL417', 'PL416', 'PL414', 'PL428', 'PL616', 'PL636', 'PL623', 'PL622', 'PL621', 'PL638', 'PL228', 'AT341', 'RO116', 'RO315', 'RO221', 'RO216', 'RO215', 'RO214', 'RO213', 'RO212', 'RO211', 'RO415', 'RO414', 'RO413', 'RO411', 'PT11B', 'ITG19', 'ITG18', 'ITG17', 'ITG13', 'ITG12', 'ITG11', 'ITF65', 'ITF48', 'ITF46', 'ITF45', 'ITF35', 'ITF33', 'ITF31', 'ITF13', 'HU323', 'LV006', 'LT024', 'LT027', 'SK041', 'BG342', 'BG325', 'BG321', 'BG315', 'BG314', 'BG313', 'BG312', 'CZ041', 'BG311', 'BE342', 'ES425', 'EL645', 'FRY10', 'FRY20', 'FRY30', 'HR026', 'DEB13', 'EL512', 'EL422', 'EL522', 'EL524', 'EL541']","['Community engagement', 'Infrastructure', 'Public health']","The policy aims to enhance firefighting capabilities by allocating funds for new equipment, supporting volunteer firefighters, and improving safety measures. This initiative seeks to ensure rapid and effective emergency response, safeguarding communities and reducing risks associated with fires and other emergencies.","The policy focuses on strengthening firefighting services by providing financial support for the acquisition of new equipment, including motor pumps, generators, and rescue tools. It targets volunteer firefighting units, which play a crucial role in emergency response, especially in local and rural areas. By investing in modern equipment, the policy aims to improve the efficiency and effectiveness of these units, ensuring they can respond swiftly to incidents. Additionally, the policy includes special grants for units demonstrating exceptional initiatives in public safety and fire prevention, recognizing their contributions with awards and further financial support. The overarching goal is to enhance community safety, reduce the impact of fires and emergencies, and support the dedicated volunteers who are often the first responders. This initiative is part of a broader strategy to integrate local firefighting efforts into the national rescue and firefighting system, ensuring a coordinated and comprehensive approach to emergency management. The expected outcome is a more resilient and prepared firefighting force, capable of protecting lives and property more effectively.",['PL63'],https://pomorskie.eu/wp-content/uploads/2020/05/Magazyn-Pomorskie-nr-3-2018.pdf,Programme,Community
"['PL518', 'PL515', 'PL418', 'PL613', 'PL617', 'PL637', 'PL634', 'PL619', 'PL618', 'PL22C', 'PL22B', 'PL227', 'PL225', 'PL224', 'PL219', 'PL218', 'PL217', 'PL214', 'RO314', 'RO312', 'RO226', 'RO225', 'RO224', 'RO223', 'RO222', 'RO317', 'SI036', 'SI031', 'RO422', 'RO412', 'PT119', 'PT112', 'PT111', 'PL926', 'PL925', 'PL922', 'PT16B', 'RO115', 'RO114', 'RO112', 'RO111', 'PT187', 'PT185', 'PT181', 'PT16I', 'PT16F', 'PT184', 'ITH31', 'ITG2G', 'ITG2D', 'ITG16', 'ITG15', 'ITG14', 'ITH35', 'ITI12', 'ITH36', 'ITF64', 'ITF63', 'ITF62', 'ITF61', 'ITF52', 'ITF51', 'ITF47', 'ITF43', 'ITF32', 'ITF22', 'ITF14', 'ITF12', 'ITF34', 'HU332', 'HU331', 'HU321', 'LV009', 'LV007', 'LV005', 'LV003', 'ITI35', 'ITI34', 'ITI33', 'ITI31', 'LT021', 'HU313', 'HU233', 'HU232', 'HU231', 'HU223', 'HU222', 'HU221', 'HU322', 'LT029', 'LT026', 'LT025', 'HU212', 'NO0A3', 'NO0A1', 'SK042', 'SK032', 'SK031', 'SK022', 'SK021', 'SE313', 'DE94G', 'DE939', 'BG344', 'BG343', 'BG334', 'BG333', 'BG332', 'BG331', 'BG324', 'BG323', 'BG322', 'BG422', 'CZ042', 'BG425', 'BG424', 'BG423', 'DE22C', 'EL653', 'FRM02', 'FRM01', 'HR063', 'HR061', 'HR037', 'HR036', 'HR035', 'HR034', 'HR033', 'HR032', 'HR031', 'HR028', 'HR027', 'HR025', 'HR024', 'HR023', 'HR022', 'HR021', 'FRY40', 'FRJ12', 'EL644', 'EL643', 'DEE0E', 'DEE0C', 'DEE08', 'EL515', 'EL514', 'EL513', 'EL511', 'EL432', 'EL431', 'EL521', 'EL523', 'EL641', 'EL633', 'EL632', 'EL631', 'EL624', 'EL623', 'EL622', 'EL621', 'EL613', 'EL612', 'EL533', 'EL532', 'EL531', 'EL526', 'EL525', 'EL611', 'EE00A', 'EE009', 'EE008', 'EE004', 'PL514', 'PL415', 'PL633', 'AT224', 'RO321', 'PL912', 'PT150', 'ITH10', 'ITI14', 'ITH59', 'ITH55', 'ITC31', 'ITC4C', 'ITI43', 'SI043', 'DE717', 'DE713', 'DE502', 'DE279', 'DE262', 'BE232', 'ES640', 'ES630', 'ES618', 'ES617', 'ES614', 'FRC24', 'ES612', 'ES521', 'ES424', 'FRL06', 'FRL05', 'FRL04', 'FRK24', 'FRK23', 'HR050', 'FRI12', 'FRJ13', 'DEC02', 'DEB18', 'EL413', 'EL412', 'EL411', 'PL432', 'PL524', 'PL523', 'PL516', 'PL431', 'PL411', 'PL427', 'PL426', 'PL424', 'PL417', 'PL416', 'PL414', 'PL428', 'PL616', 'PL636', 'PL623', 'PL622', 'PL621', 'PL638', 'PL228', 'AT341', 'RO116', 'RO315', 'RO221', 'RO216', 'RO215', 'RO214', 'RO213', 'RO212', 'RO211', 'RO415', 'RO414', 'RO413', 'RO411', 'PT11B', 'ITG19', 'ITG18', 'ITG17', 'ITG13', 'ITG12', 'ITG11', 'ITF65', 'ITF48', 'ITF46', 'ITF45', 'ITF35', 'ITF33', 'ITF31', 'ITF13', 'HU323', 'LV006', 'LT024', 'LT027', 'SK041', 'BG342', 'BG325', 'BG321', 'BG315', 'BG314', 'BG313', 'BG312', 'CZ041', 'BG311', 'BE342', 'ES425', 'EL645', 'FRY10', 'FRY20', 'FRY30', 'HR026', 'DEB13', 'EL512', 'EL422', 'EL522', 'EL524', 'EL541']","['Public health', 'Infrastructure', 'Economic development']","The policy addresses a healthcare crisis by advocating for increased investment and systemic reforms to improve service delivery and infrastructure, aiming to enhance accessibility and efficiency.","Facing a significant healthcare crisis, the policy emphasizes the need for increased public investment and comprehensive reforms. It highlights the shortage of medical professionals, inadequate funding, and organizational inefficiencies as critical issues. The policy proposes increasing healthcare spending to at least 6.8% of GDP by 2021 and 9% by 2030. It calls for the establishment of a unified Ministry of Health and Social Policy to streamline efforts. The policy also stresses the importance of reducing wait times for medical services and improving long-term care facilities. Additionally, it advocates for the development of a robust infrastructure, including the construction of expressways and modernization of ports, to support economic growth and regional connectivity. The policy aims to address these challenges through strategic investments and partnerships, ensuring sustainable service delivery and improved health outcomes. By focusing on both healthcare and infrastructure, the policy seeks to create a more resilient and efficient system that meets the needs of the population while fostering economic development.",['PL63'],https://pomorskie.eu/wp-content/uploads/2020/05/Magazyn-Pomorskie-październik-2019.pdf,Policy,AI
"['PL518', 'PL515', 'PL418', 'PL613', 'PL617', 'PL637', 'PL634', 'PL619', 'PL618', 'PL22C', 'PL22B', 'PL227', 'PL225', 'PL224', 'PL219', 'PL218', 'PL217', 'PL214', 'RO314', 'RO312', 'RO226', 'RO225', 'RO224', 'RO223', 'RO222', 'RO317', 'SI036', 'SI031', 'RO422', 'RO412', 'PT119', 'PT112', 'PT111', 'PL926', 'PL925', 'PL922', 'PT16B', 'RO115', 'RO114', 'RO112', 'RO111', 'PT187', 'PT185', 'PT181', 'PT16I', 'PT16F', 'PT184', 'ITH31', 'ITG2G', 'ITG2D', 'ITG16', 'ITG15', 'ITG14', 'ITH35', 'ITI12', 'ITH36', 'ITF64', 'ITF63', 'ITF62', 'ITF61', 'ITF52', 'ITF51', 'ITF47', 'ITF43', 'ITF32', 'ITF22', 'ITF14', 'ITF12', 'ITF34', 'HU332', 'HU331', 'HU321', 'LV009', 'LV007', 'LV005', 'LV003', 'ITI35', 'ITI34', 'ITI33', 'ITI31', 'LT021', 'HU313', 'HU233', 'HU232', 'HU231', 'HU223', 'HU222', 'HU221', 'HU322', 'LT029', 'LT026', 'LT025', 'HU212', 'NO0A3', 'NO0A1', 'SK042', 'SK032', 'SK031', 'SK022', 'SK021', 'SE313', 'DE94G', 'DE939', 'BG344', 'BG343', 'BG334', 'BG333', 'BG332', 'BG331', 'BG324', 'BG323', 'BG322', 'BG422', 'CZ042', 'BG425', 'BG424', 'BG423', 'DE22C', 'EL653', 'FRM02', 'FRM01', 'HR063', 'HR061', 'HR037', 'HR036', 'HR035', 'HR034', 'HR033', 'HR032', 'HR031', 'HR028', 'HR027', 'HR025', 'HR024', 'HR023', 'HR022', 'HR021', 'FRY40', 'FRJ12', 'EL644', 'EL643', 'DEE0E', 'DEE0C', 'DEE08', 'EL515', 'EL514', 'EL513', 'EL511', 'EL432', 'EL431', 'EL521', 'EL523', 'EL641', 'EL633', 'EL632', 'EL631', 'EL624', 'EL623', 'EL622', 'EL621', 'EL613', 'EL612', 'EL533', 'EL532', 'EL531', 'EL526', 'EL525', 'EL611', 'EE00A', 'EE009', 'EE008', 'EE004', 'PL514', 'PL415', 'PL633', 'AT224', 'RO321', 'PL912', 'PT150', 'ITH10', 'ITI14', 'ITH59', 'ITH55', 'ITC31', 'ITC4C', 'ITI43', 'SI043', 'DE717', 'DE713', 'DE502', 'DE279', 'DE262', 'BE232', 'ES640', 'ES630', 'ES618', 'ES617', 'ES614', 'FRC24', 'ES612', 'ES521', 'ES424', 'FRL06', 'FRL05', 'FRL04', 'FRK24', 'FRK23', 'HR050', 'FRI12', 'FRJ13', 'DEC02', 'DEB18', 'EL413', 'EL412', 'EL411', 'PL432', 'PL524', 'PL523', 'PL516', 'PL431', 'PL411', 'PL427', 'PL426', 'PL424', 'PL417', 'PL416', 'PL414', 'PL428', 'PL616', 'PL636', 'PL623', 'PL622', 'PL621', 'PL638', 'PL228', 'AT341', 'RO116', 'RO315', 'RO221', 'RO216', 'RO215', 'RO214', 'RO213', 'RO212', 'RO211', 'RO415', 'RO414', 'RO413', 'RO411', 'PT11B', 'ITG19', 'ITG18', 'ITG17', 'ITG13', 'ITG12', 'ITG11', 'ITF65', 'ITF48', 'ITF46', 'ITF45', 'ITF35', 'ITF33', 'ITF31', 'ITF13', 'HU323', 'LV006', 'LT024', 'LT027', 'SK041', 'BG342', 'BG325', 'BG321', 'BG315', 'BG314', 'BG313', 'BG312', 'CZ041', 'BG311', 'BE342', 'ES425', 'EL645', 'FRY10', 'FRY20', 'FRY30', 'HR026', 'DEB13', 'EL512', 'EL422', 'EL522', 'EL524', 'EL541']","['Public health', 'Infrastructure', 'Regional development', 'Economic development', 'Transportation']","The policy allocates significant funding to enhance healthcare services, focusing on oncology, geriatrics, and psychiatry, aiming to improve patient care and infrastructure through strategic investments.","Significant funding is allocated to improve healthcare services, particularly in oncology, geriatrics, and psychiatry. The policy directs resources from the National Recovery Plan and the Medical Fund to modernize hospital infrastructure and acquire advanced medical equipment. This initiative targets enhanced diagnostic capabilities and faster, more precise patient treatment. The oncology sector receives substantial investment to upgrade facilities and purchase state-of-the-art equipment, improving patient diagnostics and treatment timelines. Geriatric care benefits from new centers and expanded facilities, addressing the needs of an aging population. Psychiatric care sees increased capacity and modernized facilities, particularly for children and adolescents, enhancing mental health support. The policy also supports infrastructure development, including road and rail improvements, to facilitate better access to healthcare services. By investing in modern transportation and healthcare infrastructure, the policy aims to reduce regional disparities and improve overall quality of life. The strategic allocation of resources is expected to foster regional development, enhance healthcare delivery, and support economic growth by creating jobs and improving public health outcomes. The policy underscores a commitment to sustainable development and social welfare, ensuring that healthcare advancements are accessible and equitable across the region.",['PL63'],https://pomorskie.eu/wp-content/uploads/2025/07/MagPom_725www.pdf,Programme,Verified
"['PL518', 'PL515', 'PL418', 'PL613', 'PL617', 'PL637', 'PL634', 'PL619', 'PL618', 'PL22C', 'PL22B', 'PL227', 'PL225', 'PL224', 'PL219', 'PL218', 'PL217', 'PL214', 'RO314', 'RO312', 'RO226', 'RO225', 'RO224', 'RO223', 'RO222', 'RO317', 'SI036', 'SI031', 'RO422', 'RO412', 'PT119', 'PT112', 'PT111', 'PL926', 'PL925', 'PL922', 'PT16B', 'RO115', 'RO114', 'RO112', 'RO111', 'PT187', 'PT185', 'PT181', 'PT16I', 'PT16F', 'PT184', 'ITH31', 'ITG2G', 'ITG2D', 'ITG16', 'ITG15', 'ITG14', 'ITH35', 'ITI12', 'ITH36', 'ITF64', 'ITF63', 'ITF62', 'ITF61', 'ITF52', 'ITF51', 'ITF47', 'ITF43', 'ITF32', 'ITF22', 'ITF14', 'ITF12', 'ITF34', 'HU332', 'HU331', 'HU321', 'LV009', 'LV007', 'LV005', 'LV003', 'ITI35', 'ITI34', 'ITI33', 'ITI31', 'LT021', 'HU313', 'HU233', 'HU232', 'HU231', 'HU223', 'HU222', 'HU221', 'HU322', 'LT029', 'LT026', 'LT025', 'HU212', 'NO0A3', 'NO0A1', 'SK042', 'SK032', 'SK031', 'SK022', 'SK021', 'SE313', 'DE94G', 'DE939', 'BG344', 'BG343', 'BG334', 'BG333', 'BG332', 'BG331', 'BG324', 'BG323', 'BG322', 'BG422', 'CZ042', 'BG425', 'BG424', 'BG423', 'DE22C', 'EL653', 'FRM02', 'FRM01', 'HR063', 'HR061', 'HR037', 'HR036', 'HR035', 'HR034', 'HR033', 'HR032', 'HR031', 'HR028', 'HR027', 'HR025', 'HR024', 'HR023', 'HR022', 'HR021', 'FRY40', 'FRJ12', 'EL644', 'EL643', 'DEE0E', 'DEE0C', 'DEE08', 'EL515', 'EL514', 'EL513', 'EL511', 'EL432', 'EL431', 'EL521', 'EL523', 'EL641', 'EL633', 'EL632', 'EL631', 'EL624', 'EL623', 'EL622', 'EL621', 'EL613', 'EL612', 'EL533', 'EL532', 'EL531', 'EL526', 'EL525', 'EL611', 'EE00A', 'EE009', 'EE008', 'EE004', 'PL514', 'PL415', 'PL633', 'AT224', 'RO321', 'PL912', 'PT150', 'ITH10', 'ITI14', 'ITH59', 'ITH55', 'ITC31', 'ITC4C', 'ITI43', 'SI043', 'DE717', 'DE713', 'DE502', 'DE279', 'DE262', 'BE232', 'ES640', 'ES630', 'ES618', 'ES617', 'ES614', 'FRC24', 'ES612', 'ES521', 'ES424', 'FRL06', 'FRL05', 'FRL04', 'FRK24', 'FRK23', 'HR050', 'FRI12', 'FRJ13', 'DEC02', 'DEB18', 'EL413', 'EL412', 'EL411', 'PL432', 'PL524', 'PL523', 'PL516', 'PL431', 'PL411', 'PL427', 'PL426', 'PL424', 'PL417', 'PL416', 'PL414', 'PL428', 'PL616', 'PL636', 'PL623', 'PL622', 'PL621', 'PL638', 'PL228', 'AT341', 'RO116', 'RO315', 'RO221', 'RO216', 'RO215', 'RO214', 'RO213', 'RO212', 'RO211', 'RO415', 'RO414', 'RO413', 'RO411', 'PT11B', 'ITG19', 'ITG18', 'ITG17', 'ITG13', 'ITG12', 'ITG11', 'ITF65', 'ITF48', 'ITF46', 'ITF45', 'ITF35', 'ITF33', 'ITF31', 'ITF13', 'HU323', 'LV006', 'LT024', 'LT027', 'SK041', 'BG342', 'BG325', 'BG321', 'BG315', 'BG314', 'BG313', 'BG312', 'CZ041', 'BG311', 'BE342', 'ES425', 'EL645', 'FRY10', 'FRY20', 'FRY30', 'HR026', 'DEB13', 'EL512', 'EL422', 'EL522', 'EL524', 'EL541']","['Economic development', 'Regional development', 'Governance', 'Infrastructure']","The policy addresses reduced EU funding for regional development, emphasizing the need for transparent allocation criteria and equitable distribution to ensure continued growth and support for local initiatives.","Facing a significant reduction in EU funding, the policy highlights the need for transparent criteria in the allocation of regional development funds. The reduction, amounting to a 40% decrease compared to previous periods, threatens to slow down regional growth and limit local initiatives, particularly affecting less affluent communities. The policy calls for a fair distribution of resources, emphasizing the importance of maintaining momentum in regional development and supporting local governments in their efforts to improve infrastructure and services. It stresses the need for a collaborative approach between national and regional authorities to negotiate additional funds and ensure that the distribution aligns with regional needs and priorities. The policy also points out the potential negative impact of centralizing fund management, advocating for local authorities to have a significant role in decision-making processes. By addressing these challenges, the policy aims to mitigate the adverse effects of funding cuts and promote sustainable development across all regions, ensuring that no area is disproportionately disadvantaged. The ultimate goal is to maintain a balanced growth trajectory that supports economic and social development, leveraging EU funds effectively to benefit all communities.",['PL63'],https://pomorskie.eu/wp-content/uploads/2021/03/MP_1_2021.pdf,Programme,Community
"['PL518', 'PL515', 'PL418', 'PL613', 'PL617', 'PL637', 'PL634', 'PL619', 'PL618', 'PL22C', 'PL22B', 'PL227', 'PL225', 'PL224', 'PL219', 'PL218', 'PL217', 'PL214', 'RO314', 'RO312', 'RO226', 'RO225', 'RO224', 'RO223', 'RO222', 'RO317', 'SI036', 'SI031', 'RO422', 'RO412', 'PT119', 'PT112', 'PT111', 'PL926', 'PL925', 'PL922', 'PT16B', 'RO115', 'RO114', 'RO112', 'RO111', 'PT187', 'PT185', 'PT181', 'PT16I', 'PT16F', 'PT184', 'ITH31', 'ITG2G', 'ITG2D', 'ITG16', 'ITG15', 'ITG14', 'ITH35', 'ITI12', 'ITH36', 'ITF64', 'ITF63', 'ITF62', 'ITF61', 'ITF52', 'ITF51', 'ITF47', 'ITF43', 'ITF32', 'ITF22', 'ITF14', 'ITF12', 'ITF34', 'HU332', 'HU331', 'HU321', 'LV009', 'LV007', 'LV005', 'LV003', 'ITI35', 'ITI34', 'ITI33', 'ITI31', 'LT021', 'HU313', 'HU233', 'HU232', 'HU231', 'HU223', 'HU222', 'HU221', 'HU322', 'LT029', 'LT026', 'LT025', 'HU212', 'NO0A3', 'NO0A1', 'SK042', 'SK032', 'SK031', 'SK022', 'SK021', 'SE313', 'DE94G', 'DE939', 'BG344', 'BG343', 'BG334', 'BG333', 'BG332', 'BG331', 'BG324', 'BG323', 'BG322', 'BG422', 'CZ042', 'BG425', 'BG424', 'BG423', 'DE22C', 'EL653', 'FRM02', 'FRM01', 'HR063', 'HR061', 'HR037', 'HR036', 'HR035', 'HR034', 'HR033', 'HR032', 'HR031', 'HR028', 'HR027', 'HR025', 'HR024', 'HR023', 'HR022', 'HR021', 'FRY40', 'FRJ12', 'EL644', 'EL643', 'DEE0E', 'DEE0C', 'DEE08', 'EL515', 'EL514', 'EL513', 'EL511', 'EL432', 'EL431', 'EL521', 'EL523', 'EL641', 'EL633', 'EL632', 'EL631', 'EL624', 'EL623', 'EL622', 'EL621', 'EL613', 'EL612', 'EL533', 'EL532', 'EL531', 'EL526', 'EL525', 'EL611', 'EE00A', 'EE009', 'EE008', 'EE004', 'PL514', 'PL415', 'PL633', 'AT224', 'RO321', 'PL912', 'PT150', 'ITH10', 'ITI14', 'ITH59', 'ITH55', 'ITC31', 'ITC4C', 'ITI43', 'SI043', 'DE717', 'DE713', 'DE502', 'DE279', 'DE262', 'BE232', 'ES640', 'ES630', 'ES618', 'ES617', 'ES614', 'FRC24', 'ES612', 'ES521', 'ES424', 'FRL06', 'FRL05', 'FRL04', 'FRK24', 'FRK23', 'HR050', 'FRI12', 'FRJ13', 'DEC02', 'DEB18', 'EL413', 'EL412', 'EL411', 'PL432', 'PL524', 'PL523', 'PL516', 'PL431', 'PL411', 'PL427', 'PL426', 'PL424', 'PL417', 'PL416', 'PL414', 'PL428', 'PL616', 'PL636', 'PL623', 'PL622', 'PL621', 'PL638', 'PL228', 'AT341', 'RO116', 'RO315', 'RO221', 'RO216', 'RO215', 'RO214', 'RO213', 'RO212', 'RO211', 'RO415', 'RO414', 'RO413', 'RO411', 'PT11B', 'ITG19', 'ITG18', 'ITG17', 'ITG13', 'ITG12', 'ITG11', 'ITF65', 'ITF48', 'ITF46', 'ITF45', 'ITF35', 'ITF33', 'ITF31', 'ITF13', 'HU323', 'LV006', 'LT024', 'LT027', 'SK041', 'BG342', 'BG325', 'BG321', 'BG315', 'BG314', 'BG313', 'BG312', 'CZ041', 'BG311', 'BE342', 'ES425', 'EL645', 'FRY10', 'FRY20', 'FRY30', 'HR026', 'DEB13', 'EL512', 'EL422', 'EL522', 'EL524', 'EL541']","['Sustainability', 'Infrastructure', 'Transportation', 'Social inclusion', 'Regional development']","The policy focuses on enhancing transportation infrastructure through new train acquisitions and improved accessibility, funded by European and regional sources, to boost regional connectivity and sustainability.","The policy aims to significantly improve transportation infrastructure by acquiring 45 new trains, including hybrid models, by 2026. This initiative is funded through a combination of regional budgets, European Union contributions, and the National Recovery Plan. The introduction of new trains is part of a broader strategy to enhance regional connectivity, reduce reliance on cars, and promote sustainable travel options. Additionally, the policy includes the development of new railway lines, such as the 'Kartuzy bypass', to improve access to metropolitan areas and previously underserved locations. The policy also addresses social inclusion by introducing a special ticket for seniors and free dog transportation, making public transport more accessible. The expected outcomes include increased passenger comfort, reduced travel times, and a shift towards more environmentally friendly transportation modes. The policy supports regional economic growth by facilitating easier access to urban centers and promoting tourism. Overall, the policy is a comprehensive approach to modernizing the transportation network, enhancing service quality, and fostering sustainable regional development.",['PL63'],https://pomorskie.eu/wp-content/uploads/2024/04/MP_1_2024.pdf,Policy,Verified
"['PL518', 'PL515', 'PL418', 'PL613', 'PL617', 'PL637', 'PL634', 'PL619', 'PL618', 'PL22C', 'PL22B', 'PL227', 'PL225', 'PL224', 'PL219', 'PL218', 'PL217', 'PL214', 'RO314', 'RO312', 'RO226', 'RO225', 'RO224', 'RO223', 'RO222', 'RO317', 'SI036', 'SI031', 'RO422', 'RO412', 'PT119', 'PT112', 'PT111', 'PL926', 'PL925', 'PL922', 'PT16B', 'RO115', 'RO114', 'RO112', 'RO111', 'PT187', 'PT185', 'PT181', 'PT16I', 'PT16F', 'PT184', 'ITH31', 'ITG2G', 'ITG2D', 'ITG16', 'ITG15', 'ITG14', 'ITH35', 'ITI12', 'ITH36', 'ITF64', 'ITF63', 'ITF62', 'ITF61', 'ITF52', 'ITF51', 'ITF47', 'ITF43', 'ITF32', 'ITF22', 'ITF14', 'ITF12', 'ITF34', 'HU332', 'HU331', 'HU321', 'LV009', 'LV007', 'LV005', 'LV003', 'ITI35', 'ITI34', 'ITI33', 'ITI31', 'LT021', 'HU313', 'HU233', 'HU232', 'HU231', 'HU223', 'HU222', 'HU221', 'HU322', 'LT029', 'LT026', 'LT025', 'HU212', 'NO0A3', 'NO0A1', 'SK042', 'SK032', 'SK031', 'SK022', 'SK021', 'SE313', 'DE94G', 'DE939', 'BG344', 'BG343', 'BG334', 'BG333', 'BG332', 'BG331', 'BG324', 'BG323', 'BG322', 'BG422', 'CZ042', 'BG425', 'BG424', 'BG423', 'DE22C', 'EL653', 'FRM02', 'FRM01', 'HR063', 'HR061', 'HR037', 'HR036', 'HR035', 'HR034', 'HR033', 'HR032', 'HR031', 'HR028', 'HR027', 'HR025', 'HR024', 'HR023', 'HR022', 'HR021', 'FRY40', 'FRJ12', 'EL644', 'EL643', 'DEE0E', 'DEE0C', 'DEE08', 'EL515', 'EL514', 'EL513', 'EL511', 'EL432', 'EL431', 'EL521', 'EL523', 'EL641', 'EL633', 'EL632', 'EL631', 'EL624', 'EL623', 'EL622', 'EL621', 'EL613', 'EL612', 'EL533', 'EL532', 'EL531', 'EL526', 'EL525', 'EL611', 'EE00A', 'EE009', 'EE008', 'EE004', 'PL514', 'PL415', 'PL633', 'AT224', 'RO321', 'PL912', 'PT150', 'ITH10', 'ITI14', 'ITH59', 'ITH55', 'ITC31', 'ITC4C', 'ITI43', 'SI043', 'DE717', 'DE713', 'DE502', 'DE279', 'DE262', 'BE232', 'ES640', 'ES630', 'ES618', 'ES617', 'ES614', 'FRC24', 'ES612', 'ES521', 'ES424', 'FRL06', 'FRL05', 'FRL04', 'FRK24', 'FRK23', 'HR050', 'FRI12', 'FRJ13', 'DEC02', 'DEB18', 'EL413', 'EL412', 'EL411', 'PL432', 'PL524', 'PL523', 'PL516', 'PL431', 'PL411', 'PL427', 'PL426', 'PL424', 'PL417', 'PL416', 'PL414', 'PL428', 'PL616', 'PL636', 'PL623', 'PL622', 'PL621', 'PL638', 'PL228', 'AT341', 'RO116', 'RO315', 'RO221', 'RO216', 'RO215', 'RO214', 'RO213', 'RO212', 'RO211', 'RO415', 'RO414', 'RO413', 'RO411', 'PT11B', 'ITG19', 'ITG18', 'ITG17', 'ITG13', 'ITG12', 'ITG11', 'ITF65', 'ITF48', 'ITF46', 'ITF45', 'ITF35', 'ITF33', 'ITF31', 'ITF13', 'HU323', 'LV006', 'LT024', 'LT027', 'SK041', 'BG342', 'BG325', 'BG321', 'BG315', 'BG314', 'BG313', 'BG312', 'CZ041', 'BG311', 'BE342', 'ES425', 'EL645', 'FRY10', 'FRY20', 'FRY30', 'HR026', 'DEB13', 'EL512', 'EL422', 'EL522', 'EL524', 'EL541']","['Migration', 'Public health', 'Energy', 'Regional development']",The policy focuses on supporting Ukrainian refugees and addressing mental health issues exacerbated by the pandemic. It also highlights energy policy challenges and regional development initiatives to enhance economic resilience.,"In response to the Russian aggression in Ukraine, the policy allocates financial resources to support Ukrainian refugees, providing essential services such as housing, food, and psychological care. It establishes a contact line for coordinating aid efforts. The policy also addresses the mental health crisis among children and adolescents, worsened by the pandemic, by expanding access to psychological services and reducing hospital admissions. Additionally, it critiques the national energy policy, emphasizing the need for a transition to sustainable energy sources to mitigate rising energy costs. The policy advocates for regional development through strategic investments in infrastructure and public services, aiming to improve economic resilience and attract business investments. It highlights the importance of leveraging EU funds for energy efficiency projects and renewable energy initiatives. The policy underscores the need for a coordinated approach to address these challenges, involving local governments, businesses, and community organizations to ensure effective implementation and maximize impact. The ultimate goal is to enhance the region's capacity to support vulnerable populations, improve public health outcomes, and foster sustainable economic growth.",['PL63'],https://pomorskie.eu/wp-content/uploads/2022/03/MP_1-ost.pdf,Programme,Community
"['PL518', 'PL515', 'PL418', 'PL613', 'PL617', 'PL637', 'PL634', 'PL619', 'PL618', 'PL22C', 'PL22B', 'PL227', 'PL225', 'PL224', 'PL219', 'PL218', 'PL217', 'PL214', 'RO314', 'RO312', 'RO226', 'RO225', 'RO224', 'RO223', 'RO222', 'RO317', 'SI036', 'SI031', 'RO422', 'RO412', 'PT119', 'PT112', 'PT111', 'PL926', 'PL925', 'PL922', 'PT16B', 'RO115', 'RO114', 'RO112', 'RO111', 'PT187', 'PT185', 'PT181', 'PT16I', 'PT16F', 'PT184', 'ITH31', 'ITG2G', 'ITG2D', 'ITG16', 'ITG15', 'ITG14', 'ITH35', 'ITI12', 'ITH36', 'ITF64', 'ITF63', 'ITF62', 'ITF61', 'ITF52', 'ITF51', 'ITF47', 'ITF43', 'ITF32', 'ITF22', 'ITF14', 'ITF12', 'ITF34', 'HU332', 'HU331', 'HU321', 'LV009', 'LV007', 'LV005', 'LV003', 'ITI35', 'ITI34', 'ITI33', 'ITI31', 'LT021', 'HU313', 'HU233', 'HU232', 'HU231', 'HU223', 'HU222', 'HU221', 'HU322', 'LT029', 'LT026', 'LT025', 'HU212', 'NO0A3', 'NO0A1', 'SK042', 'SK032', 'SK031', 'SK022', 'SK021', 'SE313', 'DE94G', 'DE939', 'BG344', 'BG343', 'BG334', 'BG333', 'BG332', 'BG331', 'BG324', 'BG323', 'BG322', 'BG422', 'CZ042', 'BG425', 'BG424', 'BG423', 'DE22C', 'EL653', 'FRM02', 'FRM01', 'HR063', 'HR061', 'HR037', 'HR036', 'HR035', 'HR034', 'HR033', 'HR032', 'HR031', 'HR028', 'HR027', 'HR025', 'HR024', 'HR023', 'HR022', 'HR021', 'FRY40', 'FRJ12', 'EL644', 'EL643', 'DEE0E', 'DEE0C', 'DEE08', 'EL515', 'EL514', 'EL513', 'EL511', 'EL432', 'EL431', 'EL521', 'EL523', 'EL641', 'EL633', 'EL632', 'EL631', 'EL624', 'EL623', 'EL622', 'EL621', 'EL613', 'EL612', 'EL533', 'EL532', 'EL531', 'EL526', 'EL525', 'EL611', 'EE00A', 'EE009', 'EE008', 'EE004', 'PL514', 'PL415', 'PL633', 'AT224', 'RO321', 'PL912', 'PT150', 'ITH10', 'ITI14', 'ITH59', 'ITH55', 'ITC31', 'ITC4C', 'ITI43', 'SI043', 'DE717', 'DE713', 'DE502', 'DE279', 'DE262', 'BE232', 'ES640', 'ES630', 'ES618', 'ES617', 'ES614', 'FRC24', 'ES612', 'ES521', 'ES424', 'FRL06', 'FRL05', 'FRL04', 'FRK24', 'FRK23', 'HR050', 'FRI12', 'FRJ13', 'DEC02', 'DEB18', 'EL413', 'EL412', 'EL411', 'PL432', 'PL524', 'PL523', 'PL516', 'PL431', 'PL411', 'PL427', 'PL426', 'PL424', 'PL417', 'PL416', 'PL414', 'PL428', 'PL616', 'PL636', 'PL623', 'PL622', 'PL621', 'PL638', 'PL228', 'AT341', 'RO116', 'RO315', 'RO221', 'RO216', 'RO215', 'RO214', 'RO213', 'RO212', 'RO211', 'RO415', 'RO414', 'RO413', 'RO411', 'PT11B', 'ITG19', 'ITG18', 'ITG17', 'ITG13', 'ITG12', 'ITG11', 'ITF65', 'ITF48', 'ITF46', 'ITF45', 'ITF35', 'ITF33', 'ITF31', 'ITF13', 'HU323', 'LV006', 'LT024', 'LT027', 'SK041', 'BG342', 'BG325', 'BG321', 'BG315', 'BG314', 'BG313', 'BG312', 'CZ041', 'BG311', 'BE342', 'ES425', 'EL645', 'FRY10', 'FRY20', 'FRY30', 'HR026', 'DEB13', 'EL512', 'EL422', 'EL522', 'EL524', 'EL541']","['Environmental protection', 'Biodiversity', 'Public health', 'Economic development']","The policy addresses the environmental threat posed by sunken chemical weapons in the Baltic Sea, urging EU and national authorities to take immediate action to prevent ecological disaster and protect marine life and coastal areas.","Sunken chemical weapons from World War II in the Baltic Sea pose a significant environmental threat, with potential for severe ecological damage. The policy calls for urgent intervention by the European Union and national governments to address this issue. It highlights the risk of chemical leakage from shipwrecks, which could contaminate marine ecosystems and coastal regions. The policy advocates for comprehensive monitoring and remediation efforts, including the removal of hazardous materials. It emphasizes the need for collaboration between scientists, policymakers, and international bodies to develop effective solutions. The policy also points out the potential economic impact on local communities reliant on tourism and fishing, should a disaster occur. By addressing these risks, the policy aims to safeguard marine biodiversity, protect public health, and ensure the sustainable use of marine resources. The appeal to authorities is backed by scientific evidence and underscores the urgency of implementing preventive measures to avert a potential ecological catastrophe in the Baltic Sea region.",['PL63'],https://pomorskie.eu/wp-content/uploads/2021/06/MP_2.pdf,Programme,AI
"['PL518', 'PL515', 'PL418', 'PL613', 'PL617', 'PL637', 'PL634', 'PL619', 'PL618', 'PL22C', 'PL22B', 'PL227', 'PL225', 'PL224', 'PL219', 'PL218', 'PL217', 'PL214', 'RO314', 'RO312', 'RO226', 'RO225', 'RO224', 'RO223', 'RO222', 'RO317', 'SI036', 'SI031', 'RO422', 'RO412', 'PT119', 'PT112', 'PT111', 'PL926', 'PL925', 'PL922', 'PT16B', 'RO115', 'RO114', 'RO112', 'RO111', 'PT187', 'PT185', 'PT181', 'PT16I', 'PT16F', 'PT184', 'ITH31', 'ITG2G', 'ITG2D', 'ITG16', 'ITG15', 'ITG14', 'ITH35', 'ITI12', 'ITH36', 'ITF64', 'ITF63', 'ITF62', 'ITF61', 'ITF52', 'ITF51', 'ITF47', 'ITF43', 'ITF32', 'ITF22', 'ITF14', 'ITF12', 'ITF34', 'HU332', 'HU331', 'HU321', 'LV009', 'LV007', 'LV005', 'LV003', 'ITI35', 'ITI34', 'ITI33', 'ITI31', 'LT021', 'HU313', 'HU233', 'HU232', 'HU231', 'HU223', 'HU222', 'HU221', 'HU322', 'LT029', 'LT026', 'LT025', 'HU212', 'NO0A3', 'NO0A1', 'SK042', 'SK032', 'SK031', 'SK022', 'SK021', 'SE313', 'DE94G', 'DE939', 'BG344', 'BG343', 'BG334', 'BG333', 'BG332', 'BG331', 'BG324', 'BG323', 'BG322', 'BG422', 'CZ042', 'BG425', 'BG424', 'BG423', 'DE22C', 'EL653', 'FRM02', 'FRM01', 'HR063', 'HR061', 'HR037', 'HR036', 'HR035', 'HR034', 'HR033', 'HR032', 'HR031', 'HR028', 'HR027', 'HR025', 'HR024', 'HR023', 'HR022', 'HR021', 'FRY40', 'FRJ12', 'EL644', 'EL643', 'DEE0E', 'DEE0C', 'DEE08', 'EL515', 'EL514', 'EL513', 'EL511', 'EL432', 'EL431', 'EL521', 'EL523', 'EL641', 'EL633', 'EL632', 'EL631', 'EL624', 'EL623', 'EL622', 'EL621', 'EL613', 'EL612', 'EL533', 'EL532', 'EL531', 'EL526', 'EL525', 'EL611', 'EE00A', 'EE009', 'EE008', 'EE004', 'PL514', 'PL415', 'PL633', 'AT224', 'RO321', 'PL912', 'PT150', 'ITH10', 'ITI14', 'ITH59', 'ITH55', 'ITC31', 'ITC4C', 'ITI43', 'SI043', 'DE717', 'DE713', 'DE502', 'DE279', 'DE262', 'BE232', 'ES640', 'ES630', 'ES618', 'ES617', 'ES614', 'FRC24', 'ES612', 'ES521', 'ES424', 'FRL06', 'FRL05', 'FRL04', 'FRK24', 'FRK23', 'HR050', 'FRI12', 'FRJ13', 'DEC02', 'DEB18', 'EL413', 'EL412', 'EL411', 'PL432', 'PL524', 'PL523', 'PL516', 'PL431', 'PL411', 'PL427', 'PL426', 'PL424', 'PL417', 'PL416', 'PL414', 'PL428', 'PL616', 'PL636', 'PL623', 'PL622', 'PL621', 'PL638', 'PL228', 'AT341', 'RO116', 'RO315', 'RO221', 'RO216', 'RO215', 'RO214', 'RO213', 'RO212', 'RO211', 'RO415', 'RO414', 'RO413', 'RO411', 'PT11B', 'ITG19', 'ITG18', 'ITG17', 'ITG13', 'ITG12', 'ITG11', 'ITF65', 'ITF48', 'ITF46', 'ITF45', 'ITF35', 'ITF33', 'ITF31', 'ITF13', 'HU323', 'LV006', 'LT024', 'LT027', 'SK041', 'BG342', 'BG325', 'BG321', 'BG315', 'BG314', 'BG313', 'BG312', 'CZ041', 'BG311', 'BE342', 'ES425', 'EL645', 'FRY10', 'FRY20', 'FRY30', 'HR026', 'DEB13', 'EL512', 'EL422', 'EL522', 'EL524', 'EL541']","['Economic development', 'Infrastructure', 'Governance', 'Regional development', 'Environmental protection']","The policy focuses on leveraging European Union membership to drive regional development through strategic infrastructure investments and governance improvements, aiming to enhance economic growth and quality of life.","Leveraging EU membership, the policy aims to drive regional development by strategically investing in infrastructure and improving governance. Key actions include aligning local regulations with EU standards to secure funding for regional projects, which are crucial for economic growth. The policy highlights the importance of adapting to EU procedures to effectively utilize European funds, which have significantly contributed to the region's economic expansion. By focusing on infrastructure such as transportation and energy, the policy seeks to improve connectivity and sustainability. Additionally, it emphasizes the role of education and workforce development in maintaining competitiveness. The policy also addresses the need for environmental protection and climate adaptation, ensuring that development is sustainable. The impact of these actions is expected to be a robust economic growth, improved quality of life, and enhanced regional competitiveness. The policy underscores the importance of active participation in EU decision-making processes to ensure that regional interests are represented and that the region continues to benefit from EU membership. Overall, the policy aims to create a resilient and prosperous region by effectively utilizing EU resources and fostering a collaborative governance approach.",['PL63'],https://pomorskie.eu/wp-content/uploads/2024/05/MP_2_2024.pdf,Programme,Verified
"['PL518', 'PL515', 'PL418', 'PL613', 'PL617', 'PL637', 'PL634', 'PL619', 'PL618', 'PL22C', 'PL22B', 'PL227', 'PL225', 'PL224', 'PL219', 'PL218', 'PL217', 'PL214', 'RO314', 'RO312', 'RO226', 'RO225', 'RO224', 'RO223', 'RO222', 'RO317', 'SI036', 'SI031', 'RO422', 'RO412', 'PT119', 'PT112', 'PT111', 'PL926', 'PL925', 'PL922', 'PT16B', 'RO115', 'RO114', 'RO112', 'RO111', 'PT187', 'PT185', 'PT181', 'PT16I', 'PT16F', 'PT184', 'ITH31', 'ITG2G', 'ITG2D', 'ITG16', 'ITG15', 'ITG14', 'ITH35', 'ITI12', 'ITH36', 'ITF64', 'ITF63', 'ITF62', 'ITF61', 'ITF52', 'ITF51', 'ITF47', 'ITF43', 'ITF32', 'ITF22', 'ITF14', 'ITF12', 'ITF34', 'HU332', 'HU331', 'HU321', 'LV009', 'LV007', 'LV005', 'LV003', 'ITI35', 'ITI34', 'ITI33', 'ITI31', 'LT021', 'HU313', 'HU233', 'HU232', 'HU231', 'HU223', 'HU222', 'HU221', 'HU322', 'LT029', 'LT026', 'LT025', 'HU212', 'NO0A3', 'NO0A1', 'SK042', 'SK032', 'SK031', 'SK022', 'SK021', 'SE313', 'DE94G', 'DE939', 'BG344', 'BG343', 'BG334', 'BG333', 'BG332', 'BG331', 'BG324', 'BG323', 'BG322', 'BG422', 'CZ042', 'BG425', 'BG424', 'BG423', 'DE22C', 'EL653', 'FRM02', 'FRM01', 'HR063', 'HR061', 'HR037', 'HR036', 'HR035', 'HR034', 'HR033', 'HR032', 'HR031', 'HR028', 'HR027', 'HR025', 'HR024', 'HR023', 'HR022', 'HR021', 'FRY40', 'FRJ12', 'EL644', 'EL643', 'DEE0E', 'DEE0C', 'DEE08', 'EL515', 'EL514', 'EL513', 'EL511', 'EL432', 'EL431', 'EL521', 'EL523', 'EL641', 'EL633', 'EL632', 'EL631', 'EL624', 'EL623', 'EL622', 'EL621', 'EL613', 'EL612', 'EL533', 'EL532', 'EL531', 'EL526', 'EL525', 'EL611', 'EE00A', 'EE009', 'EE008', 'EE004', 'PL514', 'PL415', 'PL633', 'AT224', 'RO321', 'PL912', 'PT150', 'ITH10', 'ITI14', 'ITH59', 'ITH55', 'ITC31', 'ITC4C', 'ITI43', 'SI043', 'DE717', 'DE713', 'DE502', 'DE279', 'DE262', 'BE232', 'ES640', 'ES630', 'ES618', 'ES617', 'ES614', 'FRC24', 'ES612', 'ES521', 'ES424', 'FRL06', 'FRL05', 'FRL04', 'FRK24', 'FRK23', 'HR050', 'FRI12', 'FRJ13', 'DEC02', 'DEB18', 'EL413', 'EL412', 'EL411', 'PL432', 'PL524', 'PL523', 'PL516', 'PL431', 'PL411', 'PL427', 'PL426', 'PL424', 'PL417', 'PL416', 'PL414', 'PL428', 'PL616', 'PL636', 'PL623', 'PL622', 'PL621', 'PL638', 'PL228', 'AT341', 'RO116', 'RO315', 'RO221', 'RO216', 'RO215', 'RO214', 'RO213', 'RO212', 'RO211', 'RO415', 'RO414', 'RO413', 'RO411', 'PT11B', 'ITG19', 'ITG18', 'ITG17', 'ITG13', 'ITG12', 'ITG11', 'ITF65', 'ITF48', 'ITF46', 'ITF45', 'ITF35', 'ITF33', 'ITF31', 'ITF13', 'HU323', 'LV006', 'LT024', 'LT027', 'SK041', 'BG342', 'BG325', 'BG321', 'BG315', 'BG314', 'BG313', 'BG312', 'CZ041', 'BG311', 'BE342', 'ES425', 'EL645', 'FRY10', 'FRY20', 'FRY30', 'HR026', 'DEB13', 'EL512', 'EL422', 'EL522', 'EL524', 'EL541']","['Economic development', 'Public health', 'Infrastructure', 'Regional development', 'Innovation']","The document discusses the impact of EU membership on regional development, highlighting infrastructure improvements and public health initiatives funded by EU resources to enhance living standards and economic growth.","EU membership has significantly contributed to regional development through substantial funding, enabling infrastructure enhancements and public health initiatives. The document highlights the allocation of EU funds to various projects, including transportation networks, educational facilities, and healthcare systems, aiming to improve living standards and economic growth. It emphasizes the role of local governments in managing these funds to ensure effective implementation and maximize benefits for residents. The document also addresses the importance of continued EU support, outlining future plans for regional development programs and strategic investments. By focusing on sustainable growth and innovation, the initiatives aim to foster economic resilience and social well-being. The document underscores the necessity of maintaining EU values such as democracy and human rights, advocating for ongoing collaboration with EU partners to address challenges and seize opportunities. The impact of these efforts is evident in the improved quality of life and increased economic activity across the region, demonstrating the transformative power of EU membership in driving regional progress and integration into the broader European community.",['PL63'],https://pomorskie.eu/wp-content/uploads/2022/05/MP_2-1.pdf,Programme,Community
"['PL518', 'PL515', 'PL418', 'PL613', 'PL617', 'PL637', 'PL634', 'PL619', 'PL618', 'PL22C', 'PL22B', 'PL227', 'PL225', 'PL224', 'PL219', 'PL218', 'PL217', 'PL214', 'RO314', 'RO312', 'RO226', 'RO225', 'RO224', 'RO223', 'RO222', 'RO317', 'SI036', 'SI031', 'RO422', 'RO412', 'PT119', 'PT112', 'PT111', 'PL926', 'PL925', 'PL922', 'PT16B', 'RO115', 'RO114', 'RO112', 'RO111', 'PT187', 'PT185', 'PT181', 'PT16I', 'PT16F', 'PT184', 'ITH31', 'ITG2G', 'ITG2D', 'ITG16', 'ITG15', 'ITG14', 'ITH35', 'ITI12', 'ITH36', 'ITF64', 'ITF63', 'ITF62', 'ITF61', 'ITF52', 'ITF51', 'ITF47', 'ITF43', 'ITF32', 'ITF22', 'ITF14', 'ITF12', 'ITF34', 'HU332', 'HU331', 'HU321', 'LV009', 'LV007', 'LV005', 'LV003', 'ITI35', 'ITI34', 'ITI33', 'ITI31', 'LT021', 'HU313', 'HU233', 'HU232', 'HU231', 'HU223', 'HU222', 'HU221', 'HU322', 'LT029', 'LT026', 'LT025', 'HU212', 'NO0A3', 'NO0A1', 'SK042', 'SK032', 'SK031', 'SK022', 'SK021', 'SE313', 'DE94G', 'DE939', 'BG344', 'BG343', 'BG334', 'BG333', 'BG332', 'BG331', 'BG324', 'BG323', 'BG322', 'BG422', 'CZ042', 'BG425', 'BG424', 'BG423', 'DE22C', 'EL653', 'FRM02', 'FRM01', 'HR063', 'HR061', 'HR037', 'HR036', 'HR035', 'HR034', 'HR033', 'HR032', 'HR031', 'HR028', 'HR027', 'HR025', 'HR024', 'HR023', 'HR022', 'HR021', 'FRY40', 'FRJ12', 'EL644', 'EL643', 'DEE0E', 'DEE0C', 'DEE08', 'EL515', 'EL514', 'EL513', 'EL511', 'EL432', 'EL431', 'EL521', 'EL523', 'EL641', 'EL633', 'EL632', 'EL631', 'EL624', 'EL623', 'EL622', 'EL621', 'EL613', 'EL612', 'EL533', 'EL532', 'EL531', 'EL526', 'EL525', 'EL611', 'EE00A', 'EE009', 'EE008', 'EE004', 'PL514', 'PL415', 'PL633', 'AT224', 'RO321', 'PL912', 'PT150', 'ITH10', 'ITI14', 'ITH59', 'ITH55', 'ITC31', 'ITC4C', 'ITI43', 'SI043', 'DE717', 'DE713', 'DE502', 'DE279', 'DE262', 'BE232', 'ES640', 'ES630', 'ES618', 'ES617', 'ES614', 'FRC24', 'ES612', 'ES521', 'ES424', 'FRL06', 'FRL05', 'FRL04', 'FRK24', 'FRK23', 'HR050', 'FRI12', 'FRJ13', 'DEC02', 'DEB18', 'EL413', 'EL412', 'EL411', 'PL432', 'PL524', 'PL523', 'PL516', 'PL431', 'PL411', 'PL427', 'PL426', 'PL424', 'PL417', 'PL416', 'PL414', 'PL428', 'PL616', 'PL636', 'PL623', 'PL622', 'PL621', 'PL638', 'PL228', 'AT341', 'RO116', 'RO315', 'RO221', 'RO216', 'RO215', 'RO214', 'RO213', 'RO212', 'RO211', 'RO415', 'RO414', 'RO413', 'RO411', 'PT11B', 'ITG19', 'ITG18', 'ITG17', 'ITG13', 'ITG12', 'ITG11', 'ITF65', 'ITF48', 'ITF46', 'ITF45', 'ITF35', 'ITF33', 'ITF31', 'ITF13', 'HU323', 'LV006', 'LT024', 'LT027', 'SK041', 'BG342', 'BG325', 'BG321', 'BG315', 'BG314', 'BG313', 'BG312', 'CZ041', 'BG311', 'BE342', 'ES425', 'EL645', 'FRY10', 'FRY20', 'FRY30', 'HR026', 'DEB13', 'EL512', 'EL422', 'EL522', 'EL524', 'EL541']","['Regional development', 'Governance', 'Education', 'Community engagement']","The document discusses the impact of EU funding on regional development, emphasizing shared values and community. It highlights the need for legal reforms to support metropolitan areas and addresses conflicts between national and EU laws affecting funding and governance.","EU funding has significantly contributed to regional development, with a focus on shared values such as dignity, freedom, democracy, and human rights. The document stresses the importance of legal reforms to establish metropolitan areas, which are seen as crucial for balanced regional growth. It highlights the conflict between Polish national laws and EU regulations, particularly concerning the judiciary, which threatens the continuation of EU funding. The document also addresses the need for increased investment in education, particularly in preschool facilities, to support economic and social development. Additionally, it discusses the potential negative impact of reduced EU funding due to legal conflicts, which could lead to budget cuts in local governments, affecting education, healthcare, and infrastructure. The document calls for immediate action to prevent further deterioration of Poland's relationship with the EU and to ensure continued support for regional development initiatives. It emphasizes the role of community engagement and solidarity in addressing these challenges and maintaining Poland's position within the EU framework.",['PL63'],https://pomorskie.eu/wp-content/uploads/2021/10/MP_3.pdf,Programme,AI
"['PL518', 'PL515', 'PL418', 'PL613', 'PL617', 'PL637', 'PL634', 'PL619', 'PL618', 'PL22C', 'PL22B', 'PL227', 'PL225', 'PL224', 'PL219', 'PL218', 'PL217', 'PL214', 'RO314', 'RO312', 'RO226', 'RO225', 'RO224', 'RO223', 'RO222', 'RO317', 'SI036', 'SI031', 'RO422', 'RO412', 'PT119', 'PT112', 'PT111', 'PL926', 'PL925', 'PL922', 'PT16B', 'RO115', 'RO114', 'RO112', 'RO111', 'PT187', 'PT185', 'PT181', 'PT16I', 'PT16F', 'PT184', 'ITH31', 'ITG2G', 'ITG2D', 'ITG16', 'ITG15', 'ITG14', 'ITH35', 'ITI12', 'ITH36', 'ITF64', 'ITF63', 'ITF62', 'ITF61', 'ITF52', 'ITF51', 'ITF47', 'ITF43', 'ITF32', 'ITF22', 'ITF14', 'ITF12', 'ITF34', 'HU332', 'HU331', 'HU321', 'LV009', 'LV007', 'LV005', 'LV003', 'ITI35', 'ITI34', 'ITI33', 'ITI31', 'LT021', 'HU313', 'HU233', 'HU232', 'HU231', 'HU223', 'HU222', 'HU221', 'HU322', 'LT029', 'LT026', 'LT025', 'HU212', 'NO0A3', 'NO0A1', 'SK042', 'SK032', 'SK031', 'SK022', 'SK021', 'SE313', 'DE94G', 'DE939', 'BG344', 'BG343', 'BG334', 'BG333', 'BG332', 'BG331', 'BG324', 'BG323', 'BG322', 'BG422', 'CZ042', 'BG425', 'BG424', 'BG423', 'DE22C', 'EL653', 'FRM02', 'FRM01', 'HR063', 'HR061', 'HR037', 'HR036', 'HR035', 'HR034', 'HR033', 'HR032', 'HR031', 'HR028', 'HR027', 'HR025', 'HR024', 'HR023', 'HR022', 'HR021', 'FRY40', 'FRJ12', 'EL644', 'EL643', 'DEE0E', 'DEE0C', 'DEE08', 'EL515', 'EL514', 'EL513', 'EL511', 'EL432', 'EL431', 'EL521', 'EL523', 'EL641', 'EL633', 'EL632', 'EL631', 'EL624', 'EL623', 'EL622', 'EL621', 'EL613', 'EL612', 'EL533', 'EL532', 'EL531', 'EL526', 'EL525', 'EL611', 'EE00A', 'EE009', 'EE008', 'EE004', 'PL514', 'PL415', 'PL633', 'AT224', 'RO321', 'PL912', 'PT150', 'ITH10', 'ITI14', 'ITH59', 'ITH55', 'ITC31', 'ITC4C', 'ITI43', 'SI043', 'DE717', 'DE713', 'DE502', 'DE279', 'DE262', 'BE232', 'ES640', 'ES630', 'ES618', 'ES617', 'ES614', 'FRC24', 'ES612', 'ES521', 'ES424', 'FRL06', 'FRL05', 'FRL04', 'FRK24', 'FRK23', 'HR050', 'FRI12', 'FRJ13', 'DEC02', 'DEB18', 'EL413', 'EL412', 'EL411', 'PL432', 'PL524', 'PL523', 'PL516', 'PL431', 'PL411', 'PL427', 'PL426', 'PL424', 'PL417', 'PL416', 'PL414', 'PL428', 'PL616', 'PL636', 'PL623', 'PL622', 'PL621', 'PL638', 'PL228', 'AT341', 'RO116', 'RO315', 'RO221', 'RO216', 'RO215', 'RO214', 'RO213', 'RO212', 'RO211', 'RO415', 'RO414', 'RO413', 'RO411', 'PT11B', 'ITG19', 'ITG18', 'ITG17', 'ITG13', 'ITG12', 'ITG11', 'ITF65', 'ITF48', 'ITF46', 'ITF45', 'ITF35', 'ITF33', 'ITF31', 'ITF13', 'HU323', 'LV006', 'LT024', 'LT027', 'SK041', 'BG342', 'BG325', 'BG321', 'BG315', 'BG314', 'BG313', 'BG312', 'CZ041', 'BG311', 'BE342', 'ES425', 'EL645', 'FRY10', 'FRY20', 'FRY30', 'HR026', 'DEB13', 'EL512', 'EL422', 'EL522', 'EL524', 'EL541']","['Public health', 'Infrastructure', 'Governance']","The policy addresses the healthcare crisis exacerbated by COVID-19, emphasizing the need for increased resources, personnel, and strategic interventions to prevent system collapse and ensure patient care continuity.","Facing a healthcare crisis intensified by the COVID-19 pandemic, the policy calls for urgent action to bolster healthcare resources and personnel. It highlights the critical shortage of medical staff, equipment, and essential supplies like tests and medications. The policy advocates for the establishment of temporary hospitals and the reallocation of existing resources to manage the surge in COVID-19 cases. It stresses the importance of government intervention to secure necessary medical supplies and support healthcare workers. The policy also emphasizes the need for increased testing and vaccination efforts, particularly for vulnerable populations, to mitigate the spread of the virus. Additionally, it calls for financial and logistical support from local governments to enhance healthcare infrastructure and ensure the availability of intensive care units. The intended outcome is to stabilize the healthcare system, reduce patient mortality, and maintain essential health services during the pandemic. By addressing these critical areas, the policy aims to prevent the healthcare system from reaching a breaking point and to safeguard public health effectively.",['PL63'],https://pomorskie.eu/wp-content/uploads/2020/11/MP_3_2020.pdf,Programme,Verified
"['PL518', 'PL515', 'PL418', 'PL613', 'PL617', 'PL637', 'PL634', 'PL619', 'PL618', 'PL22C', 'PL22B', 'PL227', 'PL225', 'PL224', 'PL219', 'PL218', 'PL217', 'PL214', 'RO314', 'RO312', 'RO226', 'RO225', 'RO224', 'RO223', 'RO222', 'RO317', 'SI036', 'SI031', 'RO422', 'RO412', 'PT119', 'PT112', 'PT111', 'PL926', 'PL925', 'PL922', 'PT16B', 'RO115', 'RO114', 'RO112', 'RO111', 'PT187', 'PT185', 'PT181', 'PT16I', 'PT16F', 'PT184', 'ITH31', 'ITG2G', 'ITG2D', 'ITG16', 'ITG15', 'ITG14', 'ITH35', 'ITI12', 'ITH36', 'ITF64', 'ITF63', 'ITF62', 'ITF61', 'ITF52', 'ITF51', 'ITF47', 'ITF43', 'ITF32', 'ITF22', 'ITF14', 'ITF12', 'ITF34', 'HU332', 'HU331', 'HU321', 'LV009', 'LV007', 'LV005', 'LV003', 'ITI35', 'ITI34', 'ITI33', 'ITI31', 'LT021', 'HU313', 'HU233', 'HU232', 'HU231', 'HU223', 'HU222', 'HU221', 'HU322', 'LT029', 'LT026', 'LT025', 'HU212', 'NO0A3', 'NO0A1', 'SK042', 'SK032', 'SK031', 'SK022', 'SK021', 'SE313', 'DE94G', 'DE939', 'BG344', 'BG343', 'BG334', 'BG333', 'BG332', 'BG331', 'BG324', 'BG323', 'BG322', 'BG422', 'CZ042', 'BG425', 'BG424', 'BG423', 'DE22C', 'EL653', 'FRM02', 'FRM01', 'HR063', 'HR061', 'HR037', 'HR036', 'HR035', 'HR034', 'HR033', 'HR032', 'HR031', 'HR028', 'HR027', 'HR025', 'HR024', 'HR023', 'HR022', 'HR021', 'FRY40', 'FRJ12', 'EL644', 'EL643', 'DEE0E', 'DEE0C', 'DEE08', 'EL515', 'EL514', 'EL513', 'EL511', 'EL432', 'EL431', 'EL521', 'EL523', 'EL641', 'EL633', 'EL632', 'EL631', 'EL624', 'EL623', 'EL622', 'EL621', 'EL613', 'EL612', 'EL533', 'EL532', 'EL531', 'EL526', 'EL525', 'EL611', 'EE00A', 'EE009', 'EE008', 'EE004', 'PL514', 'PL415', 'PL633', 'AT224', 'RO321', 'PL912', 'PT150', 'ITH10', 'ITI14', 'ITH59', 'ITH55', 'ITC31', 'ITC4C', 'ITI43', 'SI043', 'DE717', 'DE713', 'DE502', 'DE279', 'DE262', 'BE232', 'ES640', 'ES630', 'ES618', 'ES617', 'ES614', 'FRC24', 'ES612', 'ES521', 'ES424', 'FRL06', 'FRL05', 'FRL04', 'FRK24', 'FRK23', 'HR050', 'FRI12', 'FRJ13', 'DEC02', 'DEB18', 'EL413', 'EL412', 'EL411', 'PL432', 'PL524', 'PL523', 'PL516', 'PL431', 'PL411', 'PL427', 'PL426', 'PL424', 'PL417', 'PL416', 'PL414', 'PL428', 'PL616', 'PL636', 'PL623', 'PL622', 'PL621', 'PL638', 'PL228', 'AT341', 'RO116', 'RO315', 'RO221', 'RO216', 'RO215', 'RO214', 'RO213', 'RO212', 'RO211', 'RO415', 'RO414', 'RO413', 'RO411', 'PT11B', 'ITG19', 'ITG18', 'ITG17', 'ITG13', 'ITG12', 'ITG11', 'ITF65', 'ITF48', 'ITF46', 'ITF45', 'ITF35', 'ITF33', 'ITF31', 'ITF13', 'HU323', 'LV006', 'LT024', 'LT027', 'SK041', 'BG342', 'BG325', 'BG321', 'BG315', 'BG314', 'BG313', 'BG312', 'CZ041', 'BG311', 'BE342', 'ES425', 'EL645', 'FRY10', 'FRY20', 'FRY30', 'HR026', 'DEB13', 'EL512', 'EL422', 'EL522', 'EL524', 'EL541']","['Public health', 'Education', 'Infrastructure', 'Innovation', 'Regional development']","The policy focuses on improving air quality by replacing old heating systems, enhancing regional innovation, expanding transportation infrastructure, advancing vocational education, and integrating modern healthcare technologies.","The policy addresses multiple areas to enhance regional development and quality of life. It mandates the replacement of outdated heating systems to improve air quality, supported by EU funds, with financial aid available for residents. Innovation is promoted through a focus on economic and technological advancements, positioning the region as a leader in business and research. Transportation infrastructure is expanded with new train routes and hybrid trains, aiming for efficient and eco-friendly travel. Vocational education is prioritized, aligning curricula with market needs and providing additional training for teachers and students, supported by European Social Fund investments. In healthcare, the integration of robotic surgery and new outpatient clinics aims to improve patient outcomes and accessibility. These initiatives collectively aim to foster a sustainable, innovative, and healthy regional environment, leveraging EU support and local governance to achieve long-term benefits for residents and the economy.",['PL63'],https://pomorskie.eu/wp-content/uploads/2024/07/MP_3_2024.pdf,Programme,Community
"['PL518', 'PL515', 'PL418', 'PL613', 'PL617', 'PL637', 'PL634', 'PL619', 'PL618', 'PL22C', 'PL22B', 'PL227', 'PL225', 'PL224', 'PL219', 'PL218', 'PL217', 'PL214', 'RO314', 'RO312', 'RO226', 'RO225', 'RO224', 'RO223', 'RO222', 'RO317', 'SI036', 'SI031', 'RO422', 'RO412', 'PT119', 'PT112', 'PT111', 'PL926', 'PL925', 'PL922', 'PT16B', 'RO115', 'RO114', 'RO112', 'RO111', 'PT187', 'PT185', 'PT181', 'PT16I', 'PT16F', 'PT184', 'ITH31', 'ITG2G', 'ITG2D', 'ITG16', 'ITG15', 'ITG14', 'ITH35', 'ITI12', 'ITH36', 'ITF64', 'ITF63', 'ITF62', 'ITF61', 'ITF52', 'ITF51', 'ITF47', 'ITF43', 'ITF32', 'ITF22', 'ITF14', 'ITF12', 'ITF34', 'HU332', 'HU331', 'HU321', 'LV009', 'LV007', 'LV005', 'LV003', 'ITI35', 'ITI34', 'ITI33', 'ITI31', 'LT021', 'HU313', 'HU233', 'HU232', 'HU231', 'HU223', 'HU222', 'HU221', 'HU322', 'LT029', 'LT026', 'LT025', 'HU212', 'NO0A3', 'NO0A1', 'SK042', 'SK032', 'SK031', 'SK022', 'SK021', 'SE313', 'DE94G', 'DE939', 'BG344', 'BG343', 'BG334', 'BG333', 'BG332', 'BG331', 'BG324', 'BG323', 'BG322', 'BG422', 'CZ042', 'BG425', 'BG424', 'BG423', 'DE22C', 'EL653', 'FRM02', 'FRM01', 'HR063', 'HR061', 'HR037', 'HR036', 'HR035', 'HR034', 'HR033', 'HR032', 'HR031', 'HR028', 'HR027', 'HR025', 'HR024', 'HR023', 'HR022', 'HR021', 'FRY40', 'FRJ12', 'EL644', 'EL643', 'DEE0E', 'DEE0C', 'DEE08', 'EL515', 'EL514', 'EL513', 'EL511', 'EL432', 'EL431', 'EL521', 'EL523', 'EL641', 'EL633', 'EL632', 'EL631', 'EL624', 'EL623', 'EL622', 'EL621', 'EL613', 'EL612', 'EL533', 'EL532', 'EL531', 'EL526', 'EL525', 'EL611', 'EE00A', 'EE009', 'EE008', 'EE004', 'PL514', 'PL415', 'PL633', 'AT224', 'RO321', 'PL912', 'PT150', 'ITH10', 'ITI14', 'ITH59', 'ITH55', 'ITC31', 'ITC4C', 'ITI43', 'SI043', 'DE717', 'DE713', 'DE502', 'DE279', 'DE262', 'BE232', 'ES640', 'ES630', 'ES618', 'ES617', 'ES614', 'FRC24', 'ES612', 'ES521', 'ES424', 'FRL06', 'FRL05', 'FRL04', 'FRK24', 'FRK23', 'HR050', 'FRI12', 'FRJ13', 'DEC02', 'DEB18', 'EL413', 'EL412', 'EL411', 'PL432', 'PL524', 'PL523', 'PL516', 'PL431', 'PL411', 'PL427', 'PL426', 'PL424', 'PL417', 'PL416', 'PL414', 'PL428', 'PL616', 'PL636', 'PL623', 'PL622', 'PL621', 'PL638', 'PL228', 'AT341', 'RO116', 'RO315', 'RO221', 'RO216', 'RO215', 'RO214', 'RO213', 'RO212', 'RO211', 'RO415', 'RO414', 'RO413', 'RO411', 'PT11B', 'ITG19', 'ITG18', 'ITG17', 'ITG13', 'ITG12', 'ITG11', 'ITF65', 'ITF48', 'ITF46', 'ITF45', 'ITF35', 'ITF33', 'ITF31', 'ITF13', 'HU323', 'LV006', 'LT024', 'LT027', 'SK041', 'BG342', 'BG325', 'BG321', 'BG315', 'BG314', 'BG313', 'BG312', 'CZ041', 'BG311', 'BE342', 'ES425', 'EL645', 'FRY10', 'FRY20', 'FRY30', 'HR026', 'DEB13', 'EL512', 'EL422', 'EL522', 'EL524', 'EL541']","['Economic development', 'Regional development', 'Governance', 'Infrastructure', 'Public health']","The policy addresses the financial challenges faced by local governments due to the pandemic and economic crisis, emphasizing the need for EU funds to support recovery and development projects, ensuring sustainable growth and stability.","Local governments are experiencing significant financial strain due to the pandemic, economic downturn, and national policy decisions. The policy highlights the critical role of EU funds in mitigating these challenges by supporting regional development and recovery efforts. It stresses the importance of maintaining access to these funds to finance essential projects that local budgets cannot cover alone. The document outlines the potential loss of substantial EU financial support if national government actions lead to conflicts with the EU, particularly concerning the rule of law. It emphasizes the need for transparent and equitable distribution of government investment programs, which are currently perceived as politically biased. The policy advocates for collaboration between local and national governments to ensure that EU funds are effectively utilized to address pressing social and economic issues, such as unemployment, public health, and infrastructure development. The intended outcome is to secure financial stability and promote sustainable growth across regions, ultimately benefiting citizens and local economies. The document calls for a strategic approach to leverage EU resources, emphasizing the importance of legal and institutional frameworks that align with EU standards to avoid jeopardizing future funding opportunities.",['PL63'],https://pomorskie.eu/wp-content/uploads/2020/12/MP_4.pdf,Programme,AI
"['PL518', 'PL515', 'PL418', 'PL613', 'PL617', 'PL637', 'PL634', 'PL619', 'PL618', 'PL22C', 'PL22B', 'PL227', 'PL225', 'PL224', 'PL219', 'PL218', 'PL217', 'PL214', 'RO314', 'RO312', 'RO226', 'RO225', 'RO224', 'RO223', 'RO222', 'RO317', 'SI036', 'SI031', 'RO422', 'RO412', 'PT119', 'PT112', 'PT111', 'PL926', 'PL925', 'PL922', 'PT16B', 'RO115', 'RO114', 'RO112', 'RO111', 'PT187', 'PT185', 'PT181', 'PT16I', 'PT16F', 'PT184', 'ITH31', 'ITG2G', 'ITG2D', 'ITG16', 'ITG15', 'ITG14', 'ITH35', 'ITI12', 'ITH36', 'ITF64', 'ITF63', 'ITF62', 'ITF61', 'ITF52', 'ITF51', 'ITF47', 'ITF43', 'ITF32', 'ITF22', 'ITF14', 'ITF12', 'ITF34', 'HU332', 'HU331', 'HU321', 'LV009', 'LV007', 'LV005', 'LV003', 'ITI35', 'ITI34', 'ITI33', 'ITI31', 'LT021', 'HU313', 'HU233', 'HU232', 'HU231', 'HU223', 'HU222', 'HU221', 'HU322', 'LT029', 'LT026', 'LT025', 'HU212', 'NO0A3', 'NO0A1', 'SK042', 'SK032', 'SK031', 'SK022', 'SK021', 'SE313', 'DE94G', 'DE939', 'BG344', 'BG343', 'BG334', 'BG333', 'BG332', 'BG331', 'BG324', 'BG323', 'BG322', 'BG422', 'CZ042', 'BG425', 'BG424', 'BG423', 'DE22C', 'EL653', 'FRM02', 'FRM01', 'HR063', 'HR061', 'HR037', 'HR036', 'HR035', 'HR034', 'HR033', 'HR032', 'HR031', 'HR028', 'HR027', 'HR025', 'HR024', 'HR023', 'HR022', 'HR021', 'FRY40', 'FRJ12', 'EL644', 'EL643', 'DEE0E', 'DEE0C', 'DEE08', 'EL515', 'EL514', 'EL513', 'EL511', 'EL432', 'EL431', 'EL521', 'EL523', 'EL641', 'EL633', 'EL632', 'EL631', 'EL624', 'EL623', 'EL622', 'EL621', 'EL613', 'EL612', 'EL533', 'EL532', 'EL531', 'EL526', 'EL525', 'EL611', 'EE00A', 'EE009', 'EE008', 'EE004', 'PL514', 'PL415', 'PL633', 'AT224', 'RO321', 'PL912', 'PT150', 'ITH10', 'ITI14', 'ITH59', 'ITH55', 'ITC31', 'ITC4C', 'ITI43', 'SI043', 'DE717', 'DE713', 'DE502', 'DE279', 'DE262', 'BE232', 'ES640', 'ES630', 'ES618', 'ES617', 'ES614', 'FRC24', 'ES612', 'ES521', 'ES424', 'FRL06', 'FRL05', 'FRL04', 'FRK24', 'FRK23', 'HR050', 'FRI12', 'FRJ13', 'DEC02', 'DEB18', 'EL413', 'EL412', 'EL411', 'PL432', 'PL524', 'PL523', 'PL516', 'PL431', 'PL411', 'PL427', 'PL426', 'PL424', 'PL417', 'PL416', 'PL414', 'PL428', 'PL616', 'PL636', 'PL623', 'PL622', 'PL621', 'PL638', 'PL228', 'AT341', 'RO116', 'RO315', 'RO221', 'RO216', 'RO215', 'RO214', 'RO213', 'RO212', 'RO211', 'RO415', 'RO414', 'RO413', 'RO411', 'PT11B', 'ITG19', 'ITG18', 'ITG17', 'ITG13', 'ITG12', 'ITG11', 'ITF65', 'ITF48', 'ITF46', 'ITF45', 'ITF35', 'ITF33', 'ITF31', 'ITF13', 'HU323', 'LV006', 'LT024', 'LT027', 'SK041', 'BG342', 'BG325', 'BG321', 'BG315', 'BG314', 'BG313', 'BG312', 'CZ041', 'BG311', 'BE342', 'ES425', 'EL645', 'FRY10', 'FRY20', 'FRY30', 'HR026', 'DEB13', 'EL512', 'EL422', 'EL522', 'EL524', 'EL541']","['Economic development', 'Regional development', 'Innovation', 'Digitalisation', 'Sustainability']","The policy introduces a development loan for micro, small, and medium enterprises to boost entrepreneurship and regional growth. It offers favorable terms, including full investment coverage and low interest rates, to support technological advancements and productivity improvements.","The policy focuses on fostering entrepreneurship and regional development in Pomorskie by offering a new financial product: the development loan. This loan targets micro, small, and medium enterprises, providing them with up to 100% investment coverage, low interest rates, and a repayment period of up to seven years. The initiative aims to support businesses in adopting new technologies, digitalization, automation, and AI, as well as improving management structures and acquiring necessary equipment. Special preferences are given to projects aligned with Pomorskie's Intelligent Specializations, such as climate neutrality and circular economy initiatives. The policy is part of the FEP 2021-2027 program, with a total of 178 million PLN allocated for these loans. The expected outcome is to enhance regional productivity, support business transformation, and stimulate economic growth. The policy also emphasizes the importance of financial instruments in building regional potential and entrepreneurship. The Pomorski Fundusz Rozwoju, along with other financial partners, will facilitate the loan distribution, ensuring that businesses have access to the necessary capital to thrive in a competitive market. This approach is designed to create a favorable business environment and drive sustainable economic development in the region.",['PL63'],https://pomorskie.eu/wp-content/uploads/2024/09/MP_4_2024.pdf,Policy,Verified
"['PL518', 'PL515', 'PL418', 'PL613', 'PL617', 'PL637', 'PL634', 'PL619', 'PL618', 'PL22C', 'PL22B', 'PL227', 'PL225', 'PL224', 'PL219', 'PL218', 'PL217', 'PL214', 'RO314', 'RO312', 'RO226', 'RO225', 'RO224', 'RO223', 'RO222', 'RO317', 'SI036', 'SI031', 'RO422', 'RO412', 'PT119', 'PT112', 'PT111', 'PL926', 'PL925', 'PL922', 'PT16B', 'RO115', 'RO114', 'RO112', 'RO111', 'PT187', 'PT185', 'PT181', 'PT16I', 'PT16F', 'PT184', 'ITH31', 'ITG2G', 'ITG2D', 'ITG16', 'ITG15', 'ITG14', 'ITH35', 'ITI12', 'ITH36', 'ITF64', 'ITF63', 'ITF62', 'ITF61', 'ITF52', 'ITF51', 'ITF47', 'ITF43', 'ITF32', 'ITF22', 'ITF14', 'ITF12', 'ITF34', 'HU332', 'HU331', 'HU321', 'LV009', 'LV007', 'LV005', 'LV003', 'ITI35', 'ITI34', 'ITI33', 'ITI31', 'LT021', 'HU313', 'HU233', 'HU232', 'HU231', 'HU223', 'HU222', 'HU221', 'HU322', 'LT029', 'LT026', 'LT025', 'HU212', 'NO0A3', 'NO0A1', 'SK042', 'SK032', 'SK031', 'SK022', 'SK021', 'SE313', 'DE94G', 'DE939', 'BG344', 'BG343', 'BG334', 'BG333', 'BG332', 'BG331', 'BG324', 'BG323', 'BG322', 'BG422', 'CZ042', 'BG425', 'BG424', 'BG423', 'DE22C', 'EL653', 'FRM02', 'FRM01', 'HR063', 'HR061', 'HR037', 'HR036', 'HR035', 'HR034', 'HR033', 'HR032', 'HR031', 'HR028', 'HR027', 'HR025', 'HR024', 'HR023', 'HR022', 'HR021', 'FRY40', 'FRJ12', 'EL644', 'EL643', 'DEE0E', 'DEE0C', 'DEE08', 'EL515', 'EL514', 'EL513', 'EL511', 'EL432', 'EL431', 'EL521', 'EL523', 'EL641', 'EL633', 'EL632', 'EL631', 'EL624', 'EL623', 'EL622', 'EL621', 'EL613', 'EL612', 'EL533', 'EL532', 'EL531', 'EL526', 'EL525', 'EL611', 'EE00A', 'EE009', 'EE008', 'EE004', 'PL514', 'PL415', 'PL633', 'AT224', 'RO321', 'PL912', 'PT150', 'ITH10', 'ITI14', 'ITH59', 'ITH55', 'ITC31', 'ITC4C', 'ITI43', 'SI043', 'DE717', 'DE713', 'DE502', 'DE279', 'DE262', 'BE232', 'ES640', 'ES630', 'ES618', 'ES617', 'ES614', 'FRC24', 'ES612', 'ES521', 'ES424', 'FRL06', 'FRL05', 'FRL04', 'FRK24', 'FRK23', 'HR050', 'FRI12', 'FRJ13', 'DEC02', 'DEB18', 'EL413', 'EL412', 'EL411', 'PL432', 'PL524', 'PL523', 'PL516', 'PL431', 'PL411', 'PL427', 'PL426', 'PL424', 'PL417', 'PL416', 'PL414', 'PL428', 'PL616', 'PL636', 'PL623', 'PL622', 'PL621', 'PL638', 'PL228', 'AT341', 'RO116', 'RO315', 'RO221', 'RO216', 'RO215', 'RO214', 'RO213', 'RO212', 'RO211', 'RO415', 'RO414', 'RO413', 'RO411', 'PT11B', 'ITG19', 'ITG18', 'ITG17', 'ITG13', 'ITG12', 'ITG11', 'ITF65', 'ITF48', 'ITF46', 'ITF45', 'ITF35', 'ITF33', 'ITF31', 'ITF13', 'HU323', 'LV006', 'LT024', 'LT027', 'SK041', 'BG342', 'BG325', 'BG321', 'BG315', 'BG314', 'BG313', 'BG312', 'CZ041', 'BG311', 'BE342', 'ES425', 'EL645', 'FRY10', 'FRY20', 'FRY30', 'HR026', 'DEB13', 'EL512', 'EL422', 'EL522', 'EL524', 'EL541']","['Economic development', 'Public health', 'Education', 'Infrastructure', 'Community engagement']","The policy focuses on enhancing democratic participation, improving infrastructure, supporting education, and advancing healthcare to foster regional development and societal well-being.","The policy emphasizes the importance of democratic participation, urging citizens to vote in upcoming elections to shape the nation's future. It highlights the need for improved infrastructure, including roads and public transport, to support economic growth and accessibility. The policy also prioritizes education by providing scholarships to talented students, aiming to nurture future leaders and innovators. In healthcare, the focus is on expanding mental health services, particularly for children and adolescents, to address growing needs and improve community health outcomes. The policy outlines financial support for these initiatives, leveraging both regional budgets and European Union funds to maximize impact. By investing in these key areas, the policy aims to create a more equitable and prosperous society, ensuring that all citizens have the opportunity to thrive. The approach is collaborative, involving local governments, educational institutions, and healthcare providers to implement effective solutions tailored to community needs. The anticipated outcomes include increased voter turnout, enhanced public services, and improved quality of life for residents, contributing to long-term regional stability and development.",['PL63'],https://pomorskie.eu/wp-content/uploads/2023/10/MP_5.pdf,Programme,Community
"['PL518', 'PL515', 'PL418', 'PL613', 'PL617', 'PL637', 'PL634', 'PL619', 'PL618', 'PL22C', 'PL22B', 'PL227', 'PL225', 'PL224', 'PL219', 'PL218', 'PL217', 'PL214', 'RO314', 'RO312', 'RO226', 'RO225', 'RO224', 'RO223', 'RO222', 'RO317', 'SI036', 'SI031', 'RO422', 'RO412', 'PT119', 'PT112', 'PT111', 'PL926', 'PL925', 'PL922', 'PT16B', 'RO115', 'RO114', 'RO112', 'RO111', 'PT187', 'PT185', 'PT181', 'PT16I', 'PT16F', 'PT184', 'ITH31', 'ITG2G', 'ITG2D', 'ITG16', 'ITG15', 'ITG14', 'ITH35', 'ITI12', 'ITH36', 'ITF64', 'ITF63', 'ITF62', 'ITF61', 'ITF52', 'ITF51', 'ITF47', 'ITF43', 'ITF32', 'ITF22', 'ITF14', 'ITF12', 'ITF34', 'HU332', 'HU331', 'HU321', 'LV009', 'LV007', 'LV005', 'LV003', 'ITI35', 'ITI34', 'ITI33', 'ITI31', 'LT021', 'HU313', 'HU233', 'HU232', 'HU231', 'HU223', 'HU222', 'HU221', 'HU322', 'LT029', 'LT026', 'LT025', 'HU212', 'NO0A3', 'NO0A1', 'SK042', 'SK032', 'SK031', 'SK022', 'SK021', 'SE313', 'DE94G', 'DE939', 'BG344', 'BG343', 'BG334', 'BG333', 'BG332', 'BG331', 'BG324', 'BG323', 'BG322', 'BG422', 'CZ042', 'BG425', 'BG424', 'BG423', 'DE22C', 'EL653', 'FRM02', 'FRM01', 'HR063', 'HR061', 'HR037', 'HR036', 'HR035', 'HR034', 'HR033', 'HR032', 'HR031', 'HR028', 'HR027', 'HR025', 'HR024', 'HR023', 'HR022', 'HR021', 'FRY40', 'FRJ12', 'EL644', 'EL643', 'DEE0E', 'DEE0C', 'DEE08', 'EL515', 'EL514', 'EL513', 'EL511', 'EL432', 'EL431', 'EL521', 'EL523', 'EL641', 'EL633', 'EL632', 'EL631', 'EL624', 'EL623', 'EL622', 'EL621', 'EL613', 'EL612', 'EL533', 'EL532', 'EL531', 'EL526', 'EL525', 'EL611', 'EE00A', 'EE009', 'EE008', 'EE004', 'PL514', 'PL415', 'PL633', 'AT224', 'RO321', 'PL912', 'PT150', 'ITH10', 'ITI14', 'ITH59', 'ITH55', 'ITC31', 'ITC4C', 'ITI43', 'SI043', 'DE717', 'DE713', 'DE502', 'DE279', 'DE262', 'BE232', 'ES640', 'ES630', 'ES618', 'ES617', 'ES614', 'FRC24', 'ES612', 'ES521', 'ES424', 'FRL06', 'FRL05', 'FRL04', 'FRK24', 'FRK23', 'HR050', 'FRI12', 'FRJ13', 'DEC02', 'DEB18', 'EL413', 'EL412', 'EL411', 'PL432', 'PL524', 'PL523', 'PL516', 'PL431', 'PL411', 'PL427', 'PL426', 'PL424', 'PL417', 'PL416', 'PL414', 'PL428', 'PL616', 'PL636', 'PL623', 'PL622', 'PL621', 'PL638', 'PL228', 'AT341', 'RO116', 'RO315', 'RO221', 'RO216', 'RO215', 'RO214', 'RO213', 'RO212', 'RO211', 'RO415', 'RO414', 'RO413', 'RO411', 'PT11B', 'ITG19', 'ITG18', 'ITG17', 'ITG13', 'ITG12', 'ITG11', 'ITF65', 'ITF48', 'ITF46', 'ITF45', 'ITF35', 'ITF33', 'ITF31', 'ITF13', 'HU323', 'LV006', 'LT024', 'LT027', 'SK041', 'BG342', 'BG325', 'BG321', 'BG315', 'BG314', 'BG313', 'BG312', 'CZ041', 'BG311', 'BE342', 'ES425', 'EL645', 'FRY10', 'FRY20', 'FRY30', 'HR026', 'DEB13', 'EL512', 'EL422', 'EL522', 'EL524', 'EL541']","['Public health', 'Infrastructure', 'Social inclusion', 'Environmental protection', 'Regional development']","The policy focuses on improving public health, transport infrastructure, and integration of foreigners, while enhancing vocational education and addressing environmental challenges to boost regional development and quality of life.","The policy aims to enhance public health by promoting preventive care and healthy lifestyles, supported by regional health programs. Transport infrastructure improvements include the development of rail networks and road upgrades to facilitate connectivity and economic growth. Integration efforts for foreigners focus on establishing support centers offering language courses, legal advice, and cultural orientation to foster social cohesion. Vocational education is prioritized to align with labor market demands, providing skills in sectors like technology, logistics, and healthcare. Environmental initiatives target illegal waste management and air quality improvement through regulatory measures and community engagement. The policy seeks to create a sustainable and inclusive environment, driving economic development and improving residents' quality of life. By addressing these key areas, the policy aims to position the region as a leader in health, transport, and social integration, while ensuring environmental sustainability and educational advancement. The expected outcomes include a healthier population, efficient transport systems, integrated communities, skilled workforce, and a cleaner environment, contributing to the overall prosperity and resilience of the region.",['PL63'],https://pomorskie.eu/wp-content/uploads/2024/12/MP_5_2024.pdf,Programme,AI
"['PL518', 'PL515', 'PL418', 'PL613', 'PL617', 'PL637', 'PL634', 'PL619', 'PL618', 'PL22C', 'PL22B', 'PL227', 'PL225', 'PL224', 'PL219', 'PL218', 'PL217', 'PL214', 'RO314', 'RO312', 'RO226', 'RO225', 'RO224', 'RO223', 'RO222', 'RO317', 'SI036', 'SI031', 'RO422', 'RO412', 'PT119', 'PT112', 'PT111', 'PL926', 'PL925', 'PL922', 'PT16B', 'RO115', 'RO114', 'RO112', 'RO111', 'PT187', 'PT185', 'PT181', 'PT16I', 'PT16F', 'PT184', 'ITH31', 'ITG2G', 'ITG2D', 'ITG16', 'ITG15', 'ITG14', 'ITH35', 'ITI12', 'ITH36', 'ITF64', 'ITF63', 'ITF62', 'ITF61', 'ITF52', 'ITF51', 'ITF47', 'ITF43', 'ITF32', 'ITF22', 'ITF14', 'ITF12', 'ITF34', 'HU332', 'HU331', 'HU321', 'LV009', 'LV007', 'LV005', 'LV003', 'ITI35', 'ITI34', 'ITI33', 'ITI31', 'LT021', 'HU313', 'HU233', 'HU232', 'HU231', 'HU223', 'HU222', 'HU221', 'HU322', 'LT029', 'LT026', 'LT025', 'HU212', 'NO0A3', 'NO0A1', 'SK042', 'SK032', 'SK031', 'SK022', 'SK021', 'SE313', 'DE94G', 'DE939', 'BG344', 'BG343', 'BG334', 'BG333', 'BG332', 'BG331', 'BG324', 'BG323', 'BG322', 'BG422', 'CZ042', 'BG425', 'BG424', 'BG423', 'DE22C', 'EL653', 'FRM02', 'FRM01', 'HR063', 'HR061', 'HR037', 'HR036', 'HR035', 'HR034', 'HR033', 'HR032', 'HR031', 'HR028', 'HR027', 'HR025', 'HR024', 'HR023', 'HR022', 'HR021', 'FRY40', 'FRJ12', 'EL644', 'EL643', 'DEE0E', 'DEE0C', 'DEE08', 'EL515', 'EL514', 'EL513', 'EL511', 'EL432', 'EL431', 'EL521', 'EL523', 'EL641', 'EL633', 'EL632', 'EL631', 'EL624', 'EL623', 'EL622', 'EL621', 'EL613', 'EL612', 'EL533', 'EL532', 'EL531', 'EL526', 'EL525', 'EL611', 'EE00A', 'EE009', 'EE008', 'EE004', 'PL514', 'PL415', 'PL633', 'AT224', 'RO321', 'PL912', 'PT150', 'ITH10', 'ITI14', 'ITH59', 'ITH55', 'ITC31', 'ITC4C', 'ITI43', 'SI043', 'DE717', 'DE713', 'DE502', 'DE279', 'DE262', 'BE232', 'ES640', 'ES630', 'ES618', 'ES617', 'ES614', 'FRC24', 'ES612', 'ES521', 'ES424', 'FRL06', 'FRL05', 'FRL04', 'FRK24', 'FRK23', 'HR050', 'FRI12', 'FRJ13', 'DEC02', 'DEB18', 'EL413', 'EL412', 'EL411', 'PL432', 'PL524', 'PL523', 'PL516', 'PL431', 'PL411', 'PL427', 'PL426', 'PL424', 'PL417', 'PL416', 'PL414', 'PL428', 'PL616', 'PL636', 'PL623', 'PL622', 'PL621', 'PL638', 'PL228', 'AT341', 'RO116', 'RO315', 'RO221', 'RO216', 'RO215', 'RO214', 'RO213', 'RO212', 'RO211', 'RO415', 'RO414', 'RO413', 'RO411', 'PT11B', 'ITG19', 'ITG18', 'ITG17', 'ITG13', 'ITG12', 'ITG11', 'ITF65', 'ITF48', 'ITF46', 'ITF45', 'ITF35', 'ITF33', 'ITF31', 'ITF13', 'HU323', 'LV006', 'LT024', 'LT027', 'SK041', 'BG342', 'BG325', 'BG321', 'BG315', 'BG314', 'BG313', 'BG312', 'CZ041', 'BG311', 'BE342', 'ES425', 'EL645', 'FRY10', 'FRY20', 'FRY30', 'HR026', 'DEB13', 'EL512', 'EL422', 'EL522', 'EL524', 'EL541']","['Energy', 'Community engagement', 'Environmental protection', 'Infrastructure', 'Regional development']","The policy focuses on fostering public dialogue about nuclear energy infrastructure to address regional energy needs and enhance security, while considering environmental and social impacts.","The policy emphasizes the importance of public dialogue in the development of nuclear energy infrastructure to meet regional energy demands and improve energy security. It acknowledges the central government's role in decision-making but highlights the need for local engagement to address environmental and social concerns. The policy advocates for comprehensive cost-benefit analyses and transparent communication to ensure informed public participation. It stresses the potential economic benefits of nuclear energy while recognizing the environmental risks, particularly concerning the Baltic Sea's ecosystem. The policy calls for independent environmental assessments to resolve scientific disagreements and mitigate potential legal challenges. It also outlines the need for infrastructure improvements, such as transportation and healthcare, to support the nuclear project and address community needs. The policy aims to prevent project delays by fostering consensus and addressing stakeholder concerns, ultimately contributing to regional development and energy sustainability.",['PL63'],https://pomorskie.eu/wp-content/uploads/2023/12/MP_6.pdf,Programme,Verified
"['PL518', 'PL515', 'PL418', 'PL613', 'PL617', 'PL637', 'PL634', 'PL619', 'PL618', 'PL22C', 'PL22B', 'PL227', 'PL225', 'PL224', 'PL219', 'PL218', 'PL217', 'PL214', 'RO314', 'RO312', 'RO226', 'RO225', 'RO224', 'RO223', 'RO222', 'RO317', 'SI036', 'SI031', 'RO422', 'RO412', 'PT119', 'PT112', 'PT111', 'PL926', 'PL925', 'PL922', 'PT16B', 'RO115', 'RO114', 'RO112', 'RO111', 'PT187', 'PT185', 'PT181', 'PT16I', 'PT16F', 'PT184', 'ITH31', 'ITG2G', 'ITG2D', 'ITG16', 'ITG15', 'ITG14', 'ITH35', 'ITI12', 'ITH36', 'ITF64', 'ITF63', 'ITF62', 'ITF61', 'ITF52', 'ITF51', 'ITF47', 'ITF43', 'ITF32', 'ITF22', 'ITF14', 'ITF12', 'ITF34', 'HU332', 'HU331', 'HU321', 'LV009', 'LV007', 'LV005', 'LV003', 'ITI35', 'ITI34', 'ITI33', 'ITI31', 'LT021', 'HU313', 'HU233', 'HU232', 'HU231', 'HU223', 'HU222', 'HU221', 'HU322', 'LT029', 'LT026', 'LT025', 'HU212', 'NO0A3', 'NO0A1', 'SK042', 'SK032', 'SK031', 'SK022', 'SK021', 'SE313', 'DE94G', 'DE939', 'BG344', 'BG343', 'BG334', 'BG333', 'BG332', 'BG331', 'BG324', 'BG323', 'BG322', 'BG422', 'CZ042', 'BG425', 'BG424', 'BG423', 'DE22C', 'EL653', 'FRM02', 'FRM01', 'HR063', 'HR061', 'HR037', 'HR036', 'HR035', 'HR034', 'HR033', 'HR032', 'HR031', 'HR028', 'HR027', 'HR025', 'HR024', 'HR023', 'HR022', 'HR021', 'FRY40', 'FRJ12', 'EL644', 'EL643', 'DEE0E', 'DEE0C', 'DEE08', 'EL515', 'EL514', 'EL513', 'EL511', 'EL432', 'EL431', 'EL521', 'EL523', 'EL641', 'EL633', 'EL632', 'EL631', 'EL624', 'EL623', 'EL622', 'EL621', 'EL613', 'EL612', 'EL533', 'EL532', 'EL531', 'EL526', 'EL525', 'EL611', 'EE00A', 'EE009', 'EE008', 'EE004', 'PL514', 'PL415', 'PL633', 'AT224', 'RO321', 'PL912', 'PT150', 'ITH10', 'ITI14', 'ITH59', 'ITH55', 'ITC31', 'ITC4C', 'ITI43', 'SI043', 'DE717', 'DE713', 'DE502', 'DE279', 'DE262', 'BE232', 'ES640', 'ES630', 'ES618', 'ES617', 'ES614', 'FRC24', 'ES612', 'ES521', 'ES424', 'FRL06', 'FRL05', 'FRL04', 'FRK24', 'FRK23', 'HR050', 'FRI12', 'FRJ13', 'DEC02', 'DEB18', 'EL413', 'EL412', 'EL411', 'PL432', 'PL524', 'PL523', 'PL516', 'PL431', 'PL411', 'PL427', 'PL426', 'PL424', 'PL417', 'PL416', 'PL414', 'PL428', 'PL616', 'PL636', 'PL623', 'PL622', 'PL621', 'PL638', 'PL228', 'AT341', 'RO116', 'RO315', 'RO221', 'RO216', 'RO215', 'RO214', 'RO213', 'RO212', 'RO211', 'RO415', 'RO414', 'RO413', 'RO411', 'PT11B', 'ITG19', 'ITG18', 'ITG17', 'ITG13', 'ITG12', 'ITG11', 'ITF65', 'ITF48', 'ITF46', 'ITF45', 'ITF35', 'ITF33', 'ITF31', 'ITF13', 'HU323', 'LV006', 'LT024', 'LT027', 'SK041', 'BG342', 'BG325', 'BG321', 'BG315', 'BG314', 'BG313', 'BG312', 'CZ041', 'BG311', 'BE342', 'ES425', 'EL645', 'FRY10', 'FRY20', 'FRY30', 'HR026', 'DEB13', 'EL512', 'EL422', 'EL522', 'EL524', 'EL541']","['Migration', 'Public health', 'Community engagement', 'Housing']","The policy focuses on supporting Ukraine amidst conflict through humanitarian aid, integration of refugees, and medical assistance, aiming to alleviate the impact of war and promote stability.","In response to the ongoing conflict in Ukraine, the policy outlines a comprehensive support strategy involving humanitarian aid, refugee integration, and medical assistance. Humanitarian efforts include the provision of medical supplies, food, and essential goods, alongside the deployment of ambulances and power generators to critical areas. The integration of Ukrainian refugees is facilitated through financial allocations exceeding 100 million PLN, supporting housing, legal aid, and language courses. Medical assistance is extended to injured soldiers, with treatments conducted in local hospitals. The policy also emphasizes the importance of maintaining strong communication with Ukrainian local governments and the Ukrainian consul in Gdańsk to ensure coordinated efforts. The overarching goal is to mitigate the humanitarian crisis, support the resilience of Ukrainian communities, and foster long-term stability in the region. The policy reflects a commitment to solidarity with Ukraine, aiming to provide immediate relief while laying the groundwork for future recovery and integration into European frameworks. The impact is expected to be significant, offering both immediate and sustained support to those affected by the conflict, while also encouraging other regions and organizations to contribute to the collective effort.",['PL63'],https://pomorskie.eu/wp-content/uploads/2023/04/MP1.pdf,Programme,Community
"['PL518', 'PL515', 'PL418', 'PL613', 'PL617', 'PL637', 'PL634', 'PL619', 'PL618', 'PL22C', 'PL22B', 'PL227', 'PL225', 'PL224', 'PL219', 'PL218', 'PL217', 'PL214', 'RO314', 'RO312', 'RO226', 'RO225', 'RO224', 'RO223', 'RO222', 'RO317', 'SI036', 'SI031', 'RO422', 'RO412', 'PT119', 'PT112', 'PT111', 'PL926', 'PL925', 'PL922', 'PT16B', 'RO115', 'RO114', 'RO112', 'RO111', 'PT187', 'PT185', 'PT181', 'PT16I', 'PT16F', 'PT184', 'ITH31', 'ITG2G', 'ITG2D', 'ITG16', 'ITG15', 'ITG14', 'ITH35', 'ITI12', 'ITH36', 'ITF64', 'ITF63', 'ITF62', 'ITF61', 'ITF52', 'ITF51', 'ITF47', 'ITF43', 'ITF32', 'ITF22', 'ITF14', 'ITF12', 'ITF34', 'HU332', 'HU331', 'HU321', 'LV009', 'LV007', 'LV005', 'LV003', 'ITI35', 'ITI34', 'ITI33', 'ITI31', 'LT021', 'HU313', 'HU233', 'HU232', 'HU231', 'HU223', 'HU222', 'HU221', 'HU322', 'LT029', 'LT026', 'LT025', 'HU212', 'NO0A3', 'NO0A1', 'SK042', 'SK032', 'SK031', 'SK022', 'SK021', 'SE313', 'DE94G', 'DE939', 'BG344', 'BG343', 'BG334', 'BG333', 'BG332', 'BG331', 'BG324', 'BG323', 'BG322', 'BG422', 'CZ042', 'BG425', 'BG424', 'BG423', 'DE22C', 'EL653', 'FRM02', 'FRM01', 'HR063', 'HR061', 'HR037', 'HR036', 'HR035', 'HR034', 'HR033', 'HR032', 'HR031', 'HR028', 'HR027', 'HR025', 'HR024', 'HR023', 'HR022', 'HR021', 'FRY40', 'FRJ12', 'EL644', 'EL643', 'DEE0E', 'DEE0C', 'DEE08', 'EL515', 'EL514', 'EL513', 'EL511', 'EL432', 'EL431', 'EL521', 'EL523', 'EL641', 'EL633', 'EL632', 'EL631', 'EL624', 'EL623', 'EL622', 'EL621', 'EL613', 'EL612', 'EL533', 'EL532', 'EL531', 'EL526', 'EL525', 'EL611', 'EE00A', 'EE009', 'EE008', 'EE004', 'PL514', 'PL415', 'PL633', 'AT224', 'RO321', 'PL912', 'PT150', 'ITH10', 'ITI14', 'ITH59', 'ITH55', 'ITC31', 'ITC4C', 'ITI43', 'SI043', 'DE717', 'DE713', 'DE502', 'DE279', 'DE262', 'BE232', 'ES640', 'ES630', 'ES618', 'ES617', 'ES614', 'FRC24', 'ES612', 'ES521', 'ES424', 'FRL06', 'FRL05', 'FRL04', 'FRK24', 'FRK23', 'HR050', 'FRI12', 'FRJ13', 'DEC02', 'DEB18', 'EL413', 'EL412', 'EL411', 'PL432', 'PL524', 'PL523', 'PL516', 'PL431', 'PL411', 'PL427', 'PL426', 'PL424', 'PL417', 'PL416', 'PL414', 'PL428', 'PL616', 'PL636', 'PL623', 'PL622', 'PL621', 'PL638', 'PL228', 'AT341', 'RO116', 'RO315', 'RO221', 'RO216', 'RO215', 'RO214', 'RO213', 'RO212', 'RO211', 'RO415', 'RO414', 'RO413', 'RO411', 'PT11B', 'ITG19', 'ITG18', 'ITG17', 'ITG13', 'ITG12', 'ITG11', 'ITF65', 'ITF48', 'ITF46', 'ITF45', 'ITF35', 'ITF33', 'ITF31', 'ITF13', 'HU323', 'LV006', 'LT024', 'LT027', 'SK041', 'BG342', 'BG325', 'BG321', 'BG315', 'BG314', 'BG313', 'BG312', 'CZ041', 'BG311', 'BE342', 'ES425', 'EL645', 'FRY10', 'FRY20', 'FRY30', 'HR026', 'DEB13', 'EL512', 'EL422', 'EL522', 'EL524', 'EL541']","['Economic development', 'Infrastructure', 'Transportation', 'Regional development', 'Sustainability']",The policy focuses on enhancing regional infrastructure through collaborative efforts to improve transport efficiency and support economic growth. It aims to modernize existing systems and build new ones to meet increasing demands.,"The policy addresses the need for improved infrastructure to support economic growth and transport efficiency. It emphasizes collaboration between government bodies, local authorities, and private entities to modernize existing transport systems and develop new infrastructure. Key actions include expanding road networks, enhancing public transport options, and integrating sustainable practices. The policy aims to reduce congestion, improve connectivity, and support regional development by facilitating smoother transit for residents and businesses. By investing in strategic projects, the policy seeks to create a robust infrastructure framework that can accommodate future growth and technological advancements. The expected outcomes include increased economic activity, reduced environmental impact, and improved quality of life for residents. The policy also highlights the importance of securing funding from various sources, including government budgets and external investments, to ensure the successful implementation of these initiatives. Through these efforts, the policy aims to position the region as a competitive and attractive location for businesses and residents alike, fostering long-term economic resilience and sustainability.",['PL63'],https://pomorskie.eu/wp-content/uploads/2025/04/MP1_20025.pdf,Programme,AI
"['PL518', 'PL515', 'PL418', 'PL613', 'PL617', 'PL637', 'PL634', 'PL619', 'PL618', 'PL22C', 'PL22B', 'PL227', 'PL225', 'PL224', 'PL219', 'PL218', 'PL217', 'PL214', 'RO314', 'RO312', 'RO226', 'RO225', 'RO224', 'RO223', 'RO222', 'RO317', 'SI036', 'SI031', 'RO422', 'RO412', 'PT119', 'PT112', 'PT111', 'PL926', 'PL925', 'PL922', 'PT16B', 'RO115', 'RO114', 'RO112', 'RO111', 'PT187', 'PT185', 'PT181', 'PT16I', 'PT16F', 'PT184', 'ITH31', 'ITG2G', 'ITG2D', 'ITG16', 'ITG15', 'ITG14', 'ITH35', 'ITI12', 'ITH36', 'ITF64', 'ITF63', 'ITF62', 'ITF61', 'ITF52', 'ITF51', 'ITF47', 'ITF43', 'ITF32', 'ITF22', 'ITF14', 'ITF12', 'ITF34', 'HU332', 'HU331', 'HU321', 'LV009', 'LV007', 'LV005', 'LV003', 'ITI35', 'ITI34', 'ITI33', 'ITI31', 'LT021', 'HU313', 'HU233', 'HU232', 'HU231', 'HU223', 'HU222', 'HU221', 'HU322', 'LT029', 'LT026', 'LT025', 'HU212', 'NO0A3', 'NO0A1', 'SK042', 'SK032', 'SK031', 'SK022', 'SK021', 'SE313', 'DE94G', 'DE939', 'BG344', 'BG343', 'BG334', 'BG333', 'BG332', 'BG331', 'BG324', 'BG323', 'BG322', 'BG422', 'CZ042', 'BG425', 'BG424', 'BG423', 'DE22C', 'EL653', 'FRM02', 'FRM01', 'HR063', 'HR061', 'HR037', 'HR036', 'HR035', 'HR034', 'HR033', 'HR032', 'HR031', 'HR028', 'HR027', 'HR025', 'HR024', 'HR023', 'HR022', 'HR021', 'FRY40', 'FRJ12', 'EL644', 'EL643', 'DEE0E', 'DEE0C', 'DEE08', 'EL515', 'EL514', 'EL513', 'EL511', 'EL432', 'EL431', 'EL521', 'EL523', 'EL641', 'EL633', 'EL632', 'EL631', 'EL624', 'EL623', 'EL622', 'EL621', 'EL613', 'EL612', 'EL533', 'EL532', 'EL531', 'EL526', 'EL525', 'EL611', 'EE00A', 'EE009', 'EE008', 'EE004', 'PL514', 'PL415', 'PL633', 'AT224', 'RO321', 'PL912', 'PT150', 'ITH10', 'ITI14', 'ITH59', 'ITH55', 'ITC31', 'ITC4C', 'ITI43', 'SI043', 'DE717', 'DE713', 'DE502', 'DE279', 'DE262', 'BE232', 'ES640', 'ES630', 'ES618', 'ES617', 'ES614', 'FRC24', 'ES612', 'ES521', 'ES424', 'FRL06', 'FRL05', 'FRL04', 'FRK24', 'FRK23', 'HR050', 'FRI12', 'FRJ13', 'DEC02', 'DEB18', 'EL413', 'EL412', 'EL411', 'PL432', 'PL524', 'PL523', 'PL516', 'PL431', 'PL411', 'PL427', 'PL426', 'PL424', 'PL417', 'PL416', 'PL414', 'PL428', 'PL616', 'PL636', 'PL623', 'PL622', 'PL621', 'PL638', 'PL228', 'AT341', 'RO116', 'RO315', 'RO221', 'RO216', 'RO215', 'RO214', 'RO213', 'RO212', 'RO211', 'RO415', 'RO414', 'RO413', 'RO411', 'PT11B', 'ITG19', 'ITG18', 'ITG17', 'ITG13', 'ITG12', 'ITG11', 'ITF65', 'ITF48', 'ITF46', 'ITF45', 'ITF35', 'ITF33', 'ITF31', 'ITF13', 'HU323', 'LV006', 'LT024', 'LT027', 'SK041', 'BG342', 'BG325', 'BG321', 'BG315', 'BG314', 'BG313', 'BG312', 'CZ041', 'BG311', 'BE342', 'ES425', 'EL645', 'FRY10', 'FRY20', 'FRY30', 'HR026', 'DEB13', 'EL512', 'EL422', 'EL522', 'EL524', 'EL541']","['Economic development', 'Public health', 'Governance', 'Regional development']","The policy addresses the grain crisis caused by uncontrolled imports from Ukraine, urging the government to fulfill promises to clear storage before harvests, ensuring food safety and supporting local farmers.","The document highlights the ongoing grain crisis in Poland due to the uncontrolled influx of Ukrainian grain, which has severely impacted local farmers. The Pomorskie Agricultural Council has called for urgent government intervention to fulfill promises made in April to export approximately 4 million tons of grain before the upcoming harvest. However, logistical challenges, such as limited port capacity, cast doubt on the feasibility of this target. The policy also emphasizes the need for quality control of imported grain to meet EU standards, addressing public health concerns. Local authorities and agricultural representatives demand transparency and accountability from the government, urging them to cease propaganda efforts that downplay the crisis. The policy aims to protect consumer trust in Polish agricultural products by ensuring compliance with EU food safety regulations. Additionally, it calls for identifying and penalizing those responsible for using substandard grain in feed production. The document reflects broader regional concerns, with local protests and political debates highlighting the urgency of resolving the crisis to safeguard the agricultural sector and maintain social stability.",['PL63'],https://pomorskie.eu/wp-content/uploads/2023/05/MP2.pdf,Policy,Verified
"['PL518', 'PL515', 'PL418', 'PL613', 'PL617', 'PL637', 'PL634', 'PL619', 'PL618', 'PL22C', 'PL22B', 'PL227', 'PL225', 'PL224', 'PL219', 'PL218', 'PL217', 'PL214', 'RO314', 'RO312', 'RO226', 'RO225', 'RO224', 'RO223', 'RO222', 'RO317', 'SI036', 'SI031', 'RO422', 'RO412', 'PT119', 'PT112', 'PT111', 'PL926', 'PL925', 'PL922', 'PT16B', 'RO115', 'RO114', 'RO112', 'RO111', 'PT187', 'PT185', 'PT181', 'PT16I', 'PT16F', 'PT184', 'ITH31', 'ITG2G', 'ITG2D', 'ITG16', 'ITG15', 'ITG14', 'ITH35', 'ITI12', 'ITH36', 'ITF64', 'ITF63', 'ITF62', 'ITF61', 'ITF52', 'ITF51', 'ITF47', 'ITF43', 'ITF32', 'ITF22', 'ITF14', 'ITF12', 'ITF34', 'HU332', 'HU331', 'HU321', 'LV009', 'LV007', 'LV005', 'LV003', 'ITI35', 'ITI34', 'ITI33', 'ITI31', 'LT021', 'HU313', 'HU233', 'HU232', 'HU231', 'HU223', 'HU222', 'HU221', 'HU322', 'LT029', 'LT026', 'LT025', 'HU212', 'NO0A3', 'NO0A1', 'SK042', 'SK032', 'SK031', 'SK022', 'SK021', 'SE313', 'DE94G', 'DE939', 'BG344', 'BG343', 'BG334', 'BG333', 'BG332', 'BG331', 'BG324', 'BG323', 'BG322', 'BG422', 'CZ042', 'BG425', 'BG424', 'BG423', 'DE22C', 'EL653', 'FRM02', 'FRM01', 'HR063', 'HR061', 'HR037', 'HR036', 'HR035', 'HR034', 'HR033', 'HR032', 'HR031', 'HR028', 'HR027', 'HR025', 'HR024', 'HR023', 'HR022', 'HR021', 'FRY40', 'FRJ12', 'EL644', 'EL643', 'DEE0E', 'DEE0C', 'DEE08', 'EL515', 'EL514', 'EL513', 'EL511', 'EL432', 'EL431', 'EL521', 'EL523', 'EL641', 'EL633', 'EL632', 'EL631', 'EL624', 'EL623', 'EL622', 'EL621', 'EL613', 'EL612', 'EL533', 'EL532', 'EL531', 'EL526', 'EL525', 'EL611', 'EE00A', 'EE009', 'EE008', 'EE004', 'PL514', 'PL415', 'PL633', 'AT224', 'RO321', 'PL912', 'PT150', 'ITH10', 'ITI14', 'ITH59', 'ITH55', 'ITC31', 'ITC4C', 'ITI43', 'SI043', 'DE717', 'DE713', 'DE502', 'DE279', 'DE262', 'BE232', 'ES640', 'ES630', 'ES618', 'ES617', 'ES614', 'FRC24', 'ES612', 'ES521', 'ES424', 'FRL06', 'FRL05', 'FRL04', 'FRK24', 'FRK23', 'HR050', 'FRI12', 'FRJ13', 'DEC02', 'DEB18', 'EL413', 'EL412', 'EL411', 'PL432', 'PL524', 'PL523', 'PL516', 'PL431', 'PL411', 'PL427', 'PL426', 'PL424', 'PL417', 'PL416', 'PL414', 'PL428', 'PL616', 'PL636', 'PL623', 'PL622', 'PL621', 'PL638', 'PL228', 'AT341', 'RO116', 'RO315', 'RO221', 'RO216', 'RO215', 'RO214', 'RO213', 'RO212', 'RO211', 'RO415', 'RO414', 'RO413', 'RO411', 'PT11B', 'ITG19', 'ITG18', 'ITG17', 'ITG13', 'ITG12', 'ITG11', 'ITF65', 'ITF48', 'ITF46', 'ITF45', 'ITF35', 'ITF33', 'ITF31', 'ITF13', 'HU323', 'LV006', 'LT024', 'LT027', 'SK041', 'BG342', 'BG325', 'BG321', 'BG315', 'BG314', 'BG313', 'BG312', 'CZ041', 'BG311', 'BE342', 'ES425', 'EL645', 'FRY10', 'FRY20', 'FRY30', 'HR026', 'DEB13', 'EL512', 'EL422', 'EL522', 'EL524', 'EL541']","['Economic development', 'Infrastructure', 'Regional development', 'Energy', 'Public health']","The policy focuses on using EU funds to support local governments in Poland, addressing economic challenges by investing in infrastructure and public services to stimulate growth and stability.","Facing significant economic challenges, including reduced local government revenues and rising costs, the policy leverages EU funds to support local governments in Poland. The strategy involves targeted investments in infrastructure, healthcare, and public services to counteract the financial strain caused by national economic policies and external factors like inflation and energy costs. By prioritizing projects that enhance regional development and sustainability, the policy aims to stimulate economic growth and improve public service delivery. The approach includes negotiating additional EU funding to expand the scope of support, ensuring that local governments can maintain essential services and invest in future growth. The policy also addresses the need for improved relations with the EU to unlock further financial resources, emphasizing the importance of legal and economic reforms to enhance Poland's investment climate. The expected outcomes include increased investment in renewable energy, improved public transportation, and enhanced healthcare infrastructure, contributing to long-term economic resilience and social well-being. The policy underscores the critical role of local governments in driving regional development and the necessity of strategic financial support to navigate current economic challenges effectively.",['PL63'],https://pomorskie.eu/wp-content/uploads/2022/07/MP3.pdf,Programme,Community
"['PL518', 'PL515', 'PL418', 'PL613', 'PL617', 'PL637', 'PL634', 'PL619', 'PL618', 'PL22C', 'PL22B', 'PL227', 'PL225', 'PL224', 'PL219', 'PL218', 'PL217', 'PL214', 'RO314', 'RO312', 'RO226', 'RO225', 'RO224', 'RO223', 'RO222', 'RO317', 'SI036', 'SI031', 'RO422', 'RO412', 'PT119', 'PT112', 'PT111', 'PL926', 'PL925', 'PL922', 'PT16B', 'RO115', 'RO114', 'RO112', 'RO111', 'PT187', 'PT185', 'PT181', 'PT16I', 'PT16F', 'PT184', 'ITH31', 'ITG2G', 'ITG2D', 'ITG16', 'ITG15', 'ITG14', 'ITH35', 'ITI12', 'ITH36', 'ITF64', 'ITF63', 'ITF62', 'ITF61', 'ITF52', 'ITF51', 'ITF47', 'ITF43', 'ITF32', 'ITF22', 'ITF14', 'ITF12', 'ITF34', 'HU332', 'HU331', 'HU321', 'LV009', 'LV007', 'LV005', 'LV003', 'ITI35', 'ITI34', 'ITI33', 'ITI31', 'LT021', 'HU313', 'HU233', 'HU232', 'HU231', 'HU223', 'HU222', 'HU221', 'HU322', 'LT029', 'LT026', 'LT025', 'HU212', 'NO0A3', 'NO0A1', 'SK042', 'SK032', 'SK031', 'SK022', 'SK021', 'SE313', 'DE94G', 'DE939', 'BG344', 'BG343', 'BG334', 'BG333', 'BG332', 'BG331', 'BG324', 'BG323', 'BG322', 'BG422', 'CZ042', 'BG425', 'BG424', 'BG423', 'DE22C', 'EL653', 'FRM02', 'FRM01', 'HR063', 'HR061', 'HR037', 'HR036', 'HR035', 'HR034', 'HR033', 'HR032', 'HR031', 'HR028', 'HR027', 'HR025', 'HR024', 'HR023', 'HR022', 'HR021', 'FRY40', 'FRJ12', 'EL644', 'EL643', 'DEE0E', 'DEE0C', 'DEE08', 'EL515', 'EL514', 'EL513', 'EL511', 'EL432', 'EL431', 'EL521', 'EL523', 'EL641', 'EL633', 'EL632', 'EL631', 'EL624', 'EL623', 'EL622', 'EL621', 'EL613', 'EL612', 'EL533', 'EL532', 'EL531', 'EL526', 'EL525', 'EL611', 'EE00A', 'EE009', 'EE008', 'EE004', 'PL514', 'PL415', 'PL633', 'AT224', 'RO321', 'PL912', 'PT150', 'ITH10', 'ITI14', 'ITH59', 'ITH55', 'ITC31', 'ITC4C', 'ITI43', 'SI043', 'DE717', 'DE713', 'DE502', 'DE279', 'DE262', 'BE232', 'ES640', 'ES630', 'ES618', 'ES617', 'ES614', 'FRC24', 'ES612', 'ES521', 'ES424', 'FRL06', 'FRL05', 'FRL04', 'FRK24', 'FRK23', 'HR050', 'FRI12', 'FRJ13', 'DEC02', 'DEB18', 'EL413', 'EL412', 'EL411', 'PL432', 'PL524', 'PL523', 'PL516', 'PL431', 'PL411', 'PL427', 'PL426', 'PL424', 'PL417', 'PL416', 'PL414', 'PL428', 'PL616', 'PL636', 'PL623', 'PL622', 'PL621', 'PL638', 'PL228', 'AT341', 'RO116', 'RO315', 'RO221', 'RO216', 'RO215', 'RO214', 'RO213', 'RO212', 'RO211', 'RO415', 'RO414', 'RO413', 'RO411', 'PT11B', 'ITG19', 'ITG18', 'ITG17', 'ITG13', 'ITG12', 'ITG11', 'ITF65', 'ITF48', 'ITF46', 'ITF45', 'ITF35', 'ITF33', 'ITF31', 'ITF13', 'HU323', 'LV006', 'LT024', 'LT027', 'SK041', 'BG342', 'BG325', 'BG321', 'BG315', 'BG314', 'BG313', 'BG312', 'CZ041', 'BG311', 'BE342', 'ES425', 'EL645', 'FRY10', 'FRY20', 'FRY30', 'HR026', 'DEB13', 'EL512', 'EL422', 'EL522', 'EL524', 'EL541']","['Infrastructure', 'Transportation', 'Economic development', 'Regional development', 'Innovation']","The policy focuses on enhancing regional infrastructure and public services through strategic investments and EU funding, aiming to improve transport efficiency and community well-being.","The policy document emphasizes the enhancement of regional infrastructure and public services, leveraging EU funding to drive development. Key initiatives include the modernization of transport systems, such as the introduction of electric trains and the improvement of road networks, to increase efficiency and connectivity. The policy also addresses social services, with projects aimed at improving access to high-quality care and community facilities. Investments in public infrastructure are designed to boost safety, reduce environmental impact, and support economic growth. The document highlights the importance of strategic planning and collaboration with EU bodies to secure funding and ensure successful project implementation. The expected outcomes include improved transport efficiency, enhanced quality of life for residents, and strengthened regional economic resilience. The policy underscores the need for ongoing evaluation and adaptation to meet emerging challenges and opportunities, ensuring that infrastructure and services continue to meet the needs of the population effectively. By focusing on sustainable development and innovation, the policy aims to position the region as a leader in modern public service delivery and infrastructure management.",['PL63'],https://pomorskie.eu/wp-content/uploads/2023/07/MP3-1.pdf,Programme,AI
"['PL518', 'PL515', 'PL418', 'PL613', 'PL617', 'PL637', 'PL634', 'PL619', 'PL618', 'PL22C', 'PL22B', 'PL227', 'PL225', 'PL224', 'PL219', 'PL218', 'PL217', 'PL214', 'RO314', 'RO312', 'RO226', 'RO225', 'RO224', 'RO223', 'RO222', 'RO317', 'SI036', 'SI031', 'RO422', 'RO412', 'PT119', 'PT112', 'PT111', 'PL926', 'PL925', 'PL922', 'PT16B', 'RO115', 'RO114', 'RO112', 'RO111', 'PT187', 'PT185', 'PT181', 'PT16I', 'PT16F', 'PT184', 'ITH31', 'ITG2G', 'ITG2D', 'ITG16', 'ITG15', 'ITG14', 'ITH35', 'ITI12', 'ITH36', 'ITF64', 'ITF63', 'ITF62', 'ITF61', 'ITF52', 'ITF51', 'ITF47', 'ITF43', 'ITF32', 'ITF22', 'ITF14', 'ITF12', 'ITF34', 'HU332', 'HU331', 'HU321', 'LV009', 'LV007', 'LV005', 'LV003', 'ITI35', 'ITI34', 'ITI33', 'ITI31', 'LT021', 'HU313', 'HU233', 'HU232', 'HU231', 'HU223', 'HU222', 'HU221', 'HU322', 'LT029', 'LT026', 'LT025', 'HU212', 'NO0A3', 'NO0A1', 'SK042', 'SK032', 'SK031', 'SK022', 'SK021', 'SE313', 'DE94G', 'DE939', 'BG344', 'BG343', 'BG334', 'BG333', 'BG332', 'BG331', 'BG324', 'BG323', 'BG322', 'BG422', 'CZ042', 'BG425', 'BG424', 'BG423', 'DE22C', 'EL653', 'FRM02', 'FRM01', 'HR063', 'HR061', 'HR037', 'HR036', 'HR035', 'HR034', 'HR033', 'HR032', 'HR031', 'HR028', 'HR027', 'HR025', 'HR024', 'HR023', 'HR022', 'HR021', 'FRY40', 'FRJ12', 'EL644', 'EL643', 'DEE0E', 'DEE0C', 'DEE08', 'EL515', 'EL514', 'EL513', 'EL511', 'EL432', 'EL431', 'EL521', 'EL523', 'EL641', 'EL633', 'EL632', 'EL631', 'EL624', 'EL623', 'EL622', 'EL621', 'EL613', 'EL612', 'EL533', 'EL532', 'EL531', 'EL526', 'EL525', 'EL611', 'EE00A', 'EE009', 'EE008', 'EE004', 'PL514', 'PL415', 'PL633', 'AT224', 'RO321', 'PL912', 'PT150', 'ITH10', 'ITI14', 'ITH59', 'ITH55', 'ITC31', 'ITC4C', 'ITI43', 'SI043', 'DE717', 'DE713', 'DE502', 'DE279', 'DE262', 'BE232', 'ES640', 'ES630', 'ES618', 'ES617', 'ES614', 'FRC24', 'ES612', 'ES521', 'ES424', 'FRL06', 'FRL05', 'FRL04', 'FRK24', 'FRK23', 'HR050', 'FRI12', 'FRJ13', 'DEC02', 'DEB18', 'EL413', 'EL412', 'EL411', 'PL432', 'PL524', 'PL523', 'PL516', 'PL431', 'PL411', 'PL427', 'PL426', 'PL424', 'PL417', 'PL416', 'PL414', 'PL428', 'PL616', 'PL636', 'PL623', 'PL622', 'PL621', 'PL638', 'PL228', 'AT341', 'RO116', 'RO315', 'RO221', 'RO216', 'RO215', 'RO214', 'RO213', 'RO212', 'RO211', 'RO415', 'RO414', 'RO413', 'RO411', 'PT11B', 'ITG19', 'ITG18', 'ITG17', 'ITG13', 'ITG12', 'ITG11', 'ITF65', 'ITF48', 'ITF46', 'ITF45', 'ITF35', 'ITF33', 'ITF31', 'ITF13', 'HU323', 'LV006', 'LT024', 'LT027', 'SK041', 'BG342', 'BG325', 'BG321', 'BG315', 'BG314', 'BG313', 'BG312', 'CZ041', 'BG311', 'BE342', 'ES425', 'EL645', 'FRY10', 'FRY20', 'FRY30', 'HR026', 'DEB13', 'EL512', 'EL422', 'EL522', 'EL524', 'EL541']","['Sustainability', 'Economic development', 'Education', 'Infrastructure', 'Regional development']","The document addresses the allocation and impact of EU funds on regional development, focusing on infrastructure, education, and environmental sustainability to enhance economic growth and governance efficiency.","EU funds are crucial for regional development, targeting infrastructure improvements, educational advancements, and environmental sustainability. The document highlights concerns over delays in fund allocation, which could hinder economic growth and governance efficiency. It emphasizes the need for strategic investments in public transport, energy efficiency, and educational resources to support local economies and communities. The potential loss of funds due to political decisions is a significant risk, impacting projects aimed at modernizing infrastructure and promoting green energy. The document also discusses the importance of maintaining certification standards for sustainable forestry to protect local industries and ecosystems. By fostering collaboration among local governments, businesses, and educational institutions, the policy aims to create a resilient and sustainable regional economy. The focus is on leveraging EU funds to drive innovation, improve public services, and enhance the quality of life for residents. The document calls for transparency and accountability in fund management to ensure that resources are used effectively and equitably, addressing both immediate needs and long-term strategic goals. The overarching goal is to build a sustainable future that balances economic growth with environmental stewardship and social well-being.",['PL63'],https://pomorskie.eu/wp-content/uploads/2022/09/MP4.pdf,Programme,Verified
"['PL518', 'PL515', 'PL418', 'PL613', 'PL617', 'PL637', 'PL634', 'PL619', 'PL618', 'PL22C', 'PL22B', 'PL227', 'PL225', 'PL224', 'PL219', 'PL218', 'PL217', 'PL214', 'RO314', 'RO312', 'RO226', 'RO225', 'RO224', 'RO223', 'RO222', 'RO317', 'SI036', 'SI031', 'RO422', 'RO412', 'PT119', 'PT112', 'PT111', 'PL926', 'PL925', 'PL922', 'PT16B', 'RO115', 'RO114', 'RO112', 'RO111', 'PT187', 'PT185', 'PT181', 'PT16I', 'PT16F', 'PT184', 'ITH31', 'ITG2G', 'ITG2D', 'ITG16', 'ITG15', 'ITG14', 'ITH35', 'ITI12', 'ITH36', 'ITF64', 'ITF63', 'ITF62', 'ITF61', 'ITF52', 'ITF51', 'ITF47', 'ITF43', 'ITF32', 'ITF22', 'ITF14', 'ITF12', 'ITF34', 'HU332', 'HU331', 'HU321', 'LV009', 'LV007', 'LV005', 'LV003', 'ITI35', 'ITI34', 'ITI33', 'ITI31', 'LT021', 'HU313', 'HU233', 'HU232', 'HU231', 'HU223', 'HU222', 'HU221', 'HU322', 'LT029', 'LT026', 'LT025', 'HU212', 'NO0A3', 'NO0A1', 'SK042', 'SK032', 'SK031', 'SK022', 'SK021', 'SE313', 'DE94G', 'DE939', 'BG344', 'BG343', 'BG334', 'BG333', 'BG332', 'BG331', 'BG324', 'BG323', 'BG322', 'BG422', 'CZ042', 'BG425', 'BG424', 'BG423', 'DE22C', 'EL653', 'FRM02', 'FRM01', 'HR063', 'HR061', 'HR037', 'HR036', 'HR035', 'HR034', 'HR033', 'HR032', 'HR031', 'HR028', 'HR027', 'HR025', 'HR024', 'HR023', 'HR022', 'HR021', 'FRY40', 'FRJ12', 'EL644', 'EL643', 'DEE0E', 'DEE0C', 'DEE08', 'EL515', 'EL514', 'EL513', 'EL511', 'EL432', 'EL431', 'EL521', 'EL523', 'EL641', 'EL633', 'EL632', 'EL631', 'EL624', 'EL623', 'EL622', 'EL621', 'EL613', 'EL612', 'EL533', 'EL532', 'EL531', 'EL526', 'EL525', 'EL611', 'EE00A', 'EE009', 'EE008', 'EE004', 'PL514', 'PL415', 'PL633', 'AT224', 'RO321', 'PL912', 'PT150', 'ITH10', 'ITI14', 'ITH59', 'ITH55', 'ITC31', 'ITC4C', 'ITI43', 'SI043', 'DE717', 'DE713', 'DE502', 'DE279', 'DE262', 'BE232', 'ES640', 'ES630', 'ES618', 'ES617', 'ES614', 'FRC24', 'ES612', 'ES521', 'ES424', 'FRL06', 'FRL05', 'FRL04', 'FRK24', 'FRK23', 'HR050', 'FRI12', 'FRJ13', 'DEC02', 'DEB18', 'EL413', 'EL412', 'EL411', 'PL432', 'PL524', 'PL523', 'PL516', 'PL431', 'PL411', 'PL427', 'PL426', 'PL424', 'PL417', 'PL416', 'PL414', 'PL428', 'PL616', 'PL636', 'PL623', 'PL622', 'PL621', 'PL638', 'PL228', 'AT341', 'RO116', 'RO315', 'RO221', 'RO216', 'RO215', 'RO214', 'RO213', 'RO212', 'RO211', 'RO415', 'RO414', 'RO413', 'RO411', 'PT11B', 'ITG19', 'ITG18', 'ITG17', 'ITG13', 'ITG12', 'ITG11', 'ITF65', 'ITF48', 'ITF46', 'ITF45', 'ITF35', 'ITF33', 'ITF31', 'ITF13', 'HU323', 'LV006', 'LT024', 'LT027', 'SK041', 'BG342', 'BG325', 'BG321', 'BG315', 'BG314', 'BG313', 'BG312', 'CZ041', 'BG311', 'BE342', 'ES425', 'EL645', 'FRY10', 'FRY20', 'FRY30', 'HR026', 'DEB13', 'EL512', 'EL422', 'EL522', 'EL524', 'EL541']","['Economic development', 'Social inclusion', 'Infrastructure', 'Innovation', 'Regional development']","The policy focuses on utilizing European funds to drive regional development through innovation, sustainability, and infrastructure improvements, aiming to enhance economic growth and social inclusion.","The policy leverages over 1.75 billion euros from European funds, with 70% from the European Regional Development Fund and 30% from the European Social Fund Plus, to foster regional development. It emphasizes climate adaptation, environmental protection, energy efficiency, and renewable energy sources. Investments will also target public transport, road infrastructure, and regional rail services. In the economic sector, the policy supports innovation and digital technologies for local businesses. Socially, it aims to boost employment, vocational training, inclusive education, and support for women, seniors, and people with disabilities. Health initiatives include preventive programs and specialized care services. Additionally, the policy plans to invest in cultural and tourism infrastructure and urban renewal projects. The successful implementation of these initiatives depends on compliance with EU regulations, particularly regarding the rule of law, which is crucial for fund allocation. The policy's impact is expected to be significant, promoting sustainable economic growth, enhancing social inclusion, and improving the quality of life in the region. Collaboration with local governments, NGOs, and residents is essential for achieving these goals, ensuring that the region can effectively utilize the available resources for comprehensive development.",['PL63'],https://pomorskie.eu/wp-content/uploads/2022/12/MP6.pdf,Programme,Community
"['PL518', 'PL515', 'PL418', 'PL613', 'PL617', 'PL637', 'PL634', 'PL619', 'PL618', 'PL22C', 'PL22B', 'PL227', 'PL225', 'PL224', 'PL219', 'PL218', 'PL217', 'PL214', 'RO314', 'RO312', 'RO226', 'RO225', 'RO224', 'RO223', 'RO222', 'RO317', 'SI036', 'SI031', 'RO422', 'RO412', 'PT119', 'PT112', 'PT111', 'PL926', 'PL925', 'PL922', 'PT16B', 'RO115', 'RO114', 'RO112', 'RO111', 'PT187', 'PT185', 'PT181', 'PT16I', 'PT16F', 'PT184', 'ITH31', 'ITG2G', 'ITG2D', 'ITG16', 'ITG15', 'ITG14', 'ITH35', 'ITI12', 'ITH36', 'ITF64', 'ITF63', 'ITF62', 'ITF61', 'ITF52', 'ITF51', 'ITF47', 'ITF43', 'ITF32', 'ITF22', 'ITF14', 'ITF12', 'ITF34', 'HU332', 'HU331', 'HU321', 'LV009', 'LV007', 'LV005', 'LV003', 'ITI35', 'ITI34', 'ITI33', 'ITI31', 'LT021', 'HU313', 'HU233', 'HU232', 'HU231', 'HU223', 'HU222', 'HU221', 'HU322', 'LT029', 'LT026', 'LT025', 'HU212', 'NO0A3', 'NO0A1', 'SK042', 'SK032', 'SK031', 'SK022', 'SK021', 'SE313', 'DE94G', 'DE939', 'BG344', 'BG343', 'BG334', 'BG333', 'BG332', 'BG331', 'BG324', 'BG323', 'BG322', 'BG422', 'CZ042', 'BG425', 'BG424', 'BG423', 'DE22C', 'EL653', 'FRM02', 'FRM01', 'HR063', 'HR061', 'HR037', 'HR036', 'HR035', 'HR034', 'HR033', 'HR032', 'HR031', 'HR028', 'HR027', 'HR025', 'HR024', 'HR023', 'HR022', 'HR021', 'FRY40', 'FRJ12', 'EL644', 'EL643', 'DEE0E', 'DEE0C', 'DEE08', 'EL515', 'EL514', 'EL513', 'EL511', 'EL432', 'EL431', 'EL521', 'EL523', 'EL641', 'EL633', 'EL632', 'EL631', 'EL624', 'EL623', 'EL622', 'EL621', 'EL613', 'EL612', 'EL533', 'EL532', 'EL531', 'EL526', 'EL525', 'EL611', 'EE00A', 'EE009', 'EE008', 'EE004', 'PL514', 'PL415', 'PL633', 'AT224', 'RO321', 'PL912', 'PT150', 'ITH10', 'ITI14', 'ITH59', 'ITH55', 'ITC31', 'ITC4C', 'ITI43', 'SI043', 'DE717', 'DE713', 'DE502', 'DE279', 'DE262', 'BE232', 'ES640', 'ES630', 'ES618', 'ES617', 'ES614', 'FRC24', 'ES612', 'ES521', 'ES424', 'FRL06', 'FRL05', 'FRL04', 'FRK24', 'FRK23', 'HR050', 'FRI12', 'FRJ13', 'DEC02', 'DEB18', 'EL413', 'EL412', 'EL411', 'PL432', 'PL524', 'PL523', 'PL516', 'PL431', 'PL411', 'PL427', 'PL426', 'PL424', 'PL417', 'PL416', 'PL414', 'PL428', 'PL616', 'PL636', 'PL623', 'PL622', 'PL621', 'PL638', 'PL228', 'AT341', 'RO116', 'RO315', 'RO221', 'RO216', 'RO215', 'RO214', 'RO213', 'RO212', 'RO211', 'RO415', 'RO414', 'RO413', 'RO411', 'PT11B', 'ITG19', 'ITG18', 'ITG17', 'ITG13', 'ITG12', 'ITG11', 'ITF65', 'ITF48', 'ITF46', 'ITF45', 'ITF35', 'ITF33', 'ITF31', 'ITF13', 'HU323', 'LV006', 'LT024', 'LT027', 'SK041', 'BG342', 'BG325', 'BG321', 'BG315', 'BG314', 'BG313', 'BG312', 'CZ041', 'BG311', 'BE342', 'ES425', 'EL645', 'FRY10', 'FRY20', 'FRY30', 'HR026', 'DEB13', 'EL512', 'EL422', 'EL522', 'EL524', 'EL541']","['Public health', 'Governance']","The document addresses the challenges faced during the pandemic, highlighting shortages in protective equipment and testing capabilities. It emphasizes the need for coordinated efforts and government intervention to ensure adequate healthcare resources and efficient testing to manage the crisis effectively.","During the pandemic, significant challenges arose due to shortages in personal protective equipment and limited testing capabilities. Healthcare facilities struggled with insufficient supplies, exacerbated by market speculation and inadequate government reserves. Efforts were made to form purchasing groups among hospitals to streamline procurement, but prices remained high and supplies scarce. Testing was initially limited to specific laboratories, causing delays and backlogs. The government eventually expanded testing capabilities by certifying additional labs, aiming to reduce wait times and improve patient management. Despite these efforts, the healthcare system faced critical supply shortages, risking the safety of medical personnel and patients. The document underscores the importance of government intervention to provide necessary resources and support to healthcare providers. It also highlights the need for strategic planning and resource allocation to prevent similar issues in future crises. The ultimate goal is to ensure that healthcare systems can respond effectively to pandemics, minimizing risks to public health and maintaining essential services. The document calls for ongoing evaluation and adaptation of policies to address emerging challenges and improve overall pandemic preparedness and response.",['PL63'],https://pomorskie.eu/wp-content/uploads/2020/05/MP-Covid_2.pdf,Programme,Verified
"['PL518', 'PL515', 'PL418', 'PL613', 'PL617', 'PL637', 'PL634', 'PL619', 'PL618', 'PL22C', 'PL22B', 'PL227', 'PL225', 'PL224', 'PL219', 'PL218', 'PL217', 'PL214', 'RO314', 'RO312', 'RO226', 'RO225', 'RO224', 'RO223', 'RO222', 'RO317', 'SI036', 'SI031', 'RO422', 'RO412', 'PT119', 'PT112', 'PT111', 'PL926', 'PL925', 'PL922', 'PT16B', 'RO115', 'RO114', 'RO112', 'RO111', 'PT187', 'PT185', 'PT181', 'PT16I', 'PT16F', 'PT184', 'ITH31', 'ITG2G', 'ITG2D', 'ITG16', 'ITG15', 'ITG14', 'ITH35', 'ITI12', 'ITH36', 'ITF64', 'ITF63', 'ITF62', 'ITF61', 'ITF52', 'ITF51', 'ITF47', 'ITF43', 'ITF32', 'ITF22', 'ITF14', 'ITF12', 'ITF34', 'HU332', 'HU331', 'HU321', 'LV009', 'LV007', 'LV005', 'LV003', 'ITI35', 'ITI34', 'ITI33', 'ITI31', 'LT021', 'HU313', 'HU233', 'HU232', 'HU231', 'HU223', 'HU222', 'HU221', 'HU322', 'LT029', 'LT026', 'LT025', 'HU212', 'NO0A3', 'NO0A1', 'SK042', 'SK032', 'SK031', 'SK022', 'SK021', 'SE313', 'DE94G', 'DE939', 'BG344', 'BG343', 'BG334', 'BG333', 'BG332', 'BG331', 'BG324', 'BG323', 'BG322', 'BG422', 'CZ042', 'BG425', 'BG424', 'BG423', 'DE22C', 'EL653', 'FRM02', 'FRM01', 'HR063', 'HR061', 'HR037', 'HR036', 'HR035', 'HR034', 'HR033', 'HR032', 'HR031', 'HR028', 'HR027', 'HR025', 'HR024', 'HR023', 'HR022', 'HR021', 'FRY40', 'FRJ12', 'EL644', 'EL643', 'DEE0E', 'DEE0C', 'DEE08', 'EL515', 'EL514', 'EL513', 'EL511', 'EL432', 'EL431', 'EL521', 'EL523', 'EL641', 'EL633', 'EL632', 'EL631', 'EL624', 'EL623', 'EL622', 'EL621', 'EL613', 'EL612', 'EL533', 'EL532', 'EL531', 'EL526', 'EL525', 'EL611', 'EE00A', 'EE009', 'EE008', 'EE004', 'PL514', 'PL415', 'PL633', 'AT224', 'RO321', 'PL912', 'PT150', 'ITH10', 'ITI14', 'ITH59', 'ITH55', 'ITC31', 'ITC4C', 'ITI43', 'SI043', 'DE717', 'DE713', 'DE502', 'DE279', 'DE262', 'BE232', 'ES640', 'ES630', 'ES618', 'ES617', 'ES614', 'FRC24', 'ES612', 'ES521', 'ES424', 'FRL06', 'FRL05', 'FRL04', 'FRK24', 'FRK23', 'HR050', 'FRI12', 'FRJ13', 'DEC02', 'DEB18', 'EL413', 'EL412', 'EL411', 'PL432', 'PL524', 'PL523', 'PL516', 'PL431', 'PL411', 'PL427', 'PL426', 'PL424', 'PL417', 'PL416', 'PL414', 'PL428', 'PL616', 'PL636', 'PL623', 'PL622', 'PL621', 'PL638', 'PL228', 'AT341', 'RO116', 'RO315', 'RO221', 'RO216', 'RO215', 'RO214', 'RO213', 'RO212', 'RO211', 'RO415', 'RO414', 'RO413', 'RO411', 'PT11B', 'ITG19', 'ITG18', 'ITG17', 'ITG13', 'ITG12', 'ITG11', 'ITF65', 'ITF48', 'ITF46', 'ITF45', 'ITF35', 'ITF33', 'ITF31', 'ITF13', 'HU323', 'LV006', 'LT024', 'LT027', 'SK041', 'BG342', 'BG325', 'BG321', 'BG315', 'BG314', 'BG313', 'BG312', 'CZ041', 'BG311', 'BE342', 'ES425', 'EL645', 'FRY10', 'FRY20', 'FRY30', 'HR026', 'DEB13', 'EL512', 'EL422', 'EL522', 'EL524', 'EL541']","['Governance', 'Economic development', 'Regional development']","The document discusses the importance of fair presidential elections in Poland, highlighting the role of media integrity and the impact of government policies on local governance and tourism. It emphasizes the need for transparency and accountability to ensure democratic processes and economic stability.","Fair presidential elections are crucial for maintaining democracy in Poland, with media integrity playing a significant role in ensuring transparency. The document criticizes the current government's approach, highlighting issues such as misinformation and the undermining of local governance. It stresses the need for all candidates to have equal opportunities to campaign and for the elections to be conducted without bias. The impact of government policies on tourism is also discussed, noting the challenges faced by the industry due to inadequate support and unclear regulations. The document calls for increased financial aid and strategic planning to help the tourism sector recover and thrive. Additionally, it addresses the controversial investment in the Vistula Spit canal, questioning its economic and environmental viability. The overarching theme is the need for responsible governance that prioritizes the well-being of citizens and the country's democratic standing in the European Union. The document advocates for policies that support local economies, ensure media freedom, and uphold democratic values to foster a stable and prosperous future for Poland.",['PL63'],https://pomorskie.eu/wp-content/uploads/2020/07/MP-czerwiec-2020-PDF.pdf,Programme,Community
"['PL518', 'PL515', 'PL418', 'PL613', 'PL617', 'PL637', 'PL634', 'PL619', 'PL618', 'PL22C', 'PL22B', 'PL227', 'PL225', 'PL224', 'PL219', 'PL218', 'PL217', 'PL214', 'RO314', 'RO312', 'RO226', 'RO225', 'RO224', 'RO223', 'RO222', 'RO317', 'SI036', 'SI031', 'RO422', 'RO412', 'PT119', 'PT112', 'PT111', 'PL926', 'PL925', 'PL922', 'PT16B', 'RO115', 'RO114', 'RO112', 'RO111', 'PT187', 'PT185', 'PT181', 'PT16I', 'PT16F', 'PT184', 'ITH31', 'ITG2G', 'ITG2D', 'ITG16', 'ITG15', 'ITG14', 'ITH35', 'ITI12', 'ITH36', 'ITF64', 'ITF63', 'ITF62', 'ITF61', 'ITF52', 'ITF51', 'ITF47', 'ITF43', 'ITF32', 'ITF22', 'ITF14', 'ITF12', 'ITF34', 'HU332', 'HU331', 'HU321', 'LV009', 'LV007', 'LV005', 'LV003', 'ITI35', 'ITI34', 'ITI33', 'ITI31', 'LT021', 'HU313', 'HU233', 'HU232', 'HU231', 'HU223', 'HU222', 'HU221', 'HU322', 'LT029', 'LT026', 'LT025', 'HU212', 'NO0A3', 'NO0A1', 'SK042', 'SK032', 'SK031', 'SK022', 'SK021', 'SE313', 'DE94G', 'DE939', 'BG344', 'BG343', 'BG334', 'BG333', 'BG332', 'BG331', 'BG324', 'BG323', 'BG322', 'BG422', 'CZ042', 'BG425', 'BG424', 'BG423', 'DE22C', 'EL653', 'FRM02', 'FRM01', 'HR063', 'HR061', 'HR037', 'HR036', 'HR035', 'HR034', 'HR033', 'HR032', 'HR031', 'HR028', 'HR027', 'HR025', 'HR024', 'HR023', 'HR022', 'HR021', 'FRY40', 'FRJ12', 'EL644', 'EL643', 'DEE0E', 'DEE0C', 'DEE08', 'EL515', 'EL514', 'EL513', 'EL511', 'EL432', 'EL431', 'EL521', 'EL523', 'EL641', 'EL633', 'EL632', 'EL631', 'EL624', 'EL623', 'EL622', 'EL621', 'EL613', 'EL612', 'EL533', 'EL532', 'EL531', 'EL526', 'EL525', 'EL611', 'EE00A', 'EE009', 'EE008', 'EE004', 'PL514', 'PL415', 'PL633', 'AT224', 'RO321', 'PL912', 'PT150', 'ITH10', 'ITI14', 'ITH59', 'ITH55', 'ITC31', 'ITC4C', 'ITI43', 'SI043', 'DE717', 'DE713', 'DE502', 'DE279', 'DE262', 'BE232', 'ES640', 'ES630', 'ES618', 'ES617', 'ES614', 'FRC24', 'ES612', 'ES521', 'ES424', 'FRL06', 'FRL05', 'FRL04', 'FRK24', 'FRK23', 'HR050', 'FRI12', 'FRJ13', 'DEC02', 'DEB18', 'EL413', 'EL412', 'EL411', 'PL432', 'PL524', 'PL523', 'PL516', 'PL431', 'PL411', 'PL427', 'PL426', 'PL424', 'PL417', 'PL416', 'PL414', 'PL428', 'PL616', 'PL636', 'PL623', 'PL622', 'PL621', 'PL638', 'PL228', 'AT341', 'RO116', 'RO315', 'RO221', 'RO216', 'RO215', 'RO214', 'RO213', 'RO212', 'RO211', 'RO415', 'RO414', 'RO413', 'RO411', 'PT11B', 'ITG19', 'ITG18', 'ITG17', 'ITG13', 'ITG12', 'ITG11', 'ITF65', 'ITF48', 'ITF46', 'ITF45', 'ITF35', 'ITF33', 'ITF31', 'ITF13', 'HU323', 'LV006', 'LT024', 'LT027', 'SK041', 'BG342', 'BG325', 'BG321', 'BG315', 'BG314', 'BG313', 'BG312', 'CZ041', 'BG311', 'BE342', 'ES425', 'EL645', 'FRY10', 'FRY20', 'FRY30', 'HR026', 'DEB13', 'EL512', 'EL422', 'EL522', 'EL524', 'EL541']","['Public health', 'Economic development', 'Community engagement', 'Governance']","The policy emphasizes community resilience and local governance in addressing pandemic challenges. It highlights the importance of self-organization, collaboration, and adapting policies to support healthcare and economic recovery, ensuring preparedness for future crises.","Amidst the ongoing pandemic, the policy underscores the critical role of local communities and governance in managing health and economic challenges. It stresses the need for self-organization and collaboration among local governments to develop effective solutions. The policy advocates for a shift from centralized decision-making to empowering local entities, recognizing their ability to quickly mobilize resources and respond to crises. Financial support from the European Commission has been pivotal, allowing for significant investments in healthcare infrastructure and economic relief measures, including zero-interest loans for affected businesses. The policy also highlights the societal response, with citizens demonstrating discipline and solidarity, contributing to the containment of the virus. The document calls for continued vigilance and preparedness for potential future waves of the pandemic, emphasizing the need for a new approach to policy-making that prioritizes local strengths and community engagement. The ultimate goal is to build a resilient society capable of withstanding future crises through enhanced local cooperation and resource allocation, ensuring both immediate relief and long-term recovery.",['PL63'],https://pomorskie.eu/wp-content/uploads/2020/07/MP-maj-czerwiec-2020-PDF.pdf,Programme,AI
"['PL518', 'PL515', 'PL418', 'PL613', 'PL617', 'PL637', 'PL634', 'PL619', 'PL618', 'PL22C', 'PL22B', 'PL227', 'PL225', 'PL224', 'PL219', 'PL218', 'PL217', 'PL214', 'RO314', 'RO312', 'RO226', 'RO225', 'RO224', 'RO223', 'RO222', 'RO317', 'SI036', 'SI031', 'RO422', 'RO412', 'PT119', 'PT112', 'PT111', 'PL926', 'PL925', 'PL922', 'PT16B', 'RO115', 'RO114', 'RO112', 'RO111', 'PT187', 'PT185', 'PT181', 'PT16I', 'PT16F', 'PT184', 'ITH31', 'ITG2G', 'ITG2D', 'ITG16', 'ITG15', 'ITG14', 'ITH35', 'ITI12', 'ITH36', 'ITF64', 'ITF63', 'ITF62', 'ITF61', 'ITF52', 'ITF51', 'ITF47', 'ITF43', 'ITF32', 'ITF22', 'ITF14', 'ITF12', 'ITF34', 'HU332', 'HU331', 'HU321', 'LV009', 'LV007', 'LV005', 'LV003', 'ITI35', 'ITI34', 'ITI33', 'ITI31', 'LT021', 'HU313', 'HU233', 'HU232', 'HU231', 'HU223', 'HU222', 'HU221', 'HU322', 'LT029', 'LT026', 'LT025', 'HU212', 'NO0A3', 'NO0A1', 'SK042', 'SK032', 'SK031', 'SK022', 'SK021', 'SE313', 'DE94G', 'DE939', 'BG344', 'BG343', 'BG334', 'BG333', 'BG332', 'BG331', 'BG324', 'BG323', 'BG322', 'BG422', 'CZ042', 'BG425', 'BG424', 'BG423', 'DE22C', 'EL653', 'FRM02', 'FRM01', 'HR063', 'HR061', 'HR037', 'HR036', 'HR035', 'HR034', 'HR033', 'HR032', 'HR031', 'HR028', 'HR027', 'HR025', 'HR024', 'HR023', 'HR022', 'HR021', 'FRY40', 'FRJ12', 'EL644', 'EL643', 'DEE0E', 'DEE0C', 'DEE08', 'EL515', 'EL514', 'EL513', 'EL511', 'EL432', 'EL431', 'EL521', 'EL523', 'EL641', 'EL633', 'EL632', 'EL631', 'EL624', 'EL623', 'EL622', 'EL621', 'EL613', 'EL612', 'EL533', 'EL532', 'EL531', 'EL526', 'EL525', 'EL611', 'EE00A', 'EE009', 'EE008', 'EE004', 'PL514', 'PL415', 'PL633', 'AT224', 'RO321', 'PL912', 'PT150', 'ITH10', 'ITI14', 'ITH59', 'ITH55', 'ITC31', 'ITC4C', 'ITI43', 'SI043', 'DE717', 'DE713', 'DE502', 'DE279', 'DE262', 'BE232', 'ES640', 'ES630', 'ES618', 'ES617', 'ES614', 'FRC24', 'ES612', 'ES521', 'ES424', 'FRL06', 'FRL05', 'FRL04', 'FRK24', 'FRK23', 'HR050', 'FRI12', 'FRJ13', 'DEC02', 'DEB18', 'EL413', 'EL412', 'EL411', 'PL432', 'PL524', 'PL523', 'PL516', 'PL431', 'PL411', 'PL427', 'PL426', 'PL424', 'PL417', 'PL416', 'PL414', 'PL428', 'PL616', 'PL636', 'PL623', 'PL622', 'PL621', 'PL638', 'PL228', 'AT341', 'RO116', 'RO315', 'RO221', 'RO216', 'RO215', 'RO214', 'RO213', 'RO212', 'RO211', 'RO415', 'RO414', 'RO413', 'RO411', 'PT11B', 'ITG19', 'ITG18', 'ITG17', 'ITG13', 'ITG12', 'ITG11', 'ITF65', 'ITF48', 'ITF46', 'ITF45', 'ITF35', 'ITF33', 'ITF31', 'ITF13', 'HU323', 'LV006', 'LT024', 'LT027', 'SK041', 'BG342', 'BG325', 'BG321', 'BG315', 'BG314', 'BG313', 'BG312', 'CZ041', 'BG311', 'BE342', 'ES425', 'EL645', 'FRY10', 'FRY20', 'FRY30', 'HR026', 'DEB13', 'EL512', 'EL422', 'EL522', 'EL524', 'EL541']","['Cultural heritage', 'Regional development', 'Community engagement', 'Sustainability']","The policy focuses on using European funding to restore and preserve cultural heritage, enhancing regional development and tourism through sustainable investments in historical sites and infrastructure.","European funding is leveraged to restore and preserve cultural heritage, aiming to boost regional development and tourism. The policy supports renovations, restorations, and adaptive reuse of historical sites, including sacred architecture and former industrial buildings. These efforts enhance cultural offerings and attract tourists, contributing to economic growth. The policy also emphasizes the development of public spaces and infrastructure, integrating modern technology and sustainable practices. By investing in cultural heritage, the policy fosters community engagement and cultural identity, while also addressing the needs of local residents and tourists. The impact is measured by increased visitor numbers and improved cultural and recreational facilities, ensuring long-term benefits for the region. The policy's success is evident in the effective utilization of EU resources, with projects reaching even the smallest communities, highlighting the importance of cultural heritage in regional development. The approach not only preserves historical sites but also revitalizes them, creating vibrant cultural hubs that serve as venues for events and exhibitions, thus enriching the cultural landscape and enhancing the region's attractiveness as a tourist destination.",['PL63'],https://rpo.pomorskie.eu/wp-content/uploads/2023/02/OCHRONA-DZIEDZICTWA-KULTUROWEGO.-Raport-z-realizacji-projektow-finansowanych-z-RPO-WP-2014-2020.pdf,Programme,Verified
"['PL518', 'PL515', 'PL418', 'PL613', 'PL617', 'PL637', 'PL634', 'PL619', 'PL618', 'PL22C', 'PL22B', 'PL227', 'PL225', 'PL224', 'PL219', 'PL218', 'PL217', 'PL214', 'RO314', 'RO312', 'RO226', 'RO225', 'RO224', 'RO223', 'RO222', 'RO317', 'SI036', 'SI031', 'RO422', 'RO412', 'PT119', 'PT112', 'PT111', 'PL926', 'PL925', 'PL922', 'PT16B', 'RO115', 'RO114', 'RO112', 'RO111', 'PT187', 'PT185', 'PT181', 'PT16I', 'PT16F', 'PT184', 'ITH31', 'ITG2G', 'ITG2D', 'ITG16', 'ITG15', 'ITG14', 'ITH35', 'ITI12', 'ITH36', 'ITF64', 'ITF63', 'ITF62', 'ITF61', 'ITF52', 'ITF51', 'ITF47', 'ITF43', 'ITF32', 'ITF22', 'ITF14', 'ITF12', 'ITF34', 'HU332', 'HU331', 'HU321', 'LV009', 'LV007', 'LV005', 'LV003', 'ITI35', 'ITI34', 'ITI33', 'ITI31', 'LT021', 'HU313', 'HU233', 'HU232', 'HU231', 'HU223', 'HU222', 'HU221', 'HU322', 'LT029', 'LT026', 'LT025', 'HU212', 'NO0A3', 'NO0A1', 'SK042', 'SK032', 'SK031', 'SK022', 'SK021', 'SE313', 'DE94G', 'DE939', 'BG344', 'BG343', 'BG334', 'BG333', 'BG332', 'BG331', 'BG324', 'BG323', 'BG322', 'BG422', 'CZ042', 'BG425', 'BG424', 'BG423', 'DE22C', 'EL653', 'FRM02', 'FRM01', 'HR063', 'HR061', 'HR037', 'HR036', 'HR035', 'HR034', 'HR033', 'HR032', 'HR031', 'HR028', 'HR027', 'HR025', 'HR024', 'HR023', 'HR022', 'HR021', 'FRY40', 'FRJ12', 'EL644', 'EL643', 'DEE0E', 'DEE0C', 'DEE08', 'EL515', 'EL514', 'EL513', 'EL511', 'EL432', 'EL431', 'EL521', 'EL523', 'EL641', 'EL633', 'EL632', 'EL631', 'EL624', 'EL623', 'EL622', 'EL621', 'EL613', 'EL612', 'EL533', 'EL532', 'EL531', 'EL526', 'EL525', 'EL611', 'EE00A', 'EE009', 'EE008', 'EE004', 'PL514', 'PL415', 'PL633', 'AT224', 'RO321', 'PL912', 'PT150', 'ITH10', 'ITI14', 'ITH59', 'ITH55', 'ITC31', 'ITC4C', 'ITI43', 'SI043', 'DE717', 'DE713', 'DE502', 'DE279', 'DE262', 'BE232', 'ES640', 'ES630', 'ES618', 'ES617', 'ES614', 'FRC24', 'ES612', 'ES521', 'ES424', 'FRL06', 'FRL05', 'FRL04', 'FRK24', 'FRK23', 'HR050', 'FRI12', 'FRJ13', 'DEC02', 'DEB18', 'EL413', 'EL412', 'EL411', 'PL432', 'PL524', 'PL523', 'PL516', 'PL431', 'PL411', 'PL427', 'PL426', 'PL424', 'PL417', 'PL416', 'PL414', 'PL428', 'PL616', 'PL636', 'PL623', 'PL622', 'PL621', 'PL638', 'PL228', 'AT341', 'RO116', 'RO315', 'RO221', 'RO216', 'RO215', 'RO214', 'RO213', 'RO212', 'RO211', 'RO415', 'RO414', 'RO413', 'RO411', 'PT11B', 'ITG19', 'ITG18', 'ITG17', 'ITG13', 'ITG12', 'ITG11', 'ITF65', 'ITF48', 'ITF46', 'ITF45', 'ITF35', 'ITF33', 'ITF31', 'ITF13', 'HU323', 'LV006', 'LT024', 'LT027', 'SK041', 'BG342', 'BG325', 'BG321', 'BG315', 'BG314', 'BG313', 'BG312', 'CZ041', 'BG311', 'BE342', 'ES425', 'EL645', 'FRY10', 'FRY20', 'FRY30', 'HR026', 'DEB13', 'EL512', 'EL422', 'EL522', 'EL524', 'EL541']","['Energy', 'Climate change', 'Economic development', 'Sustainability', 'Innovation']","The policy focuses on enhancing resilience in the offshore renewable energy sector to withstand high-impact, low-probability events. It aims to address critical challenges like supply chain disruptions and financial instability, ensuring the sector's growth and alignment with climate goals.","Offshore renewable energy is crucial for Europe's decarbonization and energy independence. The policy emphasizes the need for resilience against high-impact, low-probability events such as pandemics and geopolitical conflicts. Key challenges include supply chain disruptions, financial instability, and technological readiness. The policy advocates for strategic investments in R&D, alternative materials, and technology to reduce dependency on non-EU suppliers. It also highlights the importance of international cooperation and networking to diversify supply chains. Financial incentives and mechanisms are recommended to support critical projects and offset price increases. The policy suggests developing Business Continuity Plans to prepare for crises, emphasizing the need for quick access to financial support and government-backed initiatives. The Green Deal Industrial Plan is identified as a framework to address these challenges, aiming to create a net-zero industry in Europe. The policy's impact is expected to strengthen the offshore renewable energy sector's resilience, ensuring its contribution to achieving Europe's clean energy targets by 2030 and 2050. By addressing these issues, the policy seeks to safeguard the sector's growth and stability, ultimately supporting Europe's broader climate and energy goals.",['PL63'],https://gospodarka.pomorskie.eu/wp-content/uploads/2024/03/Offshore-Renewable-Energy.pdf,Policy,Community
"['PL518', 'PL515', 'PL418', 'PL613', 'PL617', 'PL637', 'PL634', 'PL619', 'PL618', 'PL22C', 'PL22B', 'PL227', 'PL225', 'PL224', 'PL219', 'PL218', 'PL217', 'PL214', 'RO314', 'RO312', 'RO226', 'RO225', 'RO224', 'RO223', 'RO222', 'RO317', 'SI036', 'SI031', 'RO422', 'RO412', 'PT119', 'PT112', 'PT111', 'PL926', 'PL925', 'PL922', 'PT16B', 'RO115', 'RO114', 'RO112', 'RO111', 'PT187', 'PT185', 'PT181', 'PT16I', 'PT16F', 'PT184', 'ITH31', 'ITG2G', 'ITG2D', 'ITG16', 'ITG15', 'ITG14', 'ITH35', 'ITI12', 'ITH36', 'ITF64', 'ITF63', 'ITF62', 'ITF61', 'ITF52', 'ITF51', 'ITF47', 'ITF43', 'ITF32', 'ITF22', 'ITF14', 'ITF12', 'ITF34', 'HU332', 'HU331', 'HU321', 'LV009', 'LV007', 'LV005', 'LV003', 'ITI35', 'ITI34', 'ITI33', 'ITI31', 'LT021', 'HU313', 'HU233', 'HU232', 'HU231', 'HU223', 'HU222', 'HU221', 'HU322', 'LT029', 'LT026', 'LT025', 'HU212', 'NO0A3', 'NO0A1', 'SK042', 'SK032', 'SK031', 'SK022', 'SK021', 'SE313', 'DE94G', 'DE939', 'BG344', 'BG343', 'BG334', 'BG333', 'BG332', 'BG331', 'BG324', 'BG323', 'BG322', 'BG422', 'CZ042', 'BG425', 'BG424', 'BG423', 'DE22C', 'EL653', 'FRM02', 'FRM01', 'HR063', 'HR061', 'HR037', 'HR036', 'HR035', 'HR034', 'HR033', 'HR032', 'HR031', 'HR028', 'HR027', 'HR025', 'HR024', 'HR023', 'HR022', 'HR021', 'FRY40', 'FRJ12', 'EL644', 'EL643', 'DEE0E', 'DEE0C', 'DEE08', 'EL515', 'EL514', 'EL513', 'EL511', 'EL432', 'EL431', 'EL521', 'EL523', 'EL641', 'EL633', 'EL632', 'EL631', 'EL624', 'EL623', 'EL622', 'EL621', 'EL613', 'EL612', 'EL533', 'EL532', 'EL531', 'EL526', 'EL525', 'EL611', 'EE00A', 'EE009', 'EE008', 'EE004', 'PL514', 'PL415', 'PL633', 'AT224', 'RO321', 'PL912', 'PT150', 'ITH10', 'ITI14', 'ITH59', 'ITH55', 'ITC31', 'ITC4C', 'ITI43', 'SI043', 'DE717', 'DE713', 'DE502', 'DE279', 'DE262', 'BE232', 'ES640', 'ES630', 'ES618', 'ES617', 'ES614', 'FRC24', 'ES612', 'ES521', 'ES424', 'FRL06', 'FRL05', 'FRL04', 'FRK24', 'FRK23', 'HR050', 'FRI12', 'FRJ13', 'DEC02', 'DEB18', 'EL413', 'EL412', 'EL411', 'PL432', 'PL524', 'PL523', 'PL516', 'PL431', 'PL411', 'PL427', 'PL426', 'PL424', 'PL417', 'PL416', 'PL414', 'PL428', 'PL616', 'PL636', 'PL623', 'PL622', 'PL621', 'PL638', 'PL228', 'AT341', 'RO116', 'RO315', 'RO221', 'RO216', 'RO215', 'RO214', 'RO213', 'RO212', 'RO211', 'RO415', 'RO414', 'RO413', 'RO411', 'PT11B', 'ITG19', 'ITG18', 'ITG17', 'ITG13', 'ITG12', 'ITG11', 'ITF65', 'ITF48', 'ITF46', 'ITF45', 'ITF35', 'ITF33', 'ITF31', 'ITF13', 'HU323', 'LV006', 'LT024', 'LT027', 'SK041', 'BG342', 'BG325', 'BG321', 'BG315', 'BG314', 'BG313', 'BG312', 'CZ041', 'BG311', 'BE342', 'ES425', 'EL645', 'FRY10', 'FRY20', 'FRY30', 'HR026', 'DEB13', 'EL512', 'EL422', 'EL522', 'EL524', 'EL541']","['Regional development', 'Community engagement', 'Climate change', 'Innovation', 'Digitalisation']","The policy focuses on inclusive consultation for regional development strategy, emphasizing stakeholder engagement to ensure effective implementation and adaptation to global challenges like climate change and digitalization.","The policy document emphasizes the importance of inclusive consultation processes in developing a regional strategy for 2030. It highlights the need for engaging a wide range of stakeholders, including local governments, NGOs, businesses, and academia, to ensure the strategy is comprehensive and actionable. The approach involves extensive consultations, both online and in-person, to gather diverse perspectives and insights. The strategy aims to address global challenges such as climate change, technological advancements, and demographic shifts, ensuring the region's resilience and sustainable growth. By fostering a collaborative environment, the policy seeks to enhance the region's capacity to innovate and adapt, leveraging local strengths and addressing specific regional needs. The document also stresses the importance of transparency and accountability in the consultation process, aiming to build trust and commitment among stakeholders. The expected outcome is a well-rounded strategy that not only aligns with national and EU policies but also reflects the unique characteristics and aspirations of the region, ultimately leading to improved quality of life and economic prosperity for its inhabitants.",['PL63'],https://pomorskie.eu/wp-content/uploads/2021/05/ostateczny-plik-Sp10_2020.pdf,Policy,AI
"['PL518', 'PL515', 'PL418', 'PL613', 'PL617', 'PL637', 'PL634', 'PL619', 'PL618', 'PL22C', 'PL22B', 'PL227', 'PL225', 'PL224', 'PL219', 'PL218', 'PL217', 'PL214', 'RO314', 'RO312', 'RO226', 'RO225', 'RO224', 'RO223', 'RO222', 'RO317', 'SI036', 'SI031', 'RO422', 'RO412', 'PT119', 'PT112', 'PT111', 'PL926', 'PL925', 'PL922', 'PT16B', 'RO115', 'RO114', 'RO112', 'RO111', 'PT187', 'PT185', 'PT181', 'PT16I', 'PT16F', 'PT184', 'ITH31', 'ITG2G', 'ITG2D', 'ITG16', 'ITG15', 'ITG14', 'ITH35', 'ITI12', 'ITH36', 'ITF64', 'ITF63', 'ITF62', 'ITF61', 'ITF52', 'ITF51', 'ITF47', 'ITF43', 'ITF32', 'ITF22', 'ITF14', 'ITF12', 'ITF34', 'HU332', 'HU331', 'HU321', 'LV009', 'LV007', 'LV005', 'LV003', 'ITI35', 'ITI34', 'ITI33', 'ITI31', 'LT021', 'HU313', 'HU233', 'HU232', 'HU231', 'HU223', 'HU222', 'HU221', 'HU322', 'LT029', 'LT026', 'LT025', 'HU212', 'NO0A3', 'NO0A1', 'SK042', 'SK032', 'SK031', 'SK022', 'SK021', 'SE313', 'DE94G', 'DE939', 'BG344', 'BG343', 'BG334', 'BG333', 'BG332', 'BG331', 'BG324', 'BG323', 'BG322', 'BG422', 'CZ042', 'BG425', 'BG424', 'BG423', 'DE22C', 'EL653', 'FRM02', 'FRM01', 'HR063', 'HR061', 'HR037', 'HR036', 'HR035', 'HR034', 'HR033', 'HR032', 'HR031', 'HR028', 'HR027', 'HR025', 'HR024', 'HR023', 'HR022', 'HR021', 'FRY40', 'FRJ12', 'EL644', 'EL643', 'DEE0E', 'DEE0C', 'DEE08', 'EL515', 'EL514', 'EL513', 'EL511', 'EL432', 'EL431', 'EL521', 'EL523', 'EL641', 'EL633', 'EL632', 'EL631', 'EL624', 'EL623', 'EL622', 'EL621', 'EL613', 'EL612', 'EL533', 'EL532', 'EL531', 'EL526', 'EL525', 'EL611', 'EE00A', 'EE009', 'EE008', 'EE004', 'PL514', 'PL415', 'PL633', 'AT224', 'RO321', 'PL912', 'PT150', 'ITH10', 'ITI14', 'ITH59', 'ITH55', 'ITC31', 'ITC4C', 'ITI43', 'SI043', 'DE717', 'DE713', 'DE502', 'DE279', 'DE262', 'BE232', 'ES640', 'ES630', 'ES618', 'ES617', 'ES614', 'FRC24', 'ES612', 'ES521', 'ES424', 'FRL06', 'FRL05', 'FRL04', 'FRK24', 'FRK23', 'HR050', 'FRI12', 'FRJ13', 'DEC02', 'DEB18', 'EL413', 'EL412', 'EL411', 'PL432', 'PL524', 'PL523', 'PL516', 'PL431', 'PL411', 'PL427', 'PL426', 'PL424', 'PL417', 'PL416', 'PL414', 'PL428', 'PL616', 'PL636', 'PL623', 'PL622', 'PL621', 'PL638', 'PL228', 'AT341', 'RO116', 'RO315', 'RO221', 'RO216', 'RO215', 'RO214', 'RO213', 'RO212', 'RO211', 'RO415', 'RO414', 'RO413', 'RO411', 'PT11B', 'ITG19', 'ITG18', 'ITG17', 'ITG13', 'ITG12', 'ITG11', 'ITF65', 'ITF48', 'ITF46', 'ITF45', 'ITF35', 'ITF33', 'ITF31', 'ITF13', 'HU323', 'LV006', 'LT024', 'LT027', 'SK041', 'BG342', 'BG325', 'BG321', 'BG315', 'BG314', 'BG313', 'BG312', 'CZ041', 'BG311', 'BE342', 'ES425', 'EL645', 'FRY10', 'FRY20', 'FRY30', 'HR026', 'DEB13', 'EL512', 'EL422', 'EL522', 'EL524', 'EL541']","['Energy', 'Sustainability', 'Climate change', 'Economic development', 'Environmental protection']","The policy explores four energy scenarios to modernize the energy sector by 2050, focusing on diversification and renewable energy to ensure economic, environmental, and energy security benefits.","The policy document evaluates four scenarios for the energy sector's evolution by 2050, emphasizing the need for modernization and diversification. The scenarios range from coal-based to renewable-focused approaches, each with varying impacts on carbon emissions, energy security, and economic costs. The coal scenario relies heavily on domestic coal production, while the diversified scenarios incorporate nuclear and increased natural gas usage. The renewable scenario aims for a significant increase in renewable energy sources, targeting 73% of energy from renewables by 2050. The analysis considers the economic, social, and environmental impacts of each scenario, highlighting the importance of reducing carbon emissions and enhancing energy security through local energy sources. The document stresses the need for strategic planning to avoid investment risks and ensure stable energy supplies. It also addresses the potential for job creation in new energy sectors and the economic benefits of reduced energy costs. The policy underscores the importance of aligning with EU climate goals and the potential for significant reductions in CO2 emissions, particularly in the renewable scenario. Overall, the document advocates for a proactive approach to energy policy to foster a sustainable and secure energy future.",['PL63'],https://strategia2030.pomorskie.eu/wp-content/uploads/2021/06/Polski-sektor-energetyczny-2050_druk.pdf,Policy,Verified
"['PL518', 'PL515', 'PL418', 'PL613', 'PL617', 'PL637', 'PL634', 'PL619', 'PL618', 'PL22C', 'PL22B', 'PL227', 'PL225', 'PL224', 'PL219', 'PL218', 'PL217', 'PL214', 'RO314', 'RO312', 'RO226', 'RO225', 'RO224', 'RO223', 'RO222', 'RO317', 'SI036', 'SI031', 'RO422', 'RO412', 'PT119', 'PT112', 'PT111', 'PL926', 'PL925', 'PL922', 'PT16B', 'RO115', 'RO114', 'RO112', 'RO111', 'PT187', 'PT185', 'PT181', 'PT16I', 'PT16F', 'PT184', 'ITH31', 'ITG2G', 'ITG2D', 'ITG16', 'ITG15', 'ITG14', 'ITH35', 'ITI12', 'ITH36', 'ITF64', 'ITF63', 'ITF62', 'ITF61', 'ITF52', 'ITF51', 'ITF47', 'ITF43', 'ITF32', 'ITF22', 'ITF14', 'ITF12', 'ITF34', 'HU332', 'HU331', 'HU321', 'LV009', 'LV007', 'LV005', 'LV003', 'ITI35', 'ITI34', 'ITI33', 'ITI31', 'LT021', 'HU313', 'HU233', 'HU232', 'HU231', 'HU223', 'HU222', 'HU221', 'HU322', 'LT029', 'LT026', 'LT025', 'HU212', 'NO0A3', 'NO0A1', 'SK042', 'SK032', 'SK031', 'SK022', 'SK021', 'SE313', 'DE94G', 'DE939', 'BG344', 'BG343', 'BG334', 'BG333', 'BG332', 'BG331', 'BG324', 'BG323', 'BG322', 'BG422', 'CZ042', 'BG425', 'BG424', 'BG423', 'DE22C', 'EL653', 'FRM02', 'FRM01', 'HR063', 'HR061', 'HR037', 'HR036', 'HR035', 'HR034', 'HR033', 'HR032', 'HR031', 'HR028', 'HR027', 'HR025', 'HR024', 'HR023', 'HR022', 'HR021', 'FRY40', 'FRJ12', 'EL644', 'EL643', 'DEE0E', 'DEE0C', 'DEE08', 'EL515', 'EL514', 'EL513', 'EL511', 'EL432', 'EL431', 'EL521', 'EL523', 'EL641', 'EL633', 'EL632', 'EL631', 'EL624', 'EL623', 'EL622', 'EL621', 'EL613', 'EL612', 'EL533', 'EL532', 'EL531', 'EL526', 'EL525', 'EL611', 'EE00A', 'EE009', 'EE008', 'EE004', 'PL514', 'PL415', 'PL633', 'AT224', 'RO321', 'PL912', 'PT150', 'ITH10', 'ITI14', 'ITH59', 'ITH55', 'ITC31', 'ITC4C', 'ITI43', 'SI043', 'DE717', 'DE713', 'DE502', 'DE279', 'DE262', 'BE232', 'ES640', 'ES630', 'ES618', 'ES617', 'ES614', 'FRC24', 'ES612', 'ES521', 'ES424', 'FRL06', 'FRL05', 'FRL04', 'FRK24', 'FRK23', 'HR050', 'FRI12', 'FRJ13', 'DEC02', 'DEB18', 'EL413', 'EL412', 'EL411', 'PL432', 'PL524', 'PL523', 'PL516', 'PL431', 'PL411', 'PL427', 'PL426', 'PL424', 'PL417', 'PL416', 'PL414', 'PL428', 'PL616', 'PL636', 'PL623', 'PL622', 'PL621', 'PL638', 'PL228', 'AT341', 'RO116', 'RO315', 'RO221', 'RO216', 'RO215', 'RO214', 'RO213', 'RO212', 'RO211', 'RO415', 'RO414', 'RO413', 'RO411', 'PT11B', 'ITG19', 'ITG18', 'ITG17', 'ITG13', 'ITG12', 'ITG11', 'ITF65', 'ITF48', 'ITF46', 'ITF45', 'ITF35', 'ITF33', 'ITF31', 'ITF13', 'HU323', 'LV006', 'LT024', 'LT027', 'SK041', 'BG342', 'BG325', 'BG321', 'BG315', 'BG314', 'BG313', 'BG312', 'CZ041', 'BG311', 'BE342', 'ES425', 'EL645', 'FRY10', 'FRY20', 'FRY30', 'HR026', 'DEB13', 'EL512', 'EL422', 'EL522', 'EL524', 'EL541']","['Sustainability', 'Climate change', 'Economic development', 'Innovation', 'Energy']","The European Green Deal aims to integrate environmental goals with economic growth, driving a comprehensive socio-economic transformation to achieve climate neutrality by 2050. It seeks to reduce carbon emissions, promote sustainable practices, and foster innovation across sectors to ensure a balanced coexistence with nature.","The European Green Deal represents a strategic framework designed to transition the European Union towards a sustainable and climate-neutral economy by 2050. It emphasizes reducing carbon emissions by 55% by 2030 compared to 1990 levels, and achieving full climate neutrality by mid-century. This involves a systemic transformation across energy, industry, transport, and agriculture sectors, promoting renewable energy sources, and fostering a circular economy. The initiative also aims to stimulate economic growth and job creation through green technologies and innovation, ensuring that environmental sustainability aligns with economic competitiveness. The plan includes significant investments in infrastructure, research, and development, supported by the 'Next Generation EU' recovery fund. It addresses the socio-economic impacts of the transition, advocating for a just and inclusive approach that involves all stakeholders, including citizens, businesses, and governments. The Green Deal seeks to position the EU as a global leader in climate action, encouraging other nations to follow suit. By integrating environmental and economic policies, it aims to create a resilient and sustainable future, mitigating the adverse effects of climate change while enhancing the quality of life for all Europeans.",['PL63'],https://solidarniwklimacie.pomorskie.eu/wp-content/uploads/2021/11/pomorski_thinkletter-3-2021.pdf,Policy,Community
"['PL518', 'PL515', 'PL418', 'PL613', 'PL617', 'PL637', 'PL634', 'PL619', 'PL618', 'PL22C', 'PL22B', 'PL227', 'PL225', 'PL224', 'PL219', 'PL218', 'PL217', 'PL214', 'RO314', 'RO312', 'RO226', 'RO225', 'RO224', 'RO223', 'RO222', 'RO317', 'SI036', 'SI031', 'RO422', 'RO412', 'PT119', 'PT112', 'PT111', 'PL926', 'PL925', 'PL922', 'PT16B', 'RO115', 'RO114', 'RO112', 'RO111', 'PT187', 'PT185', 'PT181', 'PT16I', 'PT16F', 'PT184', 'ITH31', 'ITG2G', 'ITG2D', 'ITG16', 'ITG15', 'ITG14', 'ITH35', 'ITI12', 'ITH36', 'ITF64', 'ITF63', 'ITF62', 'ITF61', 'ITF52', 'ITF51', 'ITF47', 'ITF43', 'ITF32', 'ITF22', 'ITF14', 'ITF12', 'ITF34', 'HU332', 'HU331', 'HU321', 'LV009', 'LV007', 'LV005', 'LV003', 'ITI35', 'ITI34', 'ITI33', 'ITI31', 'LT021', 'HU313', 'HU233', 'HU232', 'HU231', 'HU223', 'HU222', 'HU221', 'HU322', 'LT029', 'LT026', 'LT025', 'HU212', 'NO0A3', 'NO0A1', 'SK042', 'SK032', 'SK031', 'SK022', 'SK021', 'SE313', 'DE94G', 'DE939', 'BG344', 'BG343', 'BG334', 'BG333', 'BG332', 'BG331', 'BG324', 'BG323', 'BG322', 'BG422', 'CZ042', 'BG425', 'BG424', 'BG423', 'DE22C', 'EL653', 'FRM02', 'FRM01', 'HR063', 'HR061', 'HR037', 'HR036', 'HR035', 'HR034', 'HR033', 'HR032', 'HR031', 'HR028', 'HR027', 'HR025', 'HR024', 'HR023', 'HR022', 'HR021', 'FRY40', 'FRJ12', 'EL644', 'EL643', 'DEE0E', 'DEE0C', 'DEE08', 'EL515', 'EL514', 'EL513', 'EL511', 'EL432', 'EL431', 'EL521', 'EL523', 'EL641', 'EL633', 'EL632', 'EL631', 'EL624', 'EL623', 'EL622', 'EL621', 'EL613', 'EL612', 'EL533', 'EL532', 'EL531', 'EL526', 'EL525', 'EL611', 'EE00A', 'EE009', 'EE008', 'EE004', 'PL514', 'PL415', 'PL633', 'AT224', 'RO321', 'PL912', 'PT150', 'ITH10', 'ITI14', 'ITH59', 'ITH55', 'ITC31', 'ITC4C', 'ITI43', 'SI043', 'DE717', 'DE713', 'DE502', 'DE279', 'DE262', 'BE232', 'ES640', 'ES630', 'ES618', 'ES617', 'ES614', 'FRC24', 'ES612', 'ES521', 'ES424', 'FRL06', 'FRL05', 'FRL04', 'FRK24', 'FRK23', 'HR050', 'FRI12', 'FRJ13', 'DEC02', 'DEB18', 'EL413', 'EL412', 'EL411', 'PL432', 'PL524', 'PL523', 'PL516', 'PL431', 'PL411', 'PL427', 'PL426', 'PL424', 'PL417', 'PL416', 'PL414', 'PL428', 'PL616', 'PL636', 'PL623', 'PL622', 'PL621', 'PL638', 'PL228', 'AT341', 'RO116', 'RO315', 'RO221', 'RO216', 'RO215', 'RO214', 'RO213', 'RO212', 'RO211', 'RO415', 'RO414', 'RO413', 'RO411', 'PT11B', 'ITG19', 'ITG18', 'ITG17', 'ITG13', 'ITG12', 'ITG11', 'ITF65', 'ITF48', 'ITF46', 'ITF45', 'ITF35', 'ITF33', 'ITF31', 'ITF13', 'HU323', 'LV006', 'LT024', 'LT027', 'SK041', 'BG342', 'BG325', 'BG321', 'BG315', 'BG314', 'BG313', 'BG312', 'CZ041', 'BG311', 'BE342', 'ES425', 'EL645', 'FRY10', 'FRY20', 'FRY30', 'HR026', 'DEB13', 'EL512', 'EL422', 'EL522', 'EL524', 'EL541']","['Energy', 'Economic development', 'Innovation', 'Regional development', 'Sustainability']","The policy focuses on developing a hydrogen economy to enhance energy security and support decarbonization, using hydrogen as a key element in the energy transition. It aims to build a resilient strategy that adapts to future uncertainties, leveraging hydrogen's potential to improve regional prosperity.","The policy document emphasizes the development of a hydrogen economy as a strategic tool to enhance energy security and support the decarbonization process. It identifies hydrogen, particularly green hydrogen from renewable sources, as a crucial component in achieving energy transition goals. The approach involves mapping stakeholders, conducting surveys, and analyzing innovation and educational sectors to assess readiness for hydrogen economy integration. The document outlines potential scenarios and uncertainties affecting hydrogen's role in the future energy landscape, advocating for a scenario-based approach to strategy development. Key actions include fostering stakeholder collaboration, increasing awareness of green transformation benefits, and supporting local enterprises in innovation and competitiveness. The policy also highlights the importance of aligning with national and international hydrogen strategies, ensuring regulatory and financial support, and promoting regional strengths such as environmental conditions and existing infrastructure. The intended outcomes are a robust hydrogen economy that contributes to regional economic growth, energy independence, and environmental sustainability, with a focus on creating a supportive ecosystem for hydrogen-related projects and investments. The policy aims to position the region as a key player in the national and international hydrogen value chain by 2040.",['PL63'],https://gospodarka.pomorskie.eu/wp-content/uploads/2024/02/Pomorskie-na-lekkim-gazie_raport-koncowy.pdf,Policy,AI
"['PL518', 'PL515', 'PL418', 'PL613', 'PL617', 'PL637', 'PL634', 'PL619', 'PL618', 'PL22C', 'PL22B', 'PL227', 'PL225', 'PL224', 'PL219', 'PL218', 'PL217', 'PL214', 'RO314', 'RO312', 'RO226', 'RO225', 'RO224', 'RO223', 'RO222', 'RO317', 'SI036', 'SI031', 'RO422', 'RO412', 'PT119', 'PT112', 'PT111', 'PL926', 'PL925', 'PL922', 'PT16B', 'RO115', 'RO114', 'RO112', 'RO111', 'PT187', 'PT185', 'PT181', 'PT16I', 'PT16F', 'PT184', 'ITH31', 'ITG2G', 'ITG2D', 'ITG16', 'ITG15', 'ITG14', 'ITH35', 'ITI12', 'ITH36', 'ITF64', 'ITF63', 'ITF62', 'ITF61', 'ITF52', 'ITF51', 'ITF47', 'ITF43', 'ITF32', 'ITF22', 'ITF14', 'ITF12', 'ITF34', 'HU332', 'HU331', 'HU321', 'LV009', 'LV007', 'LV005', 'LV003', 'ITI35', 'ITI34', 'ITI33', 'ITI31', 'LT021', 'HU313', 'HU233', 'HU232', 'HU231', 'HU223', 'HU222', 'HU221', 'HU322', 'LT029', 'LT026', 'LT025', 'HU212', 'NO0A3', 'NO0A1', 'SK042', 'SK032', 'SK031', 'SK022', 'SK021', 'SE313', 'DE94G', 'DE939', 'BG344', 'BG343', 'BG334', 'BG333', 'BG332', 'BG331', 'BG324', 'BG323', 'BG322', 'BG422', 'CZ042', 'BG425', 'BG424', 'BG423', 'DE22C', 'EL653', 'FRM02', 'FRM01', 'HR063', 'HR061', 'HR037', 'HR036', 'HR035', 'HR034', 'HR033', 'HR032', 'HR031', 'HR028', 'HR027', 'HR025', 'HR024', 'HR023', 'HR022', 'HR021', 'FRY40', 'FRJ12', 'EL644', 'EL643', 'DEE0E', 'DEE0C', 'DEE08', 'EL515', 'EL514', 'EL513', 'EL511', 'EL432', 'EL431', 'EL521', 'EL523', 'EL641', 'EL633', 'EL632', 'EL631', 'EL624', 'EL623', 'EL622', 'EL621', 'EL613', 'EL612', 'EL533', 'EL532', 'EL531', 'EL526', 'EL525', 'EL611', 'EE00A', 'EE009', 'EE008', 'EE004', 'PL514', 'PL415', 'PL633', 'AT224', 'RO321', 'PL912', 'PT150', 'ITH10', 'ITI14', 'ITH59', 'ITH55', 'ITC31', 'ITC4C', 'ITI43', 'SI043', 'DE717', 'DE713', 'DE502', 'DE279', 'DE262', 'BE232', 'ES640', 'ES630', 'ES618', 'ES617', 'ES614', 'FRC24', 'ES612', 'ES521', 'ES424', 'FRL06', 'FRL05', 'FRL04', 'FRK24', 'FRK23', 'HR050', 'FRI12', 'FRJ13', 'DEC02', 'DEB18', 'EL413', 'EL412', 'EL411', 'PL432', 'PL524', 'PL523', 'PL516', 'PL431', 'PL411', 'PL427', 'PL426', 'PL424', 'PL417', 'PL416', 'PL414', 'PL428', 'PL616', 'PL636', 'PL623', 'PL622', 'PL621', 'PL638', 'PL228', 'AT341', 'RO116', 'RO315', 'RO221', 'RO216', 'RO215', 'RO214', 'RO213', 'RO212', 'RO211', 'RO415', 'RO414', 'RO413', 'RO411', 'PT11B', 'ITG19', 'ITG18', 'ITG17', 'ITG13', 'ITG12', 'ITG11', 'ITF65', 'ITF48', 'ITF46', 'ITF45', 'ITF35', 'ITF33', 'ITF31', 'ITF13', 'HU323', 'LV006', 'LT024', 'LT027', 'SK041', 'BG342', 'BG325', 'BG321', 'BG315', 'BG314', 'BG313', 'BG312', 'CZ041', 'BG311', 'BE342', 'ES425', 'EL645', 'FRY10', 'FRY20', 'FRY30', 'HR026', 'DEB13', 'EL512', 'EL422', 'EL522', 'EL524', 'EL541']","['Public health', 'Infrastructure', 'Governance']","The policy promotes the use of free health programs to save lives, emphasizing quality improvement in healthcare facilities and patient rights to enhance public trust and health outcomes.","The policy focuses on increasing public awareness and utilization of free health programs to improve health outcomes and potentially save lives. It addresses the need for quality improvement in healthcare facilities, emphasizing patient rights and better communication. The policy highlights the importance of modernizing hospital infrastructure and equipment through significant investments, aiming to enhance patient safety and comfort. It acknowledges the challenges posed by underfunding in the healthcare sector and stresses the need for increased financial support from the state. The policy also aims to reduce the burden on emergency services by improving the efficiency of primary healthcare and ensuring patients are well-informed about their healthcare options. By fostering a culture of continuous improvement and professional development among healthcare providers, the policy seeks to build public trust and ensure that healthcare services are both accessible and effective. The ultimate goal is to create a healthcare system that is responsive to the needs of the population, with a focus on preventive care and early intervention to reduce the incidence of serious health issues.",['PL63'],https://pomorskie.eu/wp-content/uploads/2020/05/Pomorskie-nr-1-z-2018.pdf,Programme,Verified
"['PL518', 'PL515', 'PL418', 'PL613', 'PL617', 'PL637', 'PL634', 'PL619', 'PL618', 'PL22C', 'PL22B', 'PL227', 'PL225', 'PL224', 'PL219', 'PL218', 'PL217', 'PL214', 'RO314', 'RO312', 'RO226', 'RO225', 'RO224', 'RO223', 'RO222', 'RO317', 'SI036', 'SI031', 'RO422', 'RO412', 'PT119', 'PT112', 'PT111', 'PL926', 'PL925', 'PL922', 'PT16B', 'RO115', 'RO114', 'RO112', 'RO111', 'PT187', 'PT185', 'PT181', 'PT16I', 'PT16F', 'PT184', 'ITH31', 'ITG2G', 'ITG2D', 'ITG16', 'ITG15', 'ITG14', 'ITH35', 'ITI12', 'ITH36', 'ITF64', 'ITF63', 'ITF62', 'ITF61', 'ITF52', 'ITF51', 'ITF47', 'ITF43', 'ITF32', 'ITF22', 'ITF14', 'ITF12', 'ITF34', 'HU332', 'HU331', 'HU321', 'LV009', 'LV007', 'LV005', 'LV003', 'ITI35', 'ITI34', 'ITI33', 'ITI31', 'LT021', 'HU313', 'HU233', 'HU232', 'HU231', 'HU223', 'HU222', 'HU221', 'HU322', 'LT029', 'LT026', 'LT025', 'HU212', 'NO0A3', 'NO0A1', 'SK042', 'SK032', 'SK031', 'SK022', 'SK021', 'SE313', 'DE94G', 'DE939', 'BG344', 'BG343', 'BG334', 'BG333', 'BG332', 'BG331', 'BG324', 'BG323', 'BG322', 'BG422', 'CZ042', 'BG425', 'BG424', 'BG423', 'DE22C', 'EL653', 'FRM02', 'FRM01', 'HR063', 'HR061', 'HR037', 'HR036', 'HR035', 'HR034', 'HR033', 'HR032', 'HR031', 'HR028', 'HR027', 'HR025', 'HR024', 'HR023', 'HR022', 'HR021', 'FRY40', 'FRJ12', 'EL644', 'EL643', 'DEE0E', 'DEE0C', 'DEE08', 'EL515', 'EL514', 'EL513', 'EL511', 'EL432', 'EL431', 'EL521', 'EL523', 'EL641', 'EL633', 'EL632', 'EL631', 'EL624', 'EL623', 'EL622', 'EL621', 'EL613', 'EL612', 'EL533', 'EL532', 'EL531', 'EL526', 'EL525', 'EL611', 'EE00A', 'EE009', 'EE008', 'EE004', 'PL514', 'PL415', 'PL633', 'AT224', 'RO321', 'PL912', 'PT150', 'ITH10', 'ITI14', 'ITH59', 'ITH55', 'ITC31', 'ITC4C', 'ITI43', 'SI043', 'DE717', 'DE713', 'DE502', 'DE279', 'DE262', 'BE232', 'ES640', 'ES630', 'ES618', 'ES617', 'ES614', 'FRC24', 'ES612', 'ES521', 'ES424', 'FRL06', 'FRL05', 'FRL04', 'FRK24', 'FRK23', 'HR050', 'FRI12', 'FRJ13', 'DEC02', 'DEB18', 'EL413', 'EL412', 'EL411', 'PL432', 'PL524', 'PL523', 'PL516', 'PL431', 'PL411', 'PL427', 'PL426', 'PL424', 'PL417', 'PL416', 'PL414', 'PL428', 'PL616', 'PL636', 'PL623', 'PL622', 'PL621', 'PL638', 'PL228', 'AT341', 'RO116', 'RO315', 'RO221', 'RO216', 'RO215', 'RO214', 'RO213', 'RO212', 'RO211', 'RO415', 'RO414', 'RO413', 'RO411', 'PT11B', 'ITG19', 'ITG18', 'ITG17', 'ITG13', 'ITG12', 'ITG11', 'ITF65', 'ITF48', 'ITF46', 'ITF45', 'ITF35', 'ITF33', 'ITF31', 'ITF13', 'HU323', 'LV006', 'LT024', 'LT027', 'SK041', 'BG342', 'BG325', 'BG321', 'BG315', 'BG314', 'BG313', 'BG312', 'CZ041', 'BG311', 'BE342', 'ES425', 'EL645', 'FRY10', 'FRY20', 'FRY30', 'HR026', 'DEB13', 'EL512', 'EL422', 'EL522', 'EL524', 'EL541']","['Economic development', 'Regional development', 'Governance', 'Community engagement']","The document discusses the opposition to the merger of Lotos and Orlen, highlighting concerns about regional economic impacts and political motivations behind the decision. The focus is on protecting local interests and maintaining economic stability in the region.","The document addresses the controversial merger between Lotos and Orlen, emphasizing the political and economic implications for the Pomorskie region. Local politicians, including those from the opposition, argue that the merger could lead to negative economic consequences, such as job losses and reduced local tax revenues. The merger is seen as a politically motivated move by the ruling party, potentially centralizing control and diminishing regional influence. The document highlights the importance of maintaining Lotos's independence to ensure continued local economic contributions and support for cultural and social initiatives. It also discusses the historical context of previous attempts to sell Lotos and the consistent regional opposition to such moves. The document calls for a united front among local politicians to resist the merger and protect regional interests, suggesting that the merger could lead to a monopoly, higher consumer prices, and a loss of regional economic autonomy. The potential impact on local businesses and the broader community is a central concern, with calls for transparency and thorough analysis before proceeding with the merger.",['PL63'],https://pomorskie.eu/wp-content/uploads/2020/05/Pomorskie-nr-2-z-2018.pdf,Programme,Community
"['PL518', 'PL515', 'PL418', 'PL613', 'PL617', 'PL637', 'PL634', 'PL619', 'PL618', 'PL22C', 'PL22B', 'PL227', 'PL225', 'PL224', 'PL219', 'PL218', 'PL217', 'PL214', 'RO314', 'RO312', 'RO226', 'RO225', 'RO224', 'RO223', 'RO222', 'RO317', 'SI036', 'SI031', 'RO422', 'RO412', 'PT119', 'PT112', 'PT111', 'PL926', 'PL925', 'PL922', 'PT16B', 'RO115', 'RO114', 'RO112', 'RO111', 'PT187', 'PT185', 'PT181', 'PT16I', 'PT16F', 'PT184', 'ITH31', 'ITG2G', 'ITG2D', 'ITG16', 'ITG15', 'ITG14', 'ITH35', 'ITI12', 'ITH36', 'ITF64', 'ITF63', 'ITF62', 'ITF61', 'ITF52', 'ITF51', 'ITF47', 'ITF43', 'ITF32', 'ITF22', 'ITF14', 'ITF12', 'ITF34', 'HU332', 'HU331', 'HU321', 'LV009', 'LV007', 'LV005', 'LV003', 'ITI35', 'ITI34', 'ITI33', 'ITI31', 'LT021', 'HU313', 'HU233', 'HU232', 'HU231', 'HU223', 'HU222', 'HU221', 'HU322', 'LT029', 'LT026', 'LT025', 'HU212', 'NO0A3', 'NO0A1', 'SK042', 'SK032', 'SK031', 'SK022', 'SK021', 'SE313', 'DE94G', 'DE939', 'BG344', 'BG343', 'BG334', 'BG333', 'BG332', 'BG331', 'BG324', 'BG323', 'BG322', 'BG422', 'CZ042', 'BG425', 'BG424', 'BG423', 'DE22C', 'EL653', 'FRM02', 'FRM01', 'HR063', 'HR061', 'HR037', 'HR036', 'HR035', 'HR034', 'HR033', 'HR032', 'HR031', 'HR028', 'HR027', 'HR025', 'HR024', 'HR023', 'HR022', 'HR021', 'FRY40', 'FRJ12', 'EL644', 'EL643', 'DEE0E', 'DEE0C', 'DEE08', 'EL515', 'EL514', 'EL513', 'EL511', 'EL432', 'EL431', 'EL521', 'EL523', 'EL641', 'EL633', 'EL632', 'EL631', 'EL624', 'EL623', 'EL622', 'EL621', 'EL613', 'EL612', 'EL533', 'EL532', 'EL531', 'EL526', 'EL525', 'EL611', 'EE00A', 'EE009', 'EE008', 'EE004', 'PL514', 'PL415', 'PL633', 'AT224', 'RO321', 'PL912', 'PT150', 'ITH10', 'ITI14', 'ITH59', 'ITH55', 'ITC31', 'ITC4C', 'ITI43', 'SI043', 'DE717', 'DE713', 'DE502', 'DE279', 'DE262', 'BE232', 'ES640', 'ES630', 'ES618', 'ES617', 'ES614', 'FRC24', 'ES612', 'ES521', 'ES424', 'FRL06', 'FRL05', 'FRL04', 'FRK24', 'FRK23', 'HR050', 'FRI12', 'FRJ13', 'DEC02', 'DEB18', 'EL413', 'EL412', 'EL411', 'PL432', 'PL524', 'PL523', 'PL516', 'PL431', 'PL411', 'PL427', 'PL426', 'PL424', 'PL417', 'PL416', 'PL414', 'PL428', 'PL616', 'PL636', 'PL623', 'PL622', 'PL621', 'PL638', 'PL228', 'AT341', 'RO116', 'RO315', 'RO221', 'RO216', 'RO215', 'RO214', 'RO213', 'RO212', 'RO211', 'RO415', 'RO414', 'RO413', 'RO411', 'PT11B', 'ITG19', 'ITG18', 'ITG17', 'ITG13', 'ITG12', 'ITG11', 'ITF65', 'ITF48', 'ITF46', 'ITF45', 'ITF35', 'ITF33', 'ITF31', 'ITF13', 'HU323', 'LV006', 'LT024', 'LT027', 'SK041', 'BG342', 'BG325', 'BG321', 'BG315', 'BG314', 'BG313', 'BG312', 'CZ041', 'BG311', 'BE342', 'ES425', 'EL645', 'FRY10', 'FRY20', 'FRY30', 'HR026', 'DEB13', 'EL512', 'EL422', 'EL522', 'EL524', 'EL541']","['Sustainability', 'Climate change', 'Energy', 'Environmental protection', 'Governance']","The policy focuses on promoting sustainable practices and climate adaptation through the Green Deal and ESG frameworks, aiming to achieve climate neutrality by 2050 and enhance corporate responsibility in environmental impact reporting.","The policy addresses the challenges and opportunities presented by the European Green Deal, emphasizing the need for energy and climate transformation to achieve climate neutrality by 2050. It highlights Poland's significant role as a major CO2 emitter and the necessity for a unified approach to overcome industry resistance. The policy also explores the integration of ESG (Environmental, Social, and Governance) criteria into business models, stressing the importance of responsible corporate behavior and compliance with EU regulations. Workshops on carbon footprint assessment and ESG strategy development aim to equip organizations and individuals with the skills to evaluate and report environmental impacts effectively. The policy underscores the importance of sustainable development and the potential for positive environmental impact through informed consumer decisions and corporate practices. By fostering dialogue among stakeholders, including government officials, industry leaders, and academics, the policy seeks to align national efforts with broader EU objectives, ensuring that businesses are prepared to meet regulatory challenges and contribute to a sustainable future. The initiative also includes educational components to raise awareness and inspire action towards environmental conservation and responsible resource management.",['PL63'],https://solidarniwklimacie.pomorskie.eu/wp-content/uploads/2024/10/PROGRAM.pdf,Policy,AI
"['PL518', 'PL515', 'PL418', 'PL613', 'PL617', 'PL637', 'PL634', 'PL619', 'PL618', 'PL22C', 'PL22B', 'PL227', 'PL225', 'PL224', 'PL219', 'PL218', 'PL217', 'PL214', 'RO314', 'RO312', 'RO226', 'RO225', 'RO224', 'RO223', 'RO222', 'RO317', 'SI036', 'SI031', 'RO422', 'RO412', 'PT119', 'PT112', 'PT111', 'PL926', 'PL925', 'PL922', 'PT16B', 'RO115', 'RO114', 'RO112', 'RO111', 'PT187', 'PT185', 'PT181', 'PT16I', 'PT16F', 'PT184', 'ITH31', 'ITG2G', 'ITG2D', 'ITG16', 'ITG15', 'ITG14', 'ITH35', 'ITI12', 'ITH36', 'ITF64', 'ITF63', 'ITF62', 'ITF61', 'ITF52', 'ITF51', 'ITF47', 'ITF43', 'ITF32', 'ITF22', 'ITF14', 'ITF12', 'ITF34', 'HU332', 'HU331', 'HU321', 'LV009', 'LV007', 'LV005', 'LV003', 'ITI35', 'ITI34', 'ITI33', 'ITI31', 'LT021', 'HU313', 'HU233', 'HU232', 'HU231', 'HU223', 'HU222', 'HU221', 'HU322', 'LT029', 'LT026', 'LT025', 'HU212', 'NO0A3', 'NO0A1', 'SK042', 'SK032', 'SK031', 'SK022', 'SK021', 'SE313', 'DE94G', 'DE939', 'BG344', 'BG343', 'BG334', 'BG333', 'BG332', 'BG331', 'BG324', 'BG323', 'BG322', 'BG422', 'CZ042', 'BG425', 'BG424', 'BG423', 'DE22C', 'EL653', 'FRM02', 'FRM01', 'HR063', 'HR061', 'HR037', 'HR036', 'HR035', 'HR034', 'HR033', 'HR032', 'HR031', 'HR028', 'HR027', 'HR025', 'HR024', 'HR023', 'HR022', 'HR021', 'FRY40', 'FRJ12', 'EL644', 'EL643', 'DEE0E', 'DEE0C', 'DEE08', 'EL515', 'EL514', 'EL513', 'EL511', 'EL432', 'EL431', 'EL521', 'EL523', 'EL641', 'EL633', 'EL632', 'EL631', 'EL624', 'EL623', 'EL622', 'EL621', 'EL613', 'EL612', 'EL533', 'EL532', 'EL531', 'EL526', 'EL525', 'EL611', 'EE00A', 'EE009', 'EE008', 'EE004', 'PL514', 'PL415', 'PL633', 'AT224', 'RO321', 'PL912', 'PT150', 'ITH10', 'ITI14', 'ITH59', 'ITH55', 'ITC31', 'ITC4C', 'ITI43', 'SI043', 'DE717', 'DE713', 'DE502', 'DE279', 'DE262', 'BE232', 'ES640', 'ES630', 'ES618', 'ES617', 'ES614', 'FRC24', 'ES612', 'ES521', 'ES424', 'FRL06', 'FRL05', 'FRL04', 'FRK24', 'FRK23', 'HR050', 'FRI12', 'FRJ13', 'DEC02', 'DEB18', 'EL413', 'EL412', 'EL411', 'PL432', 'PL524', 'PL523', 'PL516', 'PL431', 'PL411', 'PL427', 'PL426', 'PL424', 'PL417', 'PL416', 'PL414', 'PL428', 'PL616', 'PL636', 'PL623', 'PL622', 'PL621', 'PL638', 'PL228', 'AT341', 'RO116', 'RO315', 'RO221', 'RO216', 'RO215', 'RO214', 'RO213', 'RO212', 'RO211', 'RO415', 'RO414', 'RO413', 'RO411', 'PT11B', 'ITG19', 'ITG18', 'ITG17', 'ITG13', 'ITG12', 'ITG11', 'ITF65', 'ITF48', 'ITF46', 'ITF45', 'ITF35', 'ITF33', 'ITF31', 'ITF13', 'HU323', 'LV006', 'LT024', 'LT027', 'SK041', 'BG342', 'BG325', 'BG321', 'BG315', 'BG314', 'BG313', 'BG312', 'CZ041', 'BG311', 'BE342', 'ES425', 'EL645', 'FRY10', 'FRY20', 'FRY30', 'HR026', 'DEB13', 'EL512', 'EL422', 'EL522', 'EL524', 'EL541']","['Innovation', 'Climate change', 'Economic development', 'Digitalisation', 'Social inclusion']","Horizon Europe aims to enhance EU scientific competitiveness and address global challenges through strategic research and innovation investments, fostering international cooperation and gender equality to achieve impactful societal, economic, and scientific outcomes.","Horizon Europe is structured into three pillars and a part, focusing on excellent science, global challenges, and innovative Europe, with a budget of €95.5 billion for 2021-2027. It emphasizes international cooperation, allowing participation from non-EU countries, and mandates gender equality as a cross-cutting principle. The program integrates social sciences and humanities to address complex societal issues, particularly in the context of green and digital transitions. The strategic plan defines key orientations to promote open strategic autonomy, restore ecosystems, and create a resilient society. European Partnerships and Missions are key tools, addressing challenges like cancer and climate change. The program's impact-driven design aims to maximize research and innovation investments' effects, aligning with EU policy priorities. It introduces a new eligibility criterion requiring gender equality plans for certain entities and mandates integrating the gender dimension into research content. The program also addresses foreign interference in research and innovation, recommending participants familiarize themselves with relevant guidelines. Overall, Horizon Europe seeks to stimulate impactful research and innovation, ensuring contributions to societal, economic, and scientific advancements across Europe and beyond.",['PL63'],https://programymiedzynarodowe.pomorskie.eu/wp-content/uploads/2022/09/programme-guide_horizon_en.pdf,Policy,Verified
"['PL518', 'PL515', 'PL418', 'PL613', 'PL617', 'PL637', 'PL634', 'PL619', 'PL618', 'PL22C', 'PL22B', 'PL227', 'PL225', 'PL224', 'PL219', 'PL218', 'PL217', 'PL214', 'RO314', 'RO312', 'RO226', 'RO225', 'RO224', 'RO223', 'RO222', 'RO317', 'SI036', 'SI031', 'RO422', 'RO412', 'PT119', 'PT112', 'PT111', 'PL926', 'PL925', 'PL922', 'PT16B', 'RO115', 'RO114', 'RO112', 'RO111', 'PT187', 'PT185', 'PT181', 'PT16I', 'PT16F', 'PT184', 'ITH31', 'ITG2G', 'ITG2D', 'ITG16', 'ITG15', 'ITG14', 'ITH35', 'ITI12', 'ITH36', 'ITF64', 'ITF63', 'ITF62', 'ITF61', 'ITF52', 'ITF51', 'ITF47', 'ITF43', 'ITF32', 'ITF22', 'ITF14', 'ITF12', 'ITF34', 'HU332', 'HU331', 'HU321', 'LV009', 'LV007', 'LV005', 'LV003', 'ITI35', 'ITI34', 'ITI33', 'ITI31', 'LT021', 'HU313', 'HU233', 'HU232', 'HU231', 'HU223', 'HU222', 'HU221', 'HU322', 'LT029', 'LT026', 'LT025', 'HU212', 'NO0A3', 'NO0A1', 'SK042', 'SK032', 'SK031', 'SK022', 'SK021', 'SE313', 'DE94G', 'DE939', 'BG344', 'BG343', 'BG334', 'BG333', 'BG332', 'BG331', 'BG324', 'BG323', 'BG322', 'BG422', 'CZ042', 'BG425', 'BG424', 'BG423', 'DE22C', 'EL653', 'FRM02', 'FRM01', 'HR063', 'HR061', 'HR037', 'HR036', 'HR035', 'HR034', 'HR033', 'HR032', 'HR031', 'HR028', 'HR027', 'HR025', 'HR024', 'HR023', 'HR022', 'HR021', 'FRY40', 'FRJ12', 'EL644', 'EL643', 'DEE0E', 'DEE0C', 'DEE08', 'EL515', 'EL514', 'EL513', 'EL511', 'EL432', 'EL431', 'EL521', 'EL523', 'EL641', 'EL633', 'EL632', 'EL631', 'EL624', 'EL623', 'EL622', 'EL621', 'EL613', 'EL612', 'EL533', 'EL532', 'EL531', 'EL526', 'EL525', 'EL611', 'EE00A', 'EE009', 'EE008', 'EE004', 'PL514', 'PL415', 'PL633', 'AT224', 'RO321', 'PL912', 'PT150', 'ITH10', 'ITI14', 'ITH59', 'ITH55', 'ITC31', 'ITC4C', 'ITI43', 'SI043', 'DE717', 'DE713', 'DE502', 'DE279', 'DE262', 'BE232', 'ES640', 'ES630', 'ES618', 'ES617', 'ES614', 'FRC24', 'ES612', 'ES521', 'ES424', 'FRL06', 'FRL05', 'FRL04', 'FRK24', 'FRK23', 'HR050', 'FRI12', 'FRJ13', 'DEC02', 'DEB18', 'EL413', 'EL412', 'EL411', 'PL432', 'PL524', 'PL523', 'PL516', 'PL431', 'PL411', 'PL427', 'PL426', 'PL424', 'PL417', 'PL416', 'PL414', 'PL428', 'PL616', 'PL636', 'PL623', 'PL622', 'PL621', 'PL638', 'PL228', 'AT341', 'RO116', 'RO315', 'RO221', 'RO216', 'RO215', 'RO214', 'RO213', 'RO212', 'RO211', 'RO415', 'RO414', 'RO413', 'RO411', 'PT11B', 'ITG19', 'ITG18', 'ITG17', 'ITG13', 'ITG12', 'ITG11', 'ITF65', 'ITF48', 'ITF46', 'ITF45', 'ITF35', 'ITF33', 'ITF31', 'ITF13', 'HU323', 'LV006', 'LT024', 'LT027', 'SK041', 'BG342', 'BG325', 'BG321', 'BG315', 'BG314', 'BG313', 'BG312', 'CZ041', 'BG311', 'BE342', 'ES425', 'EL645', 'FRY10', 'FRY20', 'FRY30', 'HR026', 'DEB13', 'EL512', 'EL422', 'EL522', 'EL524', 'EL541']","['Economic development', 'Innovation', 'Sustainability', 'Digitalisation', 'Regional development']","The policy aims to enhance Poland's economic growth by boosting innovation and competitiveness through digital transformation and sustainable practices, addressing challenges like low productivity and the impact of COVID-19.","Poland's policy for 2021-2027 focuses on increasing economic productivity and competitiveness by promoting innovation, digital transformation, and sustainable practices. It addresses challenges such as low productivity, regional disparities, and the economic impact of COVID-19. Key actions include supporting R&D activities, fostering collaboration between businesses and research institutions, and enhancing digital skills. The policy also emphasizes the transition to a green economy, encouraging the development of green technologies and circular economy models. By investing in infrastructure and human capital, the policy aims to create high-quality jobs and improve Poland's position in global value chains. The expected outcomes include increased innovation capacity, higher export of high-tech products, and improved environmental sustainability. The policy leverages EU funds to support these initiatives, ensuring alignment with broader EU goals like the Green Deal and Digital Agenda. The approach is comprehensive, targeting both large enterprises and SMEs, and includes measures to enhance public administration efficiency. The policy's success relies on effective coordination between national and regional levels, fostering a conducive environment for sustainable economic development and resilience against future crises.",['PL63'],https://strategia2030.pomorskie.eu/wp-content/uploads/2021/06/projekt_UP_do_konsultacji_18012021.pdf,Policy,Community
"['PL518', 'PL515', 'PL418', 'PL613', 'PL617', 'PL637', 'PL634', 'PL619', 'PL618', 'PL22C', 'PL22B', 'PL227', 'PL225', 'PL224', 'PL219', 'PL218', 'PL217', 'PL214', 'RO314', 'RO312', 'RO226', 'RO225', 'RO224', 'RO223', 'RO222', 'RO317', 'SI036', 'SI031', 'RO422', 'RO412', 'PT119', 'PT112', 'PT111', 'PL926', 'PL925', 'PL922', 'PT16B', 'RO115', 'RO114', 'RO112', 'RO111', 'PT187', 'PT185', 'PT181', 'PT16I', 'PT16F', 'PT184', 'ITH31', 'ITG2G', 'ITG2D', 'ITG16', 'ITG15', 'ITG14', 'ITH35', 'ITI12', 'ITH36', 'ITF64', 'ITF63', 'ITF62', 'ITF61', 'ITF52', 'ITF51', 'ITF47', 'ITF43', 'ITF32', 'ITF22', 'ITF14', 'ITF12', 'ITF34', 'HU332', 'HU331', 'HU321', 'LV009', 'LV007', 'LV005', 'LV003', 'ITI35', 'ITI34', 'ITI33', 'ITI31', 'LT021', 'HU313', 'HU233', 'HU232', 'HU231', 'HU223', 'HU222', 'HU221', 'HU322', 'LT029', 'LT026', 'LT025', 'HU212', 'NO0A3', 'NO0A1', 'SK042', 'SK032', 'SK031', 'SK022', 'SK021', 'SE313', 'DE94G', 'DE939', 'BG344', 'BG343', 'BG334', 'BG333', 'BG332', 'BG331', 'BG324', 'BG323', 'BG322', 'BG422', 'CZ042', 'BG425', 'BG424', 'BG423', 'DE22C', 'EL653', 'FRM02', 'FRM01', 'HR063', 'HR061', 'HR037', 'HR036', 'HR035', 'HR034', 'HR033', 'HR032', 'HR031', 'HR028', 'HR027', 'HR025', 'HR024', 'HR023', 'HR022', 'HR021', 'FRY40', 'FRJ12', 'EL644', 'EL643', 'DEE0E', 'DEE0C', 'DEE08', 'EL515', 'EL514', 'EL513', 'EL511', 'EL432', 'EL431', 'EL521', 'EL523', 'EL641', 'EL633', 'EL632', 'EL631', 'EL624', 'EL623', 'EL622', 'EL621', 'EL613', 'EL612', 'EL533', 'EL532', 'EL531', 'EL526', 'EL525', 'EL611', 'EE00A', 'EE009', 'EE008', 'EE004', 'PL514', 'PL415', 'PL633', 'AT224', 'RO321', 'PL912', 'PT150', 'ITH10', 'ITI14', 'ITH59', 'ITH55', 'ITC31', 'ITC4C', 'ITI43', 'SI043', 'DE717', 'DE713', 'DE502', 'DE279', 'DE262', 'BE232', 'ES640', 'ES630', 'ES618', 'ES617', 'ES614', 'FRC24', 'ES612', 'ES521', 'ES424', 'FRL06', 'FRL05', 'FRL04', 'FRK24', 'FRK23', 'HR050', 'FRI12', 'FRJ13', 'DEC02', 'DEB18', 'EL413', 'EL412', 'EL411', 'PL432', 'PL524', 'PL523', 'PL516', 'PL431', 'PL411', 'PL427', 'PL426', 'PL424', 'PL417', 'PL416', 'PL414', 'PL428', 'PL616', 'PL636', 'PL623', 'PL622', 'PL621', 'PL638', 'PL228', 'AT341', 'RO116', 'RO315', 'RO221', 'RO216', 'RO215', 'RO214', 'RO213', 'RO212', 'RO211', 'RO415', 'RO414', 'RO413', 'RO411', 'PT11B', 'ITG19', 'ITG18', 'ITG17', 'ITG13', 'ITG12', 'ITG11', 'ITF65', 'ITF48', 'ITF46', 'ITF45', 'ITF35', 'ITF33', 'ITF31', 'ITF13', 'HU323', 'LV006', 'LT024', 'LT027', 'SK041', 'BG342', 'BG325', 'BG321', 'BG315', 'BG314', 'BG313', 'BG312', 'CZ041', 'BG311', 'BE342', 'ES425', 'EL645', 'FRY10', 'FRY20', 'FRY30', 'HR026', 'DEB13', 'EL512', 'EL422', 'EL522', 'EL524', 'EL541']","['Economic development', 'Infrastructure', 'Energy', 'Transportation', 'Regional development']","The document reviews developments in the maritime economy sectors, focusing on infrastructure expansion and energy security to enhance Poland's economic resilience and competitiveness.","The document provides an overview of recent developments in Poland's maritime economy, emphasizing infrastructure expansion and energy security. Key initiatives include the enhancement of intermodal transport facilities in Świnoujście, aimed at boosting rail freight capacity, and the strategic withdrawal of Maersk from Gdańsk, which is expected to have minimal impact due to the presence of other operators. The Polish government is implementing legislative changes to support the transport sector, targeting unfair competition and enhancing environmental protection. Investments in energy infrastructure, such as the FSRU program and agreements for oil supply, are crucial for diversifying energy sources and ensuring stability. The document also highlights the growth of offshore wind projects, with PGE Baltica securing technical advisory services and seeking financing for the Baltica 2 project. Additionally, the development of installation ports in Gdańsk and Świnoujście is underway to support offshore wind energy. The document underscores the importance of these initiatives in strengthening Poland's position in international maritime trade, enhancing energy security, and fostering regional economic development. The strategic focus on modernizing infrastructure and expanding renewable energy capabilities is intended to bolster Poland's economic resilience and competitiveness in the global market.",['PL63'],https://gospodarka.pomorskie.eu/wp-content/uploads/2024/09/PUM_Monitoring2tyg_sierpienczesc-II.pdf,Programme,AI
"['PL518', 'PL515', 'PL418', 'PL613', 'PL617', 'PL637', 'PL634', 'PL619', 'PL618', 'PL22C', 'PL22B', 'PL227', 'PL225', 'PL224', 'PL219', 'PL218', 'PL217', 'PL214', 'RO314', 'RO312', 'RO226', 'RO225', 'RO224', 'RO223', 'RO222', 'RO317', 'SI036', 'SI031', 'RO422', 'RO412', 'PT119', 'PT112', 'PT111', 'PL926', 'PL925', 'PL922', 'PT16B', 'RO115', 'RO114', 'RO112', 'RO111', 'PT187', 'PT185', 'PT181', 'PT16I', 'PT16F', 'PT184', 'ITH31', 'ITG2G', 'ITG2D', 'ITG16', 'ITG15', 'ITG14', 'ITH35', 'ITI12', 'ITH36', 'ITF64', 'ITF63', 'ITF62', 'ITF61', 'ITF52', 'ITF51', 'ITF47', 'ITF43', 'ITF32', 'ITF22', 'ITF14', 'ITF12', 'ITF34', 'HU332', 'HU331', 'HU321', 'LV009', 'LV007', 'LV005', 'LV003', 'ITI35', 'ITI34', 'ITI33', 'ITI31', 'LT021', 'HU313', 'HU233', 'HU232', 'HU231', 'HU223', 'HU222', 'HU221', 'HU322', 'LT029', 'LT026', 'LT025', 'HU212', 'NO0A3', 'NO0A1', 'SK042', 'SK032', 'SK031', 'SK022', 'SK021', 'SE313', 'DE94G', 'DE939', 'BG344', 'BG343', 'BG334', 'BG333', 'BG332', 'BG331', 'BG324', 'BG323', 'BG322', 'BG422', 'CZ042', 'BG425', 'BG424', 'BG423', 'DE22C', 'EL653', 'FRM02', 'FRM01', 'HR063', 'HR061', 'HR037', 'HR036', 'HR035', 'HR034', 'HR033', 'HR032', 'HR031', 'HR028', 'HR027', 'HR025', 'HR024', 'HR023', 'HR022', 'HR021', 'FRY40', 'FRJ12', 'EL644', 'EL643', 'DEE0E', 'DEE0C', 'DEE08', 'EL515', 'EL514', 'EL513', 'EL511', 'EL432', 'EL431', 'EL521', 'EL523', 'EL641', 'EL633', 'EL632', 'EL631', 'EL624', 'EL623', 'EL622', 'EL621', 'EL613', 'EL612', 'EL533', 'EL532', 'EL531', 'EL526', 'EL525', 'EL611', 'EE00A', 'EE009', 'EE008', 'EE004', 'PL514', 'PL415', 'PL633', 'AT224', 'RO321', 'PL912', 'PT150', 'ITH10', 'ITI14', 'ITH59', 'ITH55', 'ITC31', 'ITC4C', 'ITI43', 'SI043', 'DE717', 'DE713', 'DE502', 'DE279', 'DE262', 'BE232', 'ES640', 'ES630', 'ES618', 'ES617', 'ES614', 'FRC24', 'ES612', 'ES521', 'ES424', 'FRL06', 'FRL05', 'FRL04', 'FRK24', 'FRK23', 'HR050', 'FRI12', 'FRJ13', 'DEC02', 'DEB18', 'EL413', 'EL412', 'EL411', 'PL432', 'PL524', 'PL523', 'PL516', 'PL431', 'PL411', 'PL427', 'PL426', 'PL424', 'PL417', 'PL416', 'PL414', 'PL428', 'PL616', 'PL636', 'PL623', 'PL622', 'PL621', 'PL638', 'PL228', 'AT341', 'RO116', 'RO315', 'RO221', 'RO216', 'RO215', 'RO214', 'RO213', 'RO212', 'RO211', 'RO415', 'RO414', 'RO413', 'RO411', 'PT11B', 'ITG19', 'ITG18', 'ITG17', 'ITG13', 'ITG12', 'ITG11', 'ITF65', 'ITF48', 'ITF46', 'ITF45', 'ITF35', 'ITF33', 'ITF31', 'ITF13', 'HU323', 'LV006', 'LT024', 'LT027', 'SK041', 'BG342', 'BG325', 'BG321', 'BG315', 'BG314', 'BG313', 'BG312', 'CZ041', 'BG311', 'BE342', 'ES425', 'EL645', 'FRY10', 'FRY20', 'FRY30', 'HR026', 'DEB13', 'EL512', 'EL422', 'EL522', 'EL524', 'EL541']","['Sustainability', 'Climate change', 'Infrastructure', 'Transportation', 'Innovation']","The EU Green Deal aims for climate neutrality by 2050, focusing on emission reductions across sectors. The maritime sector is targeted through regulations promoting low-emission fuels and infrastructure, impacting shipping operations and port investments.","The EU Green Deal targets climate neutrality by 2050, mandating significant emission reductions across various sectors, including maritime. The 'Fit for 55' package introduces legislative measures to align EU laws with climate goals, impacting maritime transport and ports. Key regulations include the EU Emissions Trading System (EU ETS), which extends to maritime emissions, requiring shipping companies to gradually account for their emissions. The Alternative Fuels Infrastructure Regulation (AFIR) mandates EU member states to develop infrastructure for alternative fuels, particularly in ports, by 2030. FuelEU Maritime regulation sets limits on greenhouse gas emissions from ships, promoting the use of renewable and low-emission fuels. These measures aim to drive the maritime sector towards sustainable practices, requiring investments in new technologies and infrastructure. The Net-Zero Industry Act supports clean technology production, enhancing the EU's capacity to meet its energy needs sustainably. The Trans-European Transport Network (TEN-T) facilitates infrastructure development, improving connectivity and sustainability. Collectively, these initiatives aim to reduce the maritime sector's environmental impact, encourage innovation, and ensure compliance with EU climate objectives, ultimately fostering a competitive and sustainable maritime industry.",['PL63'],https://gospodarka.pomorskie.eu/wp-content/uploads/2025/06/PUM-Monitoring-strategiczny-roczny.pdf,Policy,Verified
"['PL518', 'PL515', 'PL418', 'PL613', 'PL617', 'PL637', 'PL634', 'PL619', 'PL618', 'PL22C', 'PL22B', 'PL227', 'PL225', 'PL224', 'PL219', 'PL218', 'PL217', 'PL214', 'RO314', 'RO312', 'RO226', 'RO225', 'RO224', 'RO223', 'RO222', 'RO317', 'SI036', 'SI031', 'RO422', 'RO412', 'PT119', 'PT112', 'PT111', 'PL926', 'PL925', 'PL922', 'PT16B', 'RO115', 'RO114', 'RO112', 'RO111', 'PT187', 'PT185', 'PT181', 'PT16I', 'PT16F', 'PT184', 'ITH31', 'ITG2G', 'ITG2D', 'ITG16', 'ITG15', 'ITG14', 'ITH35', 'ITI12', 'ITH36', 'ITF64', 'ITF63', 'ITF62', 'ITF61', 'ITF52', 'ITF51', 'ITF47', 'ITF43', 'ITF32', 'ITF22', 'ITF14', 'ITF12', 'ITF34', 'HU332', 'HU331', 'HU321', 'LV009', 'LV007', 'LV005', 'LV003', 'ITI35', 'ITI34', 'ITI33', 'ITI31', 'LT021', 'HU313', 'HU233', 'HU232', 'HU231', 'HU223', 'HU222', 'HU221', 'HU322', 'LT029', 'LT026', 'LT025', 'HU212', 'NO0A3', 'NO0A1', 'SK042', 'SK032', 'SK031', 'SK022', 'SK021', 'SE313', 'DE94G', 'DE939', 'BG344', 'BG343', 'BG334', 'BG333', 'BG332', 'BG331', 'BG324', 'BG323', 'BG322', 'BG422', 'CZ042', 'BG425', 'BG424', 'BG423', 'DE22C', 'EL653', 'FRM02', 'FRM01', 'HR063', 'HR061', 'HR037', 'HR036', 'HR035', 'HR034', 'HR033', 'HR032', 'HR031', 'HR028', 'HR027', 'HR025', 'HR024', 'HR023', 'HR022', 'HR021', 'FRY40', 'FRJ12', 'EL644', 'EL643', 'DEE0E', 'DEE0C', 'DEE08', 'EL515', 'EL514', 'EL513', 'EL511', 'EL432', 'EL431', 'EL521', 'EL523', 'EL641', 'EL633', 'EL632', 'EL631', 'EL624', 'EL623', 'EL622', 'EL621', 'EL613', 'EL612', 'EL533', 'EL532', 'EL531', 'EL526', 'EL525', 'EL611', 'EE00A', 'EE009', 'EE008', 'EE004', 'PL514', 'PL415', 'PL633', 'AT224', 'RO321', 'PL912', 'PT150', 'ITH10', 'ITI14', 'ITH59', 'ITH55', 'ITC31', 'ITC4C', 'ITI43', 'SI043', 'DE717', 'DE713', 'DE502', 'DE279', 'DE262', 'BE232', 'ES640', 'ES630', 'ES618', 'ES617', 'ES614', 'FRC24', 'ES612', 'ES521', 'ES424', 'FRL06', 'FRL05', 'FRL04', 'FRK24', 'FRK23', 'HR050', 'FRI12', 'FRJ13', 'DEC02', 'DEB18', 'EL413', 'EL412', 'EL411', 'PL432', 'PL524', 'PL523', 'PL516', 'PL431', 'PL411', 'PL427', 'PL426', 'PL424', 'PL417', 'PL416', 'PL414', 'PL428', 'PL616', 'PL636', 'PL623', 'PL622', 'PL621', 'PL638', 'PL228', 'AT341', 'RO116', 'RO315', 'RO221', 'RO216', 'RO215', 'RO214', 'RO213', 'RO212', 'RO211', 'RO415', 'RO414', 'RO413', 'RO411', 'PT11B', 'ITG19', 'ITG18', 'ITG17', 'ITG13', 'ITG12', 'ITG11', 'ITF65', 'ITF48', 'ITF46', 'ITF45', 'ITF35', 'ITF33', 'ITF31', 'ITF13', 'HU323', 'LV006', 'LT024', 'LT027', 'SK041', 'BG342', 'BG325', 'BG321', 'BG315', 'BG314', 'BG313', 'BG312', 'CZ041', 'BG311', 'BE342', 'ES425', 'EL645', 'FRY10', 'FRY20', 'FRY30', 'HR026', 'DEB13', 'EL512', 'EL422', 'EL522', 'EL524', 'EL541']","['Sustainability', 'Climate change', 'Energy', 'Transportation', 'Economic development']","The EU aims to boost emission-neutral technology production and improve market access, supporting climate goals and energy independence. Simplified regulations enhance competitiveness and CO2 storage development, impacting international trade and the maritime sector.","The EU's regulation on emission-neutral industry, part of the Green Deal, seeks to enhance the production of clean technologies, aiming for the EU to meet 40% of its annual demand by 2030. This initiative supports the transition to clean energy, climate neutrality by 2050, and energy independence, while creating high-quality jobs. Simplified regulatory frameworks are expected to increase competitiveness and CO2 storage capabilities. The TEN-T regulation coordinates EU-wide transport infrastructure, enhancing sustainable mobility and economic cohesion. It extends transport corridors to include Ukraine and Moldova, impacting Baltic ports. The Corporate Sustainability Reporting Directive mandates detailed sustainability disclosures, initially affecting 3,500 Polish companies, with broader implications for stakeholders. The Omnibus Project aims to integrate key sustainability regulations into a simplified reporting system, potentially reducing reporting burdens. EU sanctions against Russia, in response to its actions in Ukraine, target critical sectors, affecting maritime trade. The sanctions include embargoes on various Russian imports and restrictions on Russian vessels. The EU-Mercosur partnership agreement and ongoing EU-India trade negotiations aim to reduce trade barriers and promote sustainable development. These policies collectively impact international trade, the maritime sector, and the EU's strategic economic and environmental objectives.",['PL63'],https://gospodarka.pomorskie.eu/wp-content/uploads/2025/06/PUM-Monitoring-strategiczny.-Polityki-oraz-regulacje-zwiazane-z-sektorem-gospodarki-morskiej-Kwiecien-2025.pdf,Policy,Community
"['PL518', 'PL515', 'PL418', 'PL613', 'PL617', 'PL637', 'PL634', 'PL619', 'PL618', 'PL22C', 'PL22B', 'PL227', 'PL225', 'PL224', 'PL219', 'PL218', 'PL217', 'PL214', 'RO314', 'RO312', 'RO226', 'RO225', 'RO224', 'RO223', 'RO222', 'RO317', 'SI036', 'SI031', 'RO422', 'RO412', 'PT119', 'PT112', 'PT111', 'PL926', 'PL925', 'PL922', 'PT16B', 'RO115', 'RO114', 'RO112', 'RO111', 'PT187', 'PT185', 'PT181', 'PT16I', 'PT16F', 'PT184', 'ITH31', 'ITG2G', 'ITG2D', 'ITG16', 'ITG15', 'ITG14', 'ITH35', 'ITI12', 'ITH36', 'ITF64', 'ITF63', 'ITF62', 'ITF61', 'ITF52', 'ITF51', 'ITF47', 'ITF43', 'ITF32', 'ITF22', 'ITF14', 'ITF12', 'ITF34', 'HU332', 'HU331', 'HU321', 'LV009', 'LV007', 'LV005', 'LV003', 'ITI35', 'ITI34', 'ITI33', 'ITI31', 'LT021', 'HU313', 'HU233', 'HU232', 'HU231', 'HU223', 'HU222', 'HU221', 'HU322', 'LT029', 'LT026', 'LT025', 'HU212', 'NO0A3', 'NO0A1', 'SK042', 'SK032', 'SK031', 'SK022', 'SK021', 'SE313', 'DE94G', 'DE939', 'BG344', 'BG343', 'BG334', 'BG333', 'BG332', 'BG331', 'BG324', 'BG323', 'BG322', 'BG422', 'CZ042', 'BG425', 'BG424', 'BG423', 'DE22C', 'EL653', 'FRM02', 'FRM01', 'HR063', 'HR061', 'HR037', 'HR036', 'HR035', 'HR034', 'HR033', 'HR032', 'HR031', 'HR028', 'HR027', 'HR025', 'HR024', 'HR023', 'HR022', 'HR021', 'FRY40', 'FRJ12', 'EL644', 'EL643', 'DEE0E', 'DEE0C', 'DEE08', 'EL515', 'EL514', 'EL513', 'EL511', 'EL432', 'EL431', 'EL521', 'EL523', 'EL641', 'EL633', 'EL632', 'EL631', 'EL624', 'EL623', 'EL622', 'EL621', 'EL613', 'EL612', 'EL533', 'EL532', 'EL531', 'EL526', 'EL525', 'EL611', 'EE00A', 'EE009', 'EE008', 'EE004', 'PL514', 'PL415', 'PL633', 'AT224', 'RO321', 'PL912', 'PT150', 'ITH10', 'ITI14', 'ITH59', 'ITH55', 'ITC31', 'ITC4C', 'ITI43', 'SI043', 'DE717', 'DE713', 'DE502', 'DE279', 'DE262', 'BE232', 'ES640', 'ES630', 'ES618', 'ES617', 'ES614', 'FRC24', 'ES612', 'ES521', 'ES424', 'FRL06', 'FRL05', 'FRL04', 'FRK24', 'FRK23', 'HR050', 'FRI12', 'FRJ13', 'DEC02', 'DEB18', 'EL413', 'EL412', 'EL411', 'PL432', 'PL524', 'PL523', 'PL516', 'PL431', 'PL411', 'PL427', 'PL426', 'PL424', 'PL417', 'PL416', 'PL414', 'PL428', 'PL616', 'PL636', 'PL623', 'PL622', 'PL621', 'PL638', 'PL228', 'AT341', 'RO116', 'RO315', 'RO221', 'RO216', 'RO215', 'RO214', 'RO213', 'RO212', 'RO211', 'RO415', 'RO414', 'RO413', 'RO411', 'PT11B', 'ITG19', 'ITG18', 'ITG17', 'ITG13', 'ITG12', 'ITG11', 'ITF65', 'ITF48', 'ITF46', 'ITF45', 'ITF35', 'ITF33', 'ITF31', 'ITF13', 'HU323', 'LV006', 'LT024', 'LT027', 'SK041', 'BG342', 'BG325', 'BG321', 'BG315', 'BG314', 'BG313', 'BG312', 'CZ041', 'BG311', 'BE342', 'ES425', 'EL645', 'FRY10', 'FRY20', 'FRY30', 'HR026', 'DEB13', 'EL512', 'EL422', 'EL522', 'EL524', 'EL541']","['Sustainability', 'Climate change', 'Transportation', 'Infrastructure', 'Energy']","The EU Green Deal aims for climate neutrality by 2050, targeting a 55% emission reduction by 2030. It involves cross-sectoral policies, including maritime transport, to achieve these goals through legislative updates and promoting low-emission technologies.","The EU Green Deal, initiated by the European Commission, seeks to achieve climate neutrality by 2050, with an interim goal of reducing greenhouse gas emissions by 55% by 2030. This comprehensive approach involves multiple sectors, including maritime transport, which is significantly impacted by the 'Fit for 55' package. Key legislative measures include the EU Emissions Trading System (EU ETS), which now covers maritime emissions, and the Alternative Fuels Infrastructure Regulation (AFIR), mandating the development of infrastructure for alternative fuels. The FuelEU Maritime regulation sets limits on greenhouse gas intensity for ships, encouraging the use of renewable and low-emission fuels. These measures aim to drive the maritime sector towards adopting low-emission technologies and alternative fuels, thereby reducing its carbon footprint. The Net-Zero Industry Act supports this transition by fostering clean technology production within the EU. The strategic expansion of the Trans-European Transport Network (TEN-T) further integrates sustainable transport infrastructure. Collectively, these initiatives are designed to enhance the EU's energy independence, create high-quality jobs, and ensure the competitiveness of its industries while addressing climate change challenges. The policies require significant investment and collaboration across sectors to achieve the desired environmental and economic outcomes.",['PL63'],https://gospodarka.pomorskie.eu/wp-content/uploads/2025/06/PUM-Monitoring-strategiczny-roczny.pdf,Policy,AI
"['PL518', 'PL515', 'PL418', 'PL613', 'PL617', 'PL637', 'PL634', 'PL619', 'PL618', 'PL22C', 'PL22B', 'PL227', 'PL225', 'PL224', 'PL219', 'PL218', 'PL217', 'PL214', 'RO314', 'RO312', 'RO226', 'RO225', 'RO224', 'RO223', 'RO222', 'RO317', 'SI036', 'SI031', 'RO422', 'RO412', 'PT119', 'PT112', 'PT111', 'PL926', 'PL925', 'PL922', 'PT16B', 'RO115', 'RO114', 'RO112', 'RO111', 'PT187', 'PT185', 'PT181', 'PT16I', 'PT16F', 'PT184', 'ITH31', 'ITG2G', 'ITG2D', 'ITG16', 'ITG15', 'ITG14', 'ITH35', 'ITI12', 'ITH36', 'ITF64', 'ITF63', 'ITF62', 'ITF61', 'ITF52', 'ITF51', 'ITF47', 'ITF43', 'ITF32', 'ITF22', 'ITF14', 'ITF12', 'ITF34', 'HU332', 'HU331', 'HU321', 'LV009', 'LV007', 'LV005', 'LV003', 'ITI35', 'ITI34', 'ITI33', 'ITI31', 'LT021', 'HU313', 'HU233', 'HU232', 'HU231', 'HU223', 'HU222', 'HU221', 'HU322', 'LT029', 'LT026', 'LT025', 'HU212', 'NO0A3', 'NO0A1', 'SK042', 'SK032', 'SK031', 'SK022', 'SK021', 'SE313', 'DE94G', 'DE939', 'BG344', 'BG343', 'BG334', 'BG333', 'BG332', 'BG331', 'BG324', 'BG323', 'BG322', 'BG422', 'CZ042', 'BG425', 'BG424', 'BG423', 'DE22C', 'EL653', 'FRM02', 'FRM01', 'HR063', 'HR061', 'HR037', 'HR036', 'HR035', 'HR034', 'HR033', 'HR032', 'HR031', 'HR028', 'HR027', 'HR025', 'HR024', 'HR023', 'HR022', 'HR021', 'FRY40', 'FRJ12', 'EL644', 'EL643', 'DEE0E', 'DEE0C', 'DEE08', 'EL515', 'EL514', 'EL513', 'EL511', 'EL432', 'EL431', 'EL521', 'EL523', 'EL641', 'EL633', 'EL632', 'EL631', 'EL624', 'EL623', 'EL622', 'EL621', 'EL613', 'EL612', 'EL533', 'EL532', 'EL531', 'EL526', 'EL525', 'EL611', 'EE00A', 'EE009', 'EE008', 'EE004', 'PL514', 'PL415', 'PL633', 'AT224', 'RO321', 'PL912', 'PT150', 'ITH10', 'ITI14', 'ITH59', 'ITH55', 'ITC31', 'ITC4C', 'ITI43', 'SI043', 'DE717', 'DE713', 'DE502', 'DE279', 'DE262', 'BE232', 'ES640', 'ES630', 'ES618', 'ES617', 'ES614', 'FRC24', 'ES612', 'ES521', 'ES424', 'FRL06', 'FRL05', 'FRL04', 'FRK24', 'FRK23', 'HR050', 'FRI12', 'FRJ13', 'DEC02', 'DEB18', 'EL413', 'EL412', 'EL411', 'PL432', 'PL524', 'PL523', 'PL516', 'PL431', 'PL411', 'PL427', 'PL426', 'PL424', 'PL417', 'PL416', 'PL414', 'PL428', 'PL616', 'PL636', 'PL623', 'PL622', 'PL621', 'PL638', 'PL228', 'AT341', 'RO116', 'RO315', 'RO221', 'RO216', 'RO215', 'RO214', 'RO213', 'RO212', 'RO211', 'RO415', 'RO414', 'RO413', 'RO411', 'PT11B', 'ITG19', 'ITG18', 'ITG17', 'ITG13', 'ITG12', 'ITG11', 'ITF65', 'ITF48', 'ITF46', 'ITF45', 'ITF35', 'ITF33', 'ITF31', 'ITF13', 'HU323', 'LV006', 'LT024', 'LT027', 'SK041', 'BG342', 'BG325', 'BG321', 'BG315', 'BG314', 'BG313', 'BG312', 'CZ041', 'BG311', 'BE342', 'ES425', 'EL645', 'FRY10', 'FRY20', 'FRY30', 'HR026', 'DEB13', 'EL512', 'EL422', 'EL522', 'EL524', 'EL541']","['Sustainability', 'Economic development', 'Migration', 'Governance', 'Environmental protection']","The policy focuses on transitioning the Baltic Sea Region to a circular economy to address environmental and demographic challenges, aiming for sustainable growth through resource efficiency and reduced waste.","The policy document addresses the transition from a linear to a circular economy in the Baltic Sea Region, emphasizing the need for sustainable growth without environmental degradation. It highlights the importance of integrating circular business models, improving waste management, and investing in renewable energy. The document identifies challenges such as climate change, resource extraction, and social issues like consumerism and migration. It stresses the need for targeted policies to accelerate transformation, including education, stakeholder engagement, and governance strengthening. The policy also suggests creating forums and working groups to share best practices and monitor progress. By adopting circular economy strategies, the region aims to reduce resource demand, extend product lifespans, and enhance recyclability, ultimately fostering economic growth and environmental sustainability. The document underscores the potential for significant economic benefits, including increased GDP and employment, through the adoption of circular practices. It calls for collaboration among Baltic Sea Region countries and alignment with EU policies to achieve these goals, ensuring a competitive advantage in sectors like sustainable tourism and maritime transport innovation.",['PL63'],https://strategia2030.pomorskie.eu/wp-content/uploads/2021/06/raport-no-time-to-waste.pdf,Programme,Verified
"['PL518', 'PL515', 'PL418', 'PL613', 'PL617', 'PL637', 'PL634', 'PL619', 'PL618', 'PL22C', 'PL22B', 'PL227', 'PL225', 'PL224', 'PL219', 'PL218', 'PL217', 'PL214', 'RO314', 'RO312', 'RO226', 'RO225', 'RO224', 'RO223', 'RO222', 'RO317', 'SI036', 'SI031', 'RO422', 'RO412', 'PT119', 'PT112', 'PT111', 'PL926', 'PL925', 'PL922', 'PT16B', 'RO115', 'RO114', 'RO112', 'RO111', 'PT187', 'PT185', 'PT181', 'PT16I', 'PT16F', 'PT184', 'ITH31', 'ITG2G', 'ITG2D', 'ITG16', 'ITG15', 'ITG14', 'ITH35', 'ITI12', 'ITH36', 'ITF64', 'ITF63', 'ITF62', 'ITF61', 'ITF52', 'ITF51', 'ITF47', 'ITF43', 'ITF32', 'ITF22', 'ITF14', 'ITF12', 'ITF34', 'HU332', 'HU331', 'HU321', 'LV009', 'LV007', 'LV005', 'LV003', 'ITI35', 'ITI34', 'ITI33', 'ITI31', 'LT021', 'HU313', 'HU233', 'HU232', 'HU231', 'HU223', 'HU222', 'HU221', 'HU322', 'LT029', 'LT026', 'LT025', 'HU212', 'NO0A3', 'NO0A1', 'SK042', 'SK032', 'SK031', 'SK022', 'SK021', 'SE313', 'DE94G', 'DE939', 'BG344', 'BG343', 'BG334', 'BG333', 'BG332', 'BG331', 'BG324', 'BG323', 'BG322', 'BG422', 'CZ042', 'BG425', 'BG424', 'BG423', 'DE22C', 'EL653', 'FRM02', 'FRM01', 'HR063', 'HR061', 'HR037', 'HR036', 'HR035', 'HR034', 'HR033', 'HR032', 'HR031', 'HR028', 'HR027', 'HR025', 'HR024', 'HR023', 'HR022', 'HR021', 'FRY40', 'FRJ12', 'EL644', 'EL643', 'DEE0E', 'DEE0C', 'DEE08', 'EL515', 'EL514', 'EL513', 'EL511', 'EL432', 'EL431', 'EL521', 'EL523', 'EL641', 'EL633', 'EL632', 'EL631', 'EL624', 'EL623', 'EL622', 'EL621', 'EL613', 'EL612', 'EL533', 'EL532', 'EL531', 'EL526', 'EL525', 'EL611', 'EE00A', 'EE009', 'EE008', 'EE004', 'PL514', 'PL415', 'PL633', 'AT224', 'RO321', 'PL912', 'PT150', 'ITH10', 'ITI14', 'ITH59', 'ITH55', 'ITC31', 'ITC4C', 'ITI43', 'SI043', 'DE717', 'DE713', 'DE502', 'DE279', 'DE262', 'BE232', 'ES640', 'ES630', 'ES618', 'ES617', 'ES614', 'FRC24', 'ES612', 'ES521', 'ES424', 'FRL06', 'FRL05', 'FRL04', 'FRK24', 'FRK23', 'HR050', 'FRI12', 'FRJ13', 'DEC02', 'DEB18', 'EL413', 'EL412', 'EL411', 'PL432', 'PL524', 'PL523', 'PL516', 'PL431', 'PL411', 'PL427', 'PL426', 'PL424', 'PL417', 'PL416', 'PL414', 'PL428', 'PL616', 'PL636', 'PL623', 'PL622', 'PL621', 'PL638', 'PL228', 'AT341', 'RO116', 'RO315', 'RO221', 'RO216', 'RO215', 'RO214', 'RO213', 'RO212', 'RO211', 'RO415', 'RO414', 'RO413', 'RO411', 'PT11B', 'ITG19', 'ITG18', 'ITG17', 'ITG13', 'ITG12', 'ITG11', 'ITF65', 'ITF48', 'ITF46', 'ITF45', 'ITF35', 'ITF33', 'ITF31', 'ITF13', 'HU323', 'LV006', 'LT024', 'LT027', 'SK041', 'BG342', 'BG325', 'BG321', 'BG315', 'BG314', 'BG313', 'BG312', 'CZ041', 'BG311', 'BE342', 'ES425', 'EL645', 'FRY10', 'FRY20', 'FRY30', 'HR026', 'DEB13', 'EL512', 'EL422', 'EL522', 'EL524', 'EL541']","['Community engagement', 'Regional development', 'Housing', 'Social inclusion', 'Migration']","The policy aims to enhance regional identity and social capital in Pomorskie by assessing residents' identity, civic engagement, and quality of life to inform effective public interventions and address regional challenges.","To address regional challenges and enhance social capital in Pomorskie, the policy focuses on understanding residents' identity, territorial identification, and civic engagement. It involves comprehensive research, including surveys and qualitative studies, to assess the quality of life and preferred values. The findings will guide public interventions aimed at improving living conditions, fostering regional identity, and promoting civic participation. The policy acknowledges existing deficits in housing, healthcare, and infrastructure, and aims to address these through targeted actions. By understanding the diverse socio-demographic and spatial factors affecting residents' lives, the policy seeks to reduce transport exclusion and ensure access to public services. The ultimate goal is to create a cohesive regional identity that supports economic and social development, encourages integration of immigrants, and enhances the overall quality of life. The policy's success relies on collaboration with local communities and stakeholders to implement effective strategies that reflect the unique needs and aspirations of Pomorskie's residents.",['PL63'],https://gospodarka.pomorskie.eu/wp-content/uploads/2024/04/Raport-Tozsamosc-Pomorzan_-FINAL.pdf,Programme,Community
"['PL518', 'PL515', 'PL418', 'PL613', 'PL617', 'PL637', 'PL634', 'PL619', 'PL618', 'PL22C', 'PL22B', 'PL227', 'PL225', 'PL224', 'PL219', 'PL218', 'PL217', 'PL214', 'RO314', 'RO312', 'RO226', 'RO225', 'RO224', 'RO223', 'RO222', 'RO317', 'SI036', 'SI031', 'RO422', 'RO412', 'PT119', 'PT112', 'PT111', 'PL926', 'PL925', 'PL922', 'PT16B', 'RO115', 'RO114', 'RO112', 'RO111', 'PT187', 'PT185', 'PT181', 'PT16I', 'PT16F', 'PT184', 'ITH31', 'ITG2G', 'ITG2D', 'ITG16', 'ITG15', 'ITG14', 'ITH35', 'ITI12', 'ITH36', 'ITF64', 'ITF63', 'ITF62', 'ITF61', 'ITF52', 'ITF51', 'ITF47', 'ITF43', 'ITF32', 'ITF22', 'ITF14', 'ITF12', 'ITF34', 'HU332', 'HU331', 'HU321', 'LV009', 'LV007', 'LV005', 'LV003', 'ITI35', 'ITI34', 'ITI33', 'ITI31', 'LT021', 'HU313', 'HU233', 'HU232', 'HU231', 'HU223', 'HU222', 'HU221', 'HU322', 'LT029', 'LT026', 'LT025', 'HU212', 'NO0A3', 'NO0A1', 'SK042', 'SK032', 'SK031', 'SK022', 'SK021', 'SE313', 'DE94G', 'DE939', 'BG344', 'BG343', 'BG334', 'BG333', 'BG332', 'BG331', 'BG324', 'BG323', 'BG322', 'BG422', 'CZ042', 'BG425', 'BG424', 'BG423', 'DE22C', 'EL653', 'FRM02', 'FRM01', 'HR063', 'HR061', 'HR037', 'HR036', 'HR035', 'HR034', 'HR033', 'HR032', 'HR031', 'HR028', 'HR027', 'HR025', 'HR024', 'HR023', 'HR022', 'HR021', 'FRY40', 'FRJ12', 'EL644', 'EL643', 'DEE0E', 'DEE0C', 'DEE08', 'EL515', 'EL514', 'EL513', 'EL511', 'EL432', 'EL431', 'EL521', 'EL523', 'EL641', 'EL633', 'EL632', 'EL631', 'EL624', 'EL623', 'EL622', 'EL621', 'EL613', 'EL612', 'EL533', 'EL532', 'EL531', 'EL526', 'EL525', 'EL611', 'EE00A', 'EE009', 'EE008', 'EE004', 'PL514', 'PL415', 'PL633', 'AT224', 'RO321', 'PL912', 'PT150', 'ITH10', 'ITI14', 'ITH59', 'ITH55', 'ITC31', 'ITC4C', 'ITI43', 'SI043', 'DE717', 'DE713', 'DE502', 'DE279', 'DE262', 'BE232', 'ES640', 'ES630', 'ES618', 'ES617', 'ES614', 'FRC24', 'ES612', 'ES521', 'ES424', 'FRL06', 'FRL05', 'FRL04', 'FRK24', 'FRK23', 'HR050', 'FRI12', 'FRJ13', 'DEC02', 'DEB18', 'EL413', 'EL412', 'EL411', 'PL432', 'PL524', 'PL523', 'PL516', 'PL431', 'PL411', 'PL427', 'PL426', 'PL424', 'PL417', 'PL416', 'PL414', 'PL428', 'PL616', 'PL636', 'PL623', 'PL622', 'PL621', 'PL638', 'PL228', 'AT341', 'RO116', 'RO315', 'RO221', 'RO216', 'RO215', 'RO214', 'RO213', 'RO212', 'RO211', 'RO415', 'RO414', 'RO413', 'RO411', 'PT11B', 'ITG19', 'ITG18', 'ITG17', 'ITG13', 'ITG12', 'ITG11', 'ITF65', 'ITF48', 'ITF46', 'ITF45', 'ITF35', 'ITF33', 'ITF31', 'ITF13', 'HU323', 'LV006', 'LT024', 'LT027', 'SK041', 'BG342', 'BG325', 'BG321', 'BG315', 'BG314', 'BG313', 'BG312', 'CZ041', 'BG311', 'BE342', 'ES425', 'EL645', 'FRY10', 'FRY20', 'FRY30', 'HR026', 'DEB13', 'EL512', 'EL422', 'EL522', 'EL524', 'EL541']","['Economic development', 'Education', 'Infrastructure', 'Social inclusion', 'Environmental protection']","The Regional Operational Program aims to enhance economic growth and social development through strategic investments in infrastructure, education, and employment, funded by European Union resources. It addresses regional challenges by supporting projects that improve competitiveness and quality of life.","The Regional Operational Program for Pomorskie 2014-2020 focuses on addressing developmental challenges through strategic investments in key areas such as infrastructure, education, and employment. Funded by the European Regional Development Fund and the European Social Fund, the program allocates over 8.4 billion PLN to enhance regional competitiveness and social inclusion. It supports projects that create new educational opportunities, improve vocational training, and foster innovation in businesses. The program also emphasizes sustainable urban development, energy efficiency, and environmental protection. By providing financial support to enterprises, it aims to boost economic activity and job creation. The program's impact is measured through increased employment rates, improved educational outcomes, and enhanced infrastructure, contributing to the overall quality of life in the region. The approach involves collaboration with local governments, businesses, and non-governmental organizations to ensure effective implementation and maximize benefits for residents. The program's success is reflected in the high percentage of contracted and completed projects, demonstrating efficient use of EU funds to achieve strategic regional goals.",['PL63'],https://rpo.pomorskie.eu/wp-content/uploads/2025/03/Raport-z-realizacji-RPO-WP-2014-2020-z-28-lutego-2025-r.pdf,Policy,Verified
"['PL518', 'PL515', 'PL418', 'PL613', 'PL617', 'PL637', 'PL634', 'PL619', 'PL618', 'PL22C', 'PL22B', 'PL227', 'PL225', 'PL224', 'PL219', 'PL218', 'PL217', 'PL214', 'RO314', 'RO312', 'RO226', 'RO225', 'RO224', 'RO223', 'RO222', 'RO317', 'SI036', 'SI031', 'RO422', 'RO412', 'PT119', 'PT112', 'PT111', 'PL926', 'PL925', 'PL922', 'PT16B', 'RO115', 'RO114', 'RO112', 'RO111', 'PT187', 'PT185', 'PT181', 'PT16I', 'PT16F', 'PT184', 'ITH31', 'ITG2G', 'ITG2D', 'ITG16', 'ITG15', 'ITG14', 'ITH35', 'ITI12', 'ITH36', 'ITF64', 'ITF63', 'ITF62', 'ITF61', 'ITF52', 'ITF51', 'ITF47', 'ITF43', 'ITF32', 'ITF22', 'ITF14', 'ITF12', 'ITF34', 'HU332', 'HU331', 'HU321', 'LV009', 'LV007', 'LV005', 'LV003', 'ITI35', 'ITI34', 'ITI33', 'ITI31', 'LT021', 'HU313', 'HU233', 'HU232', 'HU231', 'HU223', 'HU222', 'HU221', 'HU322', 'LT029', 'LT026', 'LT025', 'HU212', 'NO0A3', 'NO0A1', 'SK042', 'SK032', 'SK031', 'SK022', 'SK021', 'SE313', 'DE94G', 'DE939', 'BG344', 'BG343', 'BG334', 'BG333', 'BG332', 'BG331', 'BG324', 'BG323', 'BG322', 'BG422', 'CZ042', 'BG425', 'BG424', 'BG423', 'DE22C', 'EL653', 'FRM02', 'FRM01', 'HR063', 'HR061', 'HR037', 'HR036', 'HR035', 'HR034', 'HR033', 'HR032', 'HR031', 'HR028', 'HR027', 'HR025', 'HR024', 'HR023', 'HR022', 'HR021', 'FRY40', 'FRJ12', 'EL644', 'EL643', 'DEE0E', 'DEE0C', 'DEE08', 'EL515', 'EL514', 'EL513', 'EL511', 'EL432', 'EL431', 'EL521', 'EL523', 'EL641', 'EL633', 'EL632', 'EL631', 'EL624', 'EL623', 'EL622', 'EL621', 'EL613', 'EL612', 'EL533', 'EL532', 'EL531', 'EL526', 'EL525', 'EL611', 'EE00A', 'EE009', 'EE008', 'EE004', 'PL514', 'PL415', 'PL633', 'AT224', 'RO321', 'PL912', 'PT150', 'ITH10', 'ITI14', 'ITH59', 'ITH55', 'ITC31', 'ITC4C', 'ITI43', 'SI043', 'DE717', 'DE713', 'DE502', 'DE279', 'DE262', 'BE232', 'ES640', 'ES630', 'ES618', 'ES617', 'ES614', 'FRC24', 'ES612', 'ES521', 'ES424', 'FRL06', 'FRL05', 'FRL04', 'FRK24', 'FRK23', 'HR050', 'FRI12', 'FRJ13', 'DEC02', 'DEB18', 'EL413', 'EL412', 'EL411', 'PL432', 'PL524', 'PL523', 'PL516', 'PL431', 'PL411', 'PL427', 'PL426', 'PL424', 'PL417', 'PL416', 'PL414', 'PL428', 'PL616', 'PL636', 'PL623', 'PL622', 'PL621', 'PL638', 'PL228', 'AT341', 'RO116', 'RO315', 'RO221', 'RO216', 'RO215', 'RO214', 'RO213', 'RO212', 'RO211', 'RO415', 'RO414', 'RO413', 'RO411', 'PT11B', 'ITG19', 'ITG18', 'ITG17', 'ITG13', 'ITG12', 'ITG11', 'ITF65', 'ITF48', 'ITF46', 'ITF45', 'ITF35', 'ITF33', 'ITF31', 'ITF13', 'HU323', 'LV006', 'LT024', 'LT027', 'SK041', 'BG342', 'BG325', 'BG321', 'BG315', 'BG314', 'BG313', 'BG312', 'CZ041', 'BG311', 'BE342', 'ES425', 'EL645', 'FRY10', 'FRY20', 'FRY30', 'HR026', 'DEB13', 'EL512', 'EL422', 'EL522', 'EL524', 'EL541']","['Economic development', 'Infrastructure', 'Social inclusion', 'Regional development']","The policy aims to enhance regional development through EU-funded projects, focusing on infrastructure, economic growth, and social inclusion to address developmental challenges and improve quality of life.","The policy focuses on regional development by utilizing EU funds to implement projects that enhance infrastructure, economic growth, and social inclusion. It addresses developmental challenges in areas such as education, employment, health, and environmental sustainability. The approach involves financing projects that align with strategic regional goals, ensuring proper implementation and oversight by regional authorities. Key actions include improving educational facilities, supporting business innovation, enhancing transport and energy infrastructure, and promoting social services. The policy aims to create new jobs, improve educational outcomes, and foster a sustainable environment. By supporting businesses and infrastructure, it seeks to boost economic competitiveness and resilience. Social inclusion is promoted through projects that support vulnerable groups, improve access to services, and foster community integration. The expected outcomes include increased employment, enhanced skills, improved public services, and a more sustainable and inclusive regional economy. The policy's impact is measured through specific targets, such as the number of new jobs created, the level of investment in infrastructure, and the improvement in social services. Overall, the policy aims to create a balanced and sustainable regional development that benefits all residents.",['PL63'],https://rpo.pomorskie.eu/wp-content/uploads/2024/07/Raport-z-realizacji-RPO-WP-2014-2020-z-30-czerwca-2024-r.pdf,Programme,Community
"['PL518', 'PL515', 'PL418', 'PL613', 'PL617', 'PL637', 'PL634', 'PL619', 'PL618', 'PL22C', 'PL22B', 'PL227', 'PL225', 'PL224', 'PL219', 'PL218', 'PL217', 'PL214', 'RO314', 'RO312', 'RO226', 'RO225', 'RO224', 'RO223', 'RO222', 'RO317', 'SI036', 'SI031', 'RO422', 'RO412', 'PT119', 'PT112', 'PT111', 'PL926', 'PL925', 'PL922', 'PT16B', 'RO115', 'RO114', 'RO112', 'RO111', 'PT187', 'PT185', 'PT181', 'PT16I', 'PT16F', 'PT184', 'ITH31', 'ITG2G', 'ITG2D', 'ITG16', 'ITG15', 'ITG14', 'ITH35', 'ITI12', 'ITH36', 'ITF64', 'ITF63', 'ITF62', 'ITF61', 'ITF52', 'ITF51', 'ITF47', 'ITF43', 'ITF32', 'ITF22', 'ITF14', 'ITF12', 'ITF34', 'HU332', 'HU331', 'HU321', 'LV009', 'LV007', 'LV005', 'LV003', 'ITI35', 'ITI34', 'ITI33', 'ITI31', 'LT021', 'HU313', 'HU233', 'HU232', 'HU231', 'HU223', 'HU222', 'HU221', 'HU322', 'LT029', 'LT026', 'LT025', 'HU212', 'NO0A3', 'NO0A1', 'SK042', 'SK032', 'SK031', 'SK022', 'SK021', 'SE313', 'DE94G', 'DE939', 'BG344', 'BG343', 'BG334', 'BG333', 'BG332', 'BG331', 'BG324', 'BG323', 'BG322', 'BG422', 'CZ042', 'BG425', 'BG424', 'BG423', 'DE22C', 'EL653', 'FRM02', 'FRM01', 'HR063', 'HR061', 'HR037', 'HR036', 'HR035', 'HR034', 'HR033', 'HR032', 'HR031', 'HR028', 'HR027', 'HR025', 'HR024', 'HR023', 'HR022', 'HR021', 'FRY40', 'FRJ12', 'EL644', 'EL643', 'DEE0E', 'DEE0C', 'DEE08', 'EL515', 'EL514', 'EL513', 'EL511', 'EL432', 'EL431', 'EL521', 'EL523', 'EL641', 'EL633', 'EL632', 'EL631', 'EL624', 'EL623', 'EL622', 'EL621', 'EL613', 'EL612', 'EL533', 'EL532', 'EL531', 'EL526', 'EL525', 'EL611', 'EE00A', 'EE009', 'EE008', 'EE004', 'PL514', 'PL415', 'PL633', 'AT224', 'RO321', 'PL912', 'PT150', 'ITH10', 'ITI14', 'ITH59', 'ITH55', 'ITC31', 'ITC4C', 'ITI43', 'SI043', 'DE717', 'DE713', 'DE502', 'DE279', 'DE262', 'BE232', 'ES640', 'ES630', 'ES618', 'ES617', 'ES614', 'FRC24', 'ES612', 'ES521', 'ES424', 'FRL06', 'FRL05', 'FRL04', 'FRK24', 'FRK23', 'HR050', 'FRI12', 'FRJ13', 'DEC02', 'DEB18', 'EL413', 'EL412', 'EL411', 'PL432', 'PL524', 'PL523', 'PL516', 'PL431', 'PL411', 'PL427', 'PL426', 'PL424', 'PL417', 'PL416', 'PL414', 'PL428', 'PL616', 'PL636', 'PL623', 'PL622', 'PL621', 'PL638', 'PL228', 'AT341', 'RO116', 'RO315', 'RO221', 'RO216', 'RO215', 'RO214', 'RO213', 'RO212', 'RO211', 'RO415', 'RO414', 'RO413', 'RO411', 'PT11B', 'ITG19', 'ITG18', 'ITG17', 'ITG13', 'ITG12', 'ITG11', 'ITF65', 'ITF48', 'ITF46', 'ITF45', 'ITF35', 'ITF33', 'ITF31', 'ITF13', 'HU323', 'LV006', 'LT024', 'LT027', 'SK041', 'BG342', 'BG325', 'BG321', 'BG315', 'BG314', 'BG313', 'BG312', 'CZ041', 'BG311', 'BE342', 'ES425', 'EL645', 'FRY10', 'FRY20', 'FRY30', 'HR026', 'DEB13', 'EL512', 'EL422', 'EL522', 'EL524', 'EL541']","['Economic development', 'Infrastructure', 'Education', 'Innovation', 'Social inclusion']","The Regional Operational Program 2014-2020 aims to enhance economic growth and social development through strategic investments in infrastructure, education, and innovation, funded by European Union resources.","The Regional Operational Program 2014-2020 focuses on addressing developmental challenges by investing in key areas such as economic growth, education, employment, health, urban development, tourism, transport, energy, and environmental protection. Funded by over 8.4 billion PLN from European Union sources, the program supports infrastructure projects and social initiatives. It involves collaboration between regional authorities, businesses, and non-governmental organizations to implement projects that align with the strategic goals of the Pomorskie region. The program's impact is measured through various indicators, including the creation of new jobs, enhancement of educational facilities, and development of sustainable energy solutions. By improving infrastructure and providing financial support for research and development, the program aims to foster innovation and competitiveness among local enterprises. Additionally, it seeks to improve the quality of life for residents by enhancing public services and promoting social inclusion. The program's comprehensive approach ensures that the benefits of these investments are widely distributed, contributing to the overall resilience and sustainability of the region's economy and society.",['PL63'],https://rpo.pomorskie.eu/wp-content/uploads/2025/05/Raport-z-realizacji-RPO-WP-2014-2020-z-30-kwietnia-2025-r.pdf,Policy,AI
"['PL518', 'PL515', 'PL418', 'PL613', 'PL617', 'PL637', 'PL634', 'PL619', 'PL618', 'PL22C', 'PL22B', 'PL227', 'PL225', 'PL224', 'PL219', 'PL218', 'PL217', 'PL214', 'RO314', 'RO312', 'RO226', 'RO225', 'RO224', 'RO223', 'RO222', 'RO317', 'SI036', 'SI031', 'RO422', 'RO412', 'PT119', 'PT112', 'PT111', 'PL926', 'PL925', 'PL922', 'PT16B', 'RO115', 'RO114', 'RO112', 'RO111', 'PT187', 'PT185', 'PT181', 'PT16I', 'PT16F', 'PT184', 'ITH31', 'ITG2G', 'ITG2D', 'ITG16', 'ITG15', 'ITG14', 'ITH35', 'ITI12', 'ITH36', 'ITF64', 'ITF63', 'ITF62', 'ITF61', 'ITF52', 'ITF51', 'ITF47', 'ITF43', 'ITF32', 'ITF22', 'ITF14', 'ITF12', 'ITF34', 'HU332', 'HU331', 'HU321', 'LV009', 'LV007', 'LV005', 'LV003', 'ITI35', 'ITI34', 'ITI33', 'ITI31', 'LT021', 'HU313', 'HU233', 'HU232', 'HU231', 'HU223', 'HU222', 'HU221', 'HU322', 'LT029', 'LT026', 'LT025', 'HU212', 'NO0A3', 'NO0A1', 'SK042', 'SK032', 'SK031', 'SK022', 'SK021', 'SE313', 'DE94G', 'DE939', 'BG344', 'BG343', 'BG334', 'BG333', 'BG332', 'BG331', 'BG324', 'BG323', 'BG322', 'BG422', 'CZ042', 'BG425', 'BG424', 'BG423', 'DE22C', 'EL653', 'FRM02', 'FRM01', 'HR063', 'HR061', 'HR037', 'HR036', 'HR035', 'HR034', 'HR033', 'HR032', 'HR031', 'HR028', 'HR027', 'HR025', 'HR024', 'HR023', 'HR022', 'HR021', 'FRY40', 'FRJ12', 'EL644', 'EL643', 'DEE0E', 'DEE0C', 'DEE08', 'EL515', 'EL514', 'EL513', 'EL511', 'EL432', 'EL431', 'EL521', 'EL523', 'EL641', 'EL633', 'EL632', 'EL631', 'EL624', 'EL623', 'EL622', 'EL621', 'EL613', 'EL612', 'EL533', 'EL532', 'EL531', 'EL526', 'EL525', 'EL611', 'EE00A', 'EE009', 'EE008', 'EE004', 'PL514', 'PL415', 'PL633', 'AT224', 'RO321', 'PL912', 'PT150', 'ITH10', 'ITI14', 'ITH59', 'ITH55', 'ITC31', 'ITC4C', 'ITI43', 'SI043', 'DE717', 'DE713', 'DE502', 'DE279', 'DE262', 'BE232', 'ES640', 'ES630', 'ES618', 'ES617', 'ES614', 'FRC24', 'ES612', 'ES521', 'ES424', 'FRL06', 'FRL05', 'FRL04', 'FRK24', 'FRK23', 'HR050', 'FRI12', 'FRJ13', 'DEC02', 'DEB18', 'EL413', 'EL412', 'EL411', 'PL432', 'PL524', 'PL523', 'PL516', 'PL431', 'PL411', 'PL427', 'PL426', 'PL424', 'PL417', 'PL416', 'PL414', 'PL428', 'PL616', 'PL636', 'PL623', 'PL622', 'PL621', 'PL638', 'PL228', 'AT341', 'RO116', 'RO315', 'RO221', 'RO216', 'RO215', 'RO214', 'RO213', 'RO212', 'RO211', 'RO415', 'RO414', 'RO413', 'RO411', 'PT11B', 'ITG19', 'ITG18', 'ITG17', 'ITG13', 'ITG12', 'ITG11', 'ITF65', 'ITF48', 'ITF46', 'ITF45', 'ITF35', 'ITF33', 'ITF31', 'ITF13', 'HU323', 'LV006', 'LT024', 'LT027', 'SK041', 'BG342', 'BG325', 'BG321', 'BG315', 'BG314', 'BG313', 'BG312', 'CZ041', 'BG311', 'BE342', 'ES425', 'EL645', 'FRY10', 'FRY20', 'FRY30', 'HR026', 'DEB13', 'EL512', 'EL422', 'EL522', 'EL524', 'EL541']","['Sustainability', 'Economic development', 'Education', 'Infrastructure', 'Social inclusion']","The policy aims to enhance regional development through investments in renewable energy, education, and infrastructure, fostering economic growth and social integration. It leverages EU funds to support projects that improve competitiveness, sustainability, and quality of life.","The policy focuses on regional development by utilizing EU funds to support various sectors, including renewable energy, education, and infrastructure. It provides financial assistance to businesses and public entities to implement projects that enhance competitiveness and sustainability. Key initiatives include loans for renewable energy projects, improving educational facilities, and developing infrastructure to support economic activities. The policy also emphasizes social integration by offering support to vulnerable groups and promoting active labor market participation. By investing in these areas, the policy aims to create a more resilient and competitive regional economy, improve the quality of life for residents, and ensure sustainable development. The expected outcomes include increased employment opportunities, enhanced educational attainment, and a reduction in social disparities. The policy's comprehensive approach addresses both economic and social challenges, ensuring that the benefits of development are widely shared across the region. Through strategic investments and targeted support, the policy seeks to build a foundation for long-term growth and prosperity, aligning with broader EU objectives for regional cohesion and sustainable development.",['PL63'],https://rpo.pomorskie.eu/wp-content/uploads/2025/01/Raport-z-realizacji-RPO-WP-2014-2020-z-31-grudnia-2024-r._2.pdf,Programme,Verified
"['PL518', 'PL515', 'PL418', 'PL613', 'PL617', 'PL637', 'PL634', 'PL619', 'PL618', 'PL22C', 'PL22B', 'PL227', 'PL225', 'PL224', 'PL219', 'PL218', 'PL217', 'PL214', 'RO314', 'RO312', 'RO226', 'RO225', 'RO224', 'RO223', 'RO222', 'RO317', 'SI036', 'SI031', 'RO422', 'RO412', 'PT119', 'PT112', 'PT111', 'PL926', 'PL925', 'PL922', 'PT16B', 'RO115', 'RO114', 'RO112', 'RO111', 'PT187', 'PT185', 'PT181', 'PT16I', 'PT16F', 'PT184', 'ITH31', 'ITG2G', 'ITG2D', 'ITG16', 'ITG15', 'ITG14', 'ITH35', 'ITI12', 'ITH36', 'ITF64', 'ITF63', 'ITF62', 'ITF61', 'ITF52', 'ITF51', 'ITF47', 'ITF43', 'ITF32', 'ITF22', 'ITF14', 'ITF12', 'ITF34', 'HU332', 'HU331', 'HU321', 'LV009', 'LV007', 'LV005', 'LV003', 'ITI35', 'ITI34', 'ITI33', 'ITI31', 'LT021', 'HU313', 'HU233', 'HU232', 'HU231', 'HU223', 'HU222', 'HU221', 'HU322', 'LT029', 'LT026', 'LT025', 'HU212', 'NO0A3', 'NO0A1', 'SK042', 'SK032', 'SK031', 'SK022', 'SK021', 'SE313', 'DE94G', 'DE939', 'BG344', 'BG343', 'BG334', 'BG333', 'BG332', 'BG331', 'BG324', 'BG323', 'BG322', 'BG422', 'CZ042', 'BG425', 'BG424', 'BG423', 'DE22C', 'EL653', 'FRM02', 'FRM01', 'HR063', 'HR061', 'HR037', 'HR036', 'HR035', 'HR034', 'HR033', 'HR032', 'HR031', 'HR028', 'HR027', 'HR025', 'HR024', 'HR023', 'HR022', 'HR021', 'FRY40', 'FRJ12', 'EL644', 'EL643', 'DEE0E', 'DEE0C', 'DEE08', 'EL515', 'EL514', 'EL513', 'EL511', 'EL432', 'EL431', 'EL521', 'EL523', 'EL641', 'EL633', 'EL632', 'EL631', 'EL624', 'EL623', 'EL622', 'EL621', 'EL613', 'EL612', 'EL533', 'EL532', 'EL531', 'EL526', 'EL525', 'EL611', 'EE00A', 'EE009', 'EE008', 'EE004', 'PL514', 'PL415', 'PL633', 'AT224', 'RO321', 'PL912', 'PT150', 'ITH10', 'ITI14', 'ITH59', 'ITH55', 'ITC31', 'ITC4C', 'ITI43', 'SI043', 'DE717', 'DE713', 'DE502', 'DE279', 'DE262', 'BE232', 'ES640', 'ES630', 'ES618', 'ES617', 'ES614', 'FRC24', 'ES612', 'ES521', 'ES424', 'FRL06', 'FRL05', 'FRL04', 'FRK24', 'FRK23', 'HR050', 'FRI12', 'FRJ13', 'DEC02', 'DEB18', 'EL413', 'EL412', 'EL411', 'PL432', 'PL524', 'PL523', 'PL516', 'PL431', 'PL411', 'PL427', 'PL426', 'PL424', 'PL417', 'PL416', 'PL414', 'PL428', 'PL616', 'PL636', 'PL623', 'PL622', 'PL621', 'PL638', 'PL228', 'AT341', 'RO116', 'RO315', 'RO221', 'RO216', 'RO215', 'RO214', 'RO213', 'RO212', 'RO211', 'RO415', 'RO414', 'RO413', 'RO411', 'PT11B', 'ITG19', 'ITG18', 'ITG17', 'ITG13', 'ITG12', 'ITG11', 'ITF65', 'ITF48', 'ITF46', 'ITF45', 'ITF35', 'ITF33', 'ITF31', 'ITF13', 'HU323', 'LV006', 'LT024', 'LT027', 'SK041', 'BG342', 'BG325', 'BG321', 'BG315', 'BG314', 'BG313', 'BG312', 'CZ041', 'BG311', 'BE342', 'ES425', 'EL645', 'FRY10', 'FRY20', 'FRY30', 'HR026', 'DEB13', 'EL512', 'EL422', 'EL522', 'EL524', 'EL541']","['Economic development', 'Education', 'Public health', 'Sustainability', 'Social inclusion']","The Regional Operational Program 2014-2020 aims to enhance economic growth and social development through EU-funded infrastructure and social projects, addressing key challenges in education, employment, health, and environmental sustainability.","The Regional Operational Program 2014-2020 focuses on fostering economic growth and social development by utilizing EU funds to implement infrastructure and social projects. It targets key areas such as education, employment, health, and environmental sustainability. The program supports the creation of new jobs, enhances educational facilities, and improves healthcare infrastructure. It also promotes renewable energy and energy efficiency to ensure environmental sustainability. By providing financial support to businesses, the program aims to boost innovation and competitiveness. Social inclusion is addressed through projects that support vulnerable groups, enhancing their access to education and employment opportunities. The program's comprehensive approach includes funding for research and development, infrastructure improvements, and social services, aiming to create a balanced and sustainable regional development. The expected outcomes include increased employment rates, improved quality of education and healthcare, and a more sustainable environment, contributing to the overall economic and social well-being of the region.",['PL63'],https://rpo.pomorskie.eu/wp-content/uploads/2024/12/Raport-z-realizacji-RPO-WP-2014-2020-z-31-pazdziernika-2024-r.pdf,Policy,Community
"['PL518', 'PL515', 'PL418', 'PL613', 'PL617', 'PL637', 'PL634', 'PL619', 'PL618', 'PL22C', 'PL22B', 'PL227', 'PL225', 'PL224', 'PL219', 'PL218', 'PL217', 'PL214', 'RO314', 'RO312', 'RO226', 'RO225', 'RO224', 'RO223', 'RO222', 'RO317', 'SI036', 'SI031', 'RO422', 'RO412', 'PT119', 'PT112', 'PT111', 'PL926', 'PL925', 'PL922', 'PT16B', 'RO115', 'RO114', 'RO112', 'RO111', 'PT187', 'PT185', 'PT181', 'PT16I', 'PT16F', 'PT184', 'ITH31', 'ITG2G', 'ITG2D', 'ITG16', 'ITG15', 'ITG14', 'ITH35', 'ITI12', 'ITH36', 'ITF64', 'ITF63', 'ITF62', 'ITF61', 'ITF52', 'ITF51', 'ITF47', 'ITF43', 'ITF32', 'ITF22', 'ITF14', 'ITF12', 'ITF34', 'HU332', 'HU331', 'HU321', 'LV009', 'LV007', 'LV005', 'LV003', 'ITI35', 'ITI34', 'ITI33', 'ITI31', 'LT021', 'HU313', 'HU233', 'HU232', 'HU231', 'HU223', 'HU222', 'HU221', 'HU322', 'LT029', 'LT026', 'LT025', 'HU212', 'NO0A3', 'NO0A1', 'SK042', 'SK032', 'SK031', 'SK022', 'SK021', 'SE313', 'DE94G', 'DE939', 'BG344', 'BG343', 'BG334', 'BG333', 'BG332', 'BG331', 'BG324', 'BG323', 'BG322', 'BG422', 'CZ042', 'BG425', 'BG424', 'BG423', 'DE22C', 'EL653', 'FRM02', 'FRM01', 'HR063', 'HR061', 'HR037', 'HR036', 'HR035', 'HR034', 'HR033', 'HR032', 'HR031', 'HR028', 'HR027', 'HR025', 'HR024', 'HR023', 'HR022', 'HR021', 'FRY40', 'FRJ12', 'EL644', 'EL643', 'DEE0E', 'DEE0C', 'DEE08', 'EL515', 'EL514', 'EL513', 'EL511', 'EL432', 'EL431', 'EL521', 'EL523', 'EL641', 'EL633', 'EL632', 'EL631', 'EL624', 'EL623', 'EL622', 'EL621', 'EL613', 'EL612', 'EL533', 'EL532', 'EL531', 'EL526', 'EL525', 'EL611', 'EE00A', 'EE009', 'EE008', 'EE004', 'PL514', 'PL415', 'PL633', 'AT224', 'RO321', 'PL912', 'PT150', 'ITH10', 'ITI14', 'ITH59', 'ITH55', 'ITC31', 'ITC4C', 'ITI43', 'SI043', 'DE717', 'DE713', 'DE502', 'DE279', 'DE262', 'BE232', 'ES640', 'ES630', 'ES618', 'ES617', 'ES614', 'FRC24', 'ES612', 'ES521', 'ES424', 'FRL06', 'FRL05', 'FRL04', 'FRK24', 'FRK23', 'HR050', 'FRI12', 'FRJ13', 'DEC02', 'DEB18', 'EL413', 'EL412', 'EL411', 'PL432', 'PL524', 'PL523', 'PL516', 'PL431', 'PL411', 'PL427', 'PL426', 'PL424', 'PL417', 'PL416', 'PL414', 'PL428', 'PL616', 'PL636', 'PL623', 'PL622', 'PL621', 'PL638', 'PL228', 'AT341', 'RO116', 'RO315', 'RO221', 'RO216', 'RO215', 'RO214', 'RO213', 'RO212', 'RO211', 'RO415', 'RO414', 'RO413', 'RO411', 'PT11B', 'ITG19', 'ITG18', 'ITG17', 'ITG13', 'ITG12', 'ITG11', 'ITF65', 'ITF48', 'ITF46', 'ITF45', 'ITF35', 'ITF33', 'ITF31', 'ITF13', 'HU323', 'LV006', 'LT024', 'LT027', 'SK041', 'BG342', 'BG325', 'BG321', 'BG315', 'BG314', 'BG313', 'BG312', 'CZ041', 'BG311', 'BE342', 'ES425', 'EL645', 'FRY10', 'FRY20', 'FRY30', 'HR026', 'DEB13', 'EL512', 'EL422', 'EL522', 'EL524', 'EL541']","['Economic development', 'Education', 'Infrastructure', 'Social inclusion', 'Innovation']","The Regional Operational Program 2014-2020 aims to enhance economic growth and social development through strategic investments in infrastructure, education, and employment. Funded by the European Union, it addresses regional challenges by improving competitiveness and quality of life for residents.","The Regional Operational Program 2014-2020 focuses on addressing developmental challenges through strategic investments in key areas such as infrastructure, education, and employment. Funded by the European Regional Development Fund and the European Social Fund, the program allocates approximately 8.4 billion PLN to enhance regional competitiveness and improve residents' quality of life. It supports projects that align with the strategic goals of economic growth, social inclusion, and environmental sustainability. Key initiatives include revitalizing urban areas, enhancing educational facilities, and promoting renewable energy. The program also emphasizes active labor market policies to increase employment, particularly for vulnerable groups, and supports the creation of new businesses. By fostering innovation and collaboration between research institutions and enterprises, it aims to drive technological advancements and economic diversification. The program's impact is measured through increased employment rates, improved educational outcomes, and enhanced infrastructure, contributing to the overall resilience and sustainability of the region. Through these targeted actions, the program seeks to create a more dynamic and inclusive regional economy, ultimately benefiting all residents by providing better opportunities and living conditions.",['PL63'],https://rpo.pomorskie.eu/wp-content/uploads/2024/09/Raport-z-realizacji-RPO-WP-2014-2020-z-31-sierpnia-2024-r-1.pdf,Policy,AI
"['PL518', 'PL515', 'PL418', 'PL613', 'PL617', 'PL637', 'PL634', 'PL619', 'PL618', 'PL22C', 'PL22B', 'PL227', 'PL225', 'PL224', 'PL219', 'PL218', 'PL217', 'PL214', 'RO314', 'RO312', 'RO226', 'RO225', 'RO224', 'RO223', 'RO222', 'RO317', 'SI036', 'SI031', 'RO422', 'RO412', 'PT119', 'PT112', 'PT111', 'PL926', 'PL925', 'PL922', 'PT16B', 'RO115', 'RO114', 'RO112', 'RO111', 'PT187', 'PT185', 'PT181', 'PT16I', 'PT16F', 'PT184', 'ITH31', 'ITG2G', 'ITG2D', 'ITG16', 'ITG15', 'ITG14', 'ITH35', 'ITI12', 'ITH36', 'ITF64', 'ITF63', 'ITF62', 'ITF61', 'ITF52', 'ITF51', 'ITF47', 'ITF43', 'ITF32', 'ITF22', 'ITF14', 'ITF12', 'ITF34', 'HU332', 'HU331', 'HU321', 'LV009', 'LV007', 'LV005', 'LV003', 'ITI35', 'ITI34', 'ITI33', 'ITI31', 'LT021', 'HU313', 'HU233', 'HU232', 'HU231', 'HU223', 'HU222', 'HU221', 'HU322', 'LT029', 'LT026', 'LT025', 'HU212', 'NO0A3', 'NO0A1', 'SK042', 'SK032', 'SK031', 'SK022', 'SK021', 'SE313', 'DE94G', 'DE939', 'BG344', 'BG343', 'BG334', 'BG333', 'BG332', 'BG331', 'BG324', 'BG323', 'BG322', 'BG422', 'CZ042', 'BG425', 'BG424', 'BG423', 'DE22C', 'EL653', 'FRM02', 'FRM01', 'HR063', 'HR061', 'HR037', 'HR036', 'HR035', 'HR034', 'HR033', 'HR032', 'HR031', 'HR028', 'HR027', 'HR025', 'HR024', 'HR023', 'HR022', 'HR021', 'FRY40', 'FRJ12', 'EL644', 'EL643', 'DEE0E', 'DEE0C', 'DEE08', 'EL515', 'EL514', 'EL513', 'EL511', 'EL432', 'EL431', 'EL521', 'EL523', 'EL641', 'EL633', 'EL632', 'EL631', 'EL624', 'EL623', 'EL622', 'EL621', 'EL613', 'EL612', 'EL533', 'EL532', 'EL531', 'EL526', 'EL525', 'EL611', 'EE00A', 'EE009', 'EE008', 'EE004', 'PL514', 'PL415', 'PL633', 'AT224', 'RO321', 'PL912', 'PT150', 'ITH10', 'ITI14', 'ITH59', 'ITH55', 'ITC31', 'ITC4C', 'ITI43', 'SI043', 'DE717', 'DE713', 'DE502', 'DE279', 'DE262', 'BE232', 'ES640', 'ES630', 'ES618', 'ES617', 'ES614', 'FRC24', 'ES612', 'ES521', 'ES424', 'FRL06', 'FRL05', 'FRL04', 'FRK24', 'FRK23', 'HR050', 'FRI12', 'FRJ13', 'DEC02', 'DEB18', 'EL413', 'EL412', 'EL411', 'PL432', 'PL524', 'PL523', 'PL516', 'PL431', 'PL411', 'PL427', 'PL426', 'PL424', 'PL417', 'PL416', 'PL414', 'PL428', 'PL616', 'PL636', 'PL623', 'PL622', 'PL621', 'PL638', 'PL228', 'AT341', 'RO116', 'RO315', 'RO221', 'RO216', 'RO215', 'RO214', 'RO213', 'RO212', 'RO211', 'RO415', 'RO414', 'RO413', 'RO411', 'PT11B', 'ITG19', 'ITG18', 'ITG17', 'ITG13', 'ITG12', 'ITG11', 'ITF65', 'ITF48', 'ITF46', 'ITF45', 'ITF35', 'ITF33', 'ITF31', 'ITF13', 'HU323', 'LV006', 'LT024', 'LT027', 'SK041', 'BG342', 'BG325', 'BG321', 'BG315', 'BG314', 'BG313', 'BG312', 'CZ041', 'BG311', 'BE342', 'ES425', 'EL645', 'FRY10', 'FRY20', 'FRY30', 'HR026', 'DEB13', 'EL512', 'EL422', 'EL522', 'EL524', 'EL541']","['Regional development', 'Sustainability', 'Education', 'Energy', 'Digitalisation']","The policy aims to evaluate and enhance the strategic development framework for 2030, ensuring effective interventions and alignment with regional needs and challenges through comprehensive analysis and stakeholder engagement.","The policy focuses on an ex ante evaluation of the 2030 development strategy, aiming to ensure its effectiveness and alignment with regional needs. It involves assessing the relevance of identified challenges, strategic objectives, and proposed interventions. The evaluation uses methods like data analysis, interviews, and workshops to verify the strategy's coherence with diagnostic findings and its feasibility. Key areas include environmental, energy, health, and digital security, as well as education, social sensitivity, and mobility. The strategy emphasizes the importance of stakeholder collaboration and the integration of safety mechanisms to adapt to changing conditions. It also addresses the need for a robust monitoring and evaluation system to track progress and outcomes. Financial assumptions are scrutinized to ensure realistic and justified resource allocation. The strategy's internal and external consistency is assessed to facilitate access to external funding and programs. The ultimate goal is to foster sustainable regional development by addressing strategic priorities and ensuring the strategy's adaptability and effectiveness in achieving desired outcomes by 2030.",['PL63'],https://strategia2030.pomorskie.eu/wp-content/uploads/2021/06/RK_ex_ante_SRWP2030_final.pdf,Policy,Verified
"['PL518', 'PL515', 'PL418', 'PL613', 'PL617', 'PL637', 'PL634', 'PL619', 'PL618', 'PL22C', 'PL22B', 'PL227', 'PL225', 'PL224', 'PL219', 'PL218', 'PL217', 'PL214', 'RO314', 'RO312', 'RO226', 'RO225', 'RO224', 'RO223', 'RO222', 'RO317', 'SI036', 'SI031', 'RO422', 'RO412', 'PT119', 'PT112', 'PT111', 'PL926', 'PL925', 'PL922', 'PT16B', 'RO115', 'RO114', 'RO112', 'RO111', 'PT187', 'PT185', 'PT181', 'PT16I', 'PT16F', 'PT184', 'ITH31', 'ITG2G', 'ITG2D', 'ITG16', 'ITG15', 'ITG14', 'ITH35', 'ITI12', 'ITH36', 'ITF64', 'ITF63', 'ITF62', 'ITF61', 'ITF52', 'ITF51', 'ITF47', 'ITF43', 'ITF32', 'ITF22', 'ITF14', 'ITF12', 'ITF34', 'HU332', 'HU331', 'HU321', 'LV009', 'LV007', 'LV005', 'LV003', 'ITI35', 'ITI34', 'ITI33', 'ITI31', 'LT021', 'HU313', 'HU233', 'HU232', 'HU231', 'HU223', 'HU222', 'HU221', 'HU322', 'LT029', 'LT026', 'LT025', 'HU212', 'NO0A3', 'NO0A1', 'SK042', 'SK032', 'SK031', 'SK022', 'SK021', 'SE313', 'DE94G', 'DE939', 'BG344', 'BG343', 'BG334', 'BG333', 'BG332', 'BG331', 'BG324', 'BG323', 'BG322', 'BG422', 'CZ042', 'BG425', 'BG424', 'BG423', 'DE22C', 'EL653', 'FRM02', 'FRM01', 'HR063', 'HR061', 'HR037', 'HR036', 'HR035', 'HR034', 'HR033', 'HR032', 'HR031', 'HR028', 'HR027', 'HR025', 'HR024', 'HR023', 'HR022', 'HR021', 'FRY40', 'FRJ12', 'EL644', 'EL643', 'DEE0E', 'DEE0C', 'DEE08', 'EL515', 'EL514', 'EL513', 'EL511', 'EL432', 'EL431', 'EL521', 'EL523', 'EL641', 'EL633', 'EL632', 'EL631', 'EL624', 'EL623', 'EL622', 'EL621', 'EL613', 'EL612', 'EL533', 'EL532', 'EL531', 'EL526', 'EL525', 'EL611', 'EE00A', 'EE009', 'EE008', 'EE004', 'PL514', 'PL415', 'PL633', 'AT224', 'RO321', 'PL912', 'PT150', 'ITH10', 'ITI14', 'ITH59', 'ITH55', 'ITC31', 'ITC4C', 'ITI43', 'SI043', 'DE717', 'DE713', 'DE502', 'DE279', 'DE262', 'BE232', 'ES640', 'ES630', 'ES618', 'ES617', 'ES614', 'FRC24', 'ES612', 'ES521', 'ES424', 'FRL06', 'FRL05', 'FRL04', 'FRK24', 'FRK23', 'HR050', 'FRI12', 'FRJ13', 'DEC02', 'DEB18', 'EL413', 'EL412', 'EL411', 'PL432', 'PL524', 'PL523', 'PL516', 'PL431', 'PL411', 'PL427', 'PL426', 'PL424', 'PL417', 'PL416', 'PL414', 'PL428', 'PL616', 'PL636', 'PL623', 'PL622', 'PL621', 'PL638', 'PL228', 'AT341', 'RO116', 'RO315', 'RO221', 'RO216', 'RO215', 'RO214', 'RO213', 'RO212', 'RO211', 'RO415', 'RO414', 'RO413', 'RO411', 'PT11B', 'ITG19', 'ITG18', 'ITG17', 'ITG13', 'ITG12', 'ITG11', 'ITF65', 'ITF48', 'ITF46', 'ITF45', 'ITF35', 'ITF33', 'ITF31', 'ITF13', 'HU323', 'LV006', 'LT024', 'LT027', 'SK041', 'BG342', 'BG325', 'BG321', 'BG315', 'BG314', 'BG313', 'BG312', 'CZ041', 'BG311', 'BE342', 'ES425', 'EL645', 'FRY10', 'FRY20', 'FRY30', 'HR026', 'DEB13', 'EL512', 'EL422', 'EL522', 'EL524', 'EL541']","['Public health', 'Economic development', 'Education', 'Regional development']","The policy addresses ASF, a viral disease affecting pigs, aiming to prevent its spread through biosecurity measures, monitoring, and education, ensuring economic stability in affected regions.","ASF, or African Swine Fever, is a contagious viral disease impacting pigs, with significant economic repercussions due to trade restrictions and livestock losses. The policy focuses on preventing ASF spread through stringent biosecurity measures, including monitoring animal movements and controlling wild boar populations, which are primary virus carriers. It emphasizes the importance of educating farmers and stakeholders about ASF transmission routes and prevention strategies. Regular inspections and cross-verification of health certificates for pigs are mandated to ensure compliance with health standards. The policy also involves collaboration with various sectors, including veterinary services, local governments, and agricultural organizations, to implement comprehensive surveillance and response strategies. By integrating these efforts, the policy aims to maintain regional economic stability and protect the agricultural sector from the adverse effects of ASF outbreaks. The approach includes leveraging EU regulations and national laws to establish a robust framework for ASF management, ensuring that all preventive and control measures are effectively coordinated and enforced across regions. The ultimate goal is to safeguard public health and the agricultural economy by minimizing the risk and impact of ASF outbreaks through proactive and collaborative efforts.",['PL63'],https://pomorskie.eu/wp-content/uploads/2021/12/Samorzad-Pomorza-nr-12_2021.pdf,Programme,Community
"['PL518', 'PL515', 'PL418', 'PL613', 'PL617', 'PL637', 'PL634', 'PL619', 'PL618', 'PL22C', 'PL22B', 'PL227', 'PL225', 'PL224', 'PL219', 'PL218', 'PL217', 'PL214', 'RO314', 'RO312', 'RO226', 'RO225', 'RO224', 'RO223', 'RO222', 'RO317', 'SI036', 'SI031', 'RO422', 'RO412', 'PT119', 'PT112', 'PT111', 'PL926', 'PL925', 'PL922', 'PT16B', 'RO115', 'RO114', 'RO112', 'RO111', 'PT187', 'PT185', 'PT181', 'PT16I', 'PT16F', 'PT184', 'ITH31', 'ITG2G', 'ITG2D', 'ITG16', 'ITG15', 'ITG14', 'ITH35', 'ITI12', 'ITH36', 'ITF64', 'ITF63', 'ITF62', 'ITF61', 'ITF52', 'ITF51', 'ITF47', 'ITF43', 'ITF32', 'ITF22', 'ITF14', 'ITF12', 'ITF34', 'HU332', 'HU331', 'HU321', 'LV009', 'LV007', 'LV005', 'LV003', 'ITI35', 'ITI34', 'ITI33', 'ITI31', 'LT021', 'HU313', 'HU233', 'HU232', 'HU231', 'HU223', 'HU222', 'HU221', 'HU322', 'LT029', 'LT026', 'LT025', 'HU212', 'NO0A3', 'NO0A1', 'SK042', 'SK032', 'SK031', 'SK022', 'SK021', 'SE313', 'DE94G', 'DE939', 'BG344', 'BG343', 'BG334', 'BG333', 'BG332', 'BG331', 'BG324', 'BG323', 'BG322', 'BG422', 'CZ042', 'BG425', 'BG424', 'BG423', 'DE22C', 'EL653', 'FRM02', 'FRM01', 'HR063', 'HR061', 'HR037', 'HR036', 'HR035', 'HR034', 'HR033', 'HR032', 'HR031', 'HR028', 'HR027', 'HR025', 'HR024', 'HR023', 'HR022', 'HR021', 'FRY40', 'FRJ12', 'EL644', 'EL643', 'DEE0E', 'DEE0C', 'DEE08', 'EL515', 'EL514', 'EL513', 'EL511', 'EL432', 'EL431', 'EL521', 'EL523', 'EL641', 'EL633', 'EL632', 'EL631', 'EL624', 'EL623', 'EL622', 'EL621', 'EL613', 'EL612', 'EL533', 'EL532', 'EL531', 'EL526', 'EL525', 'EL611', 'EE00A', 'EE009', 'EE008', 'EE004', 'PL514', 'PL415', 'PL633', 'AT224', 'RO321', 'PL912', 'PT150', 'ITH10', 'ITI14', 'ITH59', 'ITH55', 'ITC31', 'ITC4C', 'ITI43', 'SI043', 'DE717', 'DE713', 'DE502', 'DE279', 'DE262', 'BE232', 'ES640', 'ES630', 'ES618', 'ES617', 'ES614', 'FRC24', 'ES612', 'ES521', 'ES424', 'FRL06', 'FRL05', 'FRL04', 'FRK24', 'FRK23', 'HR050', 'FRI12', 'FRJ13', 'DEC02', 'DEB18', 'EL413', 'EL412', 'EL411', 'PL432', 'PL524', 'PL523', 'PL516', 'PL431', 'PL411', 'PL427', 'PL426', 'PL424', 'PL417', 'PL416', 'PL414', 'PL428', 'PL616', 'PL636', 'PL623', 'PL622', 'PL621', 'PL638', 'PL228', 'AT341', 'RO116', 'RO315', 'RO221', 'RO216', 'RO215', 'RO214', 'RO213', 'RO212', 'RO211', 'RO415', 'RO414', 'RO413', 'RO411', 'PT11B', 'ITG19', 'ITG18', 'ITG17', 'ITG13', 'ITG12', 'ITG11', 'ITF65', 'ITF48', 'ITF46', 'ITF45', 'ITF35', 'ITF33', 'ITF31', 'ITF13', 'HU323', 'LV006', 'LT024', 'LT027', 'SK041', 'BG342', 'BG325', 'BG321', 'BG315', 'BG314', 'BG313', 'BG312', 'CZ041', 'BG311', 'BE342', 'ES425', 'EL645', 'FRY10', 'FRY20', 'FRY30', 'HR026', 'DEB13', 'EL512', 'EL422', 'EL522', 'EL524', 'EL541']","['Migration', 'Social inclusion', 'Community engagement', 'Regional development']","The policy focuses on providing comprehensive support to Ukrainian refugees, emphasizing solidarity and integration. It aims to address immediate needs and facilitate long-term integration through coordinated efforts involving local governments, NGOs, and community resources.","In response to the Russian aggression in Ukraine, the policy outlines a multi-faceted approach to support Ukrainian refugees. It emphasizes immediate humanitarian aid, including shelter, food, and medical assistance, coordinated by local governments and NGOs. The policy also addresses long-term integration through employment support, educational opportunities, and social services, facilitated by reallocating regional funds and leveraging community resources. Key actions include establishing information centers, legal aid, and medical points, as well as organizing special transport for refugee relocation. The policy highlights the importance of collaboration with international organizations and local stakeholders to ensure effective resource allocation and service delivery. The intended outcomes are to provide a safe and supportive environment for refugees, promote social cohesion, and enhance regional capacity to manage large-scale humanitarian crises. The policy underscores the need for flexibility and adaptability in response to evolving challenges, aiming to prevent a humanitarian disaster and ensure sustainable integration of refugees into the host community.",['PL63'],https://pomorskie.eu/wp-content/uploads/2022/05/Samorzad-Pomorza-nr-13_2022.pdf,Programme,AI
"['PL518', 'PL515', 'PL418', 'PL613', 'PL617', 'PL637', 'PL634', 'PL619', 'PL618', 'PL22C', 'PL22B', 'PL227', 'PL225', 'PL224', 'PL219', 'PL218', 'PL217', 'PL214', 'RO314', 'RO312', 'RO226', 'RO225', 'RO224', 'RO223', 'RO222', 'RO317', 'SI036', 'SI031', 'RO422', 'RO412', 'PT119', 'PT112', 'PT111', 'PL926', 'PL925', 'PL922', 'PT16B', 'RO115', 'RO114', 'RO112', 'RO111', 'PT187', 'PT185', 'PT181', 'PT16I', 'PT16F', 'PT184', 'ITH31', 'ITG2G', 'ITG2D', 'ITG16', 'ITG15', 'ITG14', 'ITH35', 'ITI12', 'ITH36', 'ITF64', 'ITF63', 'ITF62', 'ITF61', 'ITF52', 'ITF51', 'ITF47', 'ITF43', 'ITF32', 'ITF22', 'ITF14', 'ITF12', 'ITF34', 'HU332', 'HU331', 'HU321', 'LV009', 'LV007', 'LV005', 'LV003', 'ITI35', 'ITI34', 'ITI33', 'ITI31', 'LT021', 'HU313', 'HU233', 'HU232', 'HU231', 'HU223', 'HU222', 'HU221', 'HU322', 'LT029', 'LT026', 'LT025', 'HU212', 'NO0A3', 'NO0A1', 'SK042', 'SK032', 'SK031', 'SK022', 'SK021', 'SE313', 'DE94G', 'DE939', 'BG344', 'BG343', 'BG334', 'BG333', 'BG332', 'BG331', 'BG324', 'BG323', 'BG322', 'BG422', 'CZ042', 'BG425', 'BG424', 'BG423', 'DE22C', 'EL653', 'FRM02', 'FRM01', 'HR063', 'HR061', 'HR037', 'HR036', 'HR035', 'HR034', 'HR033', 'HR032', 'HR031', 'HR028', 'HR027', 'HR025', 'HR024', 'HR023', 'HR022', 'HR021', 'FRY40', 'FRJ12', 'EL644', 'EL643', 'DEE0E', 'DEE0C', 'DEE08', 'EL515', 'EL514', 'EL513', 'EL511', 'EL432', 'EL431', 'EL521', 'EL523', 'EL641', 'EL633', 'EL632', 'EL631', 'EL624', 'EL623', 'EL622', 'EL621', 'EL613', 'EL612', 'EL533', 'EL532', 'EL531', 'EL526', 'EL525', 'EL611', 'EE00A', 'EE009', 'EE008', 'EE004', 'PL514', 'PL415', 'PL633', 'AT224', 'RO321', 'PL912', 'PT150', 'ITH10', 'ITI14', 'ITH59', 'ITH55', 'ITC31', 'ITC4C', 'ITI43', 'SI043', 'DE717', 'DE713', 'DE502', 'DE279', 'DE262', 'BE232', 'ES640', 'ES630', 'ES618', 'ES617', 'ES614', 'FRC24', 'ES612', 'ES521', 'ES424', 'FRL06', 'FRL05', 'FRL04', 'FRK24', 'FRK23', 'HR050', 'FRI12', 'FRJ13', 'DEC02', 'DEB18', 'EL413', 'EL412', 'EL411', 'PL432', 'PL524', 'PL523', 'PL516', 'PL431', 'PL411', 'PL427', 'PL426', 'PL424', 'PL417', 'PL416', 'PL414', 'PL428', 'PL616', 'PL636', 'PL623', 'PL622', 'PL621', 'PL638', 'PL228', 'AT341', 'RO116', 'RO315', 'RO221', 'RO216', 'RO215', 'RO214', 'RO213', 'RO212', 'RO211', 'RO415', 'RO414', 'RO413', 'RO411', 'PT11B', 'ITG19', 'ITG18', 'ITG17', 'ITG13', 'ITG12', 'ITG11', 'ITF65', 'ITF48', 'ITF46', 'ITF45', 'ITF35', 'ITF33', 'ITF31', 'ITF13', 'HU323', 'LV006', 'LT024', 'LT027', 'SK041', 'BG342', 'BG325', 'BG321', 'BG315', 'BG314', 'BG313', 'BG312', 'CZ041', 'BG311', 'BE342', 'ES425', 'EL645', 'FRY10', 'FRY20', 'FRY30', 'HR026', 'DEB13', 'EL512', 'EL422', 'EL522', 'EL524', 'EL541']","['Regional development', 'Economic development', 'Community engagement', 'Governance']","The policy focuses on enhancing regional development through strategic planning and decentralization, empowering local governments to address community needs effectively and fostering economic growth and social well-being.","The policy emphasizes the importance of regional development by implementing strategic planning and decentralization. It aims to empower local governments with the autonomy to make decisions that best suit their communities, thereby improving public administration efficiency. The approach involves engaging various stakeholders, including local communities, to participate in the planning process, ensuring that development strategies are tailored to specific regional needs. By focusing on decentralization, the policy seeks to distribute resources and decision-making power more equitably across different regions, reducing disparities and promoting balanced growth. The intended outcomes include enhanced economic growth, improved infrastructure, and increased social well-being. The policy also highlights the need for continuous monitoring and evaluation to adapt strategies as needed, ensuring that they remain effective and relevant. By fostering collaboration between government entities and local communities, the policy aims to create a more responsive and resilient public administration system that can better address the challenges and opportunities unique to each region.",['PL63'],https://pomorskie.eu/wp-content/uploads/2023/06/Samorzad-Pomorza-nr-15_2023.pdf,Programme,Verified
"['PL518', 'PL515', 'PL418', 'PL613', 'PL617', 'PL637', 'PL634', 'PL619', 'PL618', 'PL22C', 'PL22B', 'PL227', 'PL225', 'PL224', 'PL219', 'PL218', 'PL217', 'PL214', 'RO314', 'RO312', 'RO226', 'RO225', 'RO224', 'RO223', 'RO222', 'RO317', 'SI036', 'SI031', 'RO422', 'RO412', 'PT119', 'PT112', 'PT111', 'PL926', 'PL925', 'PL922', 'PT16B', 'RO115', 'RO114', 'RO112', 'RO111', 'PT187', 'PT185', 'PT181', 'PT16I', 'PT16F', 'PT184', 'ITH31', 'ITG2G', 'ITG2D', 'ITG16', 'ITG15', 'ITG14', 'ITH35', 'ITI12', 'ITH36', 'ITF64', 'ITF63', 'ITF62', 'ITF61', 'ITF52', 'ITF51', 'ITF47', 'ITF43', 'ITF32', 'ITF22', 'ITF14', 'ITF12', 'ITF34', 'HU332', 'HU331', 'HU321', 'LV009', 'LV007', 'LV005', 'LV003', 'ITI35', 'ITI34', 'ITI33', 'ITI31', 'LT021', 'HU313', 'HU233', 'HU232', 'HU231', 'HU223', 'HU222', 'HU221', 'HU322', 'LT029', 'LT026', 'LT025', 'HU212', 'NO0A3', 'NO0A1', 'SK042', 'SK032', 'SK031', 'SK022', 'SK021', 'SE313', 'DE94G', 'DE939', 'BG344', 'BG343', 'BG334', 'BG333', 'BG332', 'BG331', 'BG324', 'BG323', 'BG322', 'BG422', 'CZ042', 'BG425', 'BG424', 'BG423', 'DE22C', 'EL653', 'FRM02', 'FRM01', 'HR063', 'HR061', 'HR037', 'HR036', 'HR035', 'HR034', 'HR033', 'HR032', 'HR031', 'HR028', 'HR027', 'HR025', 'HR024', 'HR023', 'HR022', 'HR021', 'FRY40', 'FRJ12', 'EL644', 'EL643', 'DEE0E', 'DEE0C', 'DEE08', 'EL515', 'EL514', 'EL513', 'EL511', 'EL432', 'EL431', 'EL521', 'EL523', 'EL641', 'EL633', 'EL632', 'EL631', 'EL624', 'EL623', 'EL622', 'EL621', 'EL613', 'EL612', 'EL533', 'EL532', 'EL531', 'EL526', 'EL525', 'EL611', 'EE00A', 'EE009', 'EE008', 'EE004', 'PL514', 'PL415', 'PL633', 'AT224', 'RO321', 'PL912', 'PT150', 'ITH10', 'ITI14', 'ITH59', 'ITH55', 'ITC31', 'ITC4C', 'ITI43', 'SI043', 'DE717', 'DE713', 'DE502', 'DE279', 'DE262', 'BE232', 'ES640', 'ES630', 'ES618', 'ES617', 'ES614', 'FRC24', 'ES612', 'ES521', 'ES424', 'FRL06', 'FRL05', 'FRL04', 'FRK24', 'FRK23', 'HR050', 'FRI12', 'FRJ13', 'DEC02', 'DEB18', 'EL413', 'EL412', 'EL411', 'PL432', 'PL524', 'PL523', 'PL516', 'PL431', 'PL411', 'PL427', 'PL426', 'PL424', 'PL417', 'PL416', 'PL414', 'PL428', 'PL616', 'PL636', 'PL623', 'PL622', 'PL621', 'PL638', 'PL228', 'AT341', 'RO116', 'RO315', 'RO221', 'RO216', 'RO215', 'RO214', 'RO213', 'RO212', 'RO211', 'RO415', 'RO414', 'RO413', 'RO411', 'PT11B', 'ITG19', 'ITG18', 'ITG17', 'ITG13', 'ITG12', 'ITG11', 'ITF65', 'ITF48', 'ITF46', 'ITF45', 'ITF35', 'ITF33', 'ITF31', 'ITF13', 'HU323', 'LV006', 'LT024', 'LT027', 'SK041', 'BG342', 'BG325', 'BG321', 'BG315', 'BG314', 'BG313', 'BG312', 'CZ041', 'BG311', 'BE342', 'ES425', 'EL645', 'FRY10', 'FRY20', 'FRY30', 'HR026', 'DEB13', 'EL512', 'EL422', 'EL522', 'EL524', 'EL541']","['Sustainability', 'Economic development', 'Public health', 'Infrastructure', 'Regional development']","The policy focuses on sustainable regional development through strategic planning, infrastructure enhancement, and public health improvements to address economic, environmental, and social challenges, ensuring long-term resilience and growth.","Facing global challenges like climate change, economic instability, and demographic shifts, the policy emphasizes sustainable regional development through strategic planning and infrastructure investment. It aims to enhance public health services, promote renewable energy, and improve transportation networks. By fostering partnerships and leveraging EU funds, the policy seeks to build resilience against external shocks and ensure economic stability. Key actions include modernizing healthcare facilities, expanding renewable energy sources, and upgrading transportation infrastructure. The policy also addresses social issues by improving educational opportunities and supporting vulnerable populations. By integrating environmental, economic, and social strategies, the policy aims to create a balanced and sustainable growth model. The expected outcomes include increased energy self-sufficiency, improved public health services, and enhanced regional connectivity, contributing to overall economic resilience and quality of life improvements for residents. The policy underscores the importance of collaboration among local governments, businesses, and communities to achieve these goals, highlighting the need for adaptive strategies in response to evolving challenges and opportunities.",['PL63'],https://pomorskie.eu/wp-content/uploads/2024/07/Samorzad-Pomorza-nr-17_2024.pdf,Programme,Community
"['PL518', 'PL515', 'PL418', 'PL613', 'PL617', 'PL637', 'PL634', 'PL619', 'PL618', 'PL22C', 'PL22B', 'PL227', 'PL225', 'PL224', 'PL219', 'PL218', 'PL217', 'PL214', 'RO314', 'RO312', 'RO226', 'RO225', 'RO224', 'RO223', 'RO222', 'RO317', 'SI036', 'SI031', 'RO422', 'RO412', 'PT119', 'PT112', 'PT111', 'PL926', 'PL925', 'PL922', 'PT16B', 'RO115', 'RO114', 'RO112', 'RO111', 'PT187', 'PT185', 'PT181', 'PT16I', 'PT16F', 'PT184', 'ITH31', 'ITG2G', 'ITG2D', 'ITG16', 'ITG15', 'ITG14', 'ITH35', 'ITI12', 'ITH36', 'ITF64', 'ITF63', 'ITF62', 'ITF61', 'ITF52', 'ITF51', 'ITF47', 'ITF43', 'ITF32', 'ITF22', 'ITF14', 'ITF12', 'ITF34', 'HU332', 'HU331', 'HU321', 'LV009', 'LV007', 'LV005', 'LV003', 'ITI35', 'ITI34', 'ITI33', 'ITI31', 'LT021', 'HU313', 'HU233', 'HU232', 'HU231', 'HU223', 'HU222', 'HU221', 'HU322', 'LT029', 'LT026', 'LT025', 'HU212', 'NO0A3', 'NO0A1', 'SK042', 'SK032', 'SK031', 'SK022', 'SK021', 'SE313', 'DE94G', 'DE939', 'BG344', 'BG343', 'BG334', 'BG333', 'BG332', 'BG331', 'BG324', 'BG323', 'BG322', 'BG422', 'CZ042', 'BG425', 'BG424', 'BG423', 'DE22C', 'EL653', 'FRM02', 'FRM01', 'HR063', 'HR061', 'HR037', 'HR036', 'HR035', 'HR034', 'HR033', 'HR032', 'HR031', 'HR028', 'HR027', 'HR025', 'HR024', 'HR023', 'HR022', 'HR021', 'FRY40', 'FRJ12', 'EL644', 'EL643', 'DEE0E', 'DEE0C', 'DEE08', 'EL515', 'EL514', 'EL513', 'EL511', 'EL432', 'EL431', 'EL521', 'EL523', 'EL641', 'EL633', 'EL632', 'EL631', 'EL624', 'EL623', 'EL622', 'EL621', 'EL613', 'EL612', 'EL533', 'EL532', 'EL531', 'EL526', 'EL525', 'EL611', 'EE00A', 'EE009', 'EE008', 'EE004', 'PL514', 'PL415', 'PL633', 'AT224', 'RO321', 'PL912', 'PT150', 'ITH10', 'ITI14', 'ITH59', 'ITH55', 'ITC31', 'ITC4C', 'ITI43', 'SI043', 'DE717', 'DE713', 'DE502', 'DE279', 'DE262', 'BE232', 'ES640', 'ES630', 'ES618', 'ES617', 'ES614', 'FRC24', 'ES612', 'ES521', 'ES424', 'FRL06', 'FRL05', 'FRL04', 'FRK24', 'FRK23', 'HR050', 'FRI12', 'FRJ13', 'DEC02', 'DEB18', 'EL413', 'EL412', 'EL411', 'PL432', 'PL524', 'PL523', 'PL516', 'PL431', 'PL411', 'PL427', 'PL426', 'PL424', 'PL417', 'PL416', 'PL414', 'PL428', 'PL616', 'PL636', 'PL623', 'PL622', 'PL621', 'PL638', 'PL228', 'AT341', 'RO116', 'RO315', 'RO221', 'RO216', 'RO215', 'RO214', 'RO213', 'RO212', 'RO211', 'RO415', 'RO414', 'RO413', 'RO411', 'PT11B', 'ITG19', 'ITG18', 'ITG17', 'ITG13', 'ITG12', 'ITG11', 'ITF65', 'ITF48', 'ITF46', 'ITF45', 'ITF35', 'ITF33', 'ITF31', 'ITF13', 'HU323', 'LV006', 'LT024', 'LT027', 'SK041', 'BG342', 'BG325', 'BG321', 'BG315', 'BG314', 'BG313', 'BG312', 'CZ041', 'BG311', 'BE342', 'ES425', 'EL645', 'FRY10', 'FRY20', 'FRY30', 'HR026', 'DEB13', 'EL512', 'EL422', 'EL522', 'EL524', 'EL541']","['Infrastructure', 'Regional development', 'Community engagement', 'Environmental protection']",The policy focuses on enhancing flood protection in Żuławy through improved infrastructure and risk management to ensure sustainable regional development and safeguard against diverse flood threats.,"Żuławy, a region prone to flooding due to its geographical and topographical characteristics, requires robust flood protection measures. The policy aims to enhance flood protection by upgrading infrastructure such as levees, pumping stations, and drainage systems. It emphasizes the importance of risk management and community awareness to mitigate flood risks. The program, known as Żuławy 2030, involves multiple stakeholders, including regional water management authorities and local governments, to implement comprehensive flood protection strategies. Key actions include rebuilding river embankments, constructing storm gates, and developing a flood risk monitoring system. The policy also addresses the impact of natural factors like beaver activity on flood defenses. By integrating natural flood management methods and improving organizational structures, the policy seeks to increase the region's resilience to flooding. The expected outcomes include reduced flood risk, enhanced safety for residents, and support for sustainable economic growth. The policy underscores the need for continuous investment and collaboration among governmental and non-governmental entities to achieve long-term flood protection and regional development goals.",['PL63'],https://pomorskie.eu/wp-content/uploads/2024/12/Samorzad-Pomorze-nr-18_2024.pdf,Policy,AI
"['PL518', 'PL515', 'PL418', 'PL613', 'PL617', 'PL637', 'PL634', 'PL619', 'PL618', 'PL22C', 'PL22B', 'PL227', 'PL225', 'PL224', 'PL219', 'PL218', 'PL217', 'PL214', 'RO314', 'RO312', 'RO226', 'RO225', 'RO224', 'RO223', 'RO222', 'RO317', 'SI036', 'SI031', 'RO422', 'RO412', 'PT119', 'PT112', 'PT111', 'PL926', 'PL925', 'PL922', 'PT16B', 'RO115', 'RO114', 'RO112', 'RO111', 'PT187', 'PT185', 'PT181', 'PT16I', 'PT16F', 'PT184', 'ITH31', 'ITG2G', 'ITG2D', 'ITG16', 'ITG15', 'ITG14', 'ITH35', 'ITI12', 'ITH36', 'ITF64', 'ITF63', 'ITF62', 'ITF61', 'ITF52', 'ITF51', 'ITF47', 'ITF43', 'ITF32', 'ITF22', 'ITF14', 'ITF12', 'ITF34', 'HU332', 'HU331', 'HU321', 'LV009', 'LV007', 'LV005', 'LV003', 'ITI35', 'ITI34', 'ITI33', 'ITI31', 'LT021', 'HU313', 'HU233', 'HU232', 'HU231', 'HU223', 'HU222', 'HU221', 'HU322', 'LT029', 'LT026', 'LT025', 'HU212', 'NO0A3', 'NO0A1', 'SK042', 'SK032', 'SK031', 'SK022', 'SK021', 'SE313', 'DE94G', 'DE939', 'BG344', 'BG343', 'BG334', 'BG333', 'BG332', 'BG331', 'BG324', 'BG323', 'BG322', 'BG422', 'CZ042', 'BG425', 'BG424', 'BG423', 'DE22C', 'EL653', 'FRM02', 'FRM01', 'HR063', 'HR061', 'HR037', 'HR036', 'HR035', 'HR034', 'HR033', 'HR032', 'HR031', 'HR028', 'HR027', 'HR025', 'HR024', 'HR023', 'HR022', 'HR021', 'FRY40', 'FRJ12', 'EL644', 'EL643', 'DEE0E', 'DEE0C', 'DEE08', 'EL515', 'EL514', 'EL513', 'EL511', 'EL432', 'EL431', 'EL521', 'EL523', 'EL641', 'EL633', 'EL632', 'EL631', 'EL624', 'EL623', 'EL622', 'EL621', 'EL613', 'EL612', 'EL533', 'EL532', 'EL531', 'EL526', 'EL525', 'EL611', 'EE00A', 'EE009', 'EE008', 'EE004', 'PL514', 'PL415', 'PL633', 'AT224', 'RO321', 'PL912', 'PT150', 'ITH10', 'ITI14', 'ITH59', 'ITH55', 'ITC31', 'ITC4C', 'ITI43', 'SI043', 'DE717', 'DE713', 'DE502', 'DE279', 'DE262', 'BE232', 'ES640', 'ES630', 'ES618', 'ES617', 'ES614', 'FRC24', 'ES612', 'ES521', 'ES424', 'FRL06', 'FRL05', 'FRL04', 'FRK24', 'FRK23', 'HR050', 'FRI12', 'FRJ13', 'DEC02', 'DEB18', 'EL413', 'EL412', 'EL411', 'PL432', 'PL524', 'PL523', 'PL516', 'PL431', 'PL411', 'PL427', 'PL426', 'PL424', 'PL417', 'PL416', 'PL414', 'PL428', 'PL616', 'PL636', 'PL623', 'PL622', 'PL621', 'PL638', 'PL228', 'AT341', 'RO116', 'RO315', 'RO221', 'RO216', 'RO215', 'RO214', 'RO213', 'RO212', 'RO211', 'RO415', 'RO414', 'RO413', 'RO411', 'PT11B', 'ITG19', 'ITG18', 'ITG17', 'ITG13', 'ITG12', 'ITG11', 'ITF65', 'ITF48', 'ITF46', 'ITF45', 'ITF35', 'ITF33', 'ITF31', 'ITF13', 'HU323', 'LV006', 'LT024', 'LT027', 'SK041', 'BG342', 'BG325', 'BG321', 'BG315', 'BG314', 'BG313', 'BG312', 'CZ041', 'BG311', 'BE342', 'ES425', 'EL645', 'FRY10', 'FRY20', 'FRY30', 'HR026', 'DEB13', 'EL512', 'EL422', 'EL522', 'EL524', 'EL541']","['Regional development', 'Cultural heritage', 'Governance', 'Public health', 'Community engagement']","The document addresses regional development and social policy in response to COVID-19, emphasizing heritage preservation and strategic governance to enhance socio-economic growth and resilience.","Focusing on regional development and social policy, the document highlights strategies to bolster socio-economic growth and resilience in the face of COVID-19. It underscores the importance of preserving cultural heritage while adapting governance structures to meet current challenges. Key actions include leveraging EU financial frameworks, enhancing local governance through decentralization, and fostering community engagement. The document also addresses health and education policies, aiming to improve public health outcomes and educational access. By reorienting regional funds and adjusting budgets, it seeks to mitigate the pandemic's economic and social impacts. The document advocates for a collaborative approach among local governments, emphasizing the role of regional identity and historical context in shaping future policies. It calls for a balance between immediate crisis management and long-term strategic planning, ensuring that regional development aligns with broader national and European objectives. The intended outcomes include a more robust regional economy, improved public services, and a strengthened sense of community identity and resilience.",['PL63'],https://pomorskie.eu/wp-content/uploads/2021/05/SP9_2020_druk.pdf,Programme,Verified
"['PL518', 'PL515', 'PL418', 'PL613', 'PL617', 'PL637', 'PL634', 'PL619', 'PL618', 'PL22C', 'PL22B', 'PL227', 'PL225', 'PL224', 'PL219', 'PL218', 'PL217', 'PL214', 'RO314', 'RO312', 'RO226', 'RO225', 'RO224', 'RO223', 'RO222', 'RO317', 'SI036', 'SI031', 'RO422', 'RO412', 'PT119', 'PT112', 'PT111', 'PL926', 'PL925', 'PL922', 'PT16B', 'RO115', 'RO114', 'RO112', 'RO111', 'PT187', 'PT185', 'PT181', 'PT16I', 'PT16F', 'PT184', 'ITH31', 'ITG2G', 'ITG2D', 'ITG16', 'ITG15', 'ITG14', 'ITH35', 'ITI12', 'ITH36', 'ITF64', 'ITF63', 'ITF62', 'ITF61', 'ITF52', 'ITF51', 'ITF47', 'ITF43', 'ITF32', 'ITF22', 'ITF14', 'ITF12', 'ITF34', 'HU332', 'HU331', 'HU321', 'LV009', 'LV007', 'LV005', 'LV003', 'ITI35', 'ITI34', 'ITI33', 'ITI31', 'LT021', 'HU313', 'HU233', 'HU232', 'HU231', 'HU223', 'HU222', 'HU221', 'HU322', 'LT029', 'LT026', 'LT025', 'HU212', 'NO0A3', 'NO0A1', 'SK042', 'SK032', 'SK031', 'SK022', 'SK021', 'SE313', 'DE94G', 'DE939', 'BG344', 'BG343', 'BG334', 'BG333', 'BG332', 'BG331', 'BG324', 'BG323', 'BG322', 'BG422', 'CZ042', 'BG425', 'BG424', 'BG423', 'DE22C', 'EL653', 'FRM02', 'FRM01', 'HR063', 'HR061', 'HR037', 'HR036', 'HR035', 'HR034', 'HR033', 'HR032', 'HR031', 'HR028', 'HR027', 'HR025', 'HR024', 'HR023', 'HR022', 'HR021', 'FRY40', 'FRJ12', 'EL644', 'EL643', 'DEE0E', 'DEE0C', 'DEE08', 'EL515', 'EL514', 'EL513', 'EL511', 'EL432', 'EL431', 'EL521', 'EL523', 'EL641', 'EL633', 'EL632', 'EL631', 'EL624', 'EL623', 'EL622', 'EL621', 'EL613', 'EL612', 'EL533', 'EL532', 'EL531', 'EL526', 'EL525', 'EL611', 'EE00A', 'EE009', 'EE008', 'EE004', 'PL514', 'PL415', 'PL633', 'AT224', 'RO321', 'PL912', 'PT150', 'ITH10', 'ITI14', 'ITH59', 'ITH55', 'ITC31', 'ITC4C', 'ITI43', 'SI043', 'DE717', 'DE713', 'DE502', 'DE279', 'DE262', 'BE232', 'ES640', 'ES630', 'ES618', 'ES617', 'ES614', 'FRC24', 'ES612', 'ES521', 'ES424', 'FRL06', 'FRL05', 'FRL04', 'FRK24', 'FRK23', 'HR050', 'FRI12', 'FRJ13', 'DEC02', 'DEB18', 'EL413', 'EL412', 'EL411', 'PL432', 'PL524', 'PL523', 'PL516', 'PL431', 'PL411', 'PL427', 'PL426', 'PL424', 'PL417', 'PL416', 'PL414', 'PL428', 'PL616', 'PL636', 'PL623', 'PL622', 'PL621', 'PL638', 'PL228', 'AT341', 'RO116', 'RO315', 'RO221', 'RO216', 'RO215', 'RO214', 'RO213', 'RO212', 'RO211', 'RO415', 'RO414', 'RO413', 'RO411', 'PT11B', 'ITG19', 'ITG18', 'ITG17', 'ITG13', 'ITG12', 'ITG11', 'ITF65', 'ITF48', 'ITF46', 'ITF45', 'ITF35', 'ITF33', 'ITF31', 'ITF13', 'HU323', 'LV006', 'LT024', 'LT027', 'SK041', 'BG342', 'BG325', 'BG321', 'BG315', 'BG314', 'BG313', 'BG312', 'CZ041', 'BG311', 'BE342', 'ES425', 'EL645', 'FRY10', 'FRY20', 'FRY30', 'HR026', 'DEB13', 'EL512', 'EL422', 'EL522', 'EL524', 'EL541']","['Sustainability', 'Climate change', 'Biodiversity', 'Community engagement', 'Environmental protection']",The policy aims to mitigate drought impacts by enhancing water retention and protecting ecosystems. It emphasizes sustainable water management practices to ensure resource availability and resilience against climate change effects.,"Drought poses significant challenges to natural environments, agriculture, and economies. The policy focuses on improving water retention and ecosystem protection to combat these effects. Key strategies include increasing natural and artificial water retention, promoting sustainable agricultural practices, and encouraging the reuse of water resources. By enhancing retention, the policy aims to stabilize water availability, support biodiversity, and reduce the risk of drought and flooding. It advocates for the restoration of natural water systems, such as rivers and wetlands, to improve their ecological functions and water storage capacity. The policy also emphasizes the importance of public education and community involvement in water conservation efforts. By integrating advanced technologies and sustainable practices, the policy seeks to reduce water consumption in agriculture, industry, and households. The expected outcomes include improved water security, enhanced ecosystem resilience, and a reduction in the economic impacts of drought. The policy aligns with broader climate adaptation goals, aiming to create a sustainable and resilient water management framework that can adapt to changing environmental conditions and support long-term ecological and economic stability.",['PL63'],https://dprow.pomorskie.eu/wp-content/uploads/2025/07/Stop-Suszy-broszura-v03-na-strone.pdf,Programme,Community
"['PL518', 'PL515', 'PL418', 'PL613', 'PL617', 'PL637', 'PL634', 'PL619', 'PL618', 'PL22C', 'PL22B', 'PL227', 'PL225', 'PL224', 'PL219', 'PL218', 'PL217', 'PL214', 'RO314', 'RO312', 'RO226', 'RO225', 'RO224', 'RO223', 'RO222', 'RO317', 'SI036', 'SI031', 'RO422', 'RO412', 'PT119', 'PT112', 'PT111', 'PL926', 'PL925', 'PL922', 'PT16B', 'RO115', 'RO114', 'RO112', 'RO111', 'PT187', 'PT185', 'PT181', 'PT16I', 'PT16F', 'PT184', 'ITH31', 'ITG2G', 'ITG2D', 'ITG16', 'ITG15', 'ITG14', 'ITH35', 'ITI12', 'ITH36', 'ITF64', 'ITF63', 'ITF62', 'ITF61', 'ITF52', 'ITF51', 'ITF47', 'ITF43', 'ITF32', 'ITF22', 'ITF14', 'ITF12', 'ITF34', 'HU332', 'HU331', 'HU321', 'LV009', 'LV007', 'LV005', 'LV003', 'ITI35', 'ITI34', 'ITI33', 'ITI31', 'LT021', 'HU313', 'HU233', 'HU232', 'HU231', 'HU223', 'HU222', 'HU221', 'HU322', 'LT029', 'LT026', 'LT025', 'HU212', 'NO0A3', 'NO0A1', 'SK042', 'SK032', 'SK031', 'SK022', 'SK021', 'SE313', 'DE94G', 'DE939', 'BG344', 'BG343', 'BG334', 'BG333', 'BG332', 'BG331', 'BG324', 'BG323', 'BG322', 'BG422', 'CZ042', 'BG425', 'BG424', 'BG423', 'DE22C', 'EL653', 'FRM02', 'FRM01', 'HR063', 'HR061', 'HR037', 'HR036', 'HR035', 'HR034', 'HR033', 'HR032', 'HR031', 'HR028', 'HR027', 'HR025', 'HR024', 'HR023', 'HR022', 'HR021', 'FRY40', 'FRJ12', 'EL644', 'EL643', 'DEE0E', 'DEE0C', 'DEE08', 'EL515', 'EL514', 'EL513', 'EL511', 'EL432', 'EL431', 'EL521', 'EL523', 'EL641', 'EL633', 'EL632', 'EL631', 'EL624', 'EL623', 'EL622', 'EL621', 'EL613', 'EL612', 'EL533', 'EL532', 'EL531', 'EL526', 'EL525', 'EL611', 'EE00A', 'EE009', 'EE008', 'EE004', 'PL514', 'PL415', 'PL633', 'AT224', 'RO321', 'PL912', 'PT150', 'ITH10', 'ITI14', 'ITH59', 'ITH55', 'ITC31', 'ITC4C', 'ITI43', 'SI043', 'DE717', 'DE713', 'DE502', 'DE279', 'DE262', 'BE232', 'ES640', 'ES630', 'ES618', 'ES617', 'ES614', 'FRC24', 'ES612', 'ES521', 'ES424', 'FRL06', 'FRL05', 'FRL04', 'FRK24', 'FRK23', 'HR050', 'FRI12', 'FRJ13', 'DEC02', 'DEB18', 'EL413', 'EL412', 'EL411', 'PL432', 'PL524', 'PL523', 'PL516', 'PL431', 'PL411', 'PL427', 'PL426', 'PL424', 'PL417', 'PL416', 'PL414', 'PL428', 'PL616', 'PL636', 'PL623', 'PL622', 'PL621', 'PL638', 'PL228', 'AT341', 'RO116', 'RO315', 'RO221', 'RO216', 'RO215', 'RO214', 'RO213', 'RO212', 'RO211', 'RO415', 'RO414', 'RO413', 'RO411', 'PT11B', 'ITG19', 'ITG18', 'ITG17', 'ITG13', 'ITG12', 'ITG11', 'ITF65', 'ITF48', 'ITF46', 'ITF45', 'ITF35', 'ITF33', 'ITF31', 'ITF13', 'HU323', 'LV006', 'LT024', 'LT027', 'SK041', 'BG342', 'BG325', 'BG321', 'BG315', 'BG314', 'BG313', 'BG312', 'CZ041', 'BG311', 'BE342', 'ES425', 'EL645', 'FRY10', 'FRY20', 'FRY30', 'HR026', 'DEB13', 'EL512', 'EL422', 'EL522', 'EL524', 'EL541']","['Economic development', 'Innovation', 'Regional development']","The policy aims to enhance entrepreneurship through EU funding, providing financial and advisory support to businesses for innovation, competitiveness, and export growth, fostering a robust economic environment.","EU funding is leveraged to boost entrepreneurship by offering financial assistance and advisory services to businesses. This includes subsidies, loans, and guarantees for investments in innovation and competitiveness. Business Environment Institutions play a crucial role by providing infrastructure and consulting services, aiding companies in their start-up phase. The policy also supports export growth through grants for trade fair participation and market analysis, helping businesses expand internationally. The 'Invest in Pomerania' project attracts investors by offering pre- and post-investment support. The Regional Operational Programme for 2014-2020 has implemented 286 projects, with a total investment value of EUR 209.6 million, focusing on pro-development investments, export support, and professional consulting services. The policy's impact is evident in the increased competitiveness of companies, the introduction of new products and services, and the enhanced ability of businesses to enter foreign markets. By fostering a business-friendly environment, the policy aims to stimulate sustainable economic growth and innovation, ensuring that companies can adapt to economic changes and challenges effectively.",['PL63'],https://rpo.pomorskie.eu/wp-content/uploads/2023/02/WSPARCIE-KONKURENCYJNOSCI-PRZEDSIEBIORSTW.-Raport-z-realizacji-projektow-finansowanych-z-RPO-WP-2014-2020.pdf,Policy,AI
"['PL518', 'PL515', 'PL418', 'PL613', 'PL617', 'PL637', 'PL634', 'PL619', 'PL618', 'PL22C', 'PL22B', 'PL227', 'PL225', 'PL224', 'PL219', 'PL218', 'PL217', 'PL214', 'RO314', 'RO312', 'RO226', 'RO225', 'RO224', 'RO223', 'RO222', 'RO317', 'SI036', 'SI031', 'RO422', 'RO412', 'PT119', 'PT112', 'PT111', 'PL926', 'PL925', 'PL922', 'PT16B', 'RO115', 'RO114', 'RO112', 'RO111', 'PT187', 'PT185', 'PT181', 'PT16I', 'PT16F', 'PT184', 'ITH31', 'ITG2G', 'ITG2D', 'ITG16', 'ITG15', 'ITG14', 'ITH35', 'ITI12', 'ITH36', 'ITF64', 'ITF63', 'ITF62', 'ITF61', 'ITF52', 'ITF51', 'ITF47', 'ITF43', 'ITF32', 'ITF22', 'ITF14', 'ITF12', 'ITF34', 'HU332', 'HU331', 'HU321', 'LV009', 'LV007', 'LV005', 'LV003', 'ITI35', 'ITI34', 'ITI33', 'ITI31', 'LT021', 'HU313', 'HU233', 'HU232', 'HU231', 'HU223', 'HU222', 'HU221', 'HU322', 'LT029', 'LT026', 'LT025', 'HU212', 'NO0A3', 'NO0A1', 'SK042', 'SK032', 'SK031', 'SK022', 'SK021', 'SE313', 'DE94G', 'DE939', 'BG344', 'BG343', 'BG334', 'BG333', 'BG332', 'BG331', 'BG324', 'BG323', 'BG322', 'BG422', 'CZ042', 'BG425', 'BG424', 'BG423', 'DE22C', 'EL653', 'FRM02', 'FRM01', 'HR063', 'HR061', 'HR037', 'HR036', 'HR035', 'HR034', 'HR033', 'HR032', 'HR031', 'HR028', 'HR027', 'HR025', 'HR024', 'HR023', 'HR022', 'HR021', 'FRY40', 'FRJ12', 'EL644', 'EL643', 'DEE0E', 'DEE0C', 'DEE08', 'EL515', 'EL514', 'EL513', 'EL511', 'EL432', 'EL431', 'EL521', 'EL523', 'EL641', 'EL633', 'EL632', 'EL631', 'EL624', 'EL623', 'EL622', 'EL621', 'EL613', 'EL612', 'EL533', 'EL532', 'EL531', 'EL526', 'EL525', 'EL611', 'EE00A', 'EE009', 'EE008', 'EE004', 'PL514', 'PL415', 'PL633', 'AT224', 'RO321', 'PL912', 'PT150', 'ITH10', 'ITI14', 'ITH59', 'ITH55', 'ITC31', 'ITC4C', 'ITI43', 'SI043', 'DE717', 'DE713', 'DE502', 'DE279', 'DE262', 'BE232', 'ES640', 'ES630', 'ES618', 'ES617', 'ES614', 'FRC24', 'ES612', 'ES521', 'ES424', 'FRL06', 'FRL05', 'FRL04', 'FRK24', 'FRK23', 'HR050', 'FRI12', 'FRJ13', 'DEC02', 'DEB18', 'EL413', 'EL412', 'EL411', 'PL432', 'PL524', 'PL523', 'PL516', 'PL431', 'PL411', 'PL427', 'PL426', 'PL424', 'PL417', 'PL416', 'PL414', 'PL428', 'PL616', 'PL636', 'PL623', 'PL622', 'PL621', 'PL638', 'PL228', 'AT341', 'RO116', 'RO315', 'RO221', 'RO216', 'RO215', 'RO214', 'RO213', 'RO212', 'RO211', 'RO415', 'RO414', 'RO413', 'RO411', 'PT11B', 'ITG19', 'ITG18', 'ITG17', 'ITG13', 'ITG12', 'ITG11', 'ITF65', 'ITF48', 'ITF46', 'ITF45', 'ITF35', 'ITF33', 'ITF31', 'ITF13', 'HU323', 'LV006', 'LT024', 'LT027', 'SK041', 'BG342', 'BG325', 'BG321', 'BG315', 'BG314', 'BG313', 'BG312', 'CZ041', 'BG311', 'BE342', 'ES425', 'EL645', 'FRY10', 'FRY20', 'FRY30', 'HR026', 'DEB13', 'EL512', 'EL422', 'EL522', 'EL524', 'EL541']","['Public health', 'Economic development', 'Social inclusion']","The policy allocates EU funds to mitigate COVID-19 impacts by supporting healthcare entities with equipment and entrepreneurs with financial aid, aiming to maintain economic stability and public health safety.","In response to the COVID-19 pandemic, the policy directs over EUR 68.5 million from EU funds to support healthcare and economic sectors. Healthcare entities receive critical equipment such as CT scanners, MRIs, and ventilators to enhance diagnostic and treatment capabilities. Entrepreneurs, particularly in the leisure industry, benefit from grants and loans to sustain operations and adapt to new market conditions. The policy also addresses social impacts by funding projects that support individuals affected by job loss or social exclusion, and by reducing workplace infection risks through protective measures. The initiative aims to maintain financial liquidity for businesses, safeguard jobs, and ensure healthcare readiness, ultimately fostering resilience against the pandemic's challenges. The comprehensive approach underscores the importance of rapid response and resource allocation to mitigate the pandemic's adverse effects on public health and the economy.",['PL63'],https://rpo.pomorskie.eu/wp-content/uploads/2023/02/WSPIERAMY-POMORSKIE-W-WALCE-Z-COVID-19.-Raport-z-realizacji-projektow-RPO-WP-2014-2020.pdf,Programme,Verified
"['PL518', 'PL515', 'PL418', 'PL613', 'PL617', 'PL637', 'PL634', 'PL619', 'PL618', 'PL22C', 'PL22B', 'PL227', 'PL225', 'PL224', 'PL219', 'PL218', 'PL217', 'PL214', 'RO314', 'RO312', 'RO226', 'RO225', 'RO224', 'RO223', 'RO222', 'RO317', 'SI036', 'SI031', 'RO422', 'RO412', 'PT119', 'PT112', 'PT111', 'PL926', 'PL925', 'PL922', 'PT16B', 'RO115', 'RO114', 'RO112', 'RO111', 'PT187', 'PT185', 'PT181', 'PT16I', 'PT16F', 'PT184', 'ITH31', 'ITG2G', 'ITG2D', 'ITG16', 'ITG15', 'ITG14', 'ITH35', 'ITI12', 'ITH36', 'ITF64', 'ITF63', 'ITF62', 'ITF61', 'ITF52', 'ITF51', 'ITF47', 'ITF43', 'ITF32', 'ITF22', 'ITF14', 'ITF12', 'ITF34', 'HU332', 'HU331', 'HU321', 'LV009', 'LV007', 'LV005', 'LV003', 'ITI35', 'ITI34', 'ITI33', 'ITI31', 'LT021', 'HU313', 'HU233', 'HU232', 'HU231', 'HU223', 'HU222', 'HU221', 'HU322', 'LT029', 'LT026', 'LT025', 'HU212', 'NO0A3', 'NO0A1', 'SK042', 'SK032', 'SK031', 'SK022', 'SK021', 'SE313', 'DE94G', 'DE939', 'BG344', 'BG343', 'BG334', 'BG333', 'BG332', 'BG331', 'BG324', 'BG323', 'BG322', 'BG422', 'CZ042', 'BG425', 'BG424', 'BG423', 'DE22C', 'EL653', 'FRM02', 'FRM01', 'HR063', 'HR061', 'HR037', 'HR036', 'HR035', 'HR034', 'HR033', 'HR032', 'HR031', 'HR028', 'HR027', 'HR025', 'HR024', 'HR023', 'HR022', 'HR021', 'FRY40', 'FRJ12', 'EL644', 'EL643', 'DEE0E', 'DEE0C', 'DEE08', 'EL515', 'EL514', 'EL513', 'EL511', 'EL432', 'EL431', 'EL521', 'EL523', 'EL641', 'EL633', 'EL632', 'EL631', 'EL624', 'EL623', 'EL622', 'EL621', 'EL613', 'EL612', 'EL533', 'EL532', 'EL531', 'EL526', 'EL525', 'EL611', 'EE00A', 'EE009', 'EE008', 'EE004', 'PL514', 'PL415', 'PL633', 'AT224', 'RO321', 'PL912', 'PT150', 'ITH10', 'ITI14', 'ITH59', 'ITH55', 'ITC31', 'ITC4C', 'ITI43', 'SI043', 'DE717', 'DE713', 'DE502', 'DE279', 'DE262', 'BE232', 'ES640', 'ES630', 'ES618', 'ES617', 'ES614', 'FRC24', 'ES612', 'ES521', 'ES424', 'FRL06', 'FRL05', 'FRL04', 'FRK24', 'FRK23', 'HR050', 'FRI12', 'FRJ13', 'DEC02', 'DEB18', 'EL413', 'EL412', 'EL411', 'PL432', 'PL524', 'PL523', 'PL516', 'PL431', 'PL411', 'PL427', 'PL426', 'PL424', 'PL417', 'PL416', 'PL414', 'PL428', 'PL616', 'PL636', 'PL623', 'PL622', 'PL621', 'PL638', 'PL228', 'AT341', 'RO116', 'RO315', 'RO221', 'RO216', 'RO215', 'RO214', 'RO213', 'RO212', 'RO211', 'RO415', 'RO414', 'RO413', 'RO411', 'PT11B', 'ITG19', 'ITG18', 'ITG17', 'ITG13', 'ITG12', 'ITG11', 'ITF65', 'ITF48', 'ITF46', 'ITF45', 'ITF35', 'ITF33', 'ITF31', 'ITF13', 'HU323', 'LV006', 'LT024', 'LT027', 'SK041', 'BG342', 'BG325', 'BG321', 'BG315', 'BG314', 'BG313', 'BG312', 'CZ041', 'BG311', 'BE342', 'ES425', 'EL645', 'FRY10', 'FRY20', 'FRY30', 'HR026', 'DEB13', 'EL512', 'EL422', 'EL522', 'EL524', 'EL541']","['Digitalisation', 'Economic development', 'Infrastructure', 'Innovation', 'Social inclusion']","The policy focuses on enhancing digital infrastructure, expanding e-services, and improving cybersecurity to support economic and social development. It aims to increase digital competencies among citizens and ensure secure, efficient access to digital services, fostering innovation and resilience in public administration and the private sector.","Digitization is crucial for socio-economic transformation, involving 5G, IoT, AI, and e-services across sectors like health, education, and transport. The policy emphasizes developing network infrastructure to ensure widespread broadband access, including 5G, to support smart cities and industries. Expanding e-services in public administration aims to improve citizen interaction and service delivery, requiring collaboration with local governments. Cybersecurity is prioritized to protect digital infrastructure and data, addressing threats from increased online activity and interconnected devices. The policy also targets enhancing digital competencies to prevent digital exclusion, especially highlighted by the COVID-19 pandemic's impact on remote work and education. By investing in digital skills, the policy seeks to support sustainable competitiveness, social fairness, and resilience, ensuring equal access to digital opportunities. The strategy includes leveraging public sector data for innovation and economic growth, promoting telemedicine, and supporting digital transformation in businesses. Overall, the policy aims to create a secure, inclusive digital environment that drives innovation, economic growth, and improved public services.",['PL63'],https://strategia2030.pomorskie.eu/wp-content/uploads/2025/07/Zalacznik_nr_1_do_Uchwaly_ZWP_RPS_mobilnosc-i-komunikacja_Zalacznik-2_cyfryzacja.pdf,Programme,Community
"['PL518', 'PL515', 'PL418', 'PL613', 'PL617', 'PL637', 'PL634', 'PL619', 'PL618', 'PL22C', 'PL22B', 'PL227', 'PL225', 'PL224', 'PL219', 'PL218', 'PL217', 'PL214', 'RO314', 'RO312', 'RO226', 'RO225', 'RO224', 'RO223', 'RO222', 'RO317', 'SI036', 'SI031', 'RO422', 'RO412', 'PT119', 'PT112', 'PT111', 'PL926', 'PL925', 'PL922', 'PT16B', 'RO115', 'RO114', 'RO112', 'RO111', 'PT187', 'PT185', 'PT181', 'PT16I', 'PT16F', 'PT184', 'ITH31', 'ITG2G', 'ITG2D', 'ITG16', 'ITG15', 'ITG14', 'ITH35', 'ITI12', 'ITH36', 'ITF64', 'ITF63', 'ITF62', 'ITF61', 'ITF52', 'ITF51', 'ITF47', 'ITF43', 'ITF32', 'ITF22', 'ITF14', 'ITF12', 'ITF34', 'HU332', 'HU331', 'HU321', 'LV009', 'LV007', 'LV005', 'LV003', 'ITI35', 'ITI34', 'ITI33', 'ITI31', 'LT021', 'HU313', 'HU233', 'HU232', 'HU231', 'HU223', 'HU222', 'HU221', 'HU322', 'LT029', 'LT026', 'LT025', 'HU212', 'NO0A3', 'NO0A1', 'SK042', 'SK032', 'SK031', 'SK022', 'SK021', 'SE313', 'DE94G', 'DE939', 'BG344', 'BG343', 'BG334', 'BG333', 'BG332', 'BG331', 'BG324', 'BG323', 'BG322', 'BG422', 'CZ042', 'BG425', 'BG424', 'BG423', 'DE22C', 'EL653', 'FRM02', 'FRM01', 'HR063', 'HR061', 'HR037', 'HR036', 'HR035', 'HR034', 'HR033', 'HR032', 'HR031', 'HR028', 'HR027', 'HR025', 'HR024', 'HR023', 'HR022', 'HR021', 'FRY40', 'FRJ12', 'EL644', 'EL643', 'DEE0E', 'DEE0C', 'DEE08', 'EL515', 'EL514', 'EL513', 'EL511', 'EL432', 'EL431', 'EL521', 'EL523', 'EL641', 'EL633', 'EL632', 'EL631', 'EL624', 'EL623', 'EL622', 'EL621', 'EL613', 'EL612', 'EL533', 'EL532', 'EL531', 'EL526', 'EL525', 'EL611', 'EE00A', 'EE009', 'EE008', 'EE004', 'PL514', 'PL415', 'PL633', 'AT224', 'RO321', 'PL912', 'PT150', 'ITH10', 'ITI14', 'ITH59', 'ITH55', 'ITC31', 'ITC4C', 'ITI43', 'SI043', 'DE717', 'DE713', 'DE502', 'DE279', 'DE262', 'BE232', 'ES640', 'ES630', 'ES618', 'ES617', 'ES614', 'FRC24', 'ES612', 'ES521', 'ES424', 'FRL06', 'FRL05', 'FRL04', 'FRK24', 'FRK23', 'HR050', 'FRI12', 'FRJ13', 'DEC02', 'DEB18', 'EL413', 'EL412', 'EL411', 'PL432', 'PL524', 'PL523', 'PL516', 'PL431', 'PL411', 'PL427', 'PL426', 'PL424', 'PL417', 'PL416', 'PL414', 'PL428', 'PL616', 'PL636', 'PL623', 'PL622', 'PL621', 'PL638', 'PL228', 'AT341', 'RO116', 'RO315', 'RO221', 'RO216', 'RO215', 'RO214', 'RO213', 'RO212', 'RO211', 'RO415', 'RO414', 'RO413', 'RO411', 'PT11B', 'ITG19', 'ITG18', 'ITG17', 'ITG13', 'ITG12', 'ITG11', 'ITF65', 'ITF48', 'ITF46', 'ITF45', 'ITF35', 'ITF33', 'ITF31', 'ITF13', 'HU323', 'LV006', 'LT024', 'LT027', 'SK041', 'BG342', 'BG325', 'BG321', 'BG315', 'BG314', 'BG313', 'BG312', 'CZ041', 'BG311', 'BE342', 'ES425', 'EL645', 'FRY10', 'FRY20', 'FRY30', 'HR026', 'DEB13', 'EL512', 'EL422', 'EL522', 'EL524', 'EL541']","['Sustainability', 'Climate change', 'Digitalisation', 'Social inclusion', 'Regional development']","The strategy aims for sustainable regional development by addressing global challenges like climate change and digitalization, enhancing social inclusion, and fostering economic growth through strategic interventions and partnerships.","The strategy focuses on sustainable development by addressing global challenges such as climate change, digitalization, and social inequalities. It emphasizes the need for adaptation to climate impacts, promoting a circular economy, and enhancing digital infrastructure. The strategy outlines the importance of smart city initiatives and the role of digitalization in transforming industries and public services. It highlights the demographic challenge of an aging population and the need for social policies that ensure inclusion and equality. The strategy also addresses the impact of the COVID-19 pandemic on economic and social structures, advocating for resilient healthcare systems and digital solutions to support remote work and education. Key actions include developing green infrastructure, improving water management, reducing emissions, and fostering innovation through research and development. The strategy aims to enhance regional cooperation and international partnerships to leverage resources and knowledge. The expected outcomes include improved environmental quality, economic resilience, and social well-being, contributing to the overall goal of sustainable and inclusive growth by 2030.",['PL63'],https://strategia2030.pomorskie.eu/wp-content/uploads/2021/06/Zalacznik-do-uchwaly_SWP_376_XXXI_21_SRWP2030_120421.pdf,Policy,AI
"['PL518', 'PL515', 'PL418', 'PL613', 'PL617', 'PL637', 'PL634', 'PL619', 'PL618', 'PL22C', 'PL22B', 'PL227', 'PL225', 'PL224', 'PL219', 'PL218', 'PL217', 'PL214', 'RO314', 'RO312', 'RO226', 'RO225', 'RO224', 'RO223', 'RO222', 'RO317', 'SI036', 'SI031', 'RO422', 'RO412', 'PT119', 'PT112', 'PT111', 'PL926', 'PL925', 'PL922', 'PT16B', 'RO115', 'RO114', 'RO112', 'RO111', 'PT187', 'PT185', 'PT181', 'PT16I', 'PT16F', 'PT184', 'ITH31', 'ITG2G', 'ITG2D', 'ITG16', 'ITG15', 'ITG14', 'ITH35', 'ITI12', 'ITH36', 'ITF64', 'ITF63', 'ITF62', 'ITF61', 'ITF52', 'ITF51', 'ITF47', 'ITF43', 'ITF32', 'ITF22', 'ITF14', 'ITF12', 'ITF34', 'HU332', 'HU331', 'HU321', 'LV009', 'LV007', 'LV005', 'LV003', 'ITI35', 'ITI34', 'ITI33', 'ITI31', 'LT021', 'HU313', 'HU233', 'HU232', 'HU231', 'HU223', 'HU222', 'HU221', 'HU322', 'LT029', 'LT026', 'LT025', 'HU212', 'NO0A3', 'NO0A1', 'SK042', 'SK032', 'SK031', 'SK022', 'SK021', 'SE313', 'DE94G', 'DE939', 'BG344', 'BG343', 'BG334', 'BG333', 'BG332', 'BG331', 'BG324', 'BG323', 'BG322', 'BG422', 'CZ042', 'BG425', 'BG424', 'BG423', 'DE22C', 'EL653', 'FRM02', 'FRM01', 'HR063', 'HR061', 'HR037', 'HR036', 'HR035', 'HR034', 'HR033', 'HR032', 'HR031', 'HR028', 'HR027', 'HR025', 'HR024', 'HR023', 'HR022', 'HR021', 'FRY40', 'FRJ12', 'EL644', 'EL643', 'DEE0E', 'DEE0C', 'DEE08', 'EL515', 'EL514', 'EL513', 'EL511', 'EL432', 'EL431', 'EL521', 'EL523', 'EL641', 'EL633', 'EL632', 'EL631', 'EL624', 'EL623', 'EL622', 'EL621', 'EL613', 'EL612', 'EL533', 'EL532', 'EL531', 'EL526', 'EL525', 'EL611', 'EE00A', 'EE009', 'EE008', 'EE004', 'PL514', 'PL415', 'PL633', 'AT224', 'RO321', 'PL912', 'PT150', 'ITH10', 'ITI14', 'ITH59', 'ITH55', 'ITC31', 'ITC4C', 'ITI43', 'SI043', 'DE717', 'DE713', 'DE502', 'DE279', 'DE262', 'BE232', 'ES640', 'ES630', 'ES618', 'ES617', 'ES614', 'FRC24', 'ES612', 'ES521', 'ES424', 'FRL06', 'FRL05', 'FRL04', 'FRK24', 'FRK23', 'HR050', 'FRI12', 'FRJ13', 'DEC02', 'DEB18', 'EL413', 'EL412', 'EL411', 'PL432', 'PL524', 'PL523', 'PL516', 'PL431', 'PL411', 'PL427', 'PL426', 'PL424', 'PL417', 'PL416', 'PL414', 'PL428', 'PL616', 'PL636', 'PL623', 'PL622', 'PL621', 'PL638', 'PL228', 'AT341', 'RO116', 'RO315', 'RO221', 'RO216', 'RO215', 'RO214', 'RO213', 'RO212', 'RO211', 'RO415', 'RO414', 'RO413', 'RO411', 'PT11B', 'ITG19', 'ITG18', 'ITG17', 'ITG13', 'ITG12', 'ITG11', 'ITF65', 'ITF48', 'ITF46', 'ITF45', 'ITF35', 'ITF33', 'ITF31', 'ITF13', 'HU323', 'LV006', 'LT024', 'LT027', 'SK041', 'BG342', 'BG325', 'BG321', 'BG315', 'BG314', 'BG313', 'BG312', 'CZ041', 'BG311', 'BE342', 'ES425', 'EL645', 'FRY10', 'FRY20', 'FRY30', 'HR026', 'DEB13', 'EL512', 'EL422', 'EL522', 'EL524', 'EL541']","['Economic development', 'Regional development', 'Governance', 'Community engagement']","The document discusses the allocation of EU funds for regional development in Poland, highlighting concerns over transparency and fairness. It emphasizes the need for equitable distribution to support socio-economic growth and address regional disparities.","The document addresses the allocation of EU funds for regional development in Poland, focusing on the 2021-2027 period. It critiques the government's approach, particularly the lack of transparency and the perceived political bias in fund distribution. The document highlights the importance of these funds in driving socio-economic growth and reducing regional disparities. It points out the challenges faced by regions like Pomorskie, which are disadvantaged by the current allocation algorithm. The document calls for a more transparent and equitable distribution process, emphasizing the need for regional input and collaboration. It also discusses the potential impact of reduced funding on regional projects and the importance of strategic planning to maximize the use of available resources. The document suggests that a more inclusive approach, involving local governments and stakeholders, could lead to better outcomes and a more balanced regional development. The overall goal is to ensure that EU funds effectively contribute to the economic and social advancement of all Polish regions, fostering a more cohesive and prosperous national landscape.",['PL63'],https://pomorskie.eu/wp-content/uploads/2021/07/Zeszyty-Problemowe-nr-11-.pdf,Policy,Verified
"['PL518', 'PL515', 'PL418', 'PL613', 'PL617', 'PL637', 'PL634', 'PL619', 'PL618', 'PL22C', 'PL22B', 'PL227', 'PL225', 'PL224', 'PL219', 'PL218', 'PL217', 'PL214', 'RO314', 'RO312', 'RO226', 'RO225', 'RO224', 'RO223', 'RO222', 'RO317', 'SI036', 'SI031', 'RO422', 'RO412', 'PT119', 'PT112', 'PT111', 'PL926', 'PL925', 'PL922', 'PT16B', 'RO115', 'RO114', 'RO112', 'RO111', 'PT187', 'PT185', 'PT181', 'PT16I', 'PT16F', 'PT184', 'ITH31', 'ITG2G', 'ITG2D', 'ITG16', 'ITG15', 'ITG14', 'ITH35', 'ITI12', 'ITH36', 'ITF64', 'ITF63', 'ITF62', 'ITF61', 'ITF52', 'ITF51', 'ITF47', 'ITF43', 'ITF32', 'ITF22', 'ITF14', 'ITF12', 'ITF34', 'HU332', 'HU331', 'HU321', 'LV009', 'LV007', 'LV005', 'LV003', 'ITI35', 'ITI34', 'ITI33', 'ITI31', 'LT021', 'HU313', 'HU233', 'HU232', 'HU231', 'HU223', 'HU222', 'HU221', 'HU322', 'LT029', 'LT026', 'LT025', 'HU212', 'NO0A3', 'NO0A1', 'SK042', 'SK032', 'SK031', 'SK022', 'SK021', 'SE313', 'DE94G', 'DE939', 'BG344', 'BG343', 'BG334', 'BG333', 'BG332', 'BG331', 'BG324', 'BG323', 'BG322', 'BG422', 'CZ042', 'BG425', 'BG424', 'BG423', 'DE22C', 'EL653', 'FRM02', 'FRM01', 'HR063', 'HR061', 'HR037', 'HR036', 'HR035', 'HR034', 'HR033', 'HR032', 'HR031', 'HR028', 'HR027', 'HR025', 'HR024', 'HR023', 'HR022', 'HR021', 'FRY40', 'FRJ12', 'EL644', 'EL643', 'DEE0E', 'DEE0C', 'DEE08', 'EL515', 'EL514', 'EL513', 'EL511', 'EL432', 'EL431', 'EL521', 'EL523', 'EL641', 'EL633', 'EL632', 'EL631', 'EL624', 'EL623', 'EL622', 'EL621', 'EL613', 'EL612', 'EL533', 'EL532', 'EL531', 'EL526', 'EL525', 'EL611', 'EE00A', 'EE009', 'EE008', 'EE004', 'PL514', 'PL415', 'PL633', 'AT224', 'RO321', 'PL912', 'PT150', 'ITH10', 'ITI14', 'ITH59', 'ITH55', 'ITC31', 'ITC4C', 'ITI43', 'SI043', 'DE717', 'DE713', 'DE502', 'DE279', 'DE262', 'BE232', 'ES640', 'ES630', 'ES618', 'ES617', 'ES614', 'FRC24', 'ES612', 'ES521', 'ES424', 'FRL06', 'FRL05', 'FRL04', 'FRK24', 'FRK23', 'HR050', 'FRI12', 'FRJ13', 'DEC02', 'DEB18', 'EL413', 'EL412', 'EL411', 'PL432', 'PL524', 'PL523', 'PL516', 'PL431', 'PL411', 'PL427', 'PL426', 'PL424', 'PL417', 'PL416', 'PL414', 'PL428', 'PL616', 'PL636', 'PL623', 'PL622', 'PL621', 'PL638', 'PL228', 'AT341', 'RO116', 'RO315', 'RO221', 'RO216', 'RO215', 'RO214', 'RO213', 'RO212', 'RO211', 'RO415', 'RO414', 'RO413', 'RO411', 'PT11B', 'ITG19', 'ITG18', 'ITG17', 'ITG13', 'ITG12', 'ITG11', 'ITF65', 'ITF48', 'ITF46', 'ITF45', 'ITF35', 'ITF33', 'ITF31', 'ITF13', 'HU323', 'LV006', 'LT024', 'LT027', 'SK041', 'BG342', 'BG325', 'BG321', 'BG315', 'BG314', 'BG313', 'BG312', 'CZ041', 'BG311', 'BE342', 'ES425', 'EL645', 'FRY10', 'FRY20', 'FRY30', 'HR026', 'DEB13', 'EL512', 'EL422', 'EL522', 'EL524', 'EL541']","['Public health', 'Environmental protection', 'Community engagement']","The policy aims to improve air quality by regulating heating systems and fuel types to reduce emissions, protecting public health and the environment. It mandates the replacement of outdated heating systems with cleaner alternatives, supported by financial programs and regional regulations.","The policy addresses air quality improvement by targeting emissions from residential heating systems. It mandates the replacement of old, inefficient heating systems with modern, low-emission alternatives. This is achieved through a combination of financial incentives, such as the 'Czyste Powietrze' program, and regulatory measures, including regional anti-smog resolutions. These resolutions set specific standards for fuel types and heating system emissions, aiming to reduce pollutants that harm public health and the environment. The policy also involves creating a comprehensive database of heating systems to monitor compliance and guide future actions. The expected outcomes include a significant reduction in air pollutants, improved public health, and alignment with broader environmental goals. The policy's success relies on collaboration between government bodies, local authorities, and residents, emphasizing the importance of public awareness and participation in achieving cleaner air. By focusing on both immediate actions and long-term strategies, the policy seeks to create sustainable improvements in air quality, contributing to healthier living conditions and environmental protection.",['PL63'],https://pomorskie.eu/wp-content/uploads/2023/05/Zeszyty-problemowe-nr-14_2022.pdf,Programme,Community
"['PL518', 'PL515', 'PL418', 'PL613', 'PL617', 'PL637', 'PL634', 'PL619', 'PL618', 'PL22C', 'PL22B', 'PL227', 'PL225', 'PL224', 'PL219', 'PL218', 'PL217', 'PL214', 'RO314', 'RO312', 'RO226', 'RO225', 'RO224', 'RO223', 'RO222', 'RO317', 'SI036', 'SI031', 'RO422', 'RO412', 'PT119', 'PT112', 'PT111', 'PL926', 'PL925', 'PL922', 'PT16B', 'RO115', 'RO114', 'RO112', 'RO111', 'PT187', 'PT185', 'PT181', 'PT16I', 'PT16F', 'PT184', 'ITH31', 'ITG2G', 'ITG2D', 'ITG16', 'ITG15', 'ITG14', 'ITH35', 'ITI12', 'ITH36', 'ITF64', 'ITF63', 'ITF62', 'ITF61', 'ITF52', 'ITF51', 'ITF47', 'ITF43', 'ITF32', 'ITF22', 'ITF14', 'ITF12', 'ITF34', 'HU332', 'HU331', 'HU321', 'LV009', 'LV007', 'LV005', 'LV003', 'ITI35', 'ITI34', 'ITI33', 'ITI31', 'LT021', 'HU313', 'HU233', 'HU232', 'HU231', 'HU223', 'HU222', 'HU221', 'HU322', 'LT029', 'LT026', 'LT025', 'HU212', 'NO0A3', 'NO0A1', 'SK042', 'SK032', 'SK031', 'SK022', 'SK021', 'SE313', 'DE94G', 'DE939', 'BG344', 'BG343', 'BG334', 'BG333', 'BG332', 'BG331', 'BG324', 'BG323', 'BG322', 'BG422', 'CZ042', 'BG425', 'BG424', 'BG423', 'DE22C', 'EL653', 'FRM02', 'FRM01', 'HR063', 'HR061', 'HR037', 'HR036', 'HR035', 'HR034', 'HR033', 'HR032', 'HR031', 'HR028', 'HR027', 'HR025', 'HR024', 'HR023', 'HR022', 'HR021', 'FRY40', 'FRJ12', 'EL644', 'EL643', 'DEE0E', 'DEE0C', 'DEE08', 'EL515', 'EL514', 'EL513', 'EL511', 'EL432', 'EL431', 'EL521', 'EL523', 'EL641', 'EL633', 'EL632', 'EL631', 'EL624', 'EL623', 'EL622', 'EL621', 'EL613', 'EL612', 'EL533', 'EL532', 'EL531', 'EL526', 'EL525', 'EL611', 'EE00A', 'EE009', 'EE008', 'EE004', 'PL514', 'PL415', 'PL633', 'AT224', 'RO321', 'PL912', 'PT150', 'ITH10', 'ITI14', 'ITH59', 'ITH55', 'ITC31', 'ITC4C', 'ITI43', 'SI043', 'DE717', 'DE713', 'DE502', 'DE279', 'DE262', 'BE232', 'ES640', 'ES630', 'ES618', 'ES617', 'ES614', 'FRC24', 'ES612', 'ES521', 'ES424', 'FRL06', 'FRL05', 'FRL04', 'FRK24', 'FRK23', 'HR050', 'FRI12', 'FRJ13', 'DEC02', 'DEB18', 'EL413', 'EL412', 'EL411', 'PL432', 'PL524', 'PL523', 'PL516', 'PL431', 'PL411', 'PL427', 'PL426', 'PL424', 'PL417', 'PL416', 'PL414', 'PL428', 'PL616', 'PL636', 'PL623', 'PL622', 'PL621', 'PL638', 'PL228', 'AT341', 'RO116', 'RO315', 'RO221', 'RO216', 'RO215', 'RO214', 'RO213', 'RO212', 'RO211', 'RO415', 'RO414', 'RO413', 'RO411', 'PT11B', 'ITG19', 'ITG18', 'ITG17', 'ITG13', 'ITG12', 'ITG11', 'ITF65', 'ITF48', 'ITF46', 'ITF45', 'ITF35', 'ITF33', 'ITF31', 'ITF13', 'HU323', 'LV006', 'LT024', 'LT027', 'SK041', 'BG342', 'BG325', 'BG321', 'BG315', 'BG314', 'BG313', 'BG312', 'CZ041', 'BG311', 'BE342', 'ES425', 'EL645', 'FRY10', 'FRY20', 'FRY30', 'HR026', 'DEB13', 'EL512', 'EL422', 'EL522', 'EL524', 'EL541']","['Economic development', 'Infrastructure', 'Public health', 'Environmental protection', 'Regional development']","The policy leverages European funds to enhance tourism infrastructure, aiming to boost regional attractiveness and economic growth through active tourism projects, including cycling and canoeing routes, and sailing infrastructure.","Utilizing European funds, the policy focuses on developing active tourism infrastructure to enhance regional attractiveness and economic growth. It includes projects for cycling routes, canoeing trails, and sailing infrastructure. The initiative aims to diversify tourism offerings, attract active tourists, and support local businesses by increasing demand for services and goods related to active tourism. The projects also aim to improve residents' health by promoting a healthy lifestyle and protect the environment by designating specific areas for tourism activities, thus preserving natural ecosystems. By 2023, significant infrastructure developments are expected, including 660 km of cycling routes, 1,200 km of canoeing trails, and 20 sailing facilities. These efforts are coordinated by the Marshal Office of the Pomorskie Voivodeship, with material implementation by local communes and partners. The policy not only aims to boost tourism but also to create jobs and foster business growth in the region, contributing to long-term economic sustainability and environmental conservation.",['PL63'],https://rpo.pomorskie.eu/wp-content/uploads/2023/02/ZMIENIAMY-POMORSKIE.-ROZWOJ-INFRASTRUKTURY-TURYSTYKI-AKTYWNEJ.-Raport-z-realizacji-projektow-RPO-WP-2014-2020.pdf,Policy,Verified
"['PL514', 'PL415', 'PL633', 'AT224', 'RO321', 'PL912', 'PT150', 'ITH10', 'ITI14', 'ITH59', 'ITH55', 'ITC31', 'ITC4C', 'ITI43', 'SI043', 'DE717', 'DE713', 'DE502', 'DE279', 'DE262', 'BE232', 'ES640', 'ES630', 'ES618', 'ES617', 'ES614', 'FRC24', 'ES612', 'ES521', 'ES424', 'FRL06', 'FRL05', 'FRL04', 'FRK24', 'FRK23', 'HR050', 'FRI12', 'FRJ13', 'DEC02', 'DEB18', 'EL413', 'EL412', 'EL411']","['Education', 'Community engagement', 'Social inclusion']","The policy addresses the social construction of gender identity, aiming to dismantle stereotypes and promote equality by analyzing and transforming cultural norms and roles that perpetuate gender discrimination.","Gender identity is shaped by societal norms and cultural practices, which often lead to entrenched stereotypes and discrimination. This policy focuses on deconstructing these roles by examining socio-cultural factors that influence gender perceptions. It highlights the distinction between biological sex and socially constructed gender roles, emphasizing the need for a shift in societal attitudes to achieve true gender equality. The policy advocates for educational reforms, media representation changes, and community engagement to challenge and change existing gender norms. By promoting awareness and understanding of gender as a social construct, the policy aims to empower individuals to transcend traditional roles and stereotypes. The intended outcome is a more inclusive society where individuals can freely express their identities without being constrained by outdated gender expectations. This approach not only benefits women, who have historically been marginalized, but also men, by allowing a broader range of emotional and professional expressions. The policy underscores the importance of recognizing and addressing the pervasive influence of patriarchy and sexism in shaping gender roles, advocating for a collaborative effort to create a more equitable social framework.",['ES630'],https://www.ceuta.es/ceuta/images/servicios/mujer/documentos/documentos/ViolenciadeGenero.EfectosyRepercusiones.pdf,Programme,Community
"['PL514', 'PL415', 'PL633', 'AT224', 'RO321', 'PL912', 'PT150', 'ITH10', 'ITI14', 'ITH59', 'ITH55', 'ITC31', 'ITC4C', 'ITI43', 'SI043', 'DE717', 'DE713', 'DE502', 'DE279', 'DE262', 'BE232', 'ES640', 'ES630', 'ES618', 'ES617', 'ES614', 'FRC24', 'ES612', 'ES521', 'ES424', 'FRL06', 'FRL05', 'FRL04', 'FRK24', 'FRK23', 'HR050', 'FRI12', 'FRJ13', 'DEC02', 'DEB18', 'EL413', 'EL412', 'EL411']",['Public health'],"The policy emphasizes adopting a healthy lifestyle to prevent diseases like cancer. It advocates for balanced nutrition, regular exercise, avoiding harmful substances, and routine medical screenings to enhance overall well-being and reduce health risks.","Adopting a healthy lifestyle is crucial for disease prevention, particularly cancer. The policy recommends a balanced diet, such as the Mediterranean diet, rich in fruits, vegetables, and whole grains, while limiting fats and alcohol. Regular physical activity, like daily walking or sports, is encouraged to reduce cancer risk. Sun exposure should be moderated to prevent skin cancer, and protective measures should be taken when handling toxic substances. Vaccinations are essential to protect against infections linked to cancer. Routine screenings, such as mammograms and colonoscopies, are vital for early cancer detection. Individuals are urged to monitor their bodies for any changes and consult healthcare professionals if abnormalities are detected. Avoiding tobacco and limiting alcohol consumption are critical to reducing the risk of cancer and cardiovascular diseases. The policy aims to empower individuals to take responsibility for their health, promoting behaviors that enhance quality of life and decrease the likelihood of developing serious illnesses. By implementing these strategies, the policy seeks to improve public health outcomes and reduce the burden of disease on healthcare systems.",['ES630'],https://www.ceuta.es/ceuta/images/servicios/sanidad/documentos/epidemiologia/rutacancer/VidaSaludable_Triptico.pdf,Programme,AI
"['PL514', 'PL415', 'PL633', 'AT224', 'RO321', 'PL912', 'PT150', 'ITH10', 'ITI14', 'ITH59', 'ITH55', 'ITC31', 'ITC4C', 'ITI43', 'SI043', 'DE717', 'DE713', 'DE502', 'DE279', 'DE262', 'BE232', 'ES640', 'ES630', 'ES618', 'ES617', 'ES614', 'FRC24', 'ES612', 'ES521', 'ES424', 'FRL06', 'FRL05', 'FRL04', 'FRK24', 'FRK23', 'HR050', 'FRI12', 'FRJ13', 'DEC02', 'DEB18', 'EL413', 'EL412', 'EL411']","['Public health', 'Environmental protection']","The policy emphasizes the correct use of medications to enhance public health, reduce adverse effects, and prevent antibiotic resistance. It advocates for informed prescription practices and responsible self-medication to ensure safety and efficacy while minimizing risks and resource wastage.","Correct medication use is crucial for public health, aiming to reduce inappropriate prescriptions, adverse reactions, and antibiotic resistance. The policy highlights the importance of providing quality information to patients and healthcare providers to ensure effective and safe medication use. It stresses the need for responsible self-medication, particularly avoiding antibiotics without prescriptions, to prevent resistance. The policy outlines the role of healthcare administrations in ensuring access to necessary medications under safe conditions. It also addresses the environmental impact of pharmaceuticals, advocating for proper disposal through systems like SIGRE to prevent environmental contamination. The policy underscores the importance of maintaining medication efficacy through proper storage and handling, and it encourages patient education on medication management. By promoting these practices, the policy aims to improve therapeutic outcomes, reduce healthcare costs, and protect future generations from the consequences of antibiotic resistance. The policy also calls for collaboration between healthcare professionals to monitor and adjust treatments, especially for patients on multiple medications, to prevent interactions and ensure optimal care.",['ES630'],https://www.ceuta.es/ceuta/images/servicios/sanidad/documentos/medicamentos/USO_RACIONAL_DE_LOS_MEDICAMENTOS.pdf,Programme,Verified
"['PL514', 'PL415', 'PL633', 'AT224', 'RO321', 'PL912', 'PT150', 'ITH10', 'ITI14', 'ITH59', 'ITH55', 'ITC31', 'ITC4C', 'ITI43', 'SI043', 'DE717', 'DE713', 'DE502', 'DE279', 'DE262', 'BE232', 'ES640', 'ES630', 'ES618', 'ES617', 'ES614', 'FRC24', 'ES612', 'ES521', 'ES424', 'FRL06', 'FRL05', 'FRL04', 'FRK24', 'FRK23', 'HR050', 'FRI12', 'FRJ13', 'DEC02', 'DEB18', 'EL413', 'EL412', 'EL411']","['Public health', 'Housing', 'Social inclusion']","The policy aims to support women facing domestic violence by providing emergency contacts, legal and psychological assistance, and safe housing. It emphasizes the importance of reporting abuse and accessing available resources to ensure safety and equality.","The policy addresses domestic violence against women, emphasizing the need for immediate action and support. It provides a comprehensive framework for victims, including emergency contact numbers, legal and psychological assistance, and safe housing options. Victims are encouraged to report abuse to authorities and seek medical attention if injured. The policy highlights the importance of obtaining a protection order in cases of risk, which includes measures like restraining orders and child custody arrangements. It also stresses the need for victims to connect with trusted individuals for support and to inform the police if they lack a safe place to go. The policy assures foreign victims that they have guaranteed rights and resources, regardless of their background. It defines various forms of violence, including physical, psychological, and sexual abuse, and outlines warning signs to help identify abusive relationships. The policy encourages victims not to accept or hide abuse, emphasizing that it is a serious crime. It provides information on where to seek help, including a 24-hour free information and legal advice hotline and specialized women's centers offering legal, psychological, and social support. The ultimate goal is to ensure women's safety, promote equality, and empower victims to break free from abusive situations.",['ES630'],https://www.ceuta.es/ceuta/images/servicios/mujer/documentos/noticias/2016/TRIPTICO_NO_SOLA.pdf,Programme,Community
"['PL514', 'PL415', 'PL633', 'AT224', 'RO321', 'PL912', 'PT150', 'ITH10', 'ITI14', 'ITH59', 'ITH55', 'ITC31', 'ITC4C', 'ITI43', 'SI043', 'DE717', 'DE713', 'DE502', 'DE279', 'DE262', 'BE232', 'ES640', 'ES630', 'ES618', 'ES617', 'ES614', 'FRC24', 'ES612', 'ES521', 'ES424', 'FRL06', 'FRL05', 'FRL04', 'FRK24', 'FRK23', 'HR050', 'FRI12', 'FRJ13', 'DEC02', 'DEB18', 'EL413', 'EL412', 'EL411']","['Education', 'Community engagement', 'Youth empowerment', 'Governance']","The European Year of Citizens 2013 aims to raise awareness of EU citizenship rights, enhance understanding of EU policies, and encourage active participation, especially among youth, through events and educational initiatives.","In 2013, the European Year of Citizens focuses on increasing awareness of the rights associated with EU citizenship, such as free movement and voting rights. The initiative seeks to inform citizens, particularly the youth, about how to benefit from EU policies and engage actively in their development. Activities include national, regional, and local events, conferences, and seminars designed to stimulate debate and understanding among EU citizens. The European Commission plans to enhance the visibility of multilingual websites like Europe Direct and Your Europe, and strengthen problem-solving tools like SOLVIT to help citizens exercise their rights more effectively. The program also includes youth-focused actions under the 'Youth in Action' initiative, promoting active citizenship through exchanges, volunteering, and educational projects. The intended outcomes are greater cohesion, mutual understanding, and informed participation in the EU's democratic processes, ultimately fostering a more integrated and engaged European community.",['ES630'],https://www.ceuta.es/ceuta/images/servicios/juventud/documentos/trastero/Trastero27Primavera2013.pdf,Policy,AI
"['PL514', 'PL415', 'PL633', 'AT224', 'RO321', 'PL912', 'PT150', 'ITH10', 'ITI14', 'ITH59', 'ITH55', 'ITC31', 'ITC4C', 'ITI43', 'SI043', 'DE717', 'DE713', 'DE502', 'DE279', 'DE262', 'BE232', 'ES640', 'ES630', 'ES618', 'ES617', 'ES614', 'FRC24', 'ES612', 'ES521', 'ES424', 'FRL06', 'FRL05', 'FRL04', 'FRK24', 'FRK23', 'HR050', 'FRI12', 'FRJ13', 'DEC02', 'DEB18', 'EL413', 'EL412', 'EL411']","['Youth empowerment', 'Social inclusion', 'Community engagement', 'Education', 'Housing']","The policy aims to create a supportive environment for youth by fostering engagement, participation, and skill development, promoting social integration and active societal roles.","The policy focuses on creating a supportive environment for youth by providing spaces and opportunities for engagement, participation, and skill development. It emphasizes the importance of social integration and active roles in society, encouraging youth to become protagonists in their communities. The approach includes offering various programs such as educational courses, cultural activities, and sports, which are designed to enhance personal growth and community involvement. The policy also supports youth in overcoming barriers to employment and housing, providing guidance and resources to facilitate their transition into adulthood. By promoting values such as solidarity, tolerance, and cooperation, the policy aims to foster a sense of belonging and responsibility among young people. The impact is expected to be a more cohesive and empowered youth population, capable of contributing positively to their communities and society at large. The policy also includes initiatives for international exchanges and language courses to broaden cultural understanding and global perspectives. Overall, the policy seeks to equip youth with the necessary tools and opportunities to thrive in a dynamic and interconnected world, ultimately contributing to a more inclusive and vibrant society.",['ES630'],https://www.ceuta.es/ceuta/images/servicios/juventud/documentos/trastero/Trastero24Primavera2012.pdf,Programme,Verified
"['PL514', 'PL415', 'PL633', 'AT224', 'RO321', 'PL912', 'PT150', 'ITH10', 'ITI14', 'ITH59', 'ITH55', 'ITC31', 'ITC4C', 'ITI43', 'SI043', 'DE717', 'DE713', 'DE502', 'DE279', 'DE262', 'BE232', 'ES640', 'ES630', 'ES618', 'ES617', 'ES614', 'FRC24', 'ES612', 'ES521', 'ES424', 'FRL06', 'FRL05', 'FRL04', 'FRK24', 'FRK23', 'HR050', 'FRI12', 'FRJ13', 'DEC02', 'DEB18', 'EL413', 'EL412', 'EL411']","['Social inclusion', 'Community engagement', 'Education']","The policy promotes understanding and inclusion of individuals with differences by highlighting diverse communication methods and perceptions, aiming to foster empathy and respect among people.","The policy emphasizes the importance of recognizing and valuing diversity in communication and perception. It illustrates through narratives how individuals with different abilities, such as those who are deaf or blind, can perceive and interact with the world in unique ways. By learning alternative communication methods like sign language and understanding non-verbal cues, individuals can bridge gaps and foster inclusive environments. The policy aims to shift societal perceptions, encouraging people to see differences not as limitations but as opportunities for growth and learning. It highlights the role of empathy and support in helping individuals with disabilities overcome challenges and integrate into society. The intended outcome is a more inclusive community where everyone, regardless of their abilities, is respected and valued. This approach not only benefits those with disabilities but also enriches the lives of those who learn to communicate and connect in diverse ways, ultimately leading to a more cohesive and understanding society.",['ES630'],https://www.ceuta.es/ceuta/images/servicios/otace/documentos/paginas/TercerosPremios.pdf,Programme,Community
"['PL514', 'PL415', 'PL633', 'AT224', 'RO321', 'PL912', 'PT150', 'ITH10', 'ITI14', 'ITH59', 'ITH55', 'ITC31', 'ITC4C', 'ITI43', 'SI043', 'DE717', 'DE713', 'DE502', 'DE279', 'DE262', 'BE232', 'ES640', 'ES630', 'ES618', 'ES617', 'ES614', 'FRC24', 'ES612', 'ES521', 'ES424', 'FRL06', 'FRL05', 'FRL04', 'FRK24', 'FRK23', 'HR050', 'FRI12', 'FRJ13', 'DEC02', 'DEB18', 'EL413', 'EL412', 'EL411']","['Social inclusion', 'Education', 'Community engagement', 'Youth empowerment']","The policy promotes inclusion and empowerment of individuals with disabilities by encouraging adaptation and understanding, aiming to eliminate societal barriers and foster equal opportunities for participation.","The policy focuses on fostering inclusion and empowerment for individuals with disabilities, emphasizing the importance of adaptation and societal understanding. It highlights the need to eliminate barriers that prevent equal participation in social and educational activities. By encouraging personal empowerment and societal adaptation, the policy aims to create an environment where individuals with disabilities can thrive without limitations. It stresses the importance of recognizing and valuing diversity, advocating for the use of adaptive tools and methods such as braille and assistive technologies to facilitate learning and participation. The policy also underscores the role of community and peer support in creating inclusive spaces, where everyone can contribute and feel valued. By promoting awareness and understanding, the policy seeks to dismantle stereotypes and fears associated with disabilities, fostering a culture of acceptance and collaboration. The intended outcome is a more inclusive society where diversity is celebrated, and individuals with disabilities are empowered to pursue their interests and goals, ultimately contributing to a richer, more diverse community fabric.",['ES630'],https://www.ceuta.es/ceuta/images/servicios/otace/documentos/paginas/SegundosPremios.pdf,Programme,AI
"['PL514', 'PL415', 'PL633', 'AT224', 'RO321', 'PL912', 'PT150', 'ITH10', 'ITI14', 'ITH59', 'ITH55', 'ITC31', 'ITC4C', 'ITI43', 'SI043', 'DE717', 'DE713', 'DE502', 'DE279', 'DE262', 'BE232', 'ES640', 'ES630', 'ES618', 'ES617', 'ES614', 'FRC24', 'ES612', 'ES521', 'ES424', 'FRL06', 'FRL05', 'FRL04', 'FRK24', 'FRK23', 'HR050', 'FRI12', 'FRJ13', 'DEC02', 'DEB18', 'EL413', 'EL412', 'EL411']","['Youth empowerment', 'Cultural heritage', 'Community engagement']","The policy aims to recognize and enhance youth artistic creation through awards in various categories, fostering emotional communication and employability, and encouraging participation in future editions.","The policy focuses on recognizing and promoting artistic creation among youth by organizing awards in categories such as drawing, illustration, comic, photography, modern music, short film, short story, and poetry. It emphasizes the importance of artistic expression as a tool for emotional communication and personal fulfillment, highlighting its role in enhancing employability. The initiative seeks to increase the visibility of young artists' work, encouraging them to participate in future editions. By doing so, it aims to foster a supportive environment for young creators, providing them with opportunities to showcase their talents and gain recognition. The policy also invites young people aged 14 to 30 to engage with the Casa de la Juventud, a hub for youth activities, to further nurture their artistic skills. The expected outcome is a vibrant community of young artists who are empowered to express themselves and contribute to cultural enrichment. This approach not only supports individual growth but also strengthens the cultural fabric by integrating diverse artistic expressions into the broader societal context.",['ES630'],https://www.ceuta.es/ceuta/images/servicios/juventud/PRUEBA%201%20CATÁLOGO%20PREMIOS%20JUVENTUD%202020.pdf,Programme,Verified
"['PL514', 'PL415', 'PL633', 'AT224', 'RO321', 'PL912', 'PT150', 'ITH10', 'ITI14', 'ITH59', 'ITH55', 'ITC31', 'ITC4C', 'ITI43', 'SI043', 'DE717', 'DE713', 'DE502', 'DE279', 'DE262', 'BE232', 'ES640', 'ES630', 'ES618', 'ES617', 'ES614', 'FRC24', 'ES612', 'ES521', 'ES424', 'FRL06', 'FRL05', 'FRL04', 'FRK24', 'FRK23', 'HR050', 'FRI12', 'FRJ13', 'DEC02', 'DEB18', 'EL413', 'EL412', 'EL411']","['Education', 'Social inclusion', 'Public health']","The policy aims to eliminate communication barriers for individuals with autism by standardizing the use of augmentative and alternative communication systems, such as pictograms, to enhance understanding and inclusion in society.","CeuTEA focuses on removing communication barriers for individuals with Autism Spectrum Disorder (ASD) by promoting the use of standardized augmentative and alternative communication systems, particularly pictograms. The initiative addresses the need for visual learning aids due to the challenges individuals with autism face in understanding verbal language. It emphasizes the importance of universal design and cognitive accessibility in public spaces, ensuring that communication aids are consistent and recognizable across different regions. The project advocates for the standardization of pictograms to prevent confusion and enhance the mobility and understanding of individuals with autism. By fostering awareness and training among key service providers in health, education, and social sectors, the initiative seeks to improve service delivery and support for individuals with autism. The expected outcomes include improved access to information, enhanced social inclusion, and increased awareness of the needs of individuals with autism. The project also aims to inspire other institutions and private entities to adopt similar measures, contributing to a more inclusive society. The ultimate goal is to create an environment where individuals with autism can fully participate and thrive, thereby setting a precedent for other cities to follow in terms of accessibility and inclusivity.",['ES630'],https://www.ceuta.es/ceuta/images/servicios/otace/documentos/paginas/PROYECTO_CEUTEA.pdf,Programme,Community
"['PL514', 'PL415', 'PL633', 'AT224', 'RO321', 'PL912', 'PT150', 'ITH10', 'ITI14', 'ITH59', 'ITH55', 'ITC31', 'ITC4C', 'ITI43', 'SI043', 'DE717', 'DE713', 'DE502', 'DE279', 'DE262', 'BE232', 'ES640', 'ES630', 'ES618', 'ES617', 'ES614', 'FRC24', 'ES612', 'ES521', 'ES424', 'FRL06', 'FRL05', 'FRL04', 'FRK24', 'FRK23', 'HR050', 'FRI12', 'FRJ13', 'DEC02', 'DEB18', 'EL413', 'EL412', 'EL411']","['Social inclusion', 'Community engagement', 'Education', 'Infrastructure']","The policy promotes inclusion and empowerment for individuals with disabilities by enhancing accessibility and fostering community support, aiming to overcome physical and social barriers.","The policy focuses on promoting inclusion and empowerment for individuals with disabilities by addressing both physical and social barriers. It highlights the importance of accessibility in public spaces, such as schools, to ensure equal opportunities for all. By removing physical obstacles, like stairs, and replacing them with ramps, the policy aims to facilitate easier access for those using wheelchairs. Additionally, it emphasizes the role of community support and the need for societal change in perception towards individuals with disabilities. Encouraging personal empowerment and self-acceptance, the policy seeks to inspire individuals to recognize their inner strengths and potential. Through storytelling and shared experiences, it aims to foster a sense of belonging and community among individuals with disabilities, promoting mutual support and understanding. The policy also underscores the importance of adaptive education environments that cater to diverse needs, enabling individuals to pursue their dreams and aspirations without prejudice. By creating inclusive spaces and encouraging positive societal attitudes, the policy strives to enhance the quality of life for individuals with disabilities, ensuring they have the same opportunities to participate fully in society and achieve their personal goals.",['ES630'],https://www.ceuta.es/ceuta/images/servicios/otace/documentos/paginas/PrimerosPremios.pdf,Programme,AI
"['PL514', 'PL415', 'PL633', 'AT224', 'RO321', 'PL912', 'PT150', 'ITH10', 'ITI14', 'ITH59', 'ITH55', 'ITC31', 'ITC4C', 'ITI43', 'SI043', 'DE717', 'DE713', 'DE502', 'DE279', 'DE262', 'BE232', 'ES640', 'ES630', 'ES618', 'ES617', 'ES614', 'FRC24', 'ES612', 'ES521', 'ES424', 'FRL06', 'FRL05', 'FRL04', 'FRK24', 'FRK23', 'HR050', 'FRI12', 'FRJ13', 'DEC02', 'DEB18', 'EL413', 'EL412', 'EL411']","['Education', 'Social inclusion', 'Community engagement']","The policy promotes understanding and inclusion of individuals with differences by highlighting diverse communication methods and perceptions, aiming to foster empathy and respect among people.","The policy emphasizes the importance of recognizing and valuing diversity in communication and perception. It illustrates through narratives how individuals with differences, such as disabilities, can perceive and interact with the world in unique ways. The approach involves educating people on alternative communication methods, like sign language and sensory perception, to enhance mutual understanding and inclusion. By sharing stories of personal experiences, the policy aims to break down barriers and challenge preconceived notions about disabilities. The intended impact is to create a more empathetic and supportive environment where differences are not only accepted but celebrated. This involves encouraging individuals to see beyond traditional communication and interaction methods, fostering a culture of respect and cooperation. The policy also highlights the role of education and awareness in changing societal attitudes, aiming to transform how people perceive and engage with those who are different. Ultimately, the goal is to build a community where everyone feels valued and understood, regardless of their abilities or communication styles, leading to a more inclusive and harmonious society.",['ES630'],https://www.ceuta.es/ceuta/images/servicios/otace/documentos/paginas/PremiosAccesit.pdf,Programme,Verified
"['PL514', 'PL415', 'PL633', 'AT224', 'RO321', 'PL912', 'PT150', 'ITH10', 'ITI14', 'ITH59', 'ITH55', 'ITC31', 'ITC4C', 'ITI43', 'SI043', 'DE717', 'DE713', 'DE502', 'DE279', 'DE262', 'BE232', 'ES640', 'ES630', 'ES618', 'ES617', 'ES614', 'FRC24', 'ES612', 'ES521', 'ES424', 'FRL06', 'FRL05', 'FRL04', 'FRK24', 'FRK23', 'HR050', 'FRI12', 'FRJ13', 'DEC02', 'DEB18', 'EL413', 'EL412', 'EL411']","['Economic development', 'Migration', 'Infrastructure', 'Digitalisation', 'Regional development']","The policy aims to establish a stable economic model independent of Morocco, enhancing border control and fostering integration with Spain and Europe to ensure security and economic resilience.","Facing a critical situation, the policy proposes shifting Ceuta's economic reliance away from Morocco towards a model integrated with Spain and Europe. This involves enhancing border infrastructure, revising the Schengen exception, and fostering local economic growth through reduced taxes and improved transport links. Key actions include supporting local businesses, promoting tourism, and developing digital and service sectors. The policy also addresses the social impact of increased immigration by improving border control and ensuring fair distribution of responsibilities across Spain. The government seeks to secure national and European support, emphasizing the need for legislative backing to stabilize financial aid. The intended outcome is a robust, self-sufficient economy with a secure border, reducing dependency on external factors and enhancing Ceuta's socio-economic stability. The policy underscores the importance of collective action and sacrifice from the local community, alongside decisive support from national and European authorities, to transform current challenges into opportunities for sustainable growth and security.",['ES630'],http://www.ceuta.es/ceuta/images/noticias/documentos/2020/Por_un_futuro_mas_estable_y_seguro_para_Ceuta.pdf,Programme,Community
"['PL514', 'PL415', 'PL633', 'AT224', 'RO321', 'PL912', 'PT150', 'ITH10', 'ITI14', 'ITH59', 'ITH55', 'ITC31', 'ITC4C', 'ITI43', 'SI043', 'DE717', 'DE713', 'DE502', 'DE279', 'DE262', 'BE232', 'ES640', 'ES630', 'ES618', 'ES617', 'ES614', 'FRC24', 'ES612', 'ES521', 'ES424', 'FRL06', 'FRL05', 'FRL04', 'FRK24', 'FRK23', 'HR050', 'FRI12', 'FRJ13', 'DEC02', 'DEB18', 'EL413', 'EL412', 'EL411']","['Youth empowerment', 'Community engagement', 'Governance', 'Education']","The European Youth Week 2019 focuses on 'Democracy and Me', promoting youth engagement in democratic processes and EU initiatives like Erasmus+. It aims to inspire young people to participate actively in democracy through various activities and social media campaigns.","The European Youth Week 2019, themed 'Democracy and Me', aims to enhance youth participation in democratic processes and highlight EU opportunities such as Erasmus+ and the European Solidarity Corps. Scheduled from April 29 to May 5, 2019, it encourages young people to engage in formal and informal democratic activities, including voting, volunteering, and policy discussions. The initiative seeks to leverage social media to gather 1000 reasons why being part of the EU is valuable, accompanied by selfies, to create a photo gallery that reflects on EU values. This campaign targets both Europeans and non-Europeans who resonate with EU values, aiming for broad participation and reflection on democratic engagement. By fostering dialogue and showcasing success stories, the event aspires to strengthen youth commitment to EU citizenship and democratic involvement, ultimately contributing to a more engaged and informed young populace across Europe.",['ES630'],https://www.ceuta.es/ceuta/images/servicios/juventud/PLANTILLA%20DE%20TEXTOS%20SEJ%20-%20CEUTA%20-%201000%20RAZONES%201.pdf,Policy,AI
"['PL514', 'PL415', 'PL633', 'AT224', 'RO321', 'PL912', 'PT150', 'ITH10', 'ITI14', 'ITH59', 'ITH55', 'ITC31', 'ITC4C', 'ITI43', 'SI043', 'DE717', 'DE713', 'DE502', 'DE279', 'DE262', 'BE232', 'ES640', 'ES630', 'ES618', 'ES617', 'ES614', 'FRC24', 'ES612', 'ES521', 'ES424', 'FRL06', 'FRL05', 'FRL04', 'FRK24', 'FRK23', 'HR050', 'FRI12', 'FRJ13', 'DEC02', 'DEB18', 'EL413', 'EL412', 'EL411']","['Public health', 'Education', 'Community engagement']","Antibiotic resistance is a growing public health threat. Reducing unnecessary antibiotic prescriptions in primary care, especially for respiratory infections, can curb resistance. Effective patient communication is crucial to manage expectations and promote appropriate antibiotic use.","Antibiotic resistance poses a significant public health challenge, exacerbated by widespread and inappropriate antibiotic use. In primary care, where 80-90% of antibiotic prescriptions occur, particularly for respiratory infections, reducing unnecessary prescriptions is vital. Evidence suggests that decreasing antibiotic use in outpatient settings correlates with reduced resistance. Effective patient communication is essential, as studies show patient satisfaction hinges more on communication than on receiving antibiotics. Educating patients about realistic recovery timelines and self-management strategies can alter perceptions and reduce demand for antibiotics. Addressing factors like symptom misinterpretation and patient expectations can further decrease unnecessary prescriptions. Implementing these strategies does not require extended consultations, maintaining high patient satisfaction within standard appointment durations. By promoting judicious antibiotic use, primary care can significantly impact resistance trends, ensuring antibiotics remain effective for future generations.",['ES630'],https://www.ceuta.es/ceuta/images/servicios/sanidad/documentos/campanias/2017/MENSAJES_MEDICOS_ATENCION_PRIMARIA.pdf,Programme,Verified
"['PL514', 'PL415', 'PL633', 'AT224', 'RO321', 'PL912', 'PT150', 'ITH10', 'ITI14', 'ITH59', 'ITH55', 'ITC31', 'ITC4C', 'ITI43', 'SI043', 'DE717', 'DE713', 'DE502', 'DE279', 'DE262', 'BE232', 'ES640', 'ES630', 'ES618', 'ES617', 'ES614', 'FRC24', 'ES612', 'ES521', 'ES424', 'FRL06', 'FRL05', 'FRL04', 'FRK24', 'FRK23', 'HR050', 'FRI12', 'FRJ13', 'DEC02', 'DEB18', 'EL413', 'EL412', 'EL411']","['Public health', 'Education']","The policy aims to reduce antibiotic resistance by discouraging self-medication with antibiotics. It emphasizes consulting healthcare professionals for prescriptions and highlights the ineffectiveness of antibiotics against viral infections, promoting responsible use to maintain their efficacy.","Antibiotic resistance poses a significant public health threat, exacerbated by the inappropriate use of antibiotics, particularly through self-medication. This policy addresses the misuse by educating the public on the necessity of consulting healthcare professionals before using antibiotics. It stresses that antibiotics are ineffective against viral infections like the common cold and flu, which constitute the majority of winter illnesses. The policy advises against using leftover antibiotics or obtaining them without a prescription, as this can lead to increased resistance and adverse health effects. It encourages individuals to seek alternative treatments for symptom relief, such as over-the-counter medications, and to consult pharmacists for advice. The policy also outlines the importance of allowing time for recovery from minor infections and highlights the role of the immune system in overcoming these without antibiotics. By promoting these practices, the policy aims to preserve the effectiveness of antibiotics for serious bacterial infections, ensuring they remain a viable treatment option. The intended outcome is a reduction in antibiotic resistance, safeguarding public health and improving treatment outcomes for bacterial infections.",['ES630'],https://www.ceuta.es/ceuta/images/servicios/sanidad/documentos/campanias/2017/MENSAJES_AUTOMEDICACION_PUBLICO.pdf,Programme,Community
"['PL514', 'PL415', 'PL633', 'AT224', 'RO321', 'PL912', 'PT150', 'ITH10', 'ITI14', 'ITH59', 'ITH55', 'ITC31', 'ITC4C', 'ITI43', 'SI043', 'DE717', 'DE713', 'DE502', 'DE279', 'DE262', 'BE232', 'ES640', 'ES630', 'ES618', 'ES617', 'ES614', 'FRC24', 'ES612', 'ES521', 'ES424', 'FRL06', 'FRL05', 'FRL04', 'FRK24', 'FRK23', 'HR050', 'FRI12', 'FRJ13', 'DEC02', 'DEB18', 'EL413', 'EL412', 'EL411']","['Economic development', 'Infrastructure', 'Governance', 'Digitalisation', 'Regional development']","The policy aims to transform a severe crisis into an opportunity by implementing strategic measures to develop a sustainable economic model, enhancing public administration presence, and improving connectivity and competitiveness.","Facing a severe crisis, the policy focuses on transforming challenges into opportunities by adopting strategic measures. It emphasizes the need for a sustainable economic model that reduces dependency on external factors, particularly neighboring countries. Key actions include enhancing the competitiveness of local commerce, improving connectivity with mainland regions, and fostering technological and digital projects under a special economic and fiscal regime. The policy also highlights the importance of increasing public administration presence to ensure stability and support economic growth. By addressing the unique challenges posed by geographical and political factors, the policy seeks to create a resilient economic environment. The intended outcomes include a diversified economy, reduced unemployment, and a robust public sector that can effectively manage resources and respond to future challenges. The approach involves collaboration between local and national governments, leveraging EU frameworks, and engaging with private sector stakeholders to ensure comprehensive and effective implementation. The policy underscores the urgency of these measures in light of recent geopolitical developments and the COVID-19 pandemic, aiming to secure long-term prosperity and stability for the affected regions.",['ES630'],https://www.ceuta.es/gobiernodeceuta/images/stories/noticias/2020/SEPTIEMBRE/01/ISC-09_CeutayMelilla_2020_web.pdf,Programme,AI
"['PL514', 'PL415', 'PL633', 'AT224', 'RO321', 'PL912', 'PT150', 'ITH10', 'ITI14', 'ITH59', 'ITH55', 'ITC31', 'ITC4C', 'ITI43', 'SI043', 'DE717', 'DE713', 'DE502', 'DE279', 'DE262', 'BE232', 'ES640', 'ES630', 'ES618', 'ES617', 'ES614', 'FRC24', 'ES612', 'ES521', 'ES424', 'FRL06', 'FRL05', 'FRL04', 'FRK24', 'FRK23', 'HR050', 'FRI12', 'FRJ13', 'DEC02', 'DEB18', 'EL413', 'EL412', 'EL411']","['Economic development', 'Infrastructure', 'Migration', 'Housing', 'Governance']","The policy emphasizes Ceuta's autonomy to enhance stability and citizen welfare through increased investment, improved border management, and economic diversification, addressing unique challenges and fostering integration with Spain and Europe.","Ceuta's autonomy, established by its Statute, has been pivotal in advancing the city's stability and citizen welfare over three decades. The policy leverages political capacities unique to autonomous cities, enabling participation in national decision-making bodies and fostering direct communication with the Spanish government. Key actions include substantial public investment, enhancing essential services and infrastructure, and improving border management to address migration pressures. Economic strategies focus on reducing dependency on atypical trade, fostering a robust, sustainable economic model, and increasing employment. The policy also addresses land scarcity by acquiring central urban land for public housing, and enhances connectivity with the mainland through improved transport facilities and subsidies. The overarching goal is to bridge gaps in services and infrastructure with the rest of Spain, ensuring Ceuta's integration into the national and European framework. The policy underscores the importance of unity, institutional loyalty, and social dialogue, aiming to transform challenges into opportunities, thereby reinforcing Ceuta's identity as an integral part of Spain and Europe. The approach is rooted in resilience, moderation, and collaboration, promoting a shared vision of progress and well-being for all citizens.",['ES630'],https://www.ceuta.es/gobiernodeceuta/images/stories/noticias/2025/septiembre/02/INTERVENCION_DIA_DE_CEUTA_2025_2sept1.pdf,Programme,Verified
"['PL514', 'PL415', 'PL633', 'AT224', 'RO321', 'PL912', 'PT150', 'ITH10', 'ITI14', 'ITH59', 'ITH55', 'ITC31', 'ITC4C', 'ITI43', 'SI043', 'DE717', 'DE713', 'DE502', 'DE279', 'DE262', 'BE232', 'ES640', 'ES630', 'ES618', 'ES617', 'ES614', 'FRC24', 'ES612', 'ES521', 'ES424', 'FRL06', 'FRL05', 'FRL04', 'FRK24', 'FRK23', 'HR050', 'FRI12', 'FRJ13', 'DEC02', 'DEB18', 'EL413', 'EL412', 'EL411']","['Social inclusion', 'Education', 'Community engagement']",The policy emphasizes the need to eliminate gender-based violence by challenging structural machismo and promoting gender equality. It calls for collective action to change societal attitudes and strengthen laws and education to protect victims and foster respect and dignity for all.,"The policy addresses the pervasive issue of gender-based violence, highlighting its impact on society and the need for urgent action. It stresses that gender equality is a fundamental right and calls for collective responsibility to challenge stereotypes and promote inclusive education. The policy advocates for stronger laws and policies to protect victims and punish perpetrators, emphasizing the importance of early education in promoting equality. It calls for the creation of safe, violence-free spaces and urges communities to reject machismo and embrace equality. The intended outcome is a societal shift towards respect, empowerment, and the eradication of discrimination, aiming to build a healthier, stronger, and more equal society. The policy envisions a future where all individuals live free from fear, violence, and discrimination, and it encourages ongoing efforts to achieve these goals.",['ES630'],https://www.ceuta.es/gobiernodeceuta/images/stories/noticias/2023/NOVIEMBRE/24/Intervención_consejera_SySS.pdf,Programme,Community
"['PL514', 'PL415', 'PL633', 'AT224', 'RO321', 'PL912', 'PT150', 'ITH10', 'ITI14', 'ITH59', 'ITH55', 'ITC31', 'ITC4C', 'ITI43', 'SI043', 'DE717', 'DE713', 'DE502', 'DE279', 'DE262', 'BE232', 'ES640', 'ES630', 'ES618', 'ES617', 'ES614', 'FRC24', 'ES612', 'ES521', 'ES424', 'FRL06', 'FRL05', 'FRL04', 'FRK24', 'FRK23', 'HR050', 'FRI12', 'FRJ13', 'DEC02', 'DEB18', 'EL413', 'EL412', 'EL411']","['Education', 'Cultural heritage', 'Youth empowerment', 'Community engagement']","The policy promotes theater as a means to connect young professionals with educators, using a play based on Petr Ginz's diaries to reflect on historical events and prevent repeating past mistakes.","The policy initiative focuses on integrating theater into educational contexts to bridge the gap between young performing arts professionals and the teaching community. By presenting a play inspired by the diaries of Petr Ginz, the initiative aims to provoke reflection on historical atrocities, such as those witnessed during the Nazi regime, and to foster a deeper understanding of history among young audiences. The play serves as a tool to engage students and educators in discussions about the impact of past events on the present and the importance of learning from history to avoid repeating errors. The narrative follows a young boy, Daniel, who discovers the works of Petr Ginz, a Jewish boy from the 1940s, and explores the blurred lines between past and present. This approach not only enhances cultural education but also encourages empathy and critical thinking. The expected outcome is a more informed and reflective youth, capable of understanding the significance of historical events and their relevance today, ultimately contributing to a more compassionate and aware society.",['ES630'],https://www.ceuta.es/ceuta/images/servicios/juventud/Información%20%20PRAGA%201.pdf,Programme,Verified
"['PL514', 'PL415', 'PL633', 'AT224', 'RO321', 'PL912', 'PT150', 'ITH10', 'ITI14', 'ITH59', 'ITH55', 'ITC31', 'ITC4C', 'ITI43', 'SI043', 'DE717', 'DE713', 'DE502', 'DE279', 'DE262', 'BE232', 'ES640', 'ES630', 'ES618', 'ES617', 'ES614', 'FRC24', 'ES612', 'ES521', 'ES424', 'FRL06', 'FRL05', 'FRL04', 'FRK24', 'FRK23', 'HR050', 'FRI12', 'FRJ13', 'DEC02', 'DEB18', 'EL413', 'EL412', 'EL411']","['Public health', 'Education', 'Community engagement']","Antibiotic resistance is a growing public health issue, exacerbated by high and improper antibiotic consumption. Effective patient communication in primary care can reduce unnecessary prescriptions, maintaining antibiotic efficacy and improving patient satisfaction.","Antibiotic resistance poses a significant threat to public health, with resistance rates doubling in many regions over the past five years. This resistance is primarily driven by the total consumption of antibiotics and the manner in which they are prescribed and used. In Europe, 80-90% of antibiotic prescriptions occur in primary care settings, often for respiratory infections. Effective communication between healthcare providers and patients is crucial, as it influences patient satisfaction and perceptions about the necessity of antibiotics. Studies indicate that patient satisfaction is more closely linked to effective communication than to receiving an antibiotic prescription. Educating patients about realistic recovery timelines and self-care strategies can reduce the demand for antibiotics. Importantly, these communication strategies do not require extended consultation times. By maintaining standard consultation durations, healthcare providers can offer alternatives to antibiotics while ensuring high patient satisfaction. The goal is to reduce unnecessary antibiotic prescriptions, thereby slowing the development of resistance and preserving the effectiveness of existing antibiotics. This approach not only addresses the immediate issue of resistance but also contributes to long-term public health by ensuring antibiotics remain a viable treatment option in the future.",['ES630'],https://www.ceuta.es/ceuta/images/servicios/sanidad/documentos/campanias/2017/HOJA_INFORMATIVA_MEDICOS_AP.pdf,Programme,Community
"['PL514', 'PL415', 'PL633', 'AT224', 'RO321', 'PL912', 'PT150', 'ITH10', 'ITI14', 'ITH59', 'ITH55', 'ITC31', 'ITC4C', 'ITI43', 'SI043', 'DE717', 'DE713', 'DE502', 'DE279', 'DE262', 'BE232', 'ES640', 'ES630', 'ES618', 'ES617', 'ES614', 'FRC24', 'ES612', 'ES521', 'ES424', 'FRL06', 'FRL05', 'FRL04', 'FRK24', 'FRK23', 'HR050', 'FRI12', 'FRJ13', 'DEC02', 'DEB18', 'EL413', 'EL412', 'EL411']","['Public health', 'Transportation', 'Environmental protection', 'Community engagement']","Noise pollution, a growing concern, affects human health and well-being. It stems from transportation, industry, and domestic activities. Addressing it involves reducing noise at the source, during transmission, and at the receiver to improve quality of life.","Noise pollution significantly impacts human health, causing auditory and non-auditory effects. Major sources include road traffic, railways, air traffic, industrial activities, and domestic noise. The document emphasizes the need for comprehensive strategies to mitigate noise pollution. These strategies involve reducing noise at its source by using quieter appliances and vehicles, managing noise transmission through acoustic barriers and insulation, and protecting individuals by using personal protective equipment in high-noise environments. The document highlights the importance of public awareness and civic responsibility in noise reduction. It also stresses the need for regulatory measures to control noise emissions from industrial and transportation sources. The impact of noise pollution extends beyond hearing loss, affecting cardiovascular health, mental well-being, and daily activities. Effective noise management can enhance public health, reduce stress, and improve overall quality of life. Policymakers are encouraged to implement and enforce noise regulations, promote public education on noise impacts, and support research on innovative noise reduction technologies. The ultimate goal is to create quieter, healthier urban environments that foster well-being and productivity.",['ES630'],https://www.ceuta.es/ceuta/images/servicios/medioambiente/documentos/GuiaRuido.pdf,Programme,AI
"['PL514', 'PL415', 'PL633', 'AT224', 'RO321', 'PL912', 'PT150', 'ITH10', 'ITI14', 'ITH59', 'ITH55', 'ITC31', 'ITC4C', 'ITI43', 'SI043', 'DE717', 'DE713', 'DE502', 'DE279', 'DE262', 'BE232', 'ES640', 'ES630', 'ES618', 'ES617', 'ES614', 'FRC24', 'ES612', 'ES521', 'ES424', 'FRL06', 'FRL05', 'FRL04', 'FRK24', 'FRK23', 'HR050', 'FRI12', 'FRJ13', 'DEC02', 'DEB18', 'EL413', 'EL412', 'EL411']","['Education', 'Youth empowerment', 'Social inclusion']","The guide provides youth with resources to support their development and autonomy, offering information on educational opportunities and support services to aid in their personal and professional growth.","The guide aims to empower young individuals by providing comprehensive resources that facilitate their development and autonomy. It includes information on educational opportunities, such as university courses and vocational training, and support services in health, mental health, and social services. The guide also highlights available scholarships and financial aid to ensure accessibility to education and training. By offering a wide range of resources from local, national, and European levels, the guide seeks to support youth in making informed decisions about their education and career paths. Additionally, it addresses the needs of specific groups, such as those with disabilities or requiring mental health support, ensuring inclusivity. The guide's ultimate goal is to aid young people in Ceuta in achieving independence and successful integration into society by equipping them with the necessary tools and information. The impact of this initiative is expected to be significant, fostering a more informed and self-sufficient youth population capable of contributing positively to their communities and the broader society.",['ES630'],https://www.ceuta.es/ceuta/images/servicios/juventud/documentos/paginas/GuiaRecursosJovenes.pdf,Programme,Verified
"['PL514', 'PL415', 'PL633', 'AT224', 'RO321', 'PL912', 'PT150', 'ITH10', 'ITI14', 'ITH59', 'ITH55', 'ITC31', 'ITC4C', 'ITI43', 'SI043', 'DE717', 'DE713', 'DE502', 'DE279', 'DE262', 'BE232', 'ES640', 'ES630', 'ES618', 'ES617', 'ES614', 'FRC24', 'ES612', 'ES521', 'ES424', 'FRL06', 'FRL05', 'FRL04', 'FRK24', 'FRK23', 'HR050', 'FRI12', 'FRJ13', 'DEC02', 'DEB18', 'EL413', 'EL412', 'EL411']","['Public health', 'Education', 'Youth empowerment', 'Community engagement']","The guide aims to help families prevent addictions in adolescents by fostering protective factors and reducing risk factors through effective communication, setting boundaries, and being role models.","Families play a crucial role in preventing adolescent addictions by fostering protective factors and reducing risk factors. Key strategies include open communication about drugs, setting clear boundaries, and serving as positive role models. The guide emphasizes the importance of understanding the changes adolescents undergo and the pressures they face, such as peer influence and media messages. It highlights the need for parents to be informed about substances like tobacco, alcohol, and cannabis, and to discuss these openly with their children. The guide also addresses behavioral addictions, such as technology and online gambling, and provides strategies for managing these. By creating a supportive and informed family environment, the guide aims to equip adolescents with the skills and knowledge to resist addictive behaviors, ultimately reducing the prevalence of substance abuse and its associated harms. The guide serves as a practical tool for parents to navigate the challenges of raising adolescents in a world where addictive substances and behaviors are prevalent, ensuring that they are prepared to support their children effectively.",['ES630'],https://adicciones.ceuta.es/wp-content/uploads/2024/02/Guia-Adicciones-y-Familia.pdf,Programme,Community
"['PL514', 'PL415', 'PL633', 'AT224', 'RO321', 'PL912', 'PT150', 'ITH10', 'ITI14', 'ITH59', 'ITH55', 'ITC31', 'ITC4C', 'ITI43', 'SI043', 'DE717', 'DE713', 'DE502', 'DE279', 'DE262', 'BE232', 'ES640', 'ES630', 'ES618', 'ES617', 'ES614', 'FRC24', 'ES612', 'ES521', 'ES424', 'FRL06', 'FRL05', 'FRL04', 'FRK24', 'FRK23', 'HR050', 'FRI12', 'FRJ13', 'DEC02', 'DEB18', 'EL413', 'EL412', 'EL411']","['Education', 'Social inclusion', 'Youth empowerment']","The policy promotes non-sexist education by encouraging the selection of toys and literature that avoid gender stereotypes, fostering equal development opportunities for children. It aims to guide families in choosing items that support creativity, cooperation, and problem-solving, ensuring a balanced growth environment.","The policy addresses the need for non-sexist education by focusing on the selection of toys and literature that avoid reinforcing gender stereotypes. It highlights the role of play in child development, emphasizing that toys and stories should foster creativity, cooperation, and problem-solving skills. The document provides guidelines for families to choose toys that are inclusive, safe, and free from gender biases, promoting equal opportunities for both boys and girls. It includes a catalog of recommended toys and non-sexist literature, classified by age, to assist in making informed choices. The policy also advises on the selection of non-sexist video games, encouraging those that promote diversity and creativity while avoiding those with violent or stereotypical content. By implementing these guidelines, the policy aims to create an environment where children can develop their full potential without the constraints of traditional gender roles, ultimately contributing to a more just and equal society. The intended outcome is to educate children in a way that respects diversity and fosters a sense of equality, preparing them to engage positively and constructively with the world around them.",['ES630'],https://www.ceuta.es/ceuta/images/servicios/mujer/documentos/campania_juego/GUIA_INFORMATIVA_JUGUETES_TIENEN_GENERO.pdf,Programme,AI
"['PL514', 'PL415', 'PL633', 'AT224', 'RO321', 'PL912', 'PT150', 'ITH10', 'ITI14', 'ITH59', 'ITH55', 'ITC31', 'ITC4C', 'ITI43', 'SI043', 'DE717', 'DE713', 'DE502', 'DE279', 'DE262', 'BE232', 'ES640', 'ES630', 'ES618', 'ES617', 'ES614', 'FRC24', 'ES612', 'ES521', 'ES424', 'FRL06', 'FRL05', 'FRL04', 'FRK24', 'FRK23', 'HR050', 'FRI12', 'FRJ13', 'DEC02', 'DEB18', 'EL413', 'EL412', 'EL411']","['Public health', 'Social inclusion', 'Governance']","Gender violence encompasses physical, psychological, and economic abuse against women, aiming to maintain discrimination and power imbalances. It includes domestic abuse, sexual assault, and human trafficking, necessitating comprehensive legal and social measures to protect victims and prevent recurrence.","Gender violence involves actions or threats of physical, psychological, or economic harm against women, rooted in gender-based discrimination and power imbalances. It manifests as domestic abuse, sexual assault, and human trafficking, affecting women globally across all social strata. The policy emphasizes the importance of recognizing various forms of abuse, including physical, psychological, economic, social, and sexual maltreatment. Victims are encouraged to seek medical attention, report incidents to authorities, and request protection orders, which can include legal, civil, and social measures. These measures aim to ensure victim safety, provide emergency housing, and offer psychological support. The policy also addresses sexual harassment in the workplace, urging victims to report incidents and seek legal and psychological assistance. Human trafficking is highlighted as a severe violation of human rights, with recruitment often involving deceit or coercion for exploitation purposes. The document underscores the need for a coordinated response involving law enforcement, legal systems, and social services to protect victims, prevent further abuse, and hold perpetrators accountable. By raising awareness and providing clear guidelines for action, the policy seeks to empower victims and reduce the prevalence of gender-based violence.",['ES630'],https://www.ceuta.es/ceuta/images/servicios/mujer/documentos/documentos/GUIA%20DE%20ACTUACION%20MALOS%20TRATOS.pdf,Programme,Verified
"['PL514', 'PL415', 'PL633', 'AT224', 'RO321', 'PL912', 'PT150', 'ITH10', 'ITI14', 'ITH59', 'ITH55', 'ITC31', 'ITC4C', 'ITI43', 'SI043', 'DE717', 'DE713', 'DE502', 'DE279', 'DE262', 'BE232', 'ES640', 'ES630', 'ES618', 'ES617', 'ES614', 'FRC24', 'ES612', 'ES521', 'ES424', 'FRL06', 'FRL05', 'FRL04', 'FRK24', 'FRK23', 'HR050', 'FRI12', 'FRJ13', 'DEC02', 'DEB18', 'EL413', 'EL412', 'EL411']","['Public health', 'Education', 'Youth empowerment', 'Community engagement']","Online gambling poses significant addiction risks, especially for minors. The policy aims to prevent gambling addiction by educating young people and their parents about risks, enforcing age restrictions, and promoting open dialogue about gambling behaviors.","Online gambling has become a major cause of addiction, particularly affecting minors due to its accessibility and anonymity. The policy focuses on early intervention, recommending that parents engage with children aged 9 to 13 about gambling risks. It emphasizes the importance of listening to children and creating an open dialogue to understand their experiences. Education about gambling laws and the improbability of winning is crucial, alongside monitoring internet activities and financial transactions. Establishing clear family rules about gambling can reduce risky behaviors. The policy identifies risk factors such as early gambling wins, stressful life events, impulsivity, and exposure to gambling in the family. It highlights the role of advertising in influencing minors and calls for stricter regulations, especially during live sports events. The ultimate goal is to prevent gambling addiction by raising awareness, educating families, and implementing effective age verification measures. By addressing these issues, the policy aims to protect young people from developing unhealthy gambling habits and reduce the overall incidence of gambling addiction.",['ES630'],https://www.ceuta.es/ceuta/images/servicios/drogo/documentos/noticias/2018/FOLLETO_APUESTAS.pdf,Programme,Community
"['PL514', 'PL415', 'PL633', 'AT224', 'RO321', 'PL912', 'PT150', 'ITH10', 'ITI14', 'ITH59', 'ITH55', 'ITC31', 'ITC4C', 'ITI43', 'SI043', 'DE717', 'DE713', 'DE502', 'DE279', 'DE262', 'BE232', 'ES640', 'ES630', 'ES618', 'ES617', 'ES614', 'FRC24', 'ES612', 'ES521', 'ES424', 'FRL06', 'FRL05', 'FRL04', 'FRK24', 'FRK23', 'HR050', 'FRI12', 'FRJ13', 'DEC02', 'DEB18', 'EL413', 'EL412', 'EL411']","['Economic development', 'Education', 'Social inclusion', 'Community engagement']","The study aims to assess gender disparities in Ceuta to inform a tailored Equality Plan. It examines education, employment, and social participation to identify barriers and promote gender equality through informed policy actions.","The study investigates gender disparities in Ceuta to develop a comprehensive Equality Plan. It focuses on education, employment, and social participation, identifying key areas where gender inequalities persist. The research highlights the need for targeted interventions, such as promoting female education and addressing employment gaps. It also examines the impact of cultural and religious factors on gender roles, aiming to foster a more equitable society. By analyzing both quantitative and qualitative data, the study provides a nuanced understanding of the challenges faced by women in Ceuta. The findings will guide the creation of policies that support gender equality, including educational reforms, economic incentives for female employment, and initiatives to prevent gender-based violence. The ultimate goal is to create a supportive environment where both men and women can equally participate in all aspects of society, thereby enhancing social cohesion and economic development. The study emphasizes the importance of collaboration between government, educational institutions, and community organizations to achieve these objectives, ensuring that the policies are effectively implemented and monitored for impact.",['ES630'],https://www.ceuta.es/ceuta/images/servicios/mujer/documentos/documentos/EstudioSociologicoCeuta.pdf,Programme,AI
"['PL514', 'PL415', 'PL633', 'AT224', 'RO321', 'PL912', 'PT150', 'ITH10', 'ITI14', 'ITH59', 'ITH55', 'ITC31', 'ITC4C', 'ITI43', 'SI043', 'DE717', 'DE713', 'DE502', 'DE279', 'DE262', 'BE232', 'ES640', 'ES630', 'ES618', 'ES617', 'ES614', 'FRC24', 'ES612', 'ES521', 'ES424', 'FRL06', 'FRL05', 'FRL04', 'FRK24', 'FRK23', 'HR050', 'FRI12', 'FRJ13', 'DEC02', 'DEB18', 'EL413', 'EL412', 'EL411']","['Education', 'Youth empowerment', 'Community engagement', 'Cultural heritage']","The policy promotes youth engagement through arts, education, and volunteering, aiming to enhance skills and cultural exchange. It supports initiatives like Erasmus+ to foster active citizenship and personal development among young people.","The policy focuses on engaging young people in various activities to enhance their skills and promote cultural exchange. It includes arts competitions, educational courses, and volunteering opportunities. The arts competitions cover photography, painting, and music, encouraging creativity and expression. Educational courses range from language learning to IT skills, aiming to improve employability. The volunteering component, particularly through the European Voluntary Service (EVS), offers young people the chance to work abroad, gaining valuable experience and fostering European solidarity. Erasmus+ is a key initiative, supporting youth mobility and education across borders, enhancing personal development and active citizenship. The policy targets young people aged 14 to 30, with specific programs for different age groups and interests. By providing these opportunities, the policy aims to empower youth, improve their future prospects, and build a more inclusive and active society. The impact is expected to be significant, with increased youth participation in cultural and educational activities, leading to a more skilled and engaged young population ready to contribute to society.",['ES630'],https://www.ceuta.es/ceuta/images/servicios/juventud/EL%20TRASTERO%20Nº%2029%20%20OTOÑO%202014.pdf,Programme,Verified
"['PL514', 'PL415', 'PL633', 'AT224', 'RO321', 'PL912', 'PT150', 'ITH10', 'ITI14', 'ITH59', 'ITH55', 'ITC31', 'ITC4C', 'ITI43', 'SI043', 'DE717', 'DE713', 'DE502', 'DE279', 'DE262', 'BE232', 'ES640', 'ES630', 'ES618', 'ES617', 'ES614', 'FRC24', 'ES612', 'ES521', 'ES424', 'FRL06', 'FRL05', 'FRL04', 'FRK24', 'FRK23', 'HR050', 'FRI12', 'FRJ13', 'DEC02', 'DEB18', 'EL413', 'EL412', 'EL411']",['Cultural heritage'],"The document explores the evolution of vocal music from the Baroque to the Classical period, emphasizing emotional intensity and structural clarity. It highlights key composers and their contributions to opera, oratorio, and cantata, focusing on the integration of music with dramatic expression.","Vocal music's evolution from the Baroque to the Classical period is marked by a shift from emotional intensity and ornamentation to clarity and accessibility. The Baroque era, characterized by composers like Monteverdi and Handel, emphasized emotional expression through complex textures and improvisation. This period saw the rise of opera, oratorio, and cantata, with a focus on soloists, choirs, and orchestras. The Classical period, with figures like Haydn, Mozart, and Beethoven, introduced structural clarity and homophonic textures, integrating elements of opera into religious music. This era saw the development of opera buffa, which contrasted with the serious themes of opera seria by focusing on everyday life and humor. In France, Gluck's reforms aimed to simplify opera, aligning music with dramatic action and reducing vocal virtuosity. The document also discusses the myth of Orpheus as a recurring theme in music, inspiring numerous compositions across centuries. The impact of these developments is seen in the enduring popularity of these musical forms, which continue to influence modern compositions and performances, highlighting the dynamic interplay between music, drama, and cultural narratives.",['ES630'],https://www.ceuta.es/conservatorio/images/MATERIALEDUCATIVO/CUADERNO%20DE%202%20CORO%20EP%202021.pdf,Programme,Community
"['PL514', 'PL415', 'PL633', 'AT224', 'RO321', 'PL912', 'PT150', 'ITH10', 'ITI14', 'ITH59', 'ITH55', 'ITC31', 'ITC4C', 'ITI43', 'SI043', 'DE717', 'DE713', 'DE502', 'DE279', 'DE262', 'BE232', 'ES640', 'ES630', 'ES618', 'ES617', 'ES614', 'FRC24', 'ES612', 'ES521', 'ES424', 'FRL06', 'FRL05', 'FRL04', 'FRK24', 'FRK23', 'HR050', 'FRI12', 'FRJ13', 'DEC02', 'DEB18', 'EL413', 'EL412', 'EL411']","['Public health', 'Education', 'Community engagement']","The document highlights the importance of early cancer detection through preventive screenings, emphasizing the potential to save lives and reduce suffering. It advocates for widespread implementation of simple tests to detect colon cancer early, aiming to improve public health outcomes.","The document discusses the critical role of early detection in cancer treatment, particularly focusing on colon cancer. It underscores the effectiveness of a simple fecal occult blood test in identifying early-stage colon cancer, which could prevent 90% of cases if implemented widely. Despite its inclusion in Spain's basic healthcare services in 2014, the rollout has been inconsistent across regions. The document calls for uniform implementation to ensure equitable access to preventive care. It also highlights the personal story of journalist Jesús Martín Tapias, who battled colon cancer and advocated for awareness and prevention. His experience is used to draw parallels between the endurance required in a marathon and the fight against cancer, emphasizing psychological resilience and the importance of maintaining hope. The document aims to inspire optimism and proactive health management, encouraging individuals to participate in screening programs. It also stresses the need for public health policies that prioritize preventive measures, ultimately aiming to reduce the incidence and impact of cancer through early intervention and education.",['ES630'],https://www.ceuta.es/ceuta/images/servicios/sanidad/documentos/noticias/2018/COLOQUIO-COLON-DIPTICO.pdf,Programme,AI
"['PL514', 'PL415', 'PL633', 'AT224', 'RO321', 'PL912', 'PT150', 'ITH10', 'ITI14', 'ITH59', 'ITH55', 'ITC31', 'ITC4C', 'ITI43', 'SI043', 'DE717', 'DE713', 'DE502', 'DE279', 'DE262', 'BE232', 'ES640', 'ES630', 'ES618', 'ES617', 'ES614', 'FRC24', 'ES612', 'ES521', 'ES424', 'FRL06', 'FRL05', 'FRL04', 'FRK24', 'FRK23', 'HR050', 'FRI12', 'FRJ13', 'DEC02', 'DEB18', 'EL413', 'EL412', 'EL411']","['Public health', 'Education', 'Youth empowerment', 'Community engagement', 'Digitalisation']","The guide aims to help families prevent addictions in adolescents by providing practical strategies and fostering protective factors, focusing on both substance and technology-related dependencies.","Families play a crucial role in preventing adolescent addictions, both substance-related and behavioral, such as technology use. The guide emphasizes the importance of clear communication about drugs, setting boundaries, and being role models. It highlights the need for parents to understand the risk and protective factors influencing addiction. Key strategies include discussing the effects and myths of drugs, promoting healthy leisure activities, and establishing a supportive family environment. The guide also addresses the rising concern of technology addiction, including mobile phones and online gambling, and suggests monitoring and guiding technology use. By fostering a positive family climate and encouraging prosocial values, parents can reduce the likelihood of addiction. The document underscores the importance of early intervention and continuous parental involvement to navigate the challenges of adolescence, aiming to equip families with the tools to support their children in making informed decisions and resisting peer pressure. The ultimate goal is to prepare adolescents for real-world challenges, reducing the prevalence of addiction and its associated risks.",['ES630'],https://www.ceuta.es/ceuta/images/servicios/drogo/documentos/noticias/2018/Ceuta_guia_drogas2017.pdf,Programme,Verified
"['PL514', 'PL415', 'PL633', 'AT224', 'RO321', 'PL912', 'PT150', 'ITH10', 'ITI14', 'ITH59', 'ITH55', 'ITC31', 'ITC4C', 'ITI43', 'SI043', 'DE717', 'DE713', 'DE502', 'DE279', 'DE262', 'BE232', 'ES640', 'ES630', 'ES618', 'ES617', 'ES614', 'FRC24', 'ES612', 'ES521', 'ES424', 'FRL06', 'FRL05', 'FRL04', 'FRK24', 'FRK23', 'HR050', 'FRI12', 'FRJ13', 'DEC02', 'DEB18', 'EL413', 'EL412', 'EL411']","['Youth empowerment', 'Cultural heritage', 'Community engagement']","The policy aims to recognize and empower youth through artistic creation, enhancing their employability and enriching their lives by promoting artistic expression as a vital communication tool.","The policy focuses on recognizing and empowering young individuals by promoting their artistic creations across various categories such as drawing, illustration, comic, photography, modern music, short films, short stories, and poetry. By organizing youth awards, the initiative seeks to highlight and disseminate the artistic talents of young people, encouraging them to express emotions and beauty through art. This approach not only aims to enhance the employability of the youth by valuing their creative efforts but also emphasizes the importance of artistic expression as a fundamental element for a fulfilling life. The policy encourages participation from young people aged 14 to 30, inviting them to engage with the Youth House and partake in future editions of the awards. The intended outcome is to foster a vibrant community of young artists who are recognized for their contributions, thereby creating a supportive environment that nurtures creativity and personal growth. By doing so, the policy aspires to build a culture that values artistic endeavors as both a professional opportunity and a means of personal enrichment.",['ES630'],https://www.ceuta.es/ceuta/images/servicios/juventud/documentos/noticias/catalogo-premios-juventud-2021.pdf,Programme,Community
"['PL514', 'PL415', 'PL633', 'AT224', 'RO321', 'PL912', 'PT150', 'ITH10', 'ITI14', 'ITH59', 'ITH55', 'ITC31', 'ITC4C', 'ITI43', 'SI043', 'DE717', 'DE713', 'DE502', 'DE279', 'DE262', 'BE232', 'ES640', 'ES630', 'ES618', 'ES617', 'ES614', 'FRC24', 'ES612', 'ES521', 'ES424', 'FRL06', 'FRL05', 'FRL04', 'FRK24', 'FRK23', 'HR050', 'FRI12', 'FRJ13', 'DEC02', 'DEB18', 'EL413', 'EL412', 'EL411']","['Youth empowerment', 'Cultural heritage', 'Community engagement']",The policy aims to recognize and empower young artistic talent by organizing awards in various creative categories. It seeks to enhance employability and enrich lives through artistic expression.,"The policy focuses on recognizing and promoting artistic creation among youth by organizing the Youth Awards, which cover categories such as Drawing, Illustration, Comic, Photography, Modern Young Music, Short Film, Short Story, and Young Poetry. The initiative is designed to acknowledge and enhance the artistic efforts of young individuals, emphasizing the importance of creativity not only as a means of personal expression but also as a valuable skill for employability. By showcasing and disseminating the works of young artists, the policy aims to foster a vibrant cultural environment that encourages young people to engage in artistic pursuits. The awards serve as a platform for young talents to gain visibility and recognition, potentially opening up further opportunities in their artistic careers. The policy underscores the role of artistic expression as a fundamental component of a fulfilling life, advocating for its integration into the broader developmental framework for youth. The initiative invites young people aged 14 to 30 to participate, thereby nurturing a new generation of artists and contributing to the cultural and social fabric of the community. The ultimate goal is to create a supportive ecosystem that values and cultivates artistic talent among the youth.",['ES630'],https://www.ceuta.es/ceuta/images/servicios/juventud/CATÁLOGO%20PREMIOS%20JUVENTUD%202019.pdf,Programme,AI
"['PL514', 'PL415', 'PL633', 'AT224', 'RO321', 'PL912', 'PT150', 'ITH10', 'ITI14', 'ITH59', 'ITH55', 'ITC31', 'ITC4C', 'ITI43', 'SI043', 'DE717', 'DE713', 'DE502', 'DE279', 'DE262', 'BE232', 'ES640', 'ES630', 'ES618', 'ES617', 'ES614', 'FRC24', 'ES612', 'ES521', 'ES424', 'FRL06', 'FRL05', 'FRL04', 'FRK24', 'FRK23', 'HR050', 'FRI12', 'FRJ13', 'DEC02', 'DEB18', 'EL413', 'EL412', 'EL411']","['Education', 'Youth empowerment', 'Social inclusion', 'Community engagement']","The policy aims to promote and recognize youth artistic creation by organizing awards in various categories. It seeks to enhance employability and enrich lives through artistic expression, while ensuring equal opportunities for young people.","The policy focuses on promoting and recognizing the artistic talents of young people by organizing annual youth awards in categories such as drawing, illustration, comic, photography, music, short film, short story, and poetry. The initiative aims to enhance the employability of young individuals and enrich their lives by fostering artistic expression. It coincides with the opening of an Arts School, expanding educational opportunities in the arts. The policy also emphasizes non-formal education through diverse courses and encourages youth participation via a network of correspondents in educational institutions. Additional initiatives include volunteering, mobility, emancipation, microcredits, and entrepreneurship, all designed to elevate youth expectations and ensure equal opportunities compared to peers in other regions. The ultimate goal is to create a supportive environment that nurtures creativity and provides young people with the tools and opportunities to succeed in their artistic endeavors, thereby contributing to a vibrant and inclusive community.",['ES630'],https://www.ceuta.es/ceuta/images/servicios/juventud/CATÁLOGO%20PREMIOS%20JUVENTUD%202018.pdf,Programme,Verified
"['PL514', 'PL415', 'PL633', 'AT224', 'RO321', 'PL912', 'PT150', 'ITH10', 'ITI14', 'ITH59', 'ITH55', 'ITC31', 'ITC4C', 'ITI43', 'SI043', 'DE717', 'DE713', 'DE502', 'DE279', 'DE262', 'BE232', 'ES640', 'ES630', 'ES618', 'ES617', 'ES614', 'FRC24', 'ES612', 'ES521', 'ES424', 'FRL06', 'FRL05', 'FRL04', 'FRK24', 'FRK23', 'HR050', 'FRI12', 'FRJ13', 'DEC02', 'DEB18', 'EL413', 'EL412', 'EL411']","['Public health', 'Governance', 'Community engagement']","Vaccination is crucial throughout life to prevent infectious diseases and save lives. It is essential for reducing mortality and morbidity globally, with millions of lives saved annually. Improving global vaccination coverage could prevent additional deaths, highlighting the importance of continued investment in immunization programs.","Vaccination plays a vital role in protecting individuals from childhood through adulthood against infectious diseases. It is a key public health strategy that saves 2 to 3 million lives annually and prevents over 30 infectious diseases worldwide. Despite these benefits, infectious diseases remain a significant threat, particularly in Europe, where diseases like measles and rubella still pose challenges. Increasing global vaccination coverage could prevent an additional 1.5 million deaths each year. The document emphasizes the need for continued investment in immunization programs to enhance coverage and reduce the incidence of preventable diseases. By improving vaccination rates, public health systems can mitigate the impact of infectious diseases, reduce healthcare costs, and improve overall population health. The collaboration with organizations like the World Health Organization underscores the global commitment to these efforts. The document serves as a call to action for policymakers to prioritize immunization as a critical component of public health strategy, ensuring that vaccines remain accessible and coverage is expanded to protect communities worldwide.",['ES630'],https://www.ceuta.es/ceuta/images/servicios/sanidad/documentos/Cartel_Semanan%20Mundial%20Inmunización.pdf,Programme,Community
"['PL514', 'PL415', 'PL633', 'AT224', 'RO321', 'PL912', 'PT150', 'ITH10', 'ITI14', 'ITH59', 'ITH55', 'ITC31', 'ITC4C', 'ITI43', 'SI043', 'DE717', 'DE713', 'DE502', 'DE279', 'DE262', 'BE232', 'ES640', 'ES630', 'ES618', 'ES617', 'ES614', 'FRC24', 'ES612', 'ES521', 'ES424', 'FRL06', 'FRL05', 'FRL04', 'FRK24', 'FRK23', 'HR050', 'FRI12', 'FRJ13', 'DEC02', 'DEB18', 'EL413', 'EL412', 'EL411']",['Public health'],"The program targets individuals aged 50-69 to detect colorectal cancer early through biennial home tests for hidden blood in stool, aiming to prevent cancer by removing polyps and treating early-stage cancer effectively.","The program focuses on early detection of colorectal cancer in individuals aged 50 to 69. Participants are invited to perform a simple home test every two years to check for hidden blood in their stool, which can indicate the presence of polyps or early-stage cancer. If the test is negative, participants are advised to repeat it biennially, but should consult a doctor if symptoms arise. A positive result suggests the possibility of benign polyps or, less commonly, cancer, prompting a follow-up colonoscopy. This procedure, performed under sedation, allows for the removal of polyps, which are mostly benign but can develop into cancer. Early detection of cancer significantly increases the chances of successful treatment. The program's primary goals are to prevent colorectal cancer by removing polyps early and to enhance treatment effectiveness by identifying cancer before symptoms appear. By implementing this screening strategy, the program aims to reduce the incidence and mortality rates associated with colorectal cancer, ultimately improving public health outcomes for the target age group.",['ES630'],https://www.ceuta.es/ceuta/images/servicios/sanidad/documentos/epidemiologia/rutacancer/CancerColorrectal_Triptico.pdf,Programme,AI
"['PL514', 'PL415', 'PL633', 'AT224', 'RO321', 'PL912', 'PT150', 'ITH10', 'ITI14', 'ITH59', 'ITH55', 'ITC31', 'ITC4C', 'ITI43', 'SI043', 'DE717', 'DE713', 'DE502', 'DE279', 'DE262', 'BE232', 'ES640', 'ES630', 'ES618', 'ES617', 'ES614', 'FRC24', 'ES612', 'ES521', 'ES424', 'FRL06', 'FRL05', 'FRL04', 'FRK24', 'FRK23', 'HR050', 'FRI12', 'FRJ13', 'DEC02', 'DEB18', 'EL413', 'EL412', 'EL411']","['Public health', 'Economic development', 'Social inclusion']","Vaccination is crucial for saving lives, controlling diseases, and promoting public health. It prevents severe illnesses, supports community immunity, and offers economic and social benefits. Vaccines are safe and essential throughout life, reducing healthcare inequalities and protecting future generations.","Vaccination plays a vital role in public health by preventing infectious diseases, saving lives, and reducing healthcare inequalities. It is essential for controlling, eliminating, and potentially eradicating diseases like smallpox and polio. High vaccination rates contribute to community immunity, protecting those who cannot be vaccinated. Vaccines are crucial not only for children but also for adolescents and adults, especially in special circumstances such as chronic illnesses, pregnancy, or occupational exposure. They prevent complications from diseases and some cancers, like liver cancer from hepatitis B and cervical cancer from HPV. Economically, vaccination is cost-effective, reducing the financial burden of treating preventable diseases. It is a basic right, with many countries offering vaccines for free, emphasizing the importance of taking advantage of this opportunity. Vaccines undergo rigorous safety checks, with minimal contraindications, and the benefits far outweigh the risks. Addressing myths and ensuring individuals are well-informed about their vaccination status is crucial. Overall, vaccination is a key component of a healthy lifestyle, akin to proper diet and exercise, and is a collective responsibility to protect individual and public health.",['ES630'],https://www.ceuta.es/ceuta/images/servicios/sanidad/documentos/noticias/2016/Beneficios_Vacunacion_Decalogo_2016.pdf,Programme,Verified
"['AT211', 'AT127', 'AT332', 'PT170', 'NL213', 'NL212', 'NL211', 'NL131', 'NL124', 'NL112', 'NL111', 'NL226', 'NL321', 'NL414', 'NL413', 'NL412', 'NL411', 'NL33C', 'NL328', 'NL325', 'NL324', 'NL323', 'NL33A', 'LT011', 'SK010', 'CH012', 'CH011', 'CH013', 'CH021', 'CH023', 'CH065', 'CH064', 'CH063', 'CH062', 'CH061', 'CH055', 'CH054', 'CH053', 'CH040', 'CH033', 'CH031', 'CH024', 'CH022', 'NO092', 'NO091', 'NO082', 'NO081', 'NO074', 'NO071', 'NO060', 'NO020', 'SE124', 'DEA41', 'DE40D', 'DE405', 'DE404', 'DE403', 'DE402', 'DE401', 'DE300', 'DE27A', 'DE721', 'DE253', 'DE243', 'DE242', 'DE273', 'DE271', 'DE26C', 'DE265', 'DE263', 'DE724', 'DEA16', 'DEA14', 'DEA13', 'DEA11', 'DE945', 'DEA33', 'DEA32', 'DEA2D', 'DEA2B', 'DEA2A', 'DEA24', 'DEA23', 'DEA22', 'DEA1A', 'DE944', 'DE916', 'DE911', 'DE80L', 'DE804', 'DE803', 'DE93A', 'DE938', 'DE929', 'DE928', 'DE91C', 'BE256', 'BE341', 'BE310', 'DK014', 'DE21H', 'DE21F', 'DE21C', 'DE21B', 'DE21A', 'DE217', 'DE216', 'DE215', 'DE213', 'DE21K', 'DE21L', 'DE233', 'DE232', 'DE231', 'DE225', 'DE222', 'DE21N', 'DE21M', 'DE144', 'DE121', 'DE11D', 'DE11C', 'DE117', 'DE116', 'DE115', 'DE113', 'DE112', 'DE111', 'DK042', 'DE122', 'DE123', 'DE125', 'DE139', 'DE138', 'DE131', 'DE12A', 'DE128', 'DE126', 'ES212', 'FRK28', 'FRK27', 'FRJ26', 'FRJ21', 'DED41', 'DED21', 'DEB3H', 'DEB3F', 'DEF02', 'DEF01', 'DED51', 'DEB3C', 'DEB11', 'DEA52', 'DEA47', 'DEB38', 'DEB37', 'DEB36', 'DEB35', 'DEB33', 'DEB32', 'DEB23', 'DEB21', 'DEB24', 'DEF04', 'IE062', 'DEG09', 'DEG07', 'DEG05', 'DEG04', 'DEG03', 'DEG02', 'DEG01', 'DEF0F', 'DEF0D', 'DEF0C', 'DEF08', 'DEF07', 'DEG0F', 'DEG0H', 'SI041', 'PL911', 'NL113', 'NL230', 'NL310', 'NL337', 'NL332', 'NL329', 'NL327', 'HU110', 'LU000', 'CH057', 'CH056', 'CH032', 'FI1B1', 'SE110', 'DE71E', 'DE71D', 'DE71A', 'DE718', 'DE714', 'DE712', 'DE711', 'DE251', 'DE241', 'DE274', 'DE272', 'DE731', 'DE943', 'DK012', 'DK011', 'CZ010', 'BE251', 'BE242', 'DK013', 'DE21E', 'DE21D', 'DE218', 'DE212', 'DE148', 'DE223', 'DE221', 'DE142', 'DE141', 'DE136', 'FR104', 'FR103', 'FR101', 'FR105', 'FR108', 'ES300', 'FRK26', 'IE061', 'AT222', 'NL423', 'NL225', 'NL224', 'NL221', 'NL133', 'NL132', 'NL126', 'NL125', 'MT001', 'NL422', 'NL421', 'NL33B', 'NL333', 'CH066', 'CH025', 'CH070', 'DE40E', 'DE40A', 'DE409', 'DE408', 'DE406', 'DE40I', 'DE40H', 'DEA15', 'DEA18', 'DEA19', 'DEA1B', 'DEA31', 'DEA2C', 'DEA29', 'DEA28', 'DEA27', 'DEA26', 'DEA1F', 'DEA1E', 'DEA1D', 'DEA1C', 'DE80J', 'DE91A', 'DE91B', 'DE925', 'DEA35', 'DK031', 'DEA36', 'ES703', 'FRC21', 'FRC11', 'ES242', 'ES211', 'ES112', 'ES111', 'FRL02', 'FRF31', 'FRJ22', 'DED2D', 'DED2C', 'DED53', 'DED52', 'DEA5C', 'DEA55', 'DEA51', 'DEA37', 'DEF0B', 'DEG0C', 'IE063', 'DEG0N']","['Sustainability', 'Energy', 'Social inclusion', 'Economic development']","The policy aims to enhance energy efficiency in homes and provide training for sustainability advisors to combat energy poverty, ensuring inclusive access to renewable energy. It supports low-income homeowners unable to finance energy-saving measures themselves.","The policy modifies the Just Transition Fund (JTF) 2021–2027 to address energy poverty by improving energy efficiency in homes and training sustainability advisors. It targets low-income homeowners who cannot afford energy-saving measures, providing financial support to enhance their homes' energy performance. The initiative includes training programs for sustainability advisors and workers to implement energy-saving measures, promoting workforce mobility in the energy sector. The policy sets a subsidy ceiling of €5 million for energy efficiency projects and €1 million for training programs. Applications are evaluated based on their contribution to JTF objectives, economic viability, project quality, and sustainable development impact. The policy emphasizes reducing CO2 emissions and fossil fuel dependency while fostering social inclusion in the energy transition. It involves a phased evaluation process, including completeness checks, expert committee assessments, and financial-technical reviews. The policy aims to support approximately 1,500 homes, improving their energy classification by at least one label. It also seeks to enhance the skills of workers and job seekers, ensuring they can contribute to energy-saving initiatives. The policy underscores the importance of sustainable development, aligning with the 'no one left behind' principle, and aims to create conditions for further sustainability advancements.",['NL1'],https://www.snn.eu/sites/default/files/documents/Wijzigingsregeling%20JTF%2031%20januari%202024_0.pdf,Policy,Community
"['AT211', 'AT127', 'AT332', 'PT170', 'NL213', 'NL212', 'NL211', 'NL131', 'NL124', 'NL112', 'NL111', 'NL226', 'NL321', 'NL414', 'NL413', 'NL412', 'NL411', 'NL33C', 'NL328', 'NL325', 'NL324', 'NL323', 'NL33A', 'LT011', 'SK010', 'CH012', 'CH011', 'CH013', 'CH021', 'CH023', 'CH065', 'CH064', 'CH063', 'CH062', 'CH061', 'CH055', 'CH054', 'CH053', 'CH040', 'CH033', 'CH031', 'CH024', 'CH022', 'NO092', 'NO091', 'NO082', 'NO081', 'NO074', 'NO071', 'NO060', 'NO020', 'SE124', 'DEA41', 'DE40D', 'DE405', 'DE404', 'DE403', 'DE402', 'DE401', 'DE300', 'DE27A', 'DE721', 'DE253', 'DE243', 'DE242', 'DE273', 'DE271', 'DE26C', 'DE265', 'DE263', 'DE724', 'DEA16', 'DEA14', 'DEA13', 'DEA11', 'DE945', 'DEA33', 'DEA32', 'DEA2D', 'DEA2B', 'DEA2A', 'DEA24', 'DEA23', 'DEA22', 'DEA1A', 'DE944', 'DE916', 'DE911', 'DE80L', 'DE804', 'DE803', 'DE93A', 'DE938', 'DE929', 'DE928', 'DE91C', 'BE256', 'BE341', 'BE310', 'DK014', 'DE21H', 'DE21F', 'DE21C', 'DE21B', 'DE21A', 'DE217', 'DE216', 'DE215', 'DE213', 'DE21K', 'DE21L', 'DE233', 'DE232', 'DE231', 'DE225', 'DE222', 'DE21N', 'DE21M', 'DE144', 'DE121', 'DE11D', 'DE11C', 'DE117', 'DE116', 'DE115', 'DE113', 'DE112', 'DE111', 'DK042', 'DE122', 'DE123', 'DE125', 'DE139', 'DE138', 'DE131', 'DE12A', 'DE128', 'DE126', 'ES212', 'FRK28', 'FRK27', 'FRJ26', 'FRJ21', 'DED41', 'DED21', 'DEB3H', 'DEB3F', 'DEF02', 'DEF01', 'DED51', 'DEB3C', 'DEB11', 'DEA52', 'DEA47', 'DEB38', 'DEB37', 'DEB36', 'DEB35', 'DEB33', 'DEB32', 'DEB23', 'DEB21', 'DEB24', 'DEF04', 'IE062', 'DEG09', 'DEG07', 'DEG05', 'DEG04', 'DEG03', 'DEG02', 'DEG01', 'DEF0F', 'DEF0D', 'DEF0C', 'DEF08', 'DEF07', 'DEG0F', 'DEG0H', 'SI041', 'PL911', 'NL113', 'NL230', 'NL310', 'NL337', 'NL332', 'NL329', 'NL327', 'HU110', 'LU000', 'CH057', 'CH056', 'CH032', 'FI1B1', 'SE110', 'DE71E', 'DE71D', 'DE71A', 'DE718', 'DE714', 'DE712', 'DE711', 'DE251', 'DE241', 'DE274', 'DE272', 'DE731', 'DE943', 'DK012', 'DK011', 'CZ010', 'BE251', 'BE242', 'DK013', 'DE21E', 'DE21D', 'DE218', 'DE212', 'DE148', 'DE223', 'DE221', 'DE142', 'DE141', 'DE136', 'FR104', 'FR103', 'FR101', 'FR105', 'FR108', 'ES300', 'FRK26', 'IE061', 'AT222', 'NL423', 'NL225', 'NL224', 'NL221', 'NL133', 'NL132', 'NL126', 'NL125', 'MT001', 'NL422', 'NL421', 'NL33B', 'NL333', 'CH066', 'CH025', 'CH070', 'DE40E', 'DE40A', 'DE409', 'DE408', 'DE406', 'DE40I', 'DE40H', 'DEA15', 'DEA18', 'DEA19', 'DEA1B', 'DEA31', 'DEA2C', 'DEA29', 'DEA28', 'DEA27', 'DEA26', 'DEA1F', 'DEA1E', 'DEA1D', 'DEA1C', 'DE80J', 'DE91A', 'DE91B', 'DE925', 'DEA35', 'DK031', 'DEA36', 'ES703', 'FRC21', 'FRC11', 'ES242', 'ES211', 'ES112', 'ES111', 'FRL02', 'FRF31', 'FRJ22', 'DED2D', 'DED2C', 'DED53', 'DED52', 'DEA5C', 'DEA55', 'DEA51', 'DEA37', 'DEF0B', 'DEG0C', 'IE063', 'DEG0N']","['Sustainability', 'Energy', 'Social inclusion', 'Economic development']","The policy aims to enhance energy efficiency in homes and provide training for sustainability advisors, addressing energy poverty and supporting the energy transition. It offers financial support for energy-saving measures and workforce development to ensure inclusive access to renewable energy solutions.","The policy focuses on improving energy efficiency in homes and training sustainability advisors to address energy poverty and support the energy transition. It provides subsidies for energy-saving measures in homes that cannot afford them due to financial constraints. The initiative also includes training programs for sustainability advisors and workers to implement energy-saving measures effectively. The policy targets private homeowners with low incomes and poorly insulated homes, aiming to improve their energy efficiency by at least one energy label. By doing so, it seeks to reduce fossil fuel consumption and promote the use of renewable energy. The policy also emphasizes workforce development by offering training and certification for workers and job seekers in energy-saving techniques, enhancing labor mobility in the region. The financial support is distributed based on project proposals that meet specific criteria, including contribution to the Just Transition Fund's goals, economic viability, project quality, and sustainable development impact. The expected outcomes include reduced energy costs for homeowners, improved housing stock, increased public support for the energy transition, and the creation of necessary conditions for further sustainability efforts. The policy ensures that no one is left behind in the transition to a more sustainable energy system.",['NL1'],https://www.snn.eu/sites/default/files/documents/Wijzigingsregeling%20JTF%2031%20januari%202024.pdf,Programme,Verified
"['AT211', 'AT127', 'AT332', 'PT170', 'NL213', 'NL212', 'NL211', 'NL131', 'NL124', 'NL112', 'NL111', 'NL226', 'NL321', 'NL414', 'NL413', 'NL412', 'NL411', 'NL33C', 'NL328', 'NL325', 'NL324', 'NL323', 'NL33A', 'LT011', 'SK010', 'CH012', 'CH011', 'CH013', 'CH021', 'CH023', 'CH065', 'CH064', 'CH063', 'CH062', 'CH061', 'CH055', 'CH054', 'CH053', 'CH040', 'CH033', 'CH031', 'CH024', 'CH022', 'NO092', 'NO091', 'NO082', 'NO081', 'NO074', 'NO071', 'NO060', 'NO020', 'SE124', 'DEA41', 'DE40D', 'DE405', 'DE404', 'DE403', 'DE402', 'DE401', 'DE300', 'DE27A', 'DE721', 'DE253', 'DE243', 'DE242', 'DE273', 'DE271', 'DE26C', 'DE265', 'DE263', 'DE724', 'DEA16', 'DEA14', 'DEA13', 'DEA11', 'DE945', 'DEA33', 'DEA32', 'DEA2D', 'DEA2B', 'DEA2A', 'DEA24', 'DEA23', 'DEA22', 'DEA1A', 'DE944', 'DE916', 'DE911', 'DE80L', 'DE804', 'DE803', 'DE93A', 'DE938', 'DE929', 'DE928', 'DE91C', 'BE256', 'BE341', 'BE310', 'DK014', 'DE21H', 'DE21F', 'DE21C', 'DE21B', 'DE21A', 'DE217', 'DE216', 'DE215', 'DE213', 'DE21K', 'DE21L', 'DE233', 'DE232', 'DE231', 'DE225', 'DE222', 'DE21N', 'DE21M', 'DE144', 'DE121', 'DE11D', 'DE11C', 'DE117', 'DE116', 'DE115', 'DE113', 'DE112', 'DE111', 'DK042', 'DE122', 'DE123', 'DE125', 'DE139', 'DE138', 'DE131', 'DE12A', 'DE128', 'DE126', 'ES212', 'FRK28', 'FRK27', 'FRJ26', 'FRJ21', 'DED41', 'DED21', 'DEB3H', 'DEB3F', 'DEF02', 'DEF01', 'DED51', 'DEB3C', 'DEB11', 'DEA52', 'DEA47', 'DEB38', 'DEB37', 'DEB36', 'DEB35', 'DEB33', 'DEB32', 'DEB23', 'DEB21', 'DEB24', 'DEF04', 'IE062', 'DEG09', 'DEG07', 'DEG05', 'DEG04', 'DEG03', 'DEG02', 'DEG01', 'DEF0F', 'DEF0D', 'DEF0C', 'DEF08', 'DEF07', 'DEG0F', 'DEG0H', 'SI041', 'PL911', 'NL113', 'NL230', 'NL310', 'NL337', 'NL332', 'NL329', 'NL327', 'HU110', 'LU000', 'CH057', 'CH056', 'CH032', 'FI1B1', 'SE110', 'DE71E', 'DE71D', 'DE71A', 'DE718', 'DE714', 'DE712', 'DE711', 'DE251', 'DE241', 'DE274', 'DE272', 'DE731', 'DE943', 'DK012', 'DK011', 'CZ010', 'BE251', 'BE242', 'DK013', 'DE21E', 'DE21D', 'DE218', 'DE212', 'DE148', 'DE223', 'DE221', 'DE142', 'DE141', 'DE136', 'FR104', 'FR103', 'FR101', 'FR105', 'FR108', 'ES300', 'FRK26', 'IE061', 'AT222', 'NL423', 'NL225', 'NL224', 'NL221', 'NL133', 'NL132', 'NL126', 'NL125', 'MT001', 'NL422', 'NL421', 'NL33B', 'NL333', 'CH066', 'CH025', 'CH070', 'DE40E', 'DE40A', 'DE409', 'DE408', 'DE406', 'DE40I', 'DE40H', 'DEA15', 'DEA18', 'DEA19', 'DEA1B', 'DEA31', 'DEA2C', 'DEA29', 'DEA28', 'DEA27', 'DEA26', 'DEA1F', 'DEA1E', 'DEA1D', 'DEA1C', 'DE80J', 'DE91A', 'DE91B', 'DE925', 'DEA35', 'DK031', 'DEA36', 'ES703', 'FRC21', 'FRC11', 'ES242', 'ES211', 'ES112', 'ES111', 'FRL02', 'FRF31', 'FRJ22', 'DED2D', 'DED2C', 'DED53', 'DED52', 'DEA5C', 'DEA55', 'DEA51', 'DEA37', 'DEF0B', 'DEG0C', 'IE063', 'DEG0N']","['Economic development', 'Innovation', 'Social inclusion', 'Regional development', 'Digitalisation']","The regulation amends the JTF 2021–2027 subsidy scheme to extend deadlines and reintroduce funding opportunities. It aims to support innovation and economic diversification through subsidies, focusing on research, digitalization, and workforce development.","The regulation modifies the JTF 2021–2027 subsidy scheme by extending deadlines and re-establishing funding opportunities. It targets innovation and economic diversification by providing subsidies for projects that align with the Just Transition Fund's objectives. Eligible activities include research, digital innovation, and workforce development, with a focus on circular economy and biobased chemistry. The subsidy covers up to 50% of eligible costs, with a maximum of €5,000,000 per project. Applications are ranked based on criteria such as contribution to JTF goals, socioeconomic integration, and sustainability impact. The regulation also addresses state aid compliance, ensuring subsidies align with EU rules. The initiative aims to foster regional economic growth and innovation, particularly in transitioning industries, by supporting projects that enhance technical and social innovation. The regulation's impact is expected to be significant, promoting sustainable development and social inclusion while driving economic transformation. The changes facilitate a more flexible and responsive funding environment, encouraging diverse stakeholders to engage in transformative projects. By extending application periods and adjusting criteria, the regulation seeks to maximize the effective use of available funds, ultimately contributing to a more resilient and diversified economy.",['NL1'],https://www.snn.eu/sites/default/files/documents/Wijzigingsregeling%20JTF%2031%20augustus%202023.pdf,Policy,Community
"['AT211', 'AT127', 'AT332', 'PT170', 'NL213', 'NL212', 'NL211', 'NL131', 'NL124', 'NL112', 'NL111', 'NL226', 'NL321', 'NL414', 'NL413', 'NL412', 'NL411', 'NL33C', 'NL328', 'NL325', 'NL324', 'NL323', 'NL33A', 'LT011', 'SK010', 'CH012', 'CH011', 'CH013', 'CH021', 'CH023', 'CH065', 'CH064', 'CH063', 'CH062', 'CH061', 'CH055', 'CH054', 'CH053', 'CH040', 'CH033', 'CH031', 'CH024', 'CH022', 'NO092', 'NO091', 'NO082', 'NO081', 'NO074', 'NO071', 'NO060', 'NO020', 'SE124', 'DEA41', 'DE40D', 'DE405', 'DE404', 'DE403', 'DE402', 'DE401', 'DE300', 'DE27A', 'DE721', 'DE253', 'DE243', 'DE242', 'DE273', 'DE271', 'DE26C', 'DE265', 'DE263', 'DE724', 'DEA16', 'DEA14', 'DEA13', 'DEA11', 'DE945', 'DEA33', 'DEA32', 'DEA2D', 'DEA2B', 'DEA2A', 'DEA24', 'DEA23', 'DEA22', 'DEA1A', 'DE944', 'DE916', 'DE911', 'DE80L', 'DE804', 'DE803', 'DE93A', 'DE938', 'DE929', 'DE928', 'DE91C', 'BE256', 'BE341', 'BE310', 'DK014', 'DE21H', 'DE21F', 'DE21C', 'DE21B', 'DE21A', 'DE217', 'DE216', 'DE215', 'DE213', 'DE21K', 'DE21L', 'DE233', 'DE232', 'DE231', 'DE225', 'DE222', 'DE21N', 'DE21M', 'DE144', 'DE121', 'DE11D', 'DE11C', 'DE117', 'DE116', 'DE115', 'DE113', 'DE112', 'DE111', 'DK042', 'DE122', 'DE123', 'DE125', 'DE139', 'DE138', 'DE131', 'DE12A', 'DE128', 'DE126', 'ES212', 'FRK28', 'FRK27', 'FRJ26', 'FRJ21', 'DED41', 'DED21', 'DEB3H', 'DEB3F', 'DEF02', 'DEF01', 'DED51', 'DEB3C', 'DEB11', 'DEA52', 'DEA47', 'DEB38', 'DEB37', 'DEB36', 'DEB35', 'DEB33', 'DEB32', 'DEB23', 'DEB21', 'DEB24', 'DEF04', 'IE062', 'DEG09', 'DEG07', 'DEG05', 'DEG04', 'DEG03', 'DEG02', 'DEG01', 'DEF0F', 'DEF0D', 'DEF0C', 'DEF08', 'DEF07', 'DEG0F', 'DEG0H', 'SI041', 'PL911', 'NL113', 'NL230', 'NL310', 'NL337', 'NL332', 'NL329', 'NL327', 'HU110', 'LU000', 'CH057', 'CH056', 'CH032', 'FI1B1', 'SE110', 'DE71E', 'DE71D', 'DE71A', 'DE718', 'DE714', 'DE712', 'DE711', 'DE251', 'DE241', 'DE274', 'DE272', 'DE731', 'DE943', 'DK012', 'DK011', 'CZ010', 'BE251', 'BE242', 'DK013', 'DE21E', 'DE21D', 'DE218', 'DE212', 'DE148', 'DE223', 'DE221', 'DE142', 'DE141', 'DE136', 'FR104', 'FR103', 'FR101', 'FR105', 'FR108', 'ES300', 'FRK26', 'IE061', 'AT222', 'NL423', 'NL225', 'NL224', 'NL221', 'NL133', 'NL132', 'NL126', 'NL125', 'MT001', 'NL422', 'NL421', 'NL33B', 'NL333', 'CH066', 'CH025', 'CH070', 'DE40E', 'DE40A', 'DE409', 'DE408', 'DE406', 'DE40I', 'DE40H', 'DEA15', 'DEA18', 'DEA19', 'DEA1B', 'DEA31', 'DEA2C', 'DEA29', 'DEA28', 'DEA27', 'DEA26', 'DEA1F', 'DEA1E', 'DEA1D', 'DEA1C', 'DE80J', 'DE91A', 'DE91B', 'DE925', 'DEA35', 'DK031', 'DEA36', 'ES703', 'FRC21', 'FRC11', 'ES242', 'ES211', 'ES112', 'ES111', 'FRL02', 'FRF31', 'FRJ22', 'DED2D', 'DED2C', 'DED53', 'DED52', 'DEA5C', 'DEA55', 'DEA51', 'DEA37', 'DEF0B', 'DEG0C', 'IE063', 'DEG0N']","['Economic development', 'Innovation', 'Regional development', 'Sustainability']","The policy modifies the JTF 2021–2027 subsidy scheme to increase funding limits and extend application periods, aiming to support economic diversification, modernization, and innovation through productive investments and training.","The policy document details amendments to the JTF 2021–2027 subsidy scheme, focusing on increasing subsidy ceilings and extending application periods to enhance regional economic development. It introduces a new definition for 'productive investment' and specifies eligible activities, including economic diversification, modernization, and research in green hydrogen and biobased chemistry. The policy targets both legal entities and individuals registered in the commercial register, offering subsidies up to 50% of eligible costs, capped at €5,000,000 per project. The application window is set from June 5 to July 7, 2023, with projects required to start within three months of grant approval and complete within 36 months. The policy also addresses state aid compliance, ensuring subsidies align with EU regulations. By fostering innovation and skills development, the policy aims to drive sustainable economic growth and transition in targeted regions, leveraging co-financing opportunities to maximize impact. The amendments reflect a strategic approach to regional economic challenges, promoting a just transition through targeted financial support and regulatory adjustments.",['NL1'],https://www.snn.eu/sites/default/files/documents/Wijzigingsregeling%20JTF%201%20juni%202023%281%29.pdf,Policy,AI
"['AT211', 'AT127', 'AT332', 'PT170', 'NL213', 'NL212', 'NL211', 'NL131', 'NL124', 'NL112', 'NL111', 'NL226', 'NL321', 'NL414', 'NL413', 'NL412', 'NL411', 'NL33C', 'NL328', 'NL325', 'NL324', 'NL323', 'NL33A', 'LT011', 'SK010', 'CH012', 'CH011', 'CH013', 'CH021', 'CH023', 'CH065', 'CH064', 'CH063', 'CH062', 'CH061', 'CH055', 'CH054', 'CH053', 'CH040', 'CH033', 'CH031', 'CH024', 'CH022', 'NO092', 'NO091', 'NO082', 'NO081', 'NO074', 'NO071', 'NO060', 'NO020', 'SE124', 'DEA41', 'DE40D', 'DE405', 'DE404', 'DE403', 'DE402', 'DE401', 'DE300', 'DE27A', 'DE721', 'DE253', 'DE243', 'DE242', 'DE273', 'DE271', 'DE26C', 'DE265', 'DE263', 'DE724', 'DEA16', 'DEA14', 'DEA13', 'DEA11', 'DE945', 'DEA33', 'DEA32', 'DEA2D', 'DEA2B', 'DEA2A', 'DEA24', 'DEA23', 'DEA22', 'DEA1A', 'DE944', 'DE916', 'DE911', 'DE80L', 'DE804', 'DE803', 'DE93A', 'DE938', 'DE929', 'DE928', 'DE91C', 'BE256', 'BE341', 'BE310', 'DK014', 'DE21H', 'DE21F', 'DE21C', 'DE21B', 'DE21A', 'DE217', 'DE216', 'DE215', 'DE213', 'DE21K', 'DE21L', 'DE233', 'DE232', 'DE231', 'DE225', 'DE222', 'DE21N', 'DE21M', 'DE144', 'DE121', 'DE11D', 'DE11C', 'DE117', 'DE116', 'DE115', 'DE113', 'DE112', 'DE111', 'DK042', 'DE122', 'DE123', 'DE125', 'DE139', 'DE138', 'DE131', 'DE12A', 'DE128', 'DE126', 'ES212', 'FRK28', 'FRK27', 'FRJ26', 'FRJ21', 'DED41', 'DED21', 'DEB3H', 'DEB3F', 'DEF02', 'DEF01', 'DED51', 'DEB3C', 'DEB11', 'DEA52', 'DEA47', 'DEB38', 'DEB37', 'DEB36', 'DEB35', 'DEB33', 'DEB32', 'DEB23', 'DEB21', 'DEB24', 'DEF04', 'IE062', 'DEG09', 'DEG07', 'DEG05', 'DEG04', 'DEG03', 'DEG02', 'DEG01', 'DEF0F', 'DEF0D', 'DEF0C', 'DEF08', 'DEF07', 'DEG0F', 'DEG0H', 'SI041', 'PL911', 'NL113', 'NL230', 'NL310', 'NL337', 'NL332', 'NL329', 'NL327', 'HU110', 'LU000', 'CH057', 'CH056', 'CH032', 'FI1B1', 'SE110', 'DE71E', 'DE71D', 'DE71A', 'DE718', 'DE714', 'DE712', 'DE711', 'DE251', 'DE241', 'DE274', 'DE272', 'DE731', 'DE943', 'DK012', 'DK011', 'CZ010', 'BE251', 'BE242', 'DK013', 'DE21E', 'DE21D', 'DE218', 'DE212', 'DE148', 'DE223', 'DE221', 'DE142', 'DE141', 'DE136', 'FR104', 'FR103', 'FR101', 'FR105', 'FR108', 'ES300', 'FRK26', 'IE061', 'AT222', 'NL423', 'NL225', 'NL224', 'NL221', 'NL133', 'NL132', 'NL126', 'NL125', 'MT001', 'NL422', 'NL421', 'NL33B', 'NL333', 'CH066', 'CH025', 'CH070', 'DE40E', 'DE40A', 'DE409', 'DE408', 'DE406', 'DE40I', 'DE40H', 'DEA15', 'DEA18', 'DEA19', 'DEA1B', 'DEA31', 'DEA2C', 'DEA29', 'DEA28', 'DEA27', 'DEA26', 'DEA1F', 'DEA1E', 'DEA1D', 'DEA1C', 'DE80J', 'DE91A', 'DE91B', 'DE925', 'DEA35', 'DK031', 'DEA36', 'ES703', 'FRC21', 'FRC11', 'ES242', 'ES211', 'ES112', 'ES111', 'FRL02', 'FRF31', 'FRJ22', 'DED2D', 'DED2C', 'DED53', 'DED52', 'DEA5C', 'DEA55', 'DEA51', 'DEA37', 'DEF0B', 'DEG0C', 'IE063', 'DEG0N']","['Economic development', 'Education', 'Governance']","The policy amends the Human Resource subsidy scheme for SMEs to include EVC trajectories, aiming to recognize and validate employees' acquired competencies, enhancing workforce skills and aligning them with national standards.","The amendment to the Human Resource subsidy scheme for SMEs introduces the inclusion of EVC (Erkenning Verworven Competenties) trajectories. These trajectories assess and validate employees' acquired competencies against national standards, promoting skill recognition and development. The policy change aims to support workforce development by providing subsidies for EVC trajectories conducted by recognized providers. This initiative encourages employers to invest in their employees' skills, ensuring they meet industry standards and improve their employability. The regulation's inactivation date is extended to January 1, 2021, allowing more time for businesses to benefit from the scheme. By removing the expiration clause and adding definitions related to EVC, the policy provides clarity and extends support for competency recognition. The amendment reflects a strategic approach to enhance human resource capabilities within SMEs, fostering a more skilled and competitive workforce. The expected impact includes increased employee skill validation, better alignment with industry requirements, and enhanced overall productivity within the SME sector. This policy adjustment underscores the importance of continuous professional development and the recognition of informal learning experiences in the workplace.",['NL1'],https://www.snn.eu/sites/default/files/documents/Wijzigingsbesluit%20Subsidieregeling%20Human%20Resource%20mkb%20Drenthe%2019-12-2019.pdf,Programme,Verified
"['AT211', 'AT127', 'AT332', 'PT170', 'NL213', 'NL212', 'NL211', 'NL131', 'NL124', 'NL112', 'NL111', 'NL226', 'NL321', 'NL414', 'NL413', 'NL412', 'NL411', 'NL33C', 'NL328', 'NL325', 'NL324', 'NL323', 'NL33A', 'LT011', 'SK010', 'CH012', 'CH011', 'CH013', 'CH021', 'CH023', 'CH065', 'CH064', 'CH063', 'CH062', 'CH061', 'CH055', 'CH054', 'CH053', 'CH040', 'CH033', 'CH031', 'CH024', 'CH022', 'NO092', 'NO091', 'NO082', 'NO081', 'NO074', 'NO071', 'NO060', 'NO020', 'SE124', 'DEA41', 'DE40D', 'DE405', 'DE404', 'DE403', 'DE402', 'DE401', 'DE300', 'DE27A', 'DE721', 'DE253', 'DE243', 'DE242', 'DE273', 'DE271', 'DE26C', 'DE265', 'DE263', 'DE724', 'DEA16', 'DEA14', 'DEA13', 'DEA11', 'DE945', 'DEA33', 'DEA32', 'DEA2D', 'DEA2B', 'DEA2A', 'DEA24', 'DEA23', 'DEA22', 'DEA1A', 'DE944', 'DE916', 'DE911', 'DE80L', 'DE804', 'DE803', 'DE93A', 'DE938', 'DE929', 'DE928', 'DE91C', 'BE256', 'BE341', 'BE310', 'DK014', 'DE21H', 'DE21F', 'DE21C', 'DE21B', 'DE21A', 'DE217', 'DE216', 'DE215', 'DE213', 'DE21K', 'DE21L', 'DE233', 'DE232', 'DE231', 'DE225', 'DE222', 'DE21N', 'DE21M', 'DE144', 'DE121', 'DE11D', 'DE11C', 'DE117', 'DE116', 'DE115', 'DE113', 'DE112', 'DE111', 'DK042', 'DE122', 'DE123', 'DE125', 'DE139', 'DE138', 'DE131', 'DE12A', 'DE128', 'DE126', 'ES212', 'FRK28', 'FRK27', 'FRJ26', 'FRJ21', 'DED41', 'DED21', 'DEB3H', 'DEB3F', 'DEF02', 'DEF01', 'DED51', 'DEB3C', 'DEB11', 'DEA52', 'DEA47', 'DEB38', 'DEB37', 'DEB36', 'DEB35', 'DEB33', 'DEB32', 'DEB23', 'DEB21', 'DEB24', 'DEF04', 'IE062', 'DEG09', 'DEG07', 'DEG05', 'DEG04', 'DEG03', 'DEG02', 'DEG01', 'DEF0F', 'DEF0D', 'DEF0C', 'DEF08', 'DEF07', 'DEG0F', 'DEG0H', 'SI041', 'PL911', 'NL113', 'NL230', 'NL310', 'NL337', 'NL332', 'NL329', 'NL327', 'HU110', 'LU000', 'CH057', 'CH056', 'CH032', 'FI1B1', 'SE110', 'DE71E', 'DE71D', 'DE71A', 'DE718', 'DE714', 'DE712', 'DE711', 'DE251', 'DE241', 'DE274', 'DE272', 'DE731', 'DE943', 'DK012', 'DK011', 'CZ010', 'BE251', 'BE242', 'DK013', 'DE21E', 'DE21D', 'DE218', 'DE212', 'DE148', 'DE223', 'DE221', 'DE142', 'DE141', 'DE136', 'FR104', 'FR103', 'FR101', 'FR105', 'FR108', 'ES300', 'FRK26', 'IE061', 'AT222', 'NL423', 'NL225', 'NL224', 'NL221', 'NL133', 'NL132', 'NL126', 'NL125', 'MT001', 'NL422', 'NL421', 'NL33B', 'NL333', 'CH066', 'CH025', 'CH070', 'DE40E', 'DE40A', 'DE409', 'DE408', 'DE406', 'DE40I', 'DE40H', 'DEA15', 'DEA18', 'DEA19', 'DEA1B', 'DEA31', 'DEA2C', 'DEA29', 'DEA28', 'DEA27', 'DEA26', 'DEA1F', 'DEA1E', 'DEA1D', 'DEA1C', 'DE80J', 'DE91A', 'DE91B', 'DE925', 'DEA35', 'DK031', 'DEA36', 'ES703', 'FRC21', 'FRC11', 'ES242', 'ES211', 'ES112', 'ES111', 'FRL02', 'FRF31', 'FRJ22', 'DED2D', 'DED2C', 'DED53', 'DED52', 'DEA5C', 'DEA55', 'DEA51', 'DEA37', 'DEF0B', 'DEG0C', 'IE063', 'DEG0N']","['Sustainability', 'Regional development', 'Energy', 'Economic development']","The SITI 2021 subsidy regulation is modified to align with the EU's regional aid map for 2022-2027, enhancing project evaluation criteria and excluding certain energy investments from eligibility.","The Subsidieregeling Investeren in Toekomstbestendige Industrie 2021 (SITI 2021) has been revised to address identified shortcomings in project evaluation and to comply with the European Commission's regional aid map for 2022-2027. Key changes include redefining the eligible area for regional investment aid within Groningen, as per the approved aid measure SA.100273. The regulation now excludes investments in building-related sustainable energy generators, such as solar panels and small wind turbines, from subsidy eligibility. Additionally, the criteria for high-value applications of product, waste, and raw material reuse have been clarified, with provisions for external expert evaluation in cases of doubt. These modifications aim to ensure that subsidies are directed towards projects with significant regional impact and sustainability benefits. The changes apply to new applications post-implementation, with specific exceptions for ongoing applications. The updated regulation is intended to foster a more future-proof industrial sector in Groningen by promoting high-quality, sustainable investments while aligning with broader EU regional support strategies.",['NL1'],https://www.snn.eu/sites/default/files/documents/Wijzigingsbesluit%20Subsidie%20Investeren%20in%20Toekomstbestendige%20Industrie%202021%20%28SITI%29%20tweede%20tranche.pdf,Policy,Community
"['AT211', 'AT127', 'AT332', 'PT170', 'NL213', 'NL212', 'NL211', 'NL131', 'NL124', 'NL112', 'NL111', 'NL226', 'NL321', 'NL414', 'NL413', 'NL412', 'NL411', 'NL33C', 'NL328', 'NL325', 'NL324', 'NL323', 'NL33A', 'LT011', 'SK010', 'CH012', 'CH011', 'CH013', 'CH021', 'CH023', 'CH065', 'CH064', 'CH063', 'CH062', 'CH061', 'CH055', 'CH054', 'CH053', 'CH040', 'CH033', 'CH031', 'CH024', 'CH022', 'NO092', 'NO091', 'NO082', 'NO081', 'NO074', 'NO071', 'NO060', 'NO020', 'SE124', 'DEA41', 'DE40D', 'DE405', 'DE404', 'DE403', 'DE402', 'DE401', 'DE300', 'DE27A', 'DE721', 'DE253', 'DE243', 'DE242', 'DE273', 'DE271', 'DE26C', 'DE265', 'DE263', 'DE724', 'DEA16', 'DEA14', 'DEA13', 'DEA11', 'DE945', 'DEA33', 'DEA32', 'DEA2D', 'DEA2B', 'DEA2A', 'DEA24', 'DEA23', 'DEA22', 'DEA1A', 'DE944', 'DE916', 'DE911', 'DE80L', 'DE804', 'DE803', 'DE93A', 'DE938', 'DE929', 'DE928', 'DE91C', 'BE256', 'BE341', 'BE310', 'DK014', 'DE21H', 'DE21F', 'DE21C', 'DE21B', 'DE21A', 'DE217', 'DE216', 'DE215', 'DE213', 'DE21K', 'DE21L', 'DE233', 'DE232', 'DE231', 'DE225', 'DE222', 'DE21N', 'DE21M', 'DE144', 'DE121', 'DE11D', 'DE11C', 'DE117', 'DE116', 'DE115', 'DE113', 'DE112', 'DE111', 'DK042', 'DE122', 'DE123', 'DE125', 'DE139', 'DE138', 'DE131', 'DE12A', 'DE128', 'DE126', 'ES212', 'FRK28', 'FRK27', 'FRJ26', 'FRJ21', 'DED41', 'DED21', 'DEB3H', 'DEB3F', 'DEF02', 'DEF01', 'DED51', 'DEB3C', 'DEB11', 'DEA52', 'DEA47', 'DEB38', 'DEB37', 'DEB36', 'DEB35', 'DEB33', 'DEB32', 'DEB23', 'DEB21', 'DEB24', 'DEF04', 'IE062', 'DEG09', 'DEG07', 'DEG05', 'DEG04', 'DEG03', 'DEG02', 'DEG01', 'DEF0F', 'DEF0D', 'DEF0C', 'DEF08', 'DEF07', 'DEG0F', 'DEG0H', 'SI041', 'PL911', 'NL113', 'NL230', 'NL310', 'NL337', 'NL332', 'NL329', 'NL327', 'HU110', 'LU000', 'CH057', 'CH056', 'CH032', 'FI1B1', 'SE110', 'DE71E', 'DE71D', 'DE71A', 'DE718', 'DE714', 'DE712', 'DE711', 'DE251', 'DE241', 'DE274', 'DE272', 'DE731', 'DE943', 'DK012', 'DK011', 'CZ010', 'BE251', 'BE242', 'DK013', 'DE21E', 'DE21D', 'DE218', 'DE212', 'DE148', 'DE223', 'DE221', 'DE142', 'DE141', 'DE136', 'FR104', 'FR103', 'FR101', 'FR105', 'FR108', 'ES300', 'FRK26', 'IE061', 'AT222', 'NL423', 'NL225', 'NL224', 'NL221', 'NL133', 'NL132', 'NL126', 'NL125', 'MT001', 'NL422', 'NL421', 'NL33B', 'NL333', 'CH066', 'CH025', 'CH070', 'DE40E', 'DE40A', 'DE409', 'DE408', 'DE406', 'DE40I', 'DE40H', 'DEA15', 'DEA18', 'DEA19', 'DEA1B', 'DEA31', 'DEA2C', 'DEA29', 'DEA28', 'DEA27', 'DEA26', 'DEA1F', 'DEA1E', 'DEA1D', 'DEA1C', 'DE80J', 'DE91A', 'DE91B', 'DE925', 'DEA35', 'DK031', 'DEA36', 'ES703', 'FRC21', 'FRC11', 'ES242', 'ES211', 'ES112', 'ES111', 'FRL02', 'FRF31', 'FRJ22', 'DED2D', 'DED2C', 'DED53', 'DED52', 'DEA5C', 'DEA55', 'DEA51', 'DEA37', 'DEF0B', 'DEG0C', 'IE063', 'DEG0N']","['Economic development', 'Governance', 'Regional development']","The policy mandates that all projects funded under the REACT EU 2021 calls must conclude by December 31, 2023. This ensures timely completion and accountability, with strict deadlines for project activities and cost settlements to enhance efficiency and effectiveness in achieving project goals.","The policy document amends the execution framework for the REACT EU 2021 calls, setting a firm deadline for project completion by December 31, 2023. This deadline applies to all supported projects, ensuring that project activities are completed within this timeframe. The amendments specify that all project actions must be fully implemented by this date to qualify for funding. Additionally, the policy outlines that subsidies are granted only for the necessary period to complete the project, with no extensions beyond the set deadline. All project-related costs must be settled within 13 weeks after the project ends, with a final submission deadline of January 12, 2024, for the definitive determination request. This includes exceptions for accounting tasks related to the final determination request. The policy aims to ensure that projects are executed efficiently and within the stipulated timeframe, promoting accountability and effective use of funds. By enforcing these deadlines, the policy seeks to enhance the impact and success of funded projects, ensuring that they deliver the intended outputs and results within the specified period.",['NL1'],https://www.snn.eu/sites/default/files/documents/Wijzigingsbesluit%20DB%20SNN%20REACT%20EU%20Uitvragen%202021.pdf,Policy,AI
"['AT211', 'AT127', 'AT332', 'PT170', 'NL213', 'NL212', 'NL211', 'NL131', 'NL124', 'NL112', 'NL111', 'NL226', 'NL321', 'NL414', 'NL413', 'NL412', 'NL411', 'NL33C', 'NL328', 'NL325', 'NL324', 'NL323', 'NL33A', 'LT011', 'SK010', 'CH012', 'CH011', 'CH013', 'CH021', 'CH023', 'CH065', 'CH064', 'CH063', 'CH062', 'CH061', 'CH055', 'CH054', 'CH053', 'CH040', 'CH033', 'CH031', 'CH024', 'CH022', 'NO092', 'NO091', 'NO082', 'NO081', 'NO074', 'NO071', 'NO060', 'NO020', 'SE124', 'DEA41', 'DE40D', 'DE405', 'DE404', 'DE403', 'DE402', 'DE401', 'DE300', 'DE27A', 'DE721', 'DE253', 'DE243', 'DE242', 'DE273', 'DE271', 'DE26C', 'DE265', 'DE263', 'DE724', 'DEA16', 'DEA14', 'DEA13', 'DEA11', 'DE945', 'DEA33', 'DEA32', 'DEA2D', 'DEA2B', 'DEA2A', 'DEA24', 'DEA23', 'DEA22', 'DEA1A', 'DE944', 'DE916', 'DE911', 'DE80L', 'DE804', 'DE803', 'DE93A', 'DE938', 'DE929', 'DE928', 'DE91C', 'BE256', 'BE341', 'BE310', 'DK014', 'DE21H', 'DE21F', 'DE21C', 'DE21B', 'DE21A', 'DE217', 'DE216', 'DE215', 'DE213', 'DE21K', 'DE21L', 'DE233', 'DE232', 'DE231', 'DE225', 'DE222', 'DE21N', 'DE21M', 'DE144', 'DE121', 'DE11D', 'DE11C', 'DE117', 'DE116', 'DE115', 'DE113', 'DE112', 'DE111', 'DK042', 'DE122', 'DE123', 'DE125', 'DE139', 'DE138', 'DE131', 'DE12A', 'DE128', 'DE126', 'ES212', 'FRK28', 'FRK27', 'FRJ26', 'FRJ21', 'DED41', 'DED21', 'DEB3H', 'DEB3F', 'DEF02', 'DEF01', 'DED51', 'DEB3C', 'DEB11', 'DEA52', 'DEA47', 'DEB38', 'DEB37', 'DEB36', 'DEB35', 'DEB33', 'DEB32', 'DEB23', 'DEB21', 'DEB24', 'DEF04', 'IE062', 'DEG09', 'DEG07', 'DEG05', 'DEG04', 'DEG03', 'DEG02', 'DEG01', 'DEF0F', 'DEF0D', 'DEF0C', 'DEF08', 'DEF07', 'DEG0F', 'DEG0H', 'SI041', 'PL911', 'NL113', 'NL230', 'NL310', 'NL337', 'NL332', 'NL329', 'NL327', 'HU110', 'LU000', 'CH057', 'CH056', 'CH032', 'FI1B1', 'SE110', 'DE71E', 'DE71D', 'DE71A', 'DE718', 'DE714', 'DE712', 'DE711', 'DE251', 'DE241', 'DE274', 'DE272', 'DE731', 'DE943', 'DK012', 'DK011', 'CZ010', 'BE251', 'BE242', 'DK013', 'DE21E', 'DE21D', 'DE218', 'DE212', 'DE148', 'DE223', 'DE221', 'DE142', 'DE141', 'DE136', 'FR104', 'FR103', 'FR101', 'FR105', 'FR108', 'ES300', 'FRK26', 'IE061', 'AT222', 'NL423', 'NL225', 'NL224', 'NL221', 'NL133', 'NL132', 'NL126', 'NL125', 'MT001', 'NL422', 'NL421', 'NL33B', 'NL333', 'CH066', 'CH025', 'CH070', 'DE40E', 'DE40A', 'DE409', 'DE408', 'DE406', 'DE40I', 'DE40H', 'DEA15', 'DEA18', 'DEA19', 'DEA1B', 'DEA31', 'DEA2C', 'DEA29', 'DEA28', 'DEA27', 'DEA26', 'DEA1F', 'DEA1E', 'DEA1D', 'DEA1C', 'DE80J', 'DE91A', 'DE91B', 'DE925', 'DEA35', 'DK031', 'DEA36', 'ES703', 'FRC21', 'FRC11', 'ES242', 'ES211', 'ES112', 'ES111', 'FRL02', 'FRF31', 'FRJ22', 'DED2D', 'DED2C', 'DED53', 'DED52', 'DEA5C', 'DEA55', 'DEA51', 'DEA37', 'DEF0B', 'DEG0C', 'IE063', 'DEG0N']","['Economic development', 'Innovation', 'Governance']","The policy amendment adjusts the funding terms for projects, setting a maximum subsidy of 40% for up to five years, with all projects to be completed by December 31, 2023, to ensure timely execution and financial accountability.","The policy amendment modifies the terms of the Open Innovation Call under the OP EFRO program, focusing on the project period and funding conditions. It stipulates that a subsidy covering up to 40% of eligible costs is available for a maximum duration of five years. However, all projects must be completed by December 31, 2023. Applications may be rejected if it is unlikely that the project can be physically completed or all activities executed within the specified timeframe, which is between the application submission date and five years post-grant issuance, but no later than the end of 2023. The subsidy duration is strictly tied to the project's execution period, ensuring that projects are completed within the set timeframe. This amendment aims to enhance project feasibility and ensure that financial resources are allocated efficiently, promoting timely project completion and accountability. The changes take effect the day after publication, providing clear guidelines for applicants and ensuring that projects align with the strategic goals of the funding program within the specified timeframe.",['NL1'],https://www.snn.eu/sites/default/files/documents/Wijzigingsbesluit%20DB%20SNN%20Open%20Innovatie%20Call%202018.pdf,Policy,Verified
"['AT211', 'AT127', 'AT332', 'PT170', 'NL213', 'NL212', 'NL211', 'NL131', 'NL124', 'NL112', 'NL111', 'NL226', 'NL321', 'NL414', 'NL413', 'NL412', 'NL411', 'NL33C', 'NL328', 'NL325', 'NL324', 'NL323', 'NL33A', 'LT011', 'SK010', 'CH012', 'CH011', 'CH013', 'CH021', 'CH023', 'CH065', 'CH064', 'CH063', 'CH062', 'CH061', 'CH055', 'CH054', 'CH053', 'CH040', 'CH033', 'CH031', 'CH024', 'CH022', 'NO092', 'NO091', 'NO082', 'NO081', 'NO074', 'NO071', 'NO060', 'NO020', 'SE124', 'DEA41', 'DE40D', 'DE405', 'DE404', 'DE403', 'DE402', 'DE401', 'DE300', 'DE27A', 'DE721', 'DE253', 'DE243', 'DE242', 'DE273', 'DE271', 'DE26C', 'DE265', 'DE263', 'DE724', 'DEA16', 'DEA14', 'DEA13', 'DEA11', 'DE945', 'DEA33', 'DEA32', 'DEA2D', 'DEA2B', 'DEA2A', 'DEA24', 'DEA23', 'DEA22', 'DEA1A', 'DE944', 'DE916', 'DE911', 'DE80L', 'DE804', 'DE803', 'DE93A', 'DE938', 'DE929', 'DE928', 'DE91C', 'BE256', 'BE341', 'BE310', 'DK014', 'DE21H', 'DE21F', 'DE21C', 'DE21B', 'DE21A', 'DE217', 'DE216', 'DE215', 'DE213', 'DE21K', 'DE21L', 'DE233', 'DE232', 'DE231', 'DE225', 'DE222', 'DE21N', 'DE21M', 'DE144', 'DE121', 'DE11D', 'DE11C', 'DE117', 'DE116', 'DE115', 'DE113', 'DE112', 'DE111', 'DK042', 'DE122', 'DE123', 'DE125', 'DE139', 'DE138', 'DE131', 'DE12A', 'DE128', 'DE126', 'ES212', 'FRK28', 'FRK27', 'FRJ26', 'FRJ21', 'DED41', 'DED21', 'DEB3H', 'DEB3F', 'DEF02', 'DEF01', 'DED51', 'DEB3C', 'DEB11', 'DEA52', 'DEA47', 'DEB38', 'DEB37', 'DEB36', 'DEB35', 'DEB33', 'DEB32', 'DEB23', 'DEB21', 'DEB24', 'DEF04', 'IE062', 'DEG09', 'DEG07', 'DEG05', 'DEG04', 'DEG03', 'DEG02', 'DEG01', 'DEF0F', 'DEF0D', 'DEF0C', 'DEF08', 'DEF07', 'DEG0F', 'DEG0H', 'SI041', 'PL911', 'NL113', 'NL230', 'NL310', 'NL337', 'NL332', 'NL329', 'NL327', 'HU110', 'LU000', 'CH057', 'CH056', 'CH032', 'FI1B1', 'SE110', 'DE71E', 'DE71D', 'DE71A', 'DE718', 'DE714', 'DE712', 'DE711', 'DE251', 'DE241', 'DE274', 'DE272', 'DE731', 'DE943', 'DK012', 'DK011', 'CZ010', 'BE251', 'BE242', 'DK013', 'DE21E', 'DE21D', 'DE218', 'DE212', 'DE148', 'DE223', 'DE221', 'DE142', 'DE141', 'DE136', 'FR104', 'FR103', 'FR101', 'FR105', 'FR108', 'ES300', 'FRK26', 'IE061', 'AT222', 'NL423', 'NL225', 'NL224', 'NL221', 'NL133', 'NL132', 'NL126', 'NL125', 'MT001', 'NL422', 'NL421', 'NL33B', 'NL333', 'CH066', 'CH025', 'CH070', 'DE40E', 'DE40A', 'DE409', 'DE408', 'DE406', 'DE40I', 'DE40H', 'DEA15', 'DEA18', 'DEA19', 'DEA1B', 'DEA31', 'DEA2C', 'DEA29', 'DEA28', 'DEA27', 'DEA26', 'DEA1F', 'DEA1E', 'DEA1D', 'DEA1C', 'DE80J', 'DE91A', 'DE91B', 'DE925', 'DEA35', 'DK031', 'DEA36', 'ES703', 'FRC21', 'FRC11', 'ES242', 'ES211', 'ES112', 'ES111', 'FRL02', 'FRF31', 'FRJ22', 'DED2D', 'DED2C', 'DED53', 'DED52', 'DEA5C', 'DEA55', 'DEA51', 'DEA37', 'DEF0B', 'DEG0C', 'IE063', 'DEG0N']","['Economic development', 'Regional development', 'Governance']","The policy extends the rural development subsidies program to 2022, bridging the gap until the new agricultural policy in 2023. It introduces simplified cost options to reduce administrative burdens and updates regulations to reflect organizational changes.","The policy extends the rural development subsidies program, originally set for 2014-2020, through 2022 to cover the transitional period until the new Common Agricultural Policy is established in 2023. This extension, known as 'POP3+', includes a revised model regulation adopted by all provinces. Key changes involve the introduction of simplified cost options to ease administrative burdens for applicants and administrators. Personnel costs can now be calculated using a simplified method, and unpaid labor is recognized as a subsidizable cost under specific conditions. The policy also updates terminology to align with organizational changes, such as the split of the Ministry of Economic Affairs into the Ministry of Economic Affairs and Climate Policy and the Ministry of Agriculture, Nature and Food Quality. Additionally, the policy adjusts deadlines for subsidy applications and reporting requirements to reflect the program's extension. These changes aim to ensure continuity in rural development support, streamline administrative processes, and adapt to evolving regulatory frameworks, ultimately facilitating a smoother transition to the upcoming agricultural policy framework.",['NL1'],https://www.snn.eu/sites/default/files/documents/Wijziging%20Verordening%20subsidies%20Plattelandsontwikkelingsprogramma%202014-2020%20-%20maart%202021.pdf,Policy,Community
"['AT211', 'AT127', 'AT332', 'PT170', 'NL213', 'NL212', 'NL211', 'NL131', 'NL124', 'NL112', 'NL111', 'NL226', 'NL321', 'NL414', 'NL413', 'NL412', 'NL411', 'NL33C', 'NL328', 'NL325', 'NL324', 'NL323', 'NL33A', 'LT011', 'SK010', 'CH012', 'CH011', 'CH013', 'CH021', 'CH023', 'CH065', 'CH064', 'CH063', 'CH062', 'CH061', 'CH055', 'CH054', 'CH053', 'CH040', 'CH033', 'CH031', 'CH024', 'CH022', 'NO092', 'NO091', 'NO082', 'NO081', 'NO074', 'NO071', 'NO060', 'NO020', 'SE124', 'DEA41', 'DE40D', 'DE405', 'DE404', 'DE403', 'DE402', 'DE401', 'DE300', 'DE27A', 'DE721', 'DE253', 'DE243', 'DE242', 'DE273', 'DE271', 'DE26C', 'DE265', 'DE263', 'DE724', 'DEA16', 'DEA14', 'DEA13', 'DEA11', 'DE945', 'DEA33', 'DEA32', 'DEA2D', 'DEA2B', 'DEA2A', 'DEA24', 'DEA23', 'DEA22', 'DEA1A', 'DE944', 'DE916', 'DE911', 'DE80L', 'DE804', 'DE803', 'DE93A', 'DE938', 'DE929', 'DE928', 'DE91C', 'BE256', 'BE341', 'BE310', 'DK014', 'DE21H', 'DE21F', 'DE21C', 'DE21B', 'DE21A', 'DE217', 'DE216', 'DE215', 'DE213', 'DE21K', 'DE21L', 'DE233', 'DE232', 'DE231', 'DE225', 'DE222', 'DE21N', 'DE21M', 'DE144', 'DE121', 'DE11D', 'DE11C', 'DE117', 'DE116', 'DE115', 'DE113', 'DE112', 'DE111', 'DK042', 'DE122', 'DE123', 'DE125', 'DE139', 'DE138', 'DE131', 'DE12A', 'DE128', 'DE126', 'ES212', 'FRK28', 'FRK27', 'FRJ26', 'FRJ21', 'DED41', 'DED21', 'DEB3H', 'DEB3F', 'DEF02', 'DEF01', 'DED51', 'DEB3C', 'DEB11', 'DEA52', 'DEA47', 'DEB38', 'DEB37', 'DEB36', 'DEB35', 'DEB33', 'DEB32', 'DEB23', 'DEB21', 'DEB24', 'DEF04', 'IE062', 'DEG09', 'DEG07', 'DEG05', 'DEG04', 'DEG03', 'DEG02', 'DEG01', 'DEF0F', 'DEF0D', 'DEF0C', 'DEF08', 'DEF07', 'DEG0F', 'DEG0H', 'SI041', 'PL911', 'NL113', 'NL230', 'NL310', 'NL337', 'NL332', 'NL329', 'NL327', 'HU110', 'LU000', 'CH057', 'CH056', 'CH032', 'FI1B1', 'SE110', 'DE71E', 'DE71D', 'DE71A', 'DE718', 'DE714', 'DE712', 'DE711', 'DE251', 'DE241', 'DE274', 'DE272', 'DE731', 'DE943', 'DK012', 'DK011', 'CZ010', 'BE251', 'BE242', 'DK013', 'DE21E', 'DE21D', 'DE218', 'DE212', 'DE148', 'DE223', 'DE221', 'DE142', 'DE141', 'DE136', 'FR104', 'FR103', 'FR101', 'FR105', 'FR108', 'ES300', 'FRK26', 'IE061', 'AT222', 'NL423', 'NL225', 'NL224', 'NL221', 'NL133', 'NL132', 'NL126', 'NL125', 'MT001', 'NL422', 'NL421', 'NL33B', 'NL333', 'CH066', 'CH025', 'CH070', 'DE40E', 'DE40A', 'DE409', 'DE408', 'DE406', 'DE40I', 'DE40H', 'DEA15', 'DEA18', 'DEA19', 'DEA1B', 'DEA31', 'DEA2C', 'DEA29', 'DEA28', 'DEA27', 'DEA26', 'DEA1F', 'DEA1E', 'DEA1D', 'DEA1C', 'DE80J', 'DE91A', 'DE91B', 'DE925', 'DEA35', 'DK031', 'DEA36', 'ES703', 'FRC21', 'FRC11', 'ES242', 'ES211', 'ES112', 'ES111', 'FRL02', 'FRF31', 'FRJ22', 'DED2D', 'DED2C', 'DED53', 'DED52', 'DEA5C', 'DEA55', 'DEA51', 'DEA37', 'DEF0B', 'DEG0C', 'IE063', 'DEG0N']","['Economic development', 'Regional development', 'Governance']","The policy amendment adjusts the minimum advance payment request for subsidies to 25% of the granted amount or a minimum of €50,000, with a lower threshold of €25,000 for Chapter 3 projects, aiming to streamline financial processes and support project execution.","The amendment to the subsidy regulation for the Rural Development Program 2014-2020 modifies the conditions under which advance payments can be requested. Specifically, it sets the minimum advance payment request at 25% of the granted subsidy or at least €50,000. For projects categorized under Chapter 3, the minimum threshold is reduced to €25,000. This change is designed to facilitate smoother financial management and ensure that projects have sufficient upfront funding to commence and progress effectively. By establishing clear financial thresholds, the policy aims to enhance the efficiency of fund distribution and utilization, thereby supporting the timely execution of development projects. The amendment reflects a strategic approach to optimize resource allocation and address potential cash flow challenges faced by project implementers. The decision was formalized by the Provincial Executive of Drenthe and is effective from the day following its publication in the Provincial Gazette. This regulatory adjustment is part of ongoing efforts to refine subsidy mechanisms to better align with project needs and regional development goals, ultimately contributing to the broader objectives of the Rural Development Program.",['NL1'],https://www.snn.eu/sites/default/files/documents/Wijziging%20Verordening%20POP3-subsidies%20provincie%20Drenthe%2023%20mei%202017.pdf,Policy,AI
"['AT211', 'AT127', 'AT332', 'PT170', 'NL213', 'NL212', 'NL211', 'NL131', 'NL124', 'NL112', 'NL111', 'NL226', 'NL321', 'NL414', 'NL413', 'NL412', 'NL411', 'NL33C', 'NL328', 'NL325', 'NL324', 'NL323', 'NL33A', 'LT011', 'SK010', 'CH012', 'CH011', 'CH013', 'CH021', 'CH023', 'CH065', 'CH064', 'CH063', 'CH062', 'CH061', 'CH055', 'CH054', 'CH053', 'CH040', 'CH033', 'CH031', 'CH024', 'CH022', 'NO092', 'NO091', 'NO082', 'NO081', 'NO074', 'NO071', 'NO060', 'NO020', 'SE124', 'DEA41', 'DE40D', 'DE405', 'DE404', 'DE403', 'DE402', 'DE401', 'DE300', 'DE27A', 'DE721', 'DE253', 'DE243', 'DE242', 'DE273', 'DE271', 'DE26C', 'DE265', 'DE263', 'DE724', 'DEA16', 'DEA14', 'DEA13', 'DEA11', 'DE945', 'DEA33', 'DEA32', 'DEA2D', 'DEA2B', 'DEA2A', 'DEA24', 'DEA23', 'DEA22', 'DEA1A', 'DE944', 'DE916', 'DE911', 'DE80L', 'DE804', 'DE803', 'DE93A', 'DE938', 'DE929', 'DE928', 'DE91C', 'BE256', 'BE341', 'BE310', 'DK014', 'DE21H', 'DE21F', 'DE21C', 'DE21B', 'DE21A', 'DE217', 'DE216', 'DE215', 'DE213', 'DE21K', 'DE21L', 'DE233', 'DE232', 'DE231', 'DE225', 'DE222', 'DE21N', 'DE21M', 'DE144', 'DE121', 'DE11D', 'DE11C', 'DE117', 'DE116', 'DE115', 'DE113', 'DE112', 'DE111', 'DK042', 'DE122', 'DE123', 'DE125', 'DE139', 'DE138', 'DE131', 'DE12A', 'DE128', 'DE126', 'ES212', 'FRK28', 'FRK27', 'FRJ26', 'FRJ21', 'DED41', 'DED21', 'DEB3H', 'DEB3F', 'DEF02', 'DEF01', 'DED51', 'DEB3C', 'DEB11', 'DEA52', 'DEA47', 'DEB38', 'DEB37', 'DEB36', 'DEB35', 'DEB33', 'DEB32', 'DEB23', 'DEB21', 'DEB24', 'DEF04', 'IE062', 'DEG09', 'DEG07', 'DEG05', 'DEG04', 'DEG03', 'DEG02', 'DEG01', 'DEF0F', 'DEF0D', 'DEF0C', 'DEF08', 'DEF07', 'DEG0F', 'DEG0H', 'SI041', 'PL911', 'NL113', 'NL230', 'NL310', 'NL337', 'NL332', 'NL329', 'NL327', 'HU110', 'LU000', 'CH057', 'CH056', 'CH032', 'FI1B1', 'SE110', 'DE71E', 'DE71D', 'DE71A', 'DE718', 'DE714', 'DE712', 'DE711', 'DE251', 'DE241', 'DE274', 'DE272', 'DE731', 'DE943', 'DK012', 'DK011', 'CZ010', 'BE251', 'BE242', 'DK013', 'DE21E', 'DE21D', 'DE218', 'DE212', 'DE148', 'DE223', 'DE221', 'DE142', 'DE141', 'DE136', 'FR104', 'FR103', 'FR101', 'FR105', 'FR108', 'ES300', 'FRK26', 'IE061', 'AT222', 'NL423', 'NL225', 'NL224', 'NL221', 'NL133', 'NL132', 'NL126', 'NL125', 'MT001', 'NL422', 'NL421', 'NL33B', 'NL333', 'CH066', 'CH025', 'CH070', 'DE40E', 'DE40A', 'DE409', 'DE408', 'DE406', 'DE40I', 'DE40H', 'DEA15', 'DEA18', 'DEA19', 'DEA1B', 'DEA31', 'DEA2C', 'DEA29', 'DEA28', 'DEA27', 'DEA26', 'DEA1F', 'DEA1E', 'DEA1D', 'DEA1C', 'DE80J', 'DE91A', 'DE91B', 'DE925', 'DEA35', 'DK031', 'DEA36', 'ES703', 'FRC21', 'FRC11', 'ES242', 'ES211', 'ES112', 'ES111', 'FRL02', 'FRF31', 'FRJ22', 'DED2D', 'DED2C', 'DED53', 'DED52', 'DEA5C', 'DEA55', 'DEA51', 'DEA37', 'DEF0B', 'DEG0C', 'IE063', 'DEG0N']","['Innovation', 'Economic development', 'Regional development', 'Sustainability']","The policy modifies subsidy ranking criteria to prioritize effectiveness, feasibility, innovation, and efficiency, with specific weighting factors. Applications scoring below 60% are rejected, ensuring only high-quality projects receive funding.","The policy amendment revises the ranking criteria for subsidy applications under the Rural Development Program 2014-2020. Applications are evaluated based on four criteria: effectiveness, feasibility, innovation, and efficiency. Each criterion is assigned a specific weighting factor: effectiveness (4), feasibility (3), innovation (2), and efficiency (2). Applications can score between 0 to 5 points per criterion. To ensure quality, applications must achieve at least 60% of the total possible points to be considered for funding. This change aims to enhance the selection process by focusing on projects that demonstrate high potential for success and innovation while being efficient in resource use. The impact of this policy is to allocate subsidies more strategically, fostering projects that contribute significantly to rural development goals. By implementing these criteria, the policy seeks to encourage applicants to design projects that are not only innovative but also practical and effective, ultimately leading to more sustainable and impactful rural development outcomes.",['NL1'],https://www.snn.eu/sites/default/files/documents/Wijziging%20Verordening%20POP3-subsidies%20provincie%20Drenthe%20maart%202018.pdf,Policy,Verified
"['AT211', 'AT127', 'AT332', 'PT170', 'NL213', 'NL212', 'NL211', 'NL131', 'NL124', 'NL112', 'NL111', 'NL226', 'NL321', 'NL414', 'NL413', 'NL412', 'NL411', 'NL33C', 'NL328', 'NL325', 'NL324', 'NL323', 'NL33A', 'LT011', 'SK010', 'CH012', 'CH011', 'CH013', 'CH021', 'CH023', 'CH065', 'CH064', 'CH063', 'CH062', 'CH061', 'CH055', 'CH054', 'CH053', 'CH040', 'CH033', 'CH031', 'CH024', 'CH022', 'NO092', 'NO091', 'NO082', 'NO081', 'NO074', 'NO071', 'NO060', 'NO020', 'SE124', 'DEA41', 'DE40D', 'DE405', 'DE404', 'DE403', 'DE402', 'DE401', 'DE300', 'DE27A', 'DE721', 'DE253', 'DE243', 'DE242', 'DE273', 'DE271', 'DE26C', 'DE265', 'DE263', 'DE724', 'DEA16', 'DEA14', 'DEA13', 'DEA11', 'DE945', 'DEA33', 'DEA32', 'DEA2D', 'DEA2B', 'DEA2A', 'DEA24', 'DEA23', 'DEA22', 'DEA1A', 'DE944', 'DE916', 'DE911', 'DE80L', 'DE804', 'DE803', 'DE93A', 'DE938', 'DE929', 'DE928', 'DE91C', 'BE256', 'BE341', 'BE310', 'DK014', 'DE21H', 'DE21F', 'DE21C', 'DE21B', 'DE21A', 'DE217', 'DE216', 'DE215', 'DE213', 'DE21K', 'DE21L', 'DE233', 'DE232', 'DE231', 'DE225', 'DE222', 'DE21N', 'DE21M', 'DE144', 'DE121', 'DE11D', 'DE11C', 'DE117', 'DE116', 'DE115', 'DE113', 'DE112', 'DE111', 'DK042', 'DE122', 'DE123', 'DE125', 'DE139', 'DE138', 'DE131', 'DE12A', 'DE128', 'DE126', 'ES212', 'FRK28', 'FRK27', 'FRJ26', 'FRJ21', 'DED41', 'DED21', 'DEB3H', 'DEB3F', 'DEF02', 'DEF01', 'DED51', 'DEB3C', 'DEB11', 'DEA52', 'DEA47', 'DEB38', 'DEB37', 'DEB36', 'DEB35', 'DEB33', 'DEB32', 'DEB23', 'DEB21', 'DEB24', 'DEF04', 'IE062', 'DEG09', 'DEG07', 'DEG05', 'DEG04', 'DEG03', 'DEG02', 'DEG01', 'DEF0F', 'DEF0D', 'DEF0C', 'DEF08', 'DEF07', 'DEG0F', 'DEG0H', 'SI041', 'PL911', 'NL113', 'NL230', 'NL310', 'NL337', 'NL332', 'NL329', 'NL327', 'HU110', 'LU000', 'CH057', 'CH056', 'CH032', 'FI1B1', 'SE110', 'DE71E', 'DE71D', 'DE71A', 'DE718', 'DE714', 'DE712', 'DE711', 'DE251', 'DE241', 'DE274', 'DE272', 'DE731', 'DE943', 'DK012', 'DK011', 'CZ010', 'BE251', 'BE242', 'DK013', 'DE21E', 'DE21D', 'DE218', 'DE212', 'DE148', 'DE223', 'DE221', 'DE142', 'DE141', 'DE136', 'FR104', 'FR103', 'FR101', 'FR105', 'FR108', 'ES300', 'FRK26', 'IE061', 'AT222', 'NL423', 'NL225', 'NL224', 'NL221', 'NL133', 'NL132', 'NL126', 'NL125', 'MT001', 'NL422', 'NL421', 'NL33B', 'NL333', 'CH066', 'CH025', 'CH070', 'DE40E', 'DE40A', 'DE409', 'DE408', 'DE406', 'DE40I', 'DE40H', 'DEA15', 'DEA18', 'DEA19', 'DEA1B', 'DEA31', 'DEA2C', 'DEA29', 'DEA28', 'DEA27', 'DEA26', 'DEA1F', 'DEA1E', 'DEA1D', 'DEA1C', 'DE80J', 'DE91A', 'DE91B', 'DE925', 'DEA35', 'DK031', 'DEA36', 'ES703', 'FRC21', 'FRC11', 'ES242', 'ES211', 'ES112', 'ES111', 'FRL02', 'FRF31', 'FRJ22', 'DED2D', 'DED2C', 'DED53', 'DED52', 'DEA5C', 'DEA55', 'DEA51', 'DEA37', 'DEF0B', 'DEG0C', 'IE063', 'DEG0N']","['Economic development', 'Regional development', 'Governance']","The policy amendment allows limiting the number of investments per subsidy application and sets a minimum investment amount. In case of tied applications exceeding the subsidy cap, a lottery decides priority.","The amendment to the subsidy regulation for the Rural Development Program 2014-2020 introduces several key changes. It allows the governing body to limit the number of investments per subsidy application through an open call decision. Additionally, a minimum investment amount can be established, ensuring that only substantial projects receive funding. In situations where multiple applications receive the same score and the total requested subsidies exceed the available budget, a lottery system will determine which application is prioritized. This approach aims to ensure a fair and transparent allocation of funds, preventing any bias in the selection process. The changes are designed to optimize the distribution of subsidies, encouraging more significant and impactful rural development projects. By setting these parameters, the policy seeks to enhance the effectiveness of the subsidy program, ensuring that funds are allocated to projects that can deliver substantial benefits to rural areas. The amendment reflects a strategic approach to managing limited resources while maintaining fairness and transparency in the selection process. The policy is effective from the day following its publication in the Provincial Gazette, ensuring immediate implementation of these new measures.",['NL1'],https://www.snn.eu/sites/default/files/documents/Wijziging%20Verordening%20POP3-subsidies%20provincie%20Drenthe%20december%202017.pdf,Policy,Community
"['AT211', 'AT127', 'AT332', 'PT170', 'NL213', 'NL212', 'NL211', 'NL131', 'NL124', 'NL112', 'NL111', 'NL226', 'NL321', 'NL414', 'NL413', 'NL412', 'NL411', 'NL33C', 'NL328', 'NL325', 'NL324', 'NL323', 'NL33A', 'LT011', 'SK010', 'CH012', 'CH011', 'CH013', 'CH021', 'CH023', 'CH065', 'CH064', 'CH063', 'CH062', 'CH061', 'CH055', 'CH054', 'CH053', 'CH040', 'CH033', 'CH031', 'CH024', 'CH022', 'NO092', 'NO091', 'NO082', 'NO081', 'NO074', 'NO071', 'NO060', 'NO020', 'SE124', 'DEA41', 'DE40D', 'DE405', 'DE404', 'DE403', 'DE402', 'DE401', 'DE300', 'DE27A', 'DE721', 'DE253', 'DE243', 'DE242', 'DE273', 'DE271', 'DE26C', 'DE265', 'DE263', 'DE724', 'DEA16', 'DEA14', 'DEA13', 'DEA11', 'DE945', 'DEA33', 'DEA32', 'DEA2D', 'DEA2B', 'DEA2A', 'DEA24', 'DEA23', 'DEA22', 'DEA1A', 'DE944', 'DE916', 'DE911', 'DE80L', 'DE804', 'DE803', 'DE93A', 'DE938', 'DE929', 'DE928', 'DE91C', 'BE256', 'BE341', 'BE310', 'DK014', 'DE21H', 'DE21F', 'DE21C', 'DE21B', 'DE21A', 'DE217', 'DE216', 'DE215', 'DE213', 'DE21K', 'DE21L', 'DE233', 'DE232', 'DE231', 'DE225', 'DE222', 'DE21N', 'DE21M', 'DE144', 'DE121', 'DE11D', 'DE11C', 'DE117', 'DE116', 'DE115', 'DE113', 'DE112', 'DE111', 'DK042', 'DE122', 'DE123', 'DE125', 'DE139', 'DE138', 'DE131', 'DE12A', 'DE128', 'DE126', 'ES212', 'FRK28', 'FRK27', 'FRJ26', 'FRJ21', 'DED41', 'DED21', 'DEB3H', 'DEB3F', 'DEF02', 'DEF01', 'DED51', 'DEB3C', 'DEB11', 'DEA52', 'DEA47', 'DEB38', 'DEB37', 'DEB36', 'DEB35', 'DEB33', 'DEB32', 'DEB23', 'DEB21', 'DEB24', 'DEF04', 'IE062', 'DEG09', 'DEG07', 'DEG05', 'DEG04', 'DEG03', 'DEG02', 'DEG01', 'DEF0F', 'DEF0D', 'DEF0C', 'DEF08', 'DEF07', 'DEG0F', 'DEG0H', 'SI041', 'PL911', 'NL113', 'NL230', 'NL310', 'NL337', 'NL332', 'NL329', 'NL327', 'HU110', 'LU000', 'CH057', 'CH056', 'CH032', 'FI1B1', 'SE110', 'DE71E', 'DE71D', 'DE71A', 'DE718', 'DE714', 'DE712', 'DE711', 'DE251', 'DE241', 'DE274', 'DE272', 'DE731', 'DE943', 'DK012', 'DK011', 'CZ010', 'BE251', 'BE242', 'DK013', 'DE21E', 'DE21D', 'DE218', 'DE212', 'DE148', 'DE223', 'DE221', 'DE142', 'DE141', 'DE136', 'FR104', 'FR103', 'FR101', 'FR105', 'FR108', 'ES300', 'FRK26', 'IE061', 'AT222', 'NL423', 'NL225', 'NL224', 'NL221', 'NL133', 'NL132', 'NL126', 'NL125', 'MT001', 'NL422', 'NL421', 'NL33B', 'NL333', 'CH066', 'CH025', 'CH070', 'DE40E', 'DE40A', 'DE409', 'DE408', 'DE406', 'DE40I', 'DE40H', 'DEA15', 'DEA18', 'DEA19', 'DEA1B', 'DEA31', 'DEA2C', 'DEA29', 'DEA28', 'DEA27', 'DEA26', 'DEA1F', 'DEA1E', 'DEA1D', 'DEA1C', 'DE80J', 'DE91A', 'DE91B', 'DE925', 'DEA35', 'DK031', 'DEA36', 'ES703', 'FRC21', 'FRC11', 'ES242', 'ES211', 'ES112', 'ES111', 'FRL02', 'FRF31', 'FRJ22', 'DED2D', 'DED2C', 'DED53', 'DED52', 'DEA5C', 'DEA55', 'DEA51', 'DEA37', 'DEF0B', 'DEG0C', 'IE063', 'DEG0N']","['Economic development', 'Regional development', 'Governance']","The policy modifies subsidy regulations to include unpaid labor in cost calculations and removes certified agricultural collectives from leading roles in partnerships, aligning with European Commission directives.","The policy amendment addresses subsidy regulations under the Rural Development Program 2014-2022. It incorporates unpaid labor, compensated as a fixed amount, into the calculation of maximum contributions in kind, as mandated by the European Commission. This ensures that the total government support for specific actions, including in-kind contributions and unpaid labor, does not exceed the total eligible expenses, excluding these contributions. Additionally, the amendment removes the requirement for certified agricultural collectives to participate as lead entities in partnerships. This change aims to streamline administrative processes and align with broader European guidelines. The decision to implement these changes was made by the Provincial Executive of Drenthe and will take effect the day after its publication in the Provincial Gazette. The anticipated impact includes more accurate subsidy calculations and a shift in partnership dynamics, potentially affecting how agricultural projects are managed and executed. By adhering to European Commission standards, the policy seeks to enhance transparency and efficiency in subsidy distribution, ultimately supporting rural development objectives more effectively.",['NL1'],https://www.snn.eu/sites/default/files/documents/Wijziging%20Verordening%20POP3-subsidies%20provincie%20Drenthe%20-%20versie%20september%202021.pdf,Policy,AI
"['AT211', 'AT127', 'AT332', 'PT170', 'NL213', 'NL212', 'NL211', 'NL131', 'NL124', 'NL112', 'NL111', 'NL226', 'NL321', 'NL414', 'NL413', 'NL412', 'NL411', 'NL33C', 'NL328', 'NL325', 'NL324', 'NL323', 'NL33A', 'LT011', 'SK010', 'CH012', 'CH011', 'CH013', 'CH021', 'CH023', 'CH065', 'CH064', 'CH063', 'CH062', 'CH061', 'CH055', 'CH054', 'CH053', 'CH040', 'CH033', 'CH031', 'CH024', 'CH022', 'NO092', 'NO091', 'NO082', 'NO081', 'NO074', 'NO071', 'NO060', 'NO020', 'SE124', 'DEA41', 'DE40D', 'DE405', 'DE404', 'DE403', 'DE402', 'DE401', 'DE300', 'DE27A', 'DE721', 'DE253', 'DE243', 'DE242', 'DE273', 'DE271', 'DE26C', 'DE265', 'DE263', 'DE724', 'DEA16', 'DEA14', 'DEA13', 'DEA11', 'DE945', 'DEA33', 'DEA32', 'DEA2D', 'DEA2B', 'DEA2A', 'DEA24', 'DEA23', 'DEA22', 'DEA1A', 'DE944', 'DE916', 'DE911', 'DE80L', 'DE804', 'DE803', 'DE93A', 'DE938', 'DE929', 'DE928', 'DE91C', 'BE256', 'BE341', 'BE310', 'DK014', 'DE21H', 'DE21F', 'DE21C', 'DE21B', 'DE21A', 'DE217', 'DE216', 'DE215', 'DE213', 'DE21K', 'DE21L', 'DE233', 'DE232', 'DE231', 'DE225', 'DE222', 'DE21N', 'DE21M', 'DE144', 'DE121', 'DE11D', 'DE11C', 'DE117', 'DE116', 'DE115', 'DE113', 'DE112', 'DE111', 'DK042', 'DE122', 'DE123', 'DE125', 'DE139', 'DE138', 'DE131', 'DE12A', 'DE128', 'DE126', 'ES212', 'FRK28', 'FRK27', 'FRJ26', 'FRJ21', 'DED41', 'DED21', 'DEB3H', 'DEB3F', 'DEF02', 'DEF01', 'DED51', 'DEB3C', 'DEB11', 'DEA52', 'DEA47', 'DEB38', 'DEB37', 'DEB36', 'DEB35', 'DEB33', 'DEB32', 'DEB23', 'DEB21', 'DEB24', 'DEF04', 'IE062', 'DEG09', 'DEG07', 'DEG05', 'DEG04', 'DEG03', 'DEG02', 'DEG01', 'DEF0F', 'DEF0D', 'DEF0C', 'DEF08', 'DEF07', 'DEG0F', 'DEG0H', 'SI041', 'PL911', 'NL113', 'NL230', 'NL310', 'NL337', 'NL332', 'NL329', 'NL327', 'HU110', 'LU000', 'CH057', 'CH056', 'CH032', 'FI1B1', 'SE110', 'DE71E', 'DE71D', 'DE71A', 'DE718', 'DE714', 'DE712', 'DE711', 'DE251', 'DE241', 'DE274', 'DE272', 'DE731', 'DE943', 'DK012', 'DK011', 'CZ010', 'BE251', 'BE242', 'DK013', 'DE21E', 'DE21D', 'DE218', 'DE212', 'DE148', 'DE223', 'DE221', 'DE142', 'DE141', 'DE136', 'FR104', 'FR103', 'FR101', 'FR105', 'FR108', 'ES300', 'FRK26', 'IE061', 'AT222', 'NL423', 'NL225', 'NL224', 'NL221', 'NL133', 'NL132', 'NL126', 'NL125', 'MT001', 'NL422', 'NL421', 'NL33B', 'NL333', 'CH066', 'CH025', 'CH070', 'DE40E', 'DE40A', 'DE409', 'DE408', 'DE406', 'DE40I', 'DE40H', 'DEA15', 'DEA18', 'DEA19', 'DEA1B', 'DEA31', 'DEA2C', 'DEA29', 'DEA28', 'DEA27', 'DEA26', 'DEA1F', 'DEA1E', 'DEA1D', 'DEA1C', 'DE80J', 'DE91A', 'DE91B', 'DE925', 'DEA35', 'DK031', 'DEA36', 'ES703', 'FRC21', 'FRC11', 'ES242', 'ES211', 'ES112', 'ES111', 'FRL02', 'FRF31', 'FRJ22', 'DED2D', 'DED2C', 'DED53', 'DED52', 'DEA5C', 'DEA55', 'DEA51', 'DEA37', 'DEF0B', 'DEG0C', 'IE063', 'DEG0N']","['Sustainability', 'Energy', 'Environmental protection']","The policy modifies subsidy eligibility for agricultural investments, focusing on renewable energy and waste processing to enhance sustainability. It aims to support small-scale wind turbines and advanced manure processing technologies.","The policy amendment revises the eligibility criteria for subsidies under the GLB-NSP program, targeting improvements in water quality and nature inclusivity on farms. It updates the investment list to include wind turbines with a maximum hub height of 15 meters, promoting renewable energy use. Additionally, it expands support for manure processing technologies, including monomestvergisters with a capacity of up to 25,000m3 and various manure processing installations. These installations aim to convert digested manure into high-quality fertilizers, such as compost and nitrogen-rich liquid fertilizers. The changes are designed to encourage sustainable agricultural practices by facilitating the adoption of renewable energy solutions and efficient waste management systems. By providing financial incentives for these technologies, the policy seeks to reduce environmental impact and promote resource efficiency in the agricultural sector. The amendments are effective retroactively from January 22, 2024, ensuring immediate applicability and support for ongoing and future projects. This approach aligns with broader environmental goals and supports the transition towards more sustainable farming practices, ultimately contributing to improved environmental outcomes and resource management in agriculture.",['NL1'],https://www.snn.eu/sites/default/files/documents/Wijziging%20van%20het%20openstellingsbesluit.pdf,Programme,Verified
"['AT211', 'AT127', 'AT332', 'PT170', 'NL213', 'NL212', 'NL211', 'NL131', 'NL124', 'NL112', 'NL111', 'NL226', 'NL321', 'NL414', 'NL413', 'NL412', 'NL411', 'NL33C', 'NL328', 'NL325', 'NL324', 'NL323', 'NL33A', 'LT011', 'SK010', 'CH012', 'CH011', 'CH013', 'CH021', 'CH023', 'CH065', 'CH064', 'CH063', 'CH062', 'CH061', 'CH055', 'CH054', 'CH053', 'CH040', 'CH033', 'CH031', 'CH024', 'CH022', 'NO092', 'NO091', 'NO082', 'NO081', 'NO074', 'NO071', 'NO060', 'NO020', 'SE124', 'DEA41', 'DE40D', 'DE405', 'DE404', 'DE403', 'DE402', 'DE401', 'DE300', 'DE27A', 'DE721', 'DE253', 'DE243', 'DE242', 'DE273', 'DE271', 'DE26C', 'DE265', 'DE263', 'DE724', 'DEA16', 'DEA14', 'DEA13', 'DEA11', 'DE945', 'DEA33', 'DEA32', 'DEA2D', 'DEA2B', 'DEA2A', 'DEA24', 'DEA23', 'DEA22', 'DEA1A', 'DE944', 'DE916', 'DE911', 'DE80L', 'DE804', 'DE803', 'DE93A', 'DE938', 'DE929', 'DE928', 'DE91C', 'BE256', 'BE341', 'BE310', 'DK014', 'DE21H', 'DE21F', 'DE21C', 'DE21B', 'DE21A', 'DE217', 'DE216', 'DE215', 'DE213', 'DE21K', 'DE21L', 'DE233', 'DE232', 'DE231', 'DE225', 'DE222', 'DE21N', 'DE21M', 'DE144', 'DE121', 'DE11D', 'DE11C', 'DE117', 'DE116', 'DE115', 'DE113', 'DE112', 'DE111', 'DK042', 'DE122', 'DE123', 'DE125', 'DE139', 'DE138', 'DE131', 'DE12A', 'DE128', 'DE126', 'ES212', 'FRK28', 'FRK27', 'FRJ26', 'FRJ21', 'DED41', 'DED21', 'DEB3H', 'DEB3F', 'DEF02', 'DEF01', 'DED51', 'DEB3C', 'DEB11', 'DEA52', 'DEA47', 'DEB38', 'DEB37', 'DEB36', 'DEB35', 'DEB33', 'DEB32', 'DEB23', 'DEB21', 'DEB24', 'DEF04', 'IE062', 'DEG09', 'DEG07', 'DEG05', 'DEG04', 'DEG03', 'DEG02', 'DEG01', 'DEF0F', 'DEF0D', 'DEF0C', 'DEF08', 'DEF07', 'DEG0F', 'DEG0H', 'SI041', 'PL911', 'NL113', 'NL230', 'NL310', 'NL337', 'NL332', 'NL329', 'NL327', 'HU110', 'LU000', 'CH057', 'CH056', 'CH032', 'FI1B1', 'SE110', 'DE71E', 'DE71D', 'DE71A', 'DE718', 'DE714', 'DE712', 'DE711', 'DE251', 'DE241', 'DE274', 'DE272', 'DE731', 'DE943', 'DK012', 'DK011', 'CZ010', 'BE251', 'BE242', 'DK013', 'DE21E', 'DE21D', 'DE218', 'DE212', 'DE148', 'DE223', 'DE221', 'DE142', 'DE141', 'DE136', 'FR104', 'FR103', 'FR101', 'FR105', 'FR108', 'ES300', 'FRK26', 'IE061', 'AT222', 'NL423', 'NL225', 'NL224', 'NL221', 'NL133', 'NL132', 'NL126', 'NL125', 'MT001', 'NL422', 'NL421', 'NL33B', 'NL333', 'CH066', 'CH025', 'CH070', 'DE40E', 'DE40A', 'DE409', 'DE408', 'DE406', 'DE40I', 'DE40H', 'DEA15', 'DEA18', 'DEA19', 'DEA1B', 'DEA31', 'DEA2C', 'DEA29', 'DEA28', 'DEA27', 'DEA26', 'DEA1F', 'DEA1E', 'DEA1D', 'DEA1C', 'DE80J', 'DE91A', 'DE91B', 'DE925', 'DEA35', 'DK031', 'DEA36', 'ES703', 'FRC21', 'FRC11', 'ES242', 'ES211', 'ES112', 'ES111', 'FRL02', 'FRF31', 'FRJ22', 'DED2D', 'DED2C', 'DED53', 'DED52', 'DEA5C', 'DEA55', 'DEA51', 'DEA37', 'DEF0B', 'DEG0C', 'IE063', 'DEG0N']","['Economic development', 'Education', 'Regional development']","The policy extends the duration of the 'Opportunities for Craftsmanship 2021' implementation regulation to August 31, 2024, to continue supporting vocational skills development through subsidies.","The policy document announces the extension of the 'Opportunities for Craftsmanship 2021' implementation regulation, initially set to expire on December 31, 2022, now extended to August 31, 2024. This extension is based on the need to continue fostering vocational skills development, which is supported by subsidies under this regulation. The decision is grounded in compliance with the General Administrative Law Act, the Provincial Act, and the General Subsidy Regulation Drenthe 2017, as well as EU regulations on de-minimis aid. The extension involves amending specific articles within the existing regulation to reflect the new expiration date. The intended outcome is to provide ongoing financial support to initiatives that enhance craftsmanship and vocational training, thereby contributing to workforce development and economic growth. The decision takes effect the day after its publication in the Provincial Gazette, ensuring a seamless transition and continued availability of resources for eligible projects. This policy adjustment underscores the commitment to sustaining and enhancing vocational skills, which are crucial for adapting to evolving labor market demands and supporting regional economic resilience.",['NL1'],https://www.snn.eu/sites/default/files/documents/Wijziging%20van%20de%20Uitvoeringsregeling%20%E2%80%98Kansen%20verzilveren%20voor%20vakmanschap%202021%E2%80%99.pdf,Policy,Community
"['AT211', 'AT127', 'AT332', 'PT170', 'NL213', 'NL212', 'NL211', 'NL131', 'NL124', 'NL112', 'NL111', 'NL226', 'NL321', 'NL414', 'NL413', 'NL412', 'NL411', 'NL33C', 'NL328', 'NL325', 'NL324', 'NL323', 'NL33A', 'LT011', 'SK010', 'CH012', 'CH011', 'CH013', 'CH021', 'CH023', 'CH065', 'CH064', 'CH063', 'CH062', 'CH061', 'CH055', 'CH054', 'CH053', 'CH040', 'CH033', 'CH031', 'CH024', 'CH022', 'NO092', 'NO091', 'NO082', 'NO081', 'NO074', 'NO071', 'NO060', 'NO020', 'SE124', 'DEA41', 'DE40D', 'DE405', 'DE404', 'DE403', 'DE402', 'DE401', 'DE300', 'DE27A', 'DE721', 'DE253', 'DE243', 'DE242', 'DE273', 'DE271', 'DE26C', 'DE265', 'DE263', 'DE724', 'DEA16', 'DEA14', 'DEA13', 'DEA11', 'DE945', 'DEA33', 'DEA32', 'DEA2D', 'DEA2B', 'DEA2A', 'DEA24', 'DEA23', 'DEA22', 'DEA1A', 'DE944', 'DE916', 'DE911', 'DE80L', 'DE804', 'DE803', 'DE93A', 'DE938', 'DE929', 'DE928', 'DE91C', 'BE256', 'BE341', 'BE310', 'DK014', 'DE21H', 'DE21F', 'DE21C', 'DE21B', 'DE21A', 'DE217', 'DE216', 'DE215', 'DE213', 'DE21K', 'DE21L', 'DE233', 'DE232', 'DE231', 'DE225', 'DE222', 'DE21N', 'DE21M', 'DE144', 'DE121', 'DE11D', 'DE11C', 'DE117', 'DE116', 'DE115', 'DE113', 'DE112', 'DE111', 'DK042', 'DE122', 'DE123', 'DE125', 'DE139', 'DE138', 'DE131', 'DE12A', 'DE128', 'DE126', 'ES212', 'FRK28', 'FRK27', 'FRJ26', 'FRJ21', 'DED41', 'DED21', 'DEB3H', 'DEB3F', 'DEF02', 'DEF01', 'DED51', 'DEB3C', 'DEB11', 'DEA52', 'DEA47', 'DEB38', 'DEB37', 'DEB36', 'DEB35', 'DEB33', 'DEB32', 'DEB23', 'DEB21', 'DEB24', 'DEF04', 'IE062', 'DEG09', 'DEG07', 'DEG05', 'DEG04', 'DEG03', 'DEG02', 'DEG01', 'DEF0F', 'DEF0D', 'DEF0C', 'DEF08', 'DEF07', 'DEG0F', 'DEG0H', 'SI041', 'PL911', 'NL113', 'NL230', 'NL310', 'NL337', 'NL332', 'NL329', 'NL327', 'HU110', 'LU000', 'CH057', 'CH056', 'CH032', 'FI1B1', 'SE110', 'DE71E', 'DE71D', 'DE71A', 'DE718', 'DE714', 'DE712', 'DE711', 'DE251', 'DE241', 'DE274', 'DE272', 'DE731', 'DE943', 'DK012', 'DK011', 'CZ010', 'BE251', 'BE242', 'DK013', 'DE21E', 'DE21D', 'DE218', 'DE212', 'DE148', 'DE223', 'DE221', 'DE142', 'DE141', 'DE136', 'FR104', 'FR103', 'FR101', 'FR105', 'FR108', 'ES300', 'FRK26', 'IE061', 'AT222', 'NL423', 'NL225', 'NL224', 'NL221', 'NL133', 'NL132', 'NL126', 'NL125', 'MT001', 'NL422', 'NL421', 'NL33B', 'NL333', 'CH066', 'CH025', 'CH070', 'DE40E', 'DE40A', 'DE409', 'DE408', 'DE406', 'DE40I', 'DE40H', 'DEA15', 'DEA18', 'DEA19', 'DEA1B', 'DEA31', 'DEA2C', 'DEA29', 'DEA28', 'DEA27', 'DEA26', 'DEA1F', 'DEA1E', 'DEA1D', 'DEA1C', 'DE80J', 'DE91A', 'DE91B', 'DE925', 'DEA35', 'DK031', 'DEA36', 'ES703', 'FRC21', 'FRC11', 'ES242', 'ES211', 'ES112', 'ES111', 'FRL02', 'FRF31', 'FRJ22', 'DED2D', 'DED2C', 'DED53', 'DED52', 'DEA5C', 'DEA55', 'DEA51', 'DEA37', 'DEF0B', 'DEG0C', 'IE063', 'DEG0N']","['Economic development', 'Digitalisation', 'Innovation', 'Regional development']","The policy extends the Digitalization Voucher Subsidy Scheme by six months to June 30, 2023, allowing more time for applications. This extension aims to support digital transformation efforts by providing financial assistance to eligible entities.","The policy amendment extends the application period for the Digitalization Voucher Subsidy Scheme until June 30, 2023, providing additional time for eligible entities to apply for financial support. This extension is intended to facilitate ongoing digital transformation initiatives by offering subsidies to businesses and organizations seeking to enhance their digital capabilities. The amendment also includes a change to the subsidy ceiling, which will now be determined annually by the Gedeputeerde Staten, ensuring flexibility in funding allocation based on yearly assessments. Additionally, the deadline for certain provisions has been adjusted from January 1, 2023, to July 1, 2023, aligning with the extended application period. The decision to extend the scheme reflects a commitment to fostering digital innovation and supporting economic growth through technological advancement. By providing financial resources, the policy aims to reduce barriers to digital adoption, enabling more entities to participate in the digital economy. The impact of this extension is expected to be significant, as it allows for a broader range of applicants to benefit from the scheme, ultimately contributing to a more digitally advanced and competitive regional economy.",['NL1'],https://www.snn.eu/sites/default/files/documents/Wijziging%20van%20de%20Subsidieregeling%20Digitaliseringsvoucher%20Drenthe%202022.pdf,Policy,AI
"['AT211', 'AT127', 'AT332', 'PT170', 'NL213', 'NL212', 'NL211', 'NL131', 'NL124', 'NL112', 'NL111', 'NL226', 'NL321', 'NL414', 'NL413', 'NL412', 'NL411', 'NL33C', 'NL328', 'NL325', 'NL324', 'NL323', 'NL33A', 'LT011', 'SK010', 'CH012', 'CH011', 'CH013', 'CH021', 'CH023', 'CH065', 'CH064', 'CH063', 'CH062', 'CH061', 'CH055', 'CH054', 'CH053', 'CH040', 'CH033', 'CH031', 'CH024', 'CH022', 'NO092', 'NO091', 'NO082', 'NO081', 'NO074', 'NO071', 'NO060', 'NO020', 'SE124', 'DEA41', 'DE40D', 'DE405', 'DE404', 'DE403', 'DE402', 'DE401', 'DE300', 'DE27A', 'DE721', 'DE253', 'DE243', 'DE242', 'DE273', 'DE271', 'DE26C', 'DE265', 'DE263', 'DE724', 'DEA16', 'DEA14', 'DEA13', 'DEA11', 'DE945', 'DEA33', 'DEA32', 'DEA2D', 'DEA2B', 'DEA2A', 'DEA24', 'DEA23', 'DEA22', 'DEA1A', 'DE944', 'DE916', 'DE911', 'DE80L', 'DE804', 'DE803', 'DE93A', 'DE938', 'DE929', 'DE928', 'DE91C', 'BE256', 'BE341', 'BE310', 'DK014', 'DE21H', 'DE21F', 'DE21C', 'DE21B', 'DE21A', 'DE217', 'DE216', 'DE215', 'DE213', 'DE21K', 'DE21L', 'DE233', 'DE232', 'DE231', 'DE225', 'DE222', 'DE21N', 'DE21M', 'DE144', 'DE121', 'DE11D', 'DE11C', 'DE117', 'DE116', 'DE115', 'DE113', 'DE112', 'DE111', 'DK042', 'DE122', 'DE123', 'DE125', 'DE139', 'DE138', 'DE131', 'DE12A', 'DE128', 'DE126', 'ES212', 'FRK28', 'FRK27', 'FRJ26', 'FRJ21', 'DED41', 'DED21', 'DEB3H', 'DEB3F', 'DEF02', 'DEF01', 'DED51', 'DEB3C', 'DEB11', 'DEA52', 'DEA47', 'DEB38', 'DEB37', 'DEB36', 'DEB35', 'DEB33', 'DEB32', 'DEB23', 'DEB21', 'DEB24', 'DEF04', 'IE062', 'DEG09', 'DEG07', 'DEG05', 'DEG04', 'DEG03', 'DEG02', 'DEG01', 'DEF0F', 'DEF0D', 'DEF0C', 'DEF08', 'DEF07', 'DEG0F', 'DEG0H', 'SI041', 'PL911', 'NL113', 'NL230', 'NL310', 'NL337', 'NL332', 'NL329', 'NL327', 'HU110', 'LU000', 'CH057', 'CH056', 'CH032', 'FI1B1', 'SE110', 'DE71E', 'DE71D', 'DE71A', 'DE718', 'DE714', 'DE712', 'DE711', 'DE251', 'DE241', 'DE274', 'DE272', 'DE731', 'DE943', 'DK012', 'DK011', 'CZ010', 'BE251', 'BE242', 'DK013', 'DE21E', 'DE21D', 'DE218', 'DE212', 'DE148', 'DE223', 'DE221', 'DE142', 'DE141', 'DE136', 'FR104', 'FR103', 'FR101', 'FR105', 'FR108', 'ES300', 'FRK26', 'IE061', 'AT222', 'NL423', 'NL225', 'NL224', 'NL221', 'NL133', 'NL132', 'NL126', 'NL125', 'MT001', 'NL422', 'NL421', 'NL33B', 'NL333', 'CH066', 'CH025', 'CH070', 'DE40E', 'DE40A', 'DE409', 'DE408', 'DE406', 'DE40I', 'DE40H', 'DEA15', 'DEA18', 'DEA19', 'DEA1B', 'DEA31', 'DEA2C', 'DEA29', 'DEA28', 'DEA27', 'DEA26', 'DEA1F', 'DEA1E', 'DEA1D', 'DEA1C', 'DE80J', 'DE91A', 'DE91B', 'DE925', 'DEA35', 'DK031', 'DEA36', 'ES703', 'FRC21', 'FRC11', 'ES242', 'ES211', 'ES112', 'ES111', 'FRL02', 'FRF31', 'FRJ22', 'DED2D', 'DED2C', 'DED53', 'DED52', 'DEA5C', 'DEA55', 'DEA51', 'DEA37', 'DEF0B', 'DEG0C', 'IE063', 'DEG0N']","['Education', 'Regional development', 'Economic development']","The policy reallocates the budget for the 'Opportunities for Craftsmanship 2021' scheme due to underperformance in measure implementation, aiming to optimize resource distribution across various initiatives.","The policy addresses the need to reallocate the budget for the 'Opportunities for Craftsmanship 2021' scheme, as the implementation of various measures has lagged behind the original budget projections. The total subsidy ceiling is set at €970,000, distributed across four main initiatives: training for existing staff, personal training for employees or temporary workers, career switchers, and guidance for career switchers. Each initiative has a specific budget allocation, with further division across the provinces of Groningen, Fryslân, and Drenthe. The reallocation aims to ensure that the available funds are used more effectively to support the intended activities. By adjusting the budget distribution, the policy seeks to enhance the implementation of the measures and achieve the desired outcomes in workforce development and skill enhancement. The decision is effective immediately and retroactively applicable from October 1, 2021, ensuring that the adjustments address the current needs and challenges in the execution of the scheme. The policy's impact is expected to improve the uptake and success of the initiatives, ultimately contributing to the overall goal of enhancing craftsmanship and vocational skills in the region.",['NL1'],https://www.snn.eu/sites/default/files/documents/Wijziging%20Uitvoeringsbesluit%20Kansen%20Verzilveren%20voor%20Vakmanschap%202021.pdf,Policy,Verified
"['AT211', 'AT127', 'AT332', 'PT170', 'NL213', 'NL212', 'NL211', 'NL131', 'NL124', 'NL112', 'NL111', 'NL226', 'NL321', 'NL414', 'NL413', 'NL412', 'NL411', 'NL33C', 'NL328', 'NL325', 'NL324', 'NL323', 'NL33A', 'LT011', 'SK010', 'CH012', 'CH011', 'CH013', 'CH021', 'CH023', 'CH065', 'CH064', 'CH063', 'CH062', 'CH061', 'CH055', 'CH054', 'CH053', 'CH040', 'CH033', 'CH031', 'CH024', 'CH022', 'NO092', 'NO091', 'NO082', 'NO081', 'NO074', 'NO071', 'NO060', 'NO020', 'SE124', 'DEA41', 'DE40D', 'DE405', 'DE404', 'DE403', 'DE402', 'DE401', 'DE300', 'DE27A', 'DE721', 'DE253', 'DE243', 'DE242', 'DE273', 'DE271', 'DE26C', 'DE265', 'DE263', 'DE724', 'DEA16', 'DEA14', 'DEA13', 'DEA11', 'DE945', 'DEA33', 'DEA32', 'DEA2D', 'DEA2B', 'DEA2A', 'DEA24', 'DEA23', 'DEA22', 'DEA1A', 'DE944', 'DE916', 'DE911', 'DE80L', 'DE804', 'DE803', 'DE93A', 'DE938', 'DE929', 'DE928', 'DE91C', 'BE256', 'BE341', 'BE310', 'DK014', 'DE21H', 'DE21F', 'DE21C', 'DE21B', 'DE21A', 'DE217', 'DE216', 'DE215', 'DE213', 'DE21K', 'DE21L', 'DE233', 'DE232', 'DE231', 'DE225', 'DE222', 'DE21N', 'DE21M', 'DE144', 'DE121', 'DE11D', 'DE11C', 'DE117', 'DE116', 'DE115', 'DE113', 'DE112', 'DE111', 'DK042', 'DE122', 'DE123', 'DE125', 'DE139', 'DE138', 'DE131', 'DE12A', 'DE128', 'DE126', 'ES212', 'FRK28', 'FRK27', 'FRJ26', 'FRJ21', 'DED41', 'DED21', 'DEB3H', 'DEB3F', 'DEF02', 'DEF01', 'DED51', 'DEB3C', 'DEB11', 'DEA52', 'DEA47', 'DEB38', 'DEB37', 'DEB36', 'DEB35', 'DEB33', 'DEB32', 'DEB23', 'DEB21', 'DEB24', 'DEF04', 'IE062', 'DEG09', 'DEG07', 'DEG05', 'DEG04', 'DEG03', 'DEG02', 'DEG01', 'DEF0F', 'DEF0D', 'DEF0C', 'DEF08', 'DEF07', 'DEG0F', 'DEG0H', 'SI041', 'PL911', 'NL113', 'NL230', 'NL310', 'NL337', 'NL332', 'NL329', 'NL327', 'HU110', 'LU000', 'CH057', 'CH056', 'CH032', 'FI1B1', 'SE110', 'DE71E', 'DE71D', 'DE71A', 'DE718', 'DE714', 'DE712', 'DE711', 'DE251', 'DE241', 'DE274', 'DE272', 'DE731', 'DE943', 'DK012', 'DK011', 'CZ010', 'BE251', 'BE242', 'DK013', 'DE21E', 'DE21D', 'DE218', 'DE212', 'DE148', 'DE223', 'DE221', 'DE142', 'DE141', 'DE136', 'FR104', 'FR103', 'FR101', 'FR105', 'FR108', 'ES300', 'FRK26', 'IE061', 'AT222', 'NL423', 'NL225', 'NL224', 'NL221', 'NL133', 'NL132', 'NL126', 'NL125', 'MT001', 'NL422', 'NL421', 'NL33B', 'NL333', 'CH066', 'CH025', 'CH070', 'DE40E', 'DE40A', 'DE409', 'DE408', 'DE406', 'DE40I', 'DE40H', 'DEA15', 'DEA18', 'DEA19', 'DEA1B', 'DEA31', 'DEA2C', 'DEA29', 'DEA28', 'DEA27', 'DEA26', 'DEA1F', 'DEA1E', 'DEA1D', 'DEA1C', 'DE80J', 'DE91A', 'DE91B', 'DE925', 'DEA35', 'DK031', 'DEA36', 'ES703', 'FRC21', 'FRC11', 'ES242', 'ES211', 'ES112', 'ES111', 'FRL02', 'FRF31', 'FRJ22', 'DED2D', 'DED2C', 'DED53', 'DED52', 'DEA5C', 'DEA55', 'DEA51', 'DEA37', 'DEF0B', 'DEG0C', 'IE063', 'DEG0N']","['Biodiversity', 'Governance', 'Environmental protection']",The policy modifies the subsidy regulation for wolf prevention measures to enhance implementation. It updates references to the 2023 subsidy ordinance and adjusts provisions for animal counts and subsidy calculations.,"The policy modifies the subsidy regulation for wolf prevention measures to improve its implementation. It updates references from the 2017 to the 2023 subsidy ordinance, ensuring alignment with current legal frameworks. Key changes include the removal of 'pigs' from Article 10, third paragraph, and the introduction of a new provision for calculating pig numbers based on 2022 data. Additionally, the policy clarifies that the total subsidy amount is an aggregate of all subsidies provided to hoofed animal holders under this and related regulations. These modifications aim to streamline the subsidy process, ensuring accurate animal count reporting and comprehensive subsidy allocation. The changes are set to take effect on July 3, 2023, reflecting a proactive approach to adapting regulatory frameworks to current needs and enhancing the effectiveness of wolf prevention measures. By refining these provisions, the policy seeks to facilitate better resource allocation and support for livestock holders, ultimately contributing to more effective wolf damage prevention strategies.",['NL1'],https://www.snn.eu/sites/default/files/documents/Wijziging%20Subsidieregeling%20wolfwerende%20rasters%20Drenthe%202023.pdf,Policy,Community
"['AT211', 'AT127', 'AT332', 'PT170', 'NL213', 'NL212', 'NL211', 'NL131', 'NL124', 'NL112', 'NL111', 'NL226', 'NL321', 'NL414', 'NL413', 'NL412', 'NL411', 'NL33C', 'NL328', 'NL325', 'NL324', 'NL323', 'NL33A', 'LT011', 'SK010', 'CH012', 'CH011', 'CH013', 'CH021', 'CH023', 'CH065', 'CH064', 'CH063', 'CH062', 'CH061', 'CH055', 'CH054', 'CH053', 'CH040', 'CH033', 'CH031', 'CH024', 'CH022', 'NO092', 'NO091', 'NO082', 'NO081', 'NO074', 'NO071', 'NO060', 'NO020', 'SE124', 'DEA41', 'DE40D', 'DE405', 'DE404', 'DE403', 'DE402', 'DE401', 'DE300', 'DE27A', 'DE721', 'DE253', 'DE243', 'DE242', 'DE273', 'DE271', 'DE26C', 'DE265', 'DE263', 'DE724', 'DEA16', 'DEA14', 'DEA13', 'DEA11', 'DE945', 'DEA33', 'DEA32', 'DEA2D', 'DEA2B', 'DEA2A', 'DEA24', 'DEA23', 'DEA22', 'DEA1A', 'DE944', 'DE916', 'DE911', 'DE80L', 'DE804', 'DE803', 'DE93A', 'DE938', 'DE929', 'DE928', 'DE91C', 'BE256', 'BE341', 'BE310', 'DK014', 'DE21H', 'DE21F', 'DE21C', 'DE21B', 'DE21A', 'DE217', 'DE216', 'DE215', 'DE213', 'DE21K', 'DE21L', 'DE233', 'DE232', 'DE231', 'DE225', 'DE222', 'DE21N', 'DE21M', 'DE144', 'DE121', 'DE11D', 'DE11C', 'DE117', 'DE116', 'DE115', 'DE113', 'DE112', 'DE111', 'DK042', 'DE122', 'DE123', 'DE125', 'DE139', 'DE138', 'DE131', 'DE12A', 'DE128', 'DE126', 'ES212', 'FRK28', 'FRK27', 'FRJ26', 'FRJ21', 'DED41', 'DED21', 'DEB3H', 'DEB3F', 'DEF02', 'DEF01', 'DED51', 'DEB3C', 'DEB11', 'DEA52', 'DEA47', 'DEB38', 'DEB37', 'DEB36', 'DEB35', 'DEB33', 'DEB32', 'DEB23', 'DEB21', 'DEB24', 'DEF04', 'IE062', 'DEG09', 'DEG07', 'DEG05', 'DEG04', 'DEG03', 'DEG02', 'DEG01', 'DEF0F', 'DEF0D', 'DEF0C', 'DEF08', 'DEF07', 'DEG0F', 'DEG0H', 'SI041', 'PL911', 'NL113', 'NL230', 'NL310', 'NL337', 'NL332', 'NL329', 'NL327', 'HU110', 'LU000', 'CH057', 'CH056', 'CH032', 'FI1B1', 'SE110', 'DE71E', 'DE71D', 'DE71A', 'DE718', 'DE714', 'DE712', 'DE711', 'DE251', 'DE241', 'DE274', 'DE272', 'DE731', 'DE943', 'DK012', 'DK011', 'CZ010', 'BE251', 'BE242', 'DK013', 'DE21E', 'DE21D', 'DE218', 'DE212', 'DE148', 'DE223', 'DE221', 'DE142', 'DE141', 'DE136', 'FR104', 'FR103', 'FR101', 'FR105', 'FR108', 'ES300', 'FRK26', 'IE061', 'AT222', 'NL423', 'NL225', 'NL224', 'NL221', 'NL133', 'NL132', 'NL126', 'NL125', 'MT001', 'NL422', 'NL421', 'NL33B', 'NL333', 'CH066', 'CH025', 'CH070', 'DE40E', 'DE40A', 'DE409', 'DE408', 'DE406', 'DE40I', 'DE40H', 'DEA15', 'DEA18', 'DEA19', 'DEA1B', 'DEA31', 'DEA2C', 'DEA29', 'DEA28', 'DEA27', 'DEA26', 'DEA1F', 'DEA1E', 'DEA1D', 'DEA1C', 'DE80J', 'DE91A', 'DE91B', 'DE925', 'DEA35', 'DK031', 'DEA36', 'ES703', 'FRC21', 'FRC11', 'ES242', 'ES211', 'ES112', 'ES111', 'FRL02', 'FRF31', 'FRJ22', 'DED2D', 'DED2C', 'DED53', 'DED52', 'DEA5C', 'DEA55', 'DEA51', 'DEA37', 'DEF0B', 'DEG0C', 'IE063', 'DEG0N']","['Economic development', 'Regional development', 'Governance']","The policy amends the subsidy program to improve rural development by allowing limitations on investment numbers, setting minimum investment amounts, and using a lottery system to resolve ties in application rankings.","The amendment to the rural development subsidy program aims to enhance its effectiveness by introducing several key changes. Firstly, it allows the governing body to limit the number of investments per subsidy application, providing more control over resource allocation. Secondly, it permits the establishment of a minimum investment amount, ensuring that only substantial projects receive funding. This change is intended to maximize the impact of each investment. Lastly, in cases where multiple applications receive the same score and exceed the subsidy budget, a lottery system will determine which application is prioritized. This approach aims to maintain fairness and transparency in the allocation process. The changes are designed to optimize the distribution of subsidies, ensuring that funds are directed towards projects with significant potential for rural development. By implementing these measures, the policy seeks to address previous inefficiencies and improve the overall effectiveness of the subsidy program. The amendment reflects a strategic approach to resource management, aiming to foster sustainable growth in rural areas through targeted investments.",['NL1'],https://www.snn.eu/sites/default/files/documents/Wijziging%20Subsidieregeling%20Plattelandsontwikkelingsprogramma%20%28POP3%29%20Frysl%C3%A2n%202014-2020%20-%20december%202017.pdf,Programme,AI
"['AT211', 'AT127', 'AT332', 'PT170', 'NL213', 'NL212', 'NL211', 'NL131', 'NL124', 'NL112', 'NL111', 'NL226', 'NL321', 'NL414', 'NL413', 'NL412', 'NL411', 'NL33C', 'NL328', 'NL325', 'NL324', 'NL323', 'NL33A', 'LT011', 'SK010', 'CH012', 'CH011', 'CH013', 'CH021', 'CH023', 'CH065', 'CH064', 'CH063', 'CH062', 'CH061', 'CH055', 'CH054', 'CH053', 'CH040', 'CH033', 'CH031', 'CH024', 'CH022', 'NO092', 'NO091', 'NO082', 'NO081', 'NO074', 'NO071', 'NO060', 'NO020', 'SE124', 'DEA41', 'DE40D', 'DE405', 'DE404', 'DE403', 'DE402', 'DE401', 'DE300', 'DE27A', 'DE721', 'DE253', 'DE243', 'DE242', 'DE273', 'DE271', 'DE26C', 'DE265', 'DE263', 'DE724', 'DEA16', 'DEA14', 'DEA13', 'DEA11', 'DE945', 'DEA33', 'DEA32', 'DEA2D', 'DEA2B', 'DEA2A', 'DEA24', 'DEA23', 'DEA22', 'DEA1A', 'DE944', 'DE916', 'DE911', 'DE80L', 'DE804', 'DE803', 'DE93A', 'DE938', 'DE929', 'DE928', 'DE91C', 'BE256', 'BE341', 'BE310', 'DK014', 'DE21H', 'DE21F', 'DE21C', 'DE21B', 'DE21A', 'DE217', 'DE216', 'DE215', 'DE213', 'DE21K', 'DE21L', 'DE233', 'DE232', 'DE231', 'DE225', 'DE222', 'DE21N', 'DE21M', 'DE144', 'DE121', 'DE11D', 'DE11C', 'DE117', 'DE116', 'DE115', 'DE113', 'DE112', 'DE111', 'DK042', 'DE122', 'DE123', 'DE125', 'DE139', 'DE138', 'DE131', 'DE12A', 'DE128', 'DE126', 'ES212', 'FRK28', 'FRK27', 'FRJ26', 'FRJ21', 'DED41', 'DED21', 'DEB3H', 'DEB3F', 'DEF02', 'DEF01', 'DED51', 'DEB3C', 'DEB11', 'DEA52', 'DEA47', 'DEB38', 'DEB37', 'DEB36', 'DEB35', 'DEB33', 'DEB32', 'DEB23', 'DEB21', 'DEB24', 'DEF04', 'IE062', 'DEG09', 'DEG07', 'DEG05', 'DEG04', 'DEG03', 'DEG02', 'DEG01', 'DEF0F', 'DEF0D', 'DEF0C', 'DEF08', 'DEF07', 'DEG0F', 'DEG0H', 'SI041', 'PL911', 'NL113', 'NL230', 'NL310', 'NL337', 'NL332', 'NL329', 'NL327', 'HU110', 'LU000', 'CH057', 'CH056', 'CH032', 'FI1B1', 'SE110', 'DE71E', 'DE71D', 'DE71A', 'DE718', 'DE714', 'DE712', 'DE711', 'DE251', 'DE241', 'DE274', 'DE272', 'DE731', 'DE943', 'DK012', 'DK011', 'CZ010', 'BE251', 'BE242', 'DK013', 'DE21E', 'DE21D', 'DE218', 'DE212', 'DE148', 'DE223', 'DE221', 'DE142', 'DE141', 'DE136', 'FR104', 'FR103', 'FR101', 'FR105', 'FR108', 'ES300', 'FRK26', 'IE061', 'AT222', 'NL423', 'NL225', 'NL224', 'NL221', 'NL133', 'NL132', 'NL126', 'NL125', 'MT001', 'NL422', 'NL421', 'NL33B', 'NL333', 'CH066', 'CH025', 'CH070', 'DE40E', 'DE40A', 'DE409', 'DE408', 'DE406', 'DE40I', 'DE40H', 'DEA15', 'DEA18', 'DEA19', 'DEA1B', 'DEA31', 'DEA2C', 'DEA29', 'DEA28', 'DEA27', 'DEA26', 'DEA1F', 'DEA1E', 'DEA1D', 'DEA1C', 'DE80J', 'DE91A', 'DE91B', 'DE925', 'DEA35', 'DK031', 'DEA36', 'ES703', 'FRC21', 'FRC11', 'ES242', 'ES211', 'ES112', 'ES111', 'FRL02', 'FRF31', 'FRJ22', 'DED2D', 'DED2C', 'DED53', 'DED52', 'DEA5C', 'DEA55', 'DEA51', 'DEA37', 'DEF0B', 'DEG0C', 'IE063', 'DEG0N']","['Economic development', 'Digitalisation', 'Regional development']","The policy extends the Digitalization Voucher Subsidy Scheme in Drenthe until December 31, 2023, and introduces two sub-ceilings to better allocate funds. This aims to enhance digital capabilities and economic resilience among small and medium-sized enterprises.","The policy extends the Digitalization Voucher Subsidy Scheme in Drenthe by six months, now ending on December 31, 2023. It introduces two sub-ceilings under the main subsidy ceiling to allocate funds more effectively. Sub-ceiling A targets small and medium-sized enterprises (SMEs) in specific municipalities, while Sub-ceiling B focuses on others. The policy requires applicants to demonstrate how their activities will maintain or increase revenue, improve digital reach, or enhance digital resilience. This change aims to support SMEs in adapting to digital challenges and opportunities, thereby strengthening their economic position. The policy's expiration is set for January 1, 2024, ensuring a focused timeframe for achieving these objectives. By segmenting the subsidy allocation, the policy seeks to address regional disparities and ensure that funds are directed where they are most needed. The expected outcome is a more digitally capable and economically resilient SME sector in Drenthe, contributing to the overall economic health of the region. The policy takes effect the day after its publication in the Provincial Gazette, ensuring immediate implementation and impact.",['NL1'],https://www.snn.eu/sites/default/files/documents/Wijziging%20Subsidieregeling%20Digitaliseringsvoucher%20Drenthe%202022.pdf,Policy,Verified
"['AT211', 'AT127', 'AT332', 'PT170', 'NL213', 'NL212', 'NL211', 'NL131', 'NL124', 'NL112', 'NL111', 'NL226', 'NL321', 'NL414', 'NL413', 'NL412', 'NL411', 'NL33C', 'NL328', 'NL325', 'NL324', 'NL323', 'NL33A', 'LT011', 'SK010', 'CH012', 'CH011', 'CH013', 'CH021', 'CH023', 'CH065', 'CH064', 'CH063', 'CH062', 'CH061', 'CH055', 'CH054', 'CH053', 'CH040', 'CH033', 'CH031', 'CH024', 'CH022', 'NO092', 'NO091', 'NO082', 'NO081', 'NO074', 'NO071', 'NO060', 'NO020', 'SE124', 'DEA41', 'DE40D', 'DE405', 'DE404', 'DE403', 'DE402', 'DE401', 'DE300', 'DE27A', 'DE721', 'DE253', 'DE243', 'DE242', 'DE273', 'DE271', 'DE26C', 'DE265', 'DE263', 'DE724', 'DEA16', 'DEA14', 'DEA13', 'DEA11', 'DE945', 'DEA33', 'DEA32', 'DEA2D', 'DEA2B', 'DEA2A', 'DEA24', 'DEA23', 'DEA22', 'DEA1A', 'DE944', 'DE916', 'DE911', 'DE80L', 'DE804', 'DE803', 'DE93A', 'DE938', 'DE929', 'DE928', 'DE91C', 'BE256', 'BE341', 'BE310', 'DK014', 'DE21H', 'DE21F', 'DE21C', 'DE21B', 'DE21A', 'DE217', 'DE216', 'DE215', 'DE213', 'DE21K', 'DE21L', 'DE233', 'DE232', 'DE231', 'DE225', 'DE222', 'DE21N', 'DE21M', 'DE144', 'DE121', 'DE11D', 'DE11C', 'DE117', 'DE116', 'DE115', 'DE113', 'DE112', 'DE111', 'DK042', 'DE122', 'DE123', 'DE125', 'DE139', 'DE138', 'DE131', 'DE12A', 'DE128', 'DE126', 'ES212', 'FRK28', 'FRK27', 'FRJ26', 'FRJ21', 'DED41', 'DED21', 'DEB3H', 'DEB3F', 'DEF02', 'DEF01', 'DED51', 'DEB3C', 'DEB11', 'DEA52', 'DEA47', 'DEB38', 'DEB37', 'DEB36', 'DEB35', 'DEB33', 'DEB32', 'DEB23', 'DEB21', 'DEB24', 'DEF04', 'IE062', 'DEG09', 'DEG07', 'DEG05', 'DEG04', 'DEG03', 'DEG02', 'DEG01', 'DEF0F', 'DEF0D', 'DEF0C', 'DEF08', 'DEF07', 'DEG0F', 'DEG0H', 'SI041', 'PL911', 'NL113', 'NL230', 'NL310', 'NL337', 'NL332', 'NL329', 'NL327', 'HU110', 'LU000', 'CH057', 'CH056', 'CH032', 'FI1B1', 'SE110', 'DE71E', 'DE71D', 'DE71A', 'DE718', 'DE714', 'DE712', 'DE711', 'DE251', 'DE241', 'DE274', 'DE272', 'DE731', 'DE943', 'DK012', 'DK011', 'CZ010', 'BE251', 'BE242', 'DK013', 'DE21E', 'DE21D', 'DE218', 'DE212', 'DE148', 'DE223', 'DE221', 'DE142', 'DE141', 'DE136', 'FR104', 'FR103', 'FR101', 'FR105', 'FR108', 'ES300', 'FRK26', 'IE061', 'AT222', 'NL423', 'NL225', 'NL224', 'NL221', 'NL133', 'NL132', 'NL126', 'NL125', 'MT001', 'NL422', 'NL421', 'NL33B', 'NL333', 'CH066', 'CH025', 'CH070', 'DE40E', 'DE40A', 'DE409', 'DE408', 'DE406', 'DE40I', 'DE40H', 'DEA15', 'DEA18', 'DEA19', 'DEA1B', 'DEA31', 'DEA2C', 'DEA29', 'DEA28', 'DEA27', 'DEA26', 'DEA1F', 'DEA1E', 'DEA1D', 'DEA1C', 'DE80J', 'DE91A', 'DE91B', 'DE925', 'DEA35', 'DK031', 'DEA36', 'ES703', 'FRC21', 'FRC11', 'ES242', 'ES211', 'ES112', 'ES111', 'FRL02', 'FRF31', 'FRJ22', 'DED2D', 'DED2C', 'DED53', 'DED52', 'DEA5C', 'DEA55', 'DEA51', 'DEA37', 'DEF0B', 'DEG0C', 'IE063', 'DEG0N']","['Biodiversity', 'Economic development', 'Environmental protection']","The policy increases the subsidy budget for wolf-resistant fencing from €600,000 to €1,000,000 to enhance protection measures. This adjustment aims to better support initiatives that prevent wolf-related damages.","The policy decision by the Executive Council of Drenthe raises the subsidy ceiling for the wolf-resistant fencing program from €600,000 to €1,000,000. This increase reflects the need to bolster financial support for measures that mitigate conflicts between wolves and human activities, particularly in agricultural settings. The adjustment is made under the authority of Article 4 of the General Subsidy Ordinance of Drenthe 2023, indicating a strategic response to growing concerns about wolf-related damages. The decision is formalized with the issuance of a resolution on June 27, 2023, and is set to take effect on July 3, 2023, with a validity period until January 1, 2024. By expanding the financial resources available, the policy aims to enhance the implementation of protective measures, thereby reducing potential economic losses for stakeholders and promoting coexistence with wildlife. The increased budget is expected to facilitate more comprehensive coverage and effectiveness of the fencing initiatives, ultimately contributing to the sustainability of local agricultural practices and biodiversity conservation efforts.",['NL1'],https://www.snn.eu/sites/default/files/documents/Wijziging%20Subsidieplafond%20Subsidieregeling%20wolfwerende%20rasters%20Drenthe%202023.pdf,Policy,Community
"['AT211', 'AT127', 'AT332', 'PT170', 'NL213', 'NL212', 'NL211', 'NL131', 'NL124', 'NL112', 'NL111', 'NL226', 'NL321', 'NL414', 'NL413', 'NL412', 'NL411', 'NL33C', 'NL328', 'NL325', 'NL324', 'NL323', 'NL33A', 'LT011', 'SK010', 'CH012', 'CH011', 'CH013', 'CH021', 'CH023', 'CH065', 'CH064', 'CH063', 'CH062', 'CH061', 'CH055', 'CH054', 'CH053', 'CH040', 'CH033', 'CH031', 'CH024', 'CH022', 'NO092', 'NO091', 'NO082', 'NO081', 'NO074', 'NO071', 'NO060', 'NO020', 'SE124', 'DEA41', 'DE40D', 'DE405', 'DE404', 'DE403', 'DE402', 'DE401', 'DE300', 'DE27A', 'DE721', 'DE253', 'DE243', 'DE242', 'DE273', 'DE271', 'DE26C', 'DE265', 'DE263', 'DE724', 'DEA16', 'DEA14', 'DEA13', 'DEA11', 'DE945', 'DEA33', 'DEA32', 'DEA2D', 'DEA2B', 'DEA2A', 'DEA24', 'DEA23', 'DEA22', 'DEA1A', 'DE944', 'DE916', 'DE911', 'DE80L', 'DE804', 'DE803', 'DE93A', 'DE938', 'DE929', 'DE928', 'DE91C', 'BE256', 'BE341', 'BE310', 'DK014', 'DE21H', 'DE21F', 'DE21C', 'DE21B', 'DE21A', 'DE217', 'DE216', 'DE215', 'DE213', 'DE21K', 'DE21L', 'DE233', 'DE232', 'DE231', 'DE225', 'DE222', 'DE21N', 'DE21M', 'DE144', 'DE121', 'DE11D', 'DE11C', 'DE117', 'DE116', 'DE115', 'DE113', 'DE112', 'DE111', 'DK042', 'DE122', 'DE123', 'DE125', 'DE139', 'DE138', 'DE131', 'DE12A', 'DE128', 'DE126', 'ES212', 'FRK28', 'FRK27', 'FRJ26', 'FRJ21', 'DED41', 'DED21', 'DEB3H', 'DEB3F', 'DEF02', 'DEF01', 'DED51', 'DEB3C', 'DEB11', 'DEA52', 'DEA47', 'DEB38', 'DEB37', 'DEB36', 'DEB35', 'DEB33', 'DEB32', 'DEB23', 'DEB21', 'DEB24', 'DEF04', 'IE062', 'DEG09', 'DEG07', 'DEG05', 'DEG04', 'DEG03', 'DEG02', 'DEG01', 'DEF0F', 'DEF0D', 'DEF0C', 'DEF08', 'DEF07', 'DEG0F', 'DEG0H', 'SI041', 'PL911', 'NL113', 'NL230', 'NL310', 'NL337', 'NL332', 'NL329', 'NL327', 'HU110', 'LU000', 'CH057', 'CH056', 'CH032', 'FI1B1', 'SE110', 'DE71E', 'DE71D', 'DE71A', 'DE718', 'DE714', 'DE712', 'DE711', 'DE251', 'DE241', 'DE274', 'DE272', 'DE731', 'DE943', 'DK012', 'DK011', 'CZ010', 'BE251', 'BE242', 'DK013', 'DE21E', 'DE21D', 'DE218', 'DE212', 'DE148', 'DE223', 'DE221', 'DE142', 'DE141', 'DE136', 'FR104', 'FR103', 'FR101', 'FR105', 'FR108', 'ES300', 'FRK26', 'IE061', 'AT222', 'NL423', 'NL225', 'NL224', 'NL221', 'NL133', 'NL132', 'NL126', 'NL125', 'MT001', 'NL422', 'NL421', 'NL33B', 'NL333', 'CH066', 'CH025', 'CH070', 'DE40E', 'DE40A', 'DE409', 'DE408', 'DE406', 'DE40I', 'DE40H', 'DEA15', 'DEA18', 'DEA19', 'DEA1B', 'DEA31', 'DEA2C', 'DEA29', 'DEA28', 'DEA27', 'DEA26', 'DEA1F', 'DEA1E', 'DEA1D', 'DEA1C', 'DE80J', 'DE91A', 'DE91B', 'DE925', 'DEA35', 'DK031', 'DEA36', 'ES703', 'FRC21', 'FRC11', 'ES242', 'ES211', 'ES112', 'ES111', 'FRL02', 'FRF31', 'FRJ22', 'DED2D', 'DED2C', 'DED53', 'DED52', 'DEA5C', 'DEA55', 'DEA51', 'DEA37', 'DEF0B', 'DEG0C', 'IE063', 'DEG0N']","['Sustainability', 'Community engagement', 'Environmental protection']","The policy amendment removes restrictions on who can apply for sustainability measures and simplifies the application rejection criteria, aiming to enhance accessibility and efficiency in the municipal stimulus loan process.","The amendment to the Stimulus Loan regulation in Noardeast-Fryslân focuses on increasing accessibility and streamlining the application process for sustainability measures. Previously, only legal entities could apply for these measures, but this restriction has been removed, allowing a broader range of applicants. Additionally, the criteria for rejecting applications have been simplified by eliminating specific provisions, thereby reducing bureaucratic hurdles. The changes are intended to encourage more participation in sustainability initiatives by making the process more inclusive and less cumbersome. By doing so, the municipality aims to foster greater community involvement in environmental sustainability efforts, potentially leading to increased adoption of green technologies and practices. The decision to implement these changes was made by the municipal council and is set to take effect immediately following its official announcement. This proactive approach reflects the municipality's commitment to promoting sustainable development and supporting local stakeholders in their efforts to contribute to environmental goals. The anticipated outcome is a more dynamic and responsive framework that aligns with broader sustainability objectives while addressing local needs and capacities.",['NL1'],https://www.snn.eu/sites/default/files/documents/Wijziging%20regeling%20Stimuleringslening%20gemeente%20Noardeast-Frysl%C3%A2n%202021.pdf,Policy,Verified
"['AT211', 'AT127', 'AT332', 'PT170', 'NL213', 'NL212', 'NL211', 'NL131', 'NL124', 'NL112', 'NL111', 'NL226', 'NL321', 'NL414', 'NL413', 'NL412', 'NL411', 'NL33C', 'NL328', 'NL325', 'NL324', 'NL323', 'NL33A', 'LT011', 'SK010', 'CH012', 'CH011', 'CH013', 'CH021', 'CH023', 'CH065', 'CH064', 'CH063', 'CH062', 'CH061', 'CH055', 'CH054', 'CH053', 'CH040', 'CH033', 'CH031', 'CH024', 'CH022', 'NO092', 'NO091', 'NO082', 'NO081', 'NO074', 'NO071', 'NO060', 'NO020', 'SE124', 'DEA41', 'DE40D', 'DE405', 'DE404', 'DE403', 'DE402', 'DE401', 'DE300', 'DE27A', 'DE721', 'DE253', 'DE243', 'DE242', 'DE273', 'DE271', 'DE26C', 'DE265', 'DE263', 'DE724', 'DEA16', 'DEA14', 'DEA13', 'DEA11', 'DE945', 'DEA33', 'DEA32', 'DEA2D', 'DEA2B', 'DEA2A', 'DEA24', 'DEA23', 'DEA22', 'DEA1A', 'DE944', 'DE916', 'DE911', 'DE80L', 'DE804', 'DE803', 'DE93A', 'DE938', 'DE929', 'DE928', 'DE91C', 'BE256', 'BE341', 'BE310', 'DK014', 'DE21H', 'DE21F', 'DE21C', 'DE21B', 'DE21A', 'DE217', 'DE216', 'DE215', 'DE213', 'DE21K', 'DE21L', 'DE233', 'DE232', 'DE231', 'DE225', 'DE222', 'DE21N', 'DE21M', 'DE144', 'DE121', 'DE11D', 'DE11C', 'DE117', 'DE116', 'DE115', 'DE113', 'DE112', 'DE111', 'DK042', 'DE122', 'DE123', 'DE125', 'DE139', 'DE138', 'DE131', 'DE12A', 'DE128', 'DE126', 'ES212', 'FRK28', 'FRK27', 'FRJ26', 'FRJ21', 'DED41', 'DED21', 'DEB3H', 'DEB3F', 'DEF02', 'DEF01', 'DED51', 'DEB3C', 'DEB11', 'DEA52', 'DEA47', 'DEB38', 'DEB37', 'DEB36', 'DEB35', 'DEB33', 'DEB32', 'DEB23', 'DEB21', 'DEB24', 'DEF04', 'IE062', 'DEG09', 'DEG07', 'DEG05', 'DEG04', 'DEG03', 'DEG02', 'DEG01', 'DEF0F', 'DEF0D', 'DEF0C', 'DEF08', 'DEF07', 'DEG0F', 'DEG0H', 'SI041', 'PL911', 'NL113', 'NL230', 'NL310', 'NL337', 'NL332', 'NL329', 'NL327', 'HU110', 'LU000', 'CH057', 'CH056', 'CH032', 'FI1B1', 'SE110', 'DE71E', 'DE71D', 'DE71A', 'DE718', 'DE714', 'DE712', 'DE711', 'DE251', 'DE241', 'DE274', 'DE272', 'DE731', 'DE943', 'DK012', 'DK011', 'CZ010', 'BE251', 'BE242', 'DK013', 'DE21E', 'DE21D', 'DE218', 'DE212', 'DE148', 'DE223', 'DE221', 'DE142', 'DE141', 'DE136', 'FR104', 'FR103', 'FR101', 'FR105', 'FR108', 'ES300', 'FRK26', 'IE061', 'AT222', 'NL423', 'NL225', 'NL224', 'NL221', 'NL133', 'NL132', 'NL126', 'NL125', 'MT001', 'NL422', 'NL421', 'NL33B', 'NL333', 'CH066', 'CH025', 'CH070', 'DE40E', 'DE40A', 'DE409', 'DE408', 'DE406', 'DE40I', 'DE40H', 'DEA15', 'DEA18', 'DEA19', 'DEA1B', 'DEA31', 'DEA2C', 'DEA29', 'DEA28', 'DEA27', 'DEA26', 'DEA1F', 'DEA1E', 'DEA1D', 'DEA1C', 'DE80J', 'DE91A', 'DE91B', 'DE925', 'DEA35', 'DK031', 'DEA36', 'ES703', 'FRC21', 'FRC11', 'ES242', 'ES211', 'ES112', 'ES111', 'FRL02', 'FRF31', 'FRJ22', 'DED2D', 'DED2C', 'DED53', 'DED52', 'DEA5C', 'DEA55', 'DEA51', 'DEA37', 'DEF0B', 'DEG0C', 'IE063', 'DEG0N']","['Economic development', 'Innovation', 'Regional development']","The policy modifies the application period for the 2021 software development subsidy, shortening it from December 31, 2021, to May 25, 2021. This change aims to accelerate the allocation of funds to innovative projects within a more focused timeframe.","The policy amendment changes the application period for the 2021 software development subsidy under the 'Subsidieregeling Versneller Innovatieve Ambities'. Originally set to end on December 31, 2021, the new deadline is May 25, 2021. This adjustment is intended to expedite the funding process for innovative software development projects, ensuring that resources are allocated more swiftly and effectively. By narrowing the application window, the policy aims to concentrate efforts and resources on high-priority projects that can demonstrate immediate potential for innovation and impact. The decision reflects a strategic shift to enhance the responsiveness and efficiency of the subsidy program, aligning with broader goals of fostering rapid technological advancement and economic growth. The change will be officially enacted on May 25, 2021, following its publication in the Provincial Bladen of Drenthe, Fryslân, and Groningen, ensuring transparency and accessibility for all stakeholders involved.",['NL1'],https://www.snn.eu/sites/default/files/documents/Wijziging%20openstellingsbesluit%20VIA%202021%20softwareontwikkeling%20%28%2025-5-2021%29.pdf,Policy,Community
"['AT211', 'AT127', 'AT332', 'PT170', 'NL213', 'NL212', 'NL211', 'NL131', 'NL124', 'NL112', 'NL111', 'NL226', 'NL321', 'NL414', 'NL413', 'NL412', 'NL411', 'NL33C', 'NL328', 'NL325', 'NL324', 'NL323', 'NL33A', 'LT011', 'SK010', 'CH012', 'CH011', 'CH013', 'CH021', 'CH023', 'CH065', 'CH064', 'CH063', 'CH062', 'CH061', 'CH055', 'CH054', 'CH053', 'CH040', 'CH033', 'CH031', 'CH024', 'CH022', 'NO092', 'NO091', 'NO082', 'NO081', 'NO074', 'NO071', 'NO060', 'NO020', 'SE124', 'DEA41', 'DE40D', 'DE405', 'DE404', 'DE403', 'DE402', 'DE401', 'DE300', 'DE27A', 'DE721', 'DE253', 'DE243', 'DE242', 'DE273', 'DE271', 'DE26C', 'DE265', 'DE263', 'DE724', 'DEA16', 'DEA14', 'DEA13', 'DEA11', 'DE945', 'DEA33', 'DEA32', 'DEA2D', 'DEA2B', 'DEA2A', 'DEA24', 'DEA23', 'DEA22', 'DEA1A', 'DE944', 'DE916', 'DE911', 'DE80L', 'DE804', 'DE803', 'DE93A', 'DE938', 'DE929', 'DE928', 'DE91C', 'BE256', 'BE341', 'BE310', 'DK014', 'DE21H', 'DE21F', 'DE21C', 'DE21B', 'DE21A', 'DE217', 'DE216', 'DE215', 'DE213', 'DE21K', 'DE21L', 'DE233', 'DE232', 'DE231', 'DE225', 'DE222', 'DE21N', 'DE21M', 'DE144', 'DE121', 'DE11D', 'DE11C', 'DE117', 'DE116', 'DE115', 'DE113', 'DE112', 'DE111', 'DK042', 'DE122', 'DE123', 'DE125', 'DE139', 'DE138', 'DE131', 'DE12A', 'DE128', 'DE126', 'ES212', 'FRK28', 'FRK27', 'FRJ26', 'FRJ21', 'DED41', 'DED21', 'DEB3H', 'DEB3F', 'DEF02', 'DEF01', 'DED51', 'DEB3C', 'DEB11', 'DEA52', 'DEA47', 'DEB38', 'DEB37', 'DEB36', 'DEB35', 'DEB33', 'DEB32', 'DEB23', 'DEB21', 'DEB24', 'DEF04', 'IE062', 'DEG09', 'DEG07', 'DEG05', 'DEG04', 'DEG03', 'DEG02', 'DEG01', 'DEF0F', 'DEF0D', 'DEF0C', 'DEF08', 'DEF07', 'DEG0F', 'DEG0H', 'SI041', 'PL911', 'NL113', 'NL230', 'NL310', 'NL337', 'NL332', 'NL329', 'NL327', 'HU110', 'LU000', 'CH057', 'CH056', 'CH032', 'FI1B1', 'SE110', 'DE71E', 'DE71D', 'DE71A', 'DE718', 'DE714', 'DE712', 'DE711', 'DE251', 'DE241', 'DE274', 'DE272', 'DE731', 'DE943', 'DK012', 'DK011', 'CZ010', 'BE251', 'BE242', 'DK013', 'DE21E', 'DE21D', 'DE218', 'DE212', 'DE148', 'DE223', 'DE221', 'DE142', 'DE141', 'DE136', 'FR104', 'FR103', 'FR101', 'FR105', 'FR108', 'ES300', 'FRK26', 'IE061', 'AT222', 'NL423', 'NL225', 'NL224', 'NL221', 'NL133', 'NL132', 'NL126', 'NL125', 'MT001', 'NL422', 'NL421', 'NL33B', 'NL333', 'CH066', 'CH025', 'CH070', 'DE40E', 'DE40A', 'DE409', 'DE408', 'DE406', 'DE40I', 'DE40H', 'DEA15', 'DEA18', 'DEA19', 'DEA1B', 'DEA31', 'DEA2C', 'DEA29', 'DEA28', 'DEA27', 'DEA26', 'DEA1F', 'DEA1E', 'DEA1D', 'DEA1C', 'DE80J', 'DE91A', 'DE91B', 'DE925', 'DEA35', 'DK031', 'DEA36', 'ES703', 'FRC21', 'FRC11', 'ES242', 'ES211', 'ES112', 'ES111', 'FRL02', 'FRF31', 'FRJ22', 'DED2D', 'DED2C', 'DED53', 'DED52', 'DEA5C', 'DEA55', 'DEA51', 'DEA37', 'DEF0B', 'DEG0C', 'IE063', 'DEG0N']","['Economic development', 'Innovation', 'Regional development']","The policy modifies the application period and increases the funding ceiling for the 2021 Innovative Ambitions Accelerator subsidy, aiming to enhance support for development projects by providing more time and resources for applicants.","The policy amendment changes the application period for the 2021 Innovative Ambitions Accelerator subsidy, reducing it from the original end date of December 31, 2021, to May 25, 2021. This adjustment aims to streamline the application process and focus resources more effectively. Additionally, the subsidy ceiling is increased from €5,000,000 to €7,500,000, reflecting a commitment to support a greater number of innovative development projects. This increase in funding is intended to stimulate innovation by providing more substantial financial backing to eligible projects, thereby encouraging a higher level of participation and ambition among applicants. The changes are set to be published in the Provincial Bladen of Drenthe, Fryslân, and Groningen, ensuring transparency and accessibility of information. The policy takes effect on May 25, 2021, aligning with the new application deadline. These modifications are expected to have a significant impact on the regional innovation landscape by enabling more projects to receive funding, thus fostering economic growth and technological advancement in the area.",['NL1'],https://www.snn.eu/sites/default/files/documents/Wijziging%20openstellingsbesluit%20VIA%202021%20ontwikkelingsprojecten%20%28%2025-5-2021%29.pdf,Policy,AI
"['AT211', 'AT127', 'AT332', 'PT170', 'NL213', 'NL212', 'NL211', 'NL131', 'NL124', 'NL112', 'NL111', 'NL226', 'NL321', 'NL414', 'NL413', 'NL412', 'NL411', 'NL33C', 'NL328', 'NL325', 'NL324', 'NL323', 'NL33A', 'LT011', 'SK010', 'CH012', 'CH011', 'CH013', 'CH021', 'CH023', 'CH065', 'CH064', 'CH063', 'CH062', 'CH061', 'CH055', 'CH054', 'CH053', 'CH040', 'CH033', 'CH031', 'CH024', 'CH022', 'NO092', 'NO091', 'NO082', 'NO081', 'NO074', 'NO071', 'NO060', 'NO020', 'SE124', 'DEA41', 'DE40D', 'DE405', 'DE404', 'DE403', 'DE402', 'DE401', 'DE300', 'DE27A', 'DE721', 'DE253', 'DE243', 'DE242', 'DE273', 'DE271', 'DE26C', 'DE265', 'DE263', 'DE724', 'DEA16', 'DEA14', 'DEA13', 'DEA11', 'DE945', 'DEA33', 'DEA32', 'DEA2D', 'DEA2B', 'DEA2A', 'DEA24', 'DEA23', 'DEA22', 'DEA1A', 'DE944', 'DE916', 'DE911', 'DE80L', 'DE804', 'DE803', 'DE93A', 'DE938', 'DE929', 'DE928', 'DE91C', 'BE256', 'BE341', 'BE310', 'DK014', 'DE21H', 'DE21F', 'DE21C', 'DE21B', 'DE21A', 'DE217', 'DE216', 'DE215', 'DE213', 'DE21K', 'DE21L', 'DE233', 'DE232', 'DE231', 'DE225', 'DE222', 'DE21N', 'DE21M', 'DE144', 'DE121', 'DE11D', 'DE11C', 'DE117', 'DE116', 'DE115', 'DE113', 'DE112', 'DE111', 'DK042', 'DE122', 'DE123', 'DE125', 'DE139', 'DE138', 'DE131', 'DE12A', 'DE128', 'DE126', 'ES212', 'FRK28', 'FRK27', 'FRJ26', 'FRJ21', 'DED41', 'DED21', 'DEB3H', 'DEB3F', 'DEF02', 'DEF01', 'DED51', 'DEB3C', 'DEB11', 'DEA52', 'DEA47', 'DEB38', 'DEB37', 'DEB36', 'DEB35', 'DEB33', 'DEB32', 'DEB23', 'DEB21', 'DEB24', 'DEF04', 'IE062', 'DEG09', 'DEG07', 'DEG05', 'DEG04', 'DEG03', 'DEG02', 'DEG01', 'DEF0F', 'DEF0D', 'DEF0C', 'DEF08', 'DEF07', 'DEG0F', 'DEG0H', 'SI041', 'PL911', 'NL113', 'NL230', 'NL310', 'NL337', 'NL332', 'NL329', 'NL327', 'HU110', 'LU000', 'CH057', 'CH056', 'CH032', 'FI1B1', 'SE110', 'DE71E', 'DE71D', 'DE71A', 'DE718', 'DE714', 'DE712', 'DE711', 'DE251', 'DE241', 'DE274', 'DE272', 'DE731', 'DE943', 'DK012', 'DK011', 'CZ010', 'BE251', 'BE242', 'DK013', 'DE21E', 'DE21D', 'DE218', 'DE212', 'DE148', 'DE223', 'DE221', 'DE142', 'DE141', 'DE136', 'FR104', 'FR103', 'FR101', 'FR105', 'FR108', 'ES300', 'FRK26', 'IE061', 'AT222', 'NL423', 'NL225', 'NL224', 'NL221', 'NL133', 'NL132', 'NL126', 'NL125', 'MT001', 'NL422', 'NL421', 'NL33B', 'NL333', 'CH066', 'CH025', 'CH070', 'DE40E', 'DE40A', 'DE409', 'DE408', 'DE406', 'DE40I', 'DE40H', 'DEA15', 'DEA18', 'DEA19', 'DEA1B', 'DEA31', 'DEA2C', 'DEA29', 'DEA28', 'DEA27', 'DEA26', 'DEA1F', 'DEA1E', 'DEA1D', 'DEA1C', 'DE80J', 'DE91A', 'DE91B', 'DE925', 'DEA35', 'DK031', 'DEA36', 'ES703', 'FRC21', 'FRC11', 'ES242', 'ES211', 'ES112', 'ES111', 'FRL02', 'FRF31', 'FRJ22', 'DED2D', 'DED2C', 'DED53', 'DED52', 'DEA5C', 'DEA55', 'DEA51', 'DEA37', 'DEF0B', 'DEG0C', 'IE063', 'DEG0N']","['Economic development', 'Regional development', 'Governance']","The policy modifies the funding framework for projects in Fryslân, adjusting dates and financial allocations to enhance project execution. It aims to streamline processes and ensure effective use of European and provincial funds.","The policy document details modifications to the funding framework for project execution in Fryslân, specifically targeting the regions of Noordwest, Zuidoost, and Zuidwest. Key changes include adjusting application dates and revising financial allocations across the years 2024 to 2027. The document introduces new tables for financial distribution, ensuring a more structured allocation of funds. Additionally, it allows for certain preparatory costs to be eligible for subsidies, enhancing the support for project initiation. The total subsidy ceiling for the LEADER projects in Fryslân is set at €9,527,688, with a mix of European and provincial funding. The cofinancing structure is clearly defined, with a significant portion coming from European funds, supplemented by mandatory national and additional provincial contributions. These changes aim to optimize the use of available resources, improve project planning and execution, and ultimately enhance regional development. The policy is effective immediately following its publication, ensuring that the new guidelines are promptly implemented to benefit ongoing and future projects. This strategic adjustment is expected to facilitate better financial management and project outcomes in the targeted regions.",['NL1'],https://www.snn.eu/sites/default/files/documents/Wijziging%20Openstellingsbesluit%20LEADER%20Frysl%C3%A2n%20januari%202025.pdf,Policy,Verified
"['AT211', 'AT127', 'AT332', 'PT170', 'NL213', 'NL212', 'NL211', 'NL131', 'NL124', 'NL112', 'NL111', 'NL226', 'NL321', 'NL414', 'NL413', 'NL412', 'NL411', 'NL33C', 'NL328', 'NL325', 'NL324', 'NL323', 'NL33A', 'LT011', 'SK010', 'CH012', 'CH011', 'CH013', 'CH021', 'CH023', 'CH065', 'CH064', 'CH063', 'CH062', 'CH061', 'CH055', 'CH054', 'CH053', 'CH040', 'CH033', 'CH031', 'CH024', 'CH022', 'NO092', 'NO091', 'NO082', 'NO081', 'NO074', 'NO071', 'NO060', 'NO020', 'SE124', 'DEA41', 'DE40D', 'DE405', 'DE404', 'DE403', 'DE402', 'DE401', 'DE300', 'DE27A', 'DE721', 'DE253', 'DE243', 'DE242', 'DE273', 'DE271', 'DE26C', 'DE265', 'DE263', 'DE724', 'DEA16', 'DEA14', 'DEA13', 'DEA11', 'DE945', 'DEA33', 'DEA32', 'DEA2D', 'DEA2B', 'DEA2A', 'DEA24', 'DEA23', 'DEA22', 'DEA1A', 'DE944', 'DE916', 'DE911', 'DE80L', 'DE804', 'DE803', 'DE93A', 'DE938', 'DE929', 'DE928', 'DE91C', 'BE256', 'BE341', 'BE310', 'DK014', 'DE21H', 'DE21F', 'DE21C', 'DE21B', 'DE21A', 'DE217', 'DE216', 'DE215', 'DE213', 'DE21K', 'DE21L', 'DE233', 'DE232', 'DE231', 'DE225', 'DE222', 'DE21N', 'DE21M', 'DE144', 'DE121', 'DE11D', 'DE11C', 'DE117', 'DE116', 'DE115', 'DE113', 'DE112', 'DE111', 'DK042', 'DE122', 'DE123', 'DE125', 'DE139', 'DE138', 'DE131', 'DE12A', 'DE128', 'DE126', 'ES212', 'FRK28', 'FRK27', 'FRJ26', 'FRJ21', 'DED41', 'DED21', 'DEB3H', 'DEB3F', 'DEF02', 'DEF01', 'DED51', 'DEB3C', 'DEB11', 'DEA52', 'DEA47', 'DEB38', 'DEB37', 'DEB36', 'DEB35', 'DEB33', 'DEB32', 'DEB23', 'DEB21', 'DEB24', 'DEF04', 'IE062', 'DEG09', 'DEG07', 'DEG05', 'DEG04', 'DEG03', 'DEG02', 'DEG01', 'DEF0F', 'DEF0D', 'DEF0C', 'DEF08', 'DEF07', 'DEG0F', 'DEG0H', 'SI041', 'PL911', 'NL113', 'NL230', 'NL310', 'NL337', 'NL332', 'NL329', 'NL327', 'HU110', 'LU000', 'CH057', 'CH056', 'CH032', 'FI1B1', 'SE110', 'DE71E', 'DE71D', 'DE71A', 'DE718', 'DE714', 'DE712', 'DE711', 'DE251', 'DE241', 'DE274', 'DE272', 'DE731', 'DE943', 'DK012', 'DK011', 'CZ010', 'BE251', 'BE242', 'DK013', 'DE21E', 'DE21D', 'DE218', 'DE212', 'DE148', 'DE223', 'DE221', 'DE142', 'DE141', 'DE136', 'FR104', 'FR103', 'FR101', 'FR105', 'FR108', 'ES300', 'FRK26', 'IE061', 'AT222', 'NL423', 'NL225', 'NL224', 'NL221', 'NL133', 'NL132', 'NL126', 'NL125', 'MT001', 'NL422', 'NL421', 'NL33B', 'NL333', 'CH066', 'CH025', 'CH070', 'DE40E', 'DE40A', 'DE409', 'DE408', 'DE406', 'DE40I', 'DE40H', 'DEA15', 'DEA18', 'DEA19', 'DEA1B', 'DEA31', 'DEA2C', 'DEA29', 'DEA28', 'DEA27', 'DEA26', 'DEA1F', 'DEA1E', 'DEA1D', 'DEA1C', 'DE80J', 'DE91A', 'DE91B', 'DE925', 'DEA35', 'DK031', 'DEA36', 'ES703', 'FRC21', 'FRC11', 'ES242', 'ES211', 'ES112', 'ES111', 'FRL02', 'FRF31', 'FRJ22', 'DED2D', 'DED2C', 'DED53', 'DED52', 'DEA5C', 'DEA55', 'DEA51', 'DEA37', 'DEF0B', 'DEG0C', 'IE063', 'DEG0N']","['Economic development', 'Community engagement', 'Regional development', 'Sustainability']","The policy establishes a framework for funding LEADER projects to enhance local development through community-driven initiatives, with specific criteria and funding limits to ensure effective allocation and impact.","Gedeputeerde Staten van de Provincie Groningen have set a policy to fund LEADER projects aimed at community-driven local development. The policy outlines eligibility criteria, including the requirement for projects to align with the Local Development Strategy (LOS) goals. Applications are assessed quarterly by the Local Action Group (LAG) based on criteria such as community support, continuity, financial feasibility, innovation, and collaboration. The subsidy covers up to 40% of eligible costs, with a minimum of €25,000 and a maximum of €124,998 per project. The total funding available from October 2023 to November 2027 is €9,313,802, divided into European and national co-financing. Projects must demonstrate a bottom-up approach and contribute to regional economic and environmental improvements. Non-eligible costs include regular maintenance, real estate purchases, and fundraising expenses. The policy aims to foster sustainable development, improve the living environment, and enhance regional economic conditions through strategic project support. The impact is measured by the project's ability to maintain results for at least five years post-completion, ensuring long-term benefits for the community.",['NL1'],https://www.snn.eu/sites/default/files/documents/Wijziging%20II%20Openstellingsbesluit%20Leader%20Gr.%20230424.pdf,Policy,Community
"['AT211', 'AT127', 'AT332', 'PT170', 'NL213', 'NL212', 'NL211', 'NL131', 'NL124', 'NL112', 'NL111', 'NL226', 'NL321', 'NL414', 'NL413', 'NL412', 'NL411', 'NL33C', 'NL328', 'NL325', 'NL324', 'NL323', 'NL33A', 'LT011', 'SK010', 'CH012', 'CH011', 'CH013', 'CH021', 'CH023', 'CH065', 'CH064', 'CH063', 'CH062', 'CH061', 'CH055', 'CH054', 'CH053', 'CH040', 'CH033', 'CH031', 'CH024', 'CH022', 'NO092', 'NO091', 'NO082', 'NO081', 'NO074', 'NO071', 'NO060', 'NO020', 'SE124', 'DEA41', 'DE40D', 'DE405', 'DE404', 'DE403', 'DE402', 'DE401', 'DE300', 'DE27A', 'DE721', 'DE253', 'DE243', 'DE242', 'DE273', 'DE271', 'DE26C', 'DE265', 'DE263', 'DE724', 'DEA16', 'DEA14', 'DEA13', 'DEA11', 'DE945', 'DEA33', 'DEA32', 'DEA2D', 'DEA2B', 'DEA2A', 'DEA24', 'DEA23', 'DEA22', 'DEA1A', 'DE944', 'DE916', 'DE911', 'DE80L', 'DE804', 'DE803', 'DE93A', 'DE938', 'DE929', 'DE928', 'DE91C', 'BE256', 'BE341', 'BE310', 'DK014', 'DE21H', 'DE21F', 'DE21C', 'DE21B', 'DE21A', 'DE217', 'DE216', 'DE215', 'DE213', 'DE21K', 'DE21L', 'DE233', 'DE232', 'DE231', 'DE225', 'DE222', 'DE21N', 'DE21M', 'DE144', 'DE121', 'DE11D', 'DE11C', 'DE117', 'DE116', 'DE115', 'DE113', 'DE112', 'DE111', 'DK042', 'DE122', 'DE123', 'DE125', 'DE139', 'DE138', 'DE131', 'DE12A', 'DE128', 'DE126', 'ES212', 'FRK28', 'FRK27', 'FRJ26', 'FRJ21', 'DED41', 'DED21', 'DEB3H', 'DEB3F', 'DEF02', 'DEF01', 'DED51', 'DEB3C', 'DEB11', 'DEA52', 'DEA47', 'DEB38', 'DEB37', 'DEB36', 'DEB35', 'DEB33', 'DEB32', 'DEB23', 'DEB21', 'DEB24', 'DEF04', 'IE062', 'DEG09', 'DEG07', 'DEG05', 'DEG04', 'DEG03', 'DEG02', 'DEG01', 'DEF0F', 'DEF0D', 'DEF0C', 'DEF08', 'DEF07', 'DEG0F', 'DEG0H', 'SI041', 'PL911', 'NL113', 'NL230', 'NL310', 'NL337', 'NL332', 'NL329', 'NL327', 'HU110', 'LU000', 'CH057', 'CH056', 'CH032', 'FI1B1', 'SE110', 'DE71E', 'DE71D', 'DE71A', 'DE718', 'DE714', 'DE712', 'DE711', 'DE251', 'DE241', 'DE274', 'DE272', 'DE731', 'DE943', 'DK012', 'DK011', 'CZ010', 'BE251', 'BE242', 'DK013', 'DE21E', 'DE21D', 'DE218', 'DE212', 'DE148', 'DE223', 'DE221', 'DE142', 'DE141', 'DE136', 'FR104', 'FR103', 'FR101', 'FR105', 'FR108', 'ES300', 'FRK26', 'IE061', 'AT222', 'NL423', 'NL225', 'NL224', 'NL221', 'NL133', 'NL132', 'NL126', 'NL125', 'MT001', 'NL422', 'NL421', 'NL33B', 'NL333', 'CH066', 'CH025', 'CH070', 'DE40E', 'DE40A', 'DE409', 'DE408', 'DE406', 'DE40I', 'DE40H', 'DEA15', 'DEA18', 'DEA19', 'DEA1B', 'DEA31', 'DEA2C', 'DEA29', 'DEA28', 'DEA27', 'DEA26', 'DEA1F', 'DEA1E', 'DEA1D', 'DEA1C', 'DE80J', 'DE91A', 'DE91B', 'DE925', 'DEA35', 'DK031', 'DEA36', 'ES703', 'FRC21', 'FRC11', 'ES242', 'ES211', 'ES112', 'ES111', 'FRL02', 'FRF31', 'FRJ22', 'DED2D', 'DED2C', 'DED53', 'DED52', 'DEA5C', 'DEA55', 'DEA51', 'DEA37', 'DEF0B', 'DEG0C', 'IE063', 'DEG0N']","['Sustainability', 'Energy', 'Economic development', 'Community engagement']","The policy supports energy cooperatives in delivering locally generated renewable energy by subsidizing preparatory and process costs, enhancing project business cases for environmental, economic, or social benefits.","The policy aims to support energy cooperatives in Fryslân by providing subsidies for preparatory and process costs associated with local renewable energy projects. Eligible activities include acquiring legal, financial, technical, fiscal, or organizational expertise from qualified experts. The subsidy covers 50% of eligible costs, with a minimum of €500 and a maximum of €2,500 per project. Applications are submitted electronically through the SNN portal, and subsidies are granted based on a lottery system if the budget cap is exceeded. The policy ensures that projects align with the goals of delivering sustainable energy and benefiting the local community. Subsidies are denied if projects do not meet the policy's objectives, if the cooperative has already received funding under this scheme, or if de-minimis regulation conditions are not met. The policy mandates that subsidized activities be completed within six months of grant approval. The subsidy is fully advanced within three weeks of approval and finalized six months post-approval. The policy can be amended or revoked if projects deviate from objectives or if significant objections arise. This initiative aims to strengthen the business cases of energy cooperatives, promoting sustainable energy solutions and fostering local economic and social benefits.",['NL1'],https://www.snn.eu/sites/default/files/documents/Voucherregeling%20Energieco%C3%B6peraties%20Fryslan.pdf,Policy,AI
"['AT211', 'AT127', 'AT332', 'PT170', 'NL213', 'NL212', 'NL211', 'NL131', 'NL124', 'NL112', 'NL111', 'NL226', 'NL321', 'NL414', 'NL413', 'NL412', 'NL411', 'NL33C', 'NL328', 'NL325', 'NL324', 'NL323', 'NL33A', 'LT011', 'SK010', 'CH012', 'CH011', 'CH013', 'CH021', 'CH023', 'CH065', 'CH064', 'CH063', 'CH062', 'CH061', 'CH055', 'CH054', 'CH053', 'CH040', 'CH033', 'CH031', 'CH024', 'CH022', 'NO092', 'NO091', 'NO082', 'NO081', 'NO074', 'NO071', 'NO060', 'NO020', 'SE124', 'DEA41', 'DE40D', 'DE405', 'DE404', 'DE403', 'DE402', 'DE401', 'DE300', 'DE27A', 'DE721', 'DE253', 'DE243', 'DE242', 'DE273', 'DE271', 'DE26C', 'DE265', 'DE263', 'DE724', 'DEA16', 'DEA14', 'DEA13', 'DEA11', 'DE945', 'DEA33', 'DEA32', 'DEA2D', 'DEA2B', 'DEA2A', 'DEA24', 'DEA23', 'DEA22', 'DEA1A', 'DE944', 'DE916', 'DE911', 'DE80L', 'DE804', 'DE803', 'DE93A', 'DE938', 'DE929', 'DE928', 'DE91C', 'BE256', 'BE341', 'BE310', 'DK014', 'DE21H', 'DE21F', 'DE21C', 'DE21B', 'DE21A', 'DE217', 'DE216', 'DE215', 'DE213', 'DE21K', 'DE21L', 'DE233', 'DE232', 'DE231', 'DE225', 'DE222', 'DE21N', 'DE21M', 'DE144', 'DE121', 'DE11D', 'DE11C', 'DE117', 'DE116', 'DE115', 'DE113', 'DE112', 'DE111', 'DK042', 'DE122', 'DE123', 'DE125', 'DE139', 'DE138', 'DE131', 'DE12A', 'DE128', 'DE126', 'ES212', 'FRK28', 'FRK27', 'FRJ26', 'FRJ21', 'DED41', 'DED21', 'DEB3H', 'DEB3F', 'DEF02', 'DEF01', 'DED51', 'DEB3C', 'DEB11', 'DEA52', 'DEA47', 'DEB38', 'DEB37', 'DEB36', 'DEB35', 'DEB33', 'DEB32', 'DEB23', 'DEB21', 'DEB24', 'DEF04', 'IE062', 'DEG09', 'DEG07', 'DEG05', 'DEG04', 'DEG03', 'DEG02', 'DEG01', 'DEF0F', 'DEF0D', 'DEF0C', 'DEF08', 'DEF07', 'DEG0F', 'DEG0H', 'SI041', 'PL911', 'NL113', 'NL230', 'NL310', 'NL337', 'NL332', 'NL329', 'NL327', 'HU110', 'LU000', 'CH057', 'CH056', 'CH032', 'FI1B1', 'SE110', 'DE71E', 'DE71D', 'DE71A', 'DE718', 'DE714', 'DE712', 'DE711', 'DE251', 'DE241', 'DE274', 'DE272', 'DE731', 'DE943', 'DK012', 'DK011', 'CZ010', 'BE251', 'BE242', 'DK013', 'DE21E', 'DE21D', 'DE218', 'DE212', 'DE148', 'DE223', 'DE221', 'DE142', 'DE141', 'DE136', 'FR104', 'FR103', 'FR101', 'FR105', 'FR108', 'ES300', 'FRK26', 'IE061', 'AT222', 'NL423', 'NL225', 'NL224', 'NL221', 'NL133', 'NL132', 'NL126', 'NL125', 'MT001', 'NL422', 'NL421', 'NL33B', 'NL333', 'CH066', 'CH025', 'CH070', 'DE40E', 'DE40A', 'DE409', 'DE408', 'DE406', 'DE40I', 'DE40H', 'DEA15', 'DEA18', 'DEA19', 'DEA1B', 'DEA31', 'DEA2C', 'DEA29', 'DEA28', 'DEA27', 'DEA26', 'DEA1F', 'DEA1E', 'DEA1D', 'DEA1C', 'DE80J', 'DE91A', 'DE91B', 'DE925', 'DEA35', 'DK031', 'DEA36', 'ES703', 'FRC21', 'FRC11', 'ES242', 'ES211', 'ES112', 'ES111', 'FRL02', 'FRF31', 'FRJ22', 'DED2D', 'DED2C', 'DED53', 'DED52', 'DEA5C', 'DEA55', 'DEA51', 'DEA37', 'DEF0B', 'DEG0C', 'IE063', 'DEG0N']","['Economic development', 'Governance', 'Digitalisation']","The European Commission extends the application of state aid regulations until December 2023 to ensure predictability and stability, considering the impact of COVID-19 and pending evaluations for future updates.","The European Commission has decided to extend the application period of state aid regulations, specifically Regulations (EU) No. 1407/2013 and No. 651/2014, until December 31, 2023. This extension aims to provide predictability and legal certainty while awaiting the outcomes of ongoing evaluations and potential updates to state aid rules. The extension is necessary due to the broad scope of the evaluations and the delayed availability of results, which precludes timely policy decisions for post-2020 regulations. Additionally, the extension addresses the economic and financial impacts of the COVID-19 pandemic on businesses. Enterprises that became distressed due to the pandemic will remain eligible for aid under Regulation (EU) No. 651/2014 until June 30, 2021. Member states are required to update and communicate brief information to the Commission regarding any extended aid measures. The extension also allows for the continuation of certain aid schemes with annual budgets exceeding 150 million EUR, provided member states submit updated information and evaluation reports. This approach ensures the stability and predictability of state aid regulations, aligning with the European Green Deal and Digital Agenda, while accommodating the unique challenges posed by the pandemic.",['NL1'],https://www.snn.eu/sites/default/files/documents/Verordening%202020%20972%20van%20de%20commissie.pdf,Policy,Verified
"['AT211', 'AT127', 'AT332', 'PT170', 'NL213', 'NL212', 'NL211', 'NL131', 'NL124', 'NL112', 'NL111', 'NL226', 'NL321', 'NL414', 'NL413', 'NL412', 'NL411', 'NL33C', 'NL328', 'NL325', 'NL324', 'NL323', 'NL33A', 'LT011', 'SK010', 'CH012', 'CH011', 'CH013', 'CH021', 'CH023', 'CH065', 'CH064', 'CH063', 'CH062', 'CH061', 'CH055', 'CH054', 'CH053', 'CH040', 'CH033', 'CH031', 'CH024', 'CH022', 'NO092', 'NO091', 'NO082', 'NO081', 'NO074', 'NO071', 'NO060', 'NO020', 'SE124', 'DEA41', 'DE40D', 'DE405', 'DE404', 'DE403', 'DE402', 'DE401', 'DE300', 'DE27A', 'DE721', 'DE253', 'DE243', 'DE242', 'DE273', 'DE271', 'DE26C', 'DE265', 'DE263', 'DE724', 'DEA16', 'DEA14', 'DEA13', 'DEA11', 'DE945', 'DEA33', 'DEA32', 'DEA2D', 'DEA2B', 'DEA2A', 'DEA24', 'DEA23', 'DEA22', 'DEA1A', 'DE944', 'DE916', 'DE911', 'DE80L', 'DE804', 'DE803', 'DE93A', 'DE938', 'DE929', 'DE928', 'DE91C', 'BE256', 'BE341', 'BE310', 'DK014', 'DE21H', 'DE21F', 'DE21C', 'DE21B', 'DE21A', 'DE217', 'DE216', 'DE215', 'DE213', 'DE21K', 'DE21L', 'DE233', 'DE232', 'DE231', 'DE225', 'DE222', 'DE21N', 'DE21M', 'DE144', 'DE121', 'DE11D', 'DE11C', 'DE117', 'DE116', 'DE115', 'DE113', 'DE112', 'DE111', 'DK042', 'DE122', 'DE123', 'DE125', 'DE139', 'DE138', 'DE131', 'DE12A', 'DE128', 'DE126', 'ES212', 'FRK28', 'FRK27', 'FRJ26', 'FRJ21', 'DED41', 'DED21', 'DEB3H', 'DEB3F', 'DEF02', 'DEF01', 'DED51', 'DEB3C', 'DEB11', 'DEA52', 'DEA47', 'DEB38', 'DEB37', 'DEB36', 'DEB35', 'DEB33', 'DEB32', 'DEB23', 'DEB21', 'DEB24', 'DEF04', 'IE062', 'DEG09', 'DEG07', 'DEG05', 'DEG04', 'DEG03', 'DEG02', 'DEG01', 'DEF0F', 'DEF0D', 'DEF0C', 'DEF08', 'DEF07', 'DEG0F', 'DEG0H', 'SI041', 'PL911', 'NL113', 'NL230', 'NL310', 'NL337', 'NL332', 'NL329', 'NL327', 'HU110', 'LU000', 'CH057', 'CH056', 'CH032', 'FI1B1', 'SE110', 'DE71E', 'DE71D', 'DE71A', 'DE718', 'DE714', 'DE712', 'DE711', 'DE251', 'DE241', 'DE274', 'DE272', 'DE731', 'DE943', 'DK012', 'DK011', 'CZ010', 'BE251', 'BE242', 'DK013', 'DE21E', 'DE21D', 'DE218', 'DE212', 'DE148', 'DE223', 'DE221', 'DE142', 'DE141', 'DE136', 'FR104', 'FR103', 'FR101', 'FR105', 'FR108', 'ES300', 'FRK26', 'IE061', 'AT222', 'NL423', 'NL225', 'NL224', 'NL221', 'NL133', 'NL132', 'NL126', 'NL125', 'MT001', 'NL422', 'NL421', 'NL33B', 'NL333', 'CH066', 'CH025', 'CH070', 'DE40E', 'DE40A', 'DE409', 'DE408', 'DE406', 'DE40I', 'DE40H', 'DEA15', 'DEA18', 'DEA19', 'DEA1B', 'DEA31', 'DEA2C', 'DEA29', 'DEA28', 'DEA27', 'DEA26', 'DEA1F', 'DEA1E', 'DEA1D', 'DEA1C', 'DE80J', 'DE91A', 'DE91B', 'DE925', 'DEA35', 'DK031', 'DEA36', 'ES703', 'FRC21', 'FRC11', 'ES242', 'ES211', 'ES112', 'ES111', 'FRL02', 'FRF31', 'FRJ22', 'DED2D', 'DED2C', 'DED53', 'DED52', 'DEA5C', 'DEA55', 'DEA51', 'DEA37', 'DEF0B', 'DEG0C', 'IE063', 'DEG0N']","['Sustainability', 'Housing', 'Economic development', 'Community engagement']","The policy enables homeowners to access loans for home improvements that support independent living and sustainability. It aims to enhance housing quality and safety, ensuring residents can live independently longer while maintaining property value.","Homeowners can apply for loans to fund home improvements that facilitate independent living and sustainability. Eligible projects include accessibility enhancements, essential maintenance, and asbestos removal. The policy targets homeowners nearing retirement age, allowing them to leverage home equity for necessary upgrades. The loan amount ranges from €2,500 to €50,000, covering actual costs. Applications are assessed based on their contribution to policy goals, such as promoting independent living and improving housing quality. The municipality manages the budget and application process, with the SVn conducting financial assessments. If approved, funds are disbursed through a construction deposit, ensuring payments align with project progress. The policy includes provisions for budget limitations, application rejections, and appeals. It also allows for flexibility in exceptional cases, ensuring fair outcomes. The initiative supports sustainable housing development, enhances living conditions, and preserves property value, contributing to broader community well-being and economic stability.",['NL1'],https://www.snn.eu/sites/default/files/documents/Verordening%20verzilverlening%20Midden-Groningen%202025.pdf,Programme,Community
"['AT211', 'AT127', 'AT332', 'PT170', 'NL213', 'NL212', 'NL211', 'NL131', 'NL124', 'NL112', 'NL111', 'NL226', 'NL321', 'NL414', 'NL413', 'NL412', 'NL411', 'NL33C', 'NL328', 'NL325', 'NL324', 'NL323', 'NL33A', 'LT011', 'SK010', 'CH012', 'CH011', 'CH013', 'CH021', 'CH023', 'CH065', 'CH064', 'CH063', 'CH062', 'CH061', 'CH055', 'CH054', 'CH053', 'CH040', 'CH033', 'CH031', 'CH024', 'CH022', 'NO092', 'NO091', 'NO082', 'NO081', 'NO074', 'NO071', 'NO060', 'NO020', 'SE124', 'DEA41', 'DE40D', 'DE405', 'DE404', 'DE403', 'DE402', 'DE401', 'DE300', 'DE27A', 'DE721', 'DE253', 'DE243', 'DE242', 'DE273', 'DE271', 'DE26C', 'DE265', 'DE263', 'DE724', 'DEA16', 'DEA14', 'DEA13', 'DEA11', 'DE945', 'DEA33', 'DEA32', 'DEA2D', 'DEA2B', 'DEA2A', 'DEA24', 'DEA23', 'DEA22', 'DEA1A', 'DE944', 'DE916', 'DE911', 'DE80L', 'DE804', 'DE803', 'DE93A', 'DE938', 'DE929', 'DE928', 'DE91C', 'BE256', 'BE341', 'BE310', 'DK014', 'DE21H', 'DE21F', 'DE21C', 'DE21B', 'DE21A', 'DE217', 'DE216', 'DE215', 'DE213', 'DE21K', 'DE21L', 'DE233', 'DE232', 'DE231', 'DE225', 'DE222', 'DE21N', 'DE21M', 'DE144', 'DE121', 'DE11D', 'DE11C', 'DE117', 'DE116', 'DE115', 'DE113', 'DE112', 'DE111', 'DK042', 'DE122', 'DE123', 'DE125', 'DE139', 'DE138', 'DE131', 'DE12A', 'DE128', 'DE126', 'ES212', 'FRK28', 'FRK27', 'FRJ26', 'FRJ21', 'DED41', 'DED21', 'DEB3H', 'DEB3F', 'DEF02', 'DEF01', 'DED51', 'DEB3C', 'DEB11', 'DEA52', 'DEA47', 'DEB38', 'DEB37', 'DEB36', 'DEB35', 'DEB33', 'DEB32', 'DEB23', 'DEB21', 'DEB24', 'DEF04', 'IE062', 'DEG09', 'DEG07', 'DEG05', 'DEG04', 'DEG03', 'DEG02', 'DEG01', 'DEF0F', 'DEF0D', 'DEF0C', 'DEF08', 'DEF07', 'DEG0F', 'DEG0H', 'SI041', 'PL911', 'NL113', 'NL230', 'NL310', 'NL337', 'NL332', 'NL329', 'NL327', 'HU110', 'LU000', 'CH057', 'CH056', 'CH032', 'FI1B1', 'SE110', 'DE71E', 'DE71D', 'DE71A', 'DE718', 'DE714', 'DE712', 'DE711', 'DE251', 'DE241', 'DE274', 'DE272', 'DE731', 'DE943', 'DK012', 'DK011', 'CZ010', 'BE251', 'BE242', 'DK013', 'DE21E', 'DE21D', 'DE218', 'DE212', 'DE148', 'DE223', 'DE221', 'DE142', 'DE141', 'DE136', 'FR104', 'FR103', 'FR101', 'FR105', 'FR108', 'ES300', 'FRK26', 'IE061', 'AT222', 'NL423', 'NL225', 'NL224', 'NL221', 'NL133', 'NL132', 'NL126', 'NL125', 'MT001', 'NL422', 'NL421', 'NL33B', 'NL333', 'CH066', 'CH025', 'CH070', 'DE40E', 'DE40A', 'DE409', 'DE408', 'DE406', 'DE40I', 'DE40H', 'DEA15', 'DEA18', 'DEA19', 'DEA1B', 'DEA31', 'DEA2C', 'DEA29', 'DEA28', 'DEA27', 'DEA26', 'DEA1F', 'DEA1E', 'DEA1D', 'DEA1C', 'DE80J', 'DE91A', 'DE91B', 'DE925', 'DEA35', 'DK031', 'DEA36', 'ES703', 'FRC21', 'FRC11', 'ES242', 'ES211', 'ES112', 'ES111', 'FRL02', 'FRF31', 'FRJ22', 'DED2D', 'DED2C', 'DED53', 'DED52', 'DEA5C', 'DEA55', 'DEA51', 'DEA37', 'DEF0B', 'DEG0C', 'IE063', 'DEG0N']","['Energy', 'Sustainability', 'Economic development', 'Innovation']","The policy aims to support businesses facing net congestion issues by providing subsidies for feasibility studies, implementation plans, and investments, contributing to energy and climate goals.","Provincial authorities in Groningen have established a subsidy scheme to address net congestion challenges faced by businesses. The initiative supports enterprises through financial aid for feasibility studies, implementation plans, and investments aimed at mitigating net congestion. Eligible applicants include individual businesses and partnerships operating within the province. The scheme prioritizes projects that align with energy and climate objectives, excluding those reliant on fossil fuels or non-renewable energy sources. Subsidies are distributed as monetary grants, with specific funding ceilings for different project types. Applications are evaluated based on criteria such as contribution to reducing net congestion, collaboration between businesses, and potential for scalability and innovation. The policy mandates that projects must be completed by July 2029, with progress reports required annually. Financial oversight is ensured through detailed reporting and adherence to state aid regulations. The expected outcome is an improved business environment with enhanced energy infrastructure, fostering sustainable economic growth and environmental benefits. The policy reflects a strategic alignment with broader regional and national energy goals, aiming to create a resilient and future-proof energy network for business parks in the region.",['NL1'],https://www.snn.eu/sites/default/files/documents/Verordening%20Subsidieregeling%20Oplossen%20netcongestie%20bedrijventerreinen%20%28NPG%29.pdf,Policy,AI
"['AT211', 'AT127', 'AT332', 'PT170', 'NL213', 'NL212', 'NL211', 'NL131', 'NL124', 'NL112', 'NL111', 'NL226', 'NL321', 'NL414', 'NL413', 'NL412', 'NL411', 'NL33C', 'NL328', 'NL325', 'NL324', 'NL323', 'NL33A', 'LT011', 'SK010', 'CH012', 'CH011', 'CH013', 'CH021', 'CH023', 'CH065', 'CH064', 'CH063', 'CH062', 'CH061', 'CH055', 'CH054', 'CH053', 'CH040', 'CH033', 'CH031', 'CH024', 'CH022', 'NO092', 'NO091', 'NO082', 'NO081', 'NO074', 'NO071', 'NO060', 'NO020', 'SE124', 'DEA41', 'DE40D', 'DE405', 'DE404', 'DE403', 'DE402', 'DE401', 'DE300', 'DE27A', 'DE721', 'DE253', 'DE243', 'DE242', 'DE273', 'DE271', 'DE26C', 'DE265', 'DE263', 'DE724', 'DEA16', 'DEA14', 'DEA13', 'DEA11', 'DE945', 'DEA33', 'DEA32', 'DEA2D', 'DEA2B', 'DEA2A', 'DEA24', 'DEA23', 'DEA22', 'DEA1A', 'DE944', 'DE916', 'DE911', 'DE80L', 'DE804', 'DE803', 'DE93A', 'DE938', 'DE929', 'DE928', 'DE91C', 'BE256', 'BE341', 'BE310', 'DK014', 'DE21H', 'DE21F', 'DE21C', 'DE21B', 'DE21A', 'DE217', 'DE216', 'DE215', 'DE213', 'DE21K', 'DE21L', 'DE233', 'DE232', 'DE231', 'DE225', 'DE222', 'DE21N', 'DE21M', 'DE144', 'DE121', 'DE11D', 'DE11C', 'DE117', 'DE116', 'DE115', 'DE113', 'DE112', 'DE111', 'DK042', 'DE122', 'DE123', 'DE125', 'DE139', 'DE138', 'DE131', 'DE12A', 'DE128', 'DE126', 'ES212', 'FRK28', 'FRK27', 'FRJ26', 'FRJ21', 'DED41', 'DED21', 'DEB3H', 'DEB3F', 'DEF02', 'DEF01', 'DED51', 'DEB3C', 'DEB11', 'DEA52', 'DEA47', 'DEB38', 'DEB37', 'DEB36', 'DEB35', 'DEB33', 'DEB32', 'DEB23', 'DEB21', 'DEB24', 'DEF04', 'IE062', 'DEG09', 'DEG07', 'DEG05', 'DEG04', 'DEG03', 'DEG02', 'DEG01', 'DEF0F', 'DEF0D', 'DEF0C', 'DEF08', 'DEF07', 'DEG0F', 'DEG0H', 'SI041', 'PL911', 'NL113', 'NL230', 'NL310', 'NL337', 'NL332', 'NL329', 'NL327', 'HU110', 'LU000', 'CH057', 'CH056', 'CH032', 'FI1B1', 'SE110', 'DE71E', 'DE71D', 'DE71A', 'DE718', 'DE714', 'DE712', 'DE711', 'DE251', 'DE241', 'DE274', 'DE272', 'DE731', 'DE943', 'DK012', 'DK011', 'CZ010', 'BE251', 'BE242', 'DK013', 'DE21E', 'DE21D', 'DE218', 'DE212', 'DE148', 'DE223', 'DE221', 'DE142', 'DE141', 'DE136', 'FR104', 'FR103', 'FR101', 'FR105', 'FR108', 'ES300', 'FRK26', 'IE061', 'AT222', 'NL423', 'NL225', 'NL224', 'NL221', 'NL133', 'NL132', 'NL126', 'NL125', 'MT001', 'NL422', 'NL421', 'NL33B', 'NL333', 'CH066', 'CH025', 'CH070', 'DE40E', 'DE40A', 'DE409', 'DE408', 'DE406', 'DE40I', 'DE40H', 'DEA15', 'DEA18', 'DEA19', 'DEA1B', 'DEA31', 'DEA2C', 'DEA29', 'DEA28', 'DEA27', 'DEA26', 'DEA1F', 'DEA1E', 'DEA1D', 'DEA1C', 'DE80J', 'DE91A', 'DE91B', 'DE925', 'DEA35', 'DK031', 'DEA36', 'ES703', 'FRC21', 'FRC11', 'ES242', 'ES211', 'ES112', 'ES111', 'FRL02', 'FRF31', 'FRJ22', 'DED2D', 'DED2C', 'DED53', 'DED52', 'DEA5C', 'DEA55', 'DEA51', 'DEA37', 'DEF0B', 'DEG0C', 'IE063', 'DEG0N']","['Housing', 'Economic development', 'Sustainability']","The policy establishes a framework for providing Startersloans to first-time homebuyers, aiming to facilitate home ownership. It outlines eligibility criteria, application procedures, and budget constraints, ensuring loans are accessible and managed effectively.","The policy provides a structured approach to offering Startersloans to first-time homebuyers, aiming to support individuals in purchasing their first home. Eligibility is restricted to residents who have not previously owned a home, with loans applicable to properties up to €300,000. The policy includes a Combinatielening for additional financial support and an Energiebespaarbudget for energy-saving measures. Applications are submitted digitally, with the municipality confirming receipt and requesting additional information if necessary. The College evaluates applications based on budget availability and compliance with set criteria, with decisions communicated within eight weeks. The policy mandates a financial assessment by SVn, which determines the final loan amount. SVn also manages loan disbursement and oversight. The policy includes provisions for rejecting applications due to budget limitations or non-compliance, and allows for appeals against decisions. A hardheidsclausule permits flexibility in exceptional cases. The policy aims to increase home ownership accessibility while ensuring financial prudence and alignment with NHG standards, impacting both applicants and the local housing market by promoting sustainable home ownership solutions.",['NL1'],https://www.snn.eu/sites/default/files/documents/Verordening%20staterslening%20gemeente%20Midden-Groningen%202025.pdf,Programme,Verified
"['AT211', 'AT127', 'AT332', 'PT170', 'NL213', 'NL212', 'NL211', 'NL131', 'NL124', 'NL112', 'NL111', 'NL226', 'NL321', 'NL414', 'NL413', 'NL412', 'NL411', 'NL33C', 'NL328', 'NL325', 'NL324', 'NL323', 'NL33A', 'LT011', 'SK010', 'CH012', 'CH011', 'CH013', 'CH021', 'CH023', 'CH065', 'CH064', 'CH063', 'CH062', 'CH061', 'CH055', 'CH054', 'CH053', 'CH040', 'CH033', 'CH031', 'CH024', 'CH022', 'NO092', 'NO091', 'NO082', 'NO081', 'NO074', 'NO071', 'NO060', 'NO020', 'SE124', 'DEA41', 'DE40D', 'DE405', 'DE404', 'DE403', 'DE402', 'DE401', 'DE300', 'DE27A', 'DE721', 'DE253', 'DE243', 'DE242', 'DE273', 'DE271', 'DE26C', 'DE265', 'DE263', 'DE724', 'DEA16', 'DEA14', 'DEA13', 'DEA11', 'DE945', 'DEA33', 'DEA32', 'DEA2D', 'DEA2B', 'DEA2A', 'DEA24', 'DEA23', 'DEA22', 'DEA1A', 'DE944', 'DE916', 'DE911', 'DE80L', 'DE804', 'DE803', 'DE93A', 'DE938', 'DE929', 'DE928', 'DE91C', 'BE256', 'BE341', 'BE310', 'DK014', 'DE21H', 'DE21F', 'DE21C', 'DE21B', 'DE21A', 'DE217', 'DE216', 'DE215', 'DE213', 'DE21K', 'DE21L', 'DE233', 'DE232', 'DE231', 'DE225', 'DE222', 'DE21N', 'DE21M', 'DE144', 'DE121', 'DE11D', 'DE11C', 'DE117', 'DE116', 'DE115', 'DE113', 'DE112', 'DE111', 'DK042', 'DE122', 'DE123', 'DE125', 'DE139', 'DE138', 'DE131', 'DE12A', 'DE128', 'DE126', 'ES212', 'FRK28', 'FRK27', 'FRJ26', 'FRJ21', 'DED41', 'DED21', 'DEB3H', 'DEB3F', 'DEF02', 'DEF01', 'DED51', 'DEB3C', 'DEB11', 'DEA52', 'DEA47', 'DEB38', 'DEB37', 'DEB36', 'DEB35', 'DEB33', 'DEB32', 'DEB23', 'DEB21', 'DEB24', 'DEF04', 'IE062', 'DEG09', 'DEG07', 'DEG05', 'DEG04', 'DEG03', 'DEG02', 'DEG01', 'DEF0F', 'DEF0D', 'DEF0C', 'DEF08', 'DEF07', 'DEG0F', 'DEG0H', 'SI041', 'PL911', 'NL113', 'NL230', 'NL310', 'NL337', 'NL332', 'NL329', 'NL327', 'HU110', 'LU000', 'CH057', 'CH056', 'CH032', 'FI1B1', 'SE110', 'DE71E', 'DE71D', 'DE71A', 'DE718', 'DE714', 'DE712', 'DE711', 'DE251', 'DE241', 'DE274', 'DE272', 'DE731', 'DE943', 'DK012', 'DK011', 'CZ010', 'BE251', 'BE242', 'DK013', 'DE21E', 'DE21D', 'DE218', 'DE212', 'DE148', 'DE223', 'DE221', 'DE142', 'DE141', 'DE136', 'FR104', 'FR103', 'FR101', 'FR105', 'FR108', 'ES300', 'FRK26', 'IE061', 'AT222', 'NL423', 'NL225', 'NL224', 'NL221', 'NL133', 'NL132', 'NL126', 'NL125', 'MT001', 'NL422', 'NL421', 'NL33B', 'NL333', 'CH066', 'CH025', 'CH070', 'DE40E', 'DE40A', 'DE409', 'DE408', 'DE406', 'DE40I', 'DE40H', 'DEA15', 'DEA18', 'DEA19', 'DEA1B', 'DEA31', 'DEA2C', 'DEA29', 'DEA28', 'DEA27', 'DEA26', 'DEA1F', 'DEA1E', 'DEA1D', 'DEA1C', 'DE80J', 'DE91A', 'DE91B', 'DE925', 'DEA35', 'DK031', 'DEA36', 'ES703', 'FRC21', 'FRC11', 'ES242', 'ES211', 'ES112', 'ES111', 'FRL02', 'FRF31', 'FRJ22', 'DED2D', 'DED2C', 'DED53', 'DED52', 'DEA5C', 'DEA55', 'DEA51', 'DEA37', 'DEF0B', 'DEG0C', 'IE063', 'DEG0N']","['Economic development', 'Sustainability', 'Innovation', 'Regional development', 'Environmental protection']","The policy aims to strengthen the economic structure and create employment by providing regional investment support and environmental protection aid to enterprises, focusing on innovation and sustainability.","The policy provides a framework for regional investment support in Groningen, targeting industrial and service enterprises to enhance economic structure and employment. It leverages the General Block Exemption Regulation (GBER) to offer subsidies for initial investments, diversification, and expansion projects, particularly those promoting sustainability and innovation. The policy sets eligibility criteria based on project type and size, with a focus on projects exceeding €1,000,000 in costs. It excludes sectors like coal and steel, aligning with EU state aid rules. Subsidies are determined by project scores on employment, economic structure, innovation, and sustainability, with a maximum of €7,500,000 per project. The policy mandates a minimum 25% financial contribution from enterprises and prohibits funding for projects that reduce employment or involve financial instability. It emphasizes the importance of technical and economic feasibility and requires projects to be completed within 36 months. The policy aims to foster a transition to a knowledge-intensive and sustainable economy, supporting sectors like agribusiness, chemistry, and energy. By encouraging investments that exceed EU environmental standards, it seeks to drive regional economic growth and environmental benefits, ensuring long-term regional commitment from enterprises.",['NL1'],https://www.snn.eu/sites/default/files/documents/Verordening%20Regionale%20Investeringssteun%20%28RIG%29%202019%20%282%29.pdf,Policy,Community
"['AT211', 'AT127', 'AT332', 'PT170', 'NL213', 'NL212', 'NL211', 'NL131', 'NL124', 'NL112', 'NL111', 'NL226', 'NL321', 'NL414', 'NL413', 'NL412', 'NL411', 'NL33C', 'NL328', 'NL325', 'NL324', 'NL323', 'NL33A', 'LT011', 'SK010', 'CH012', 'CH011', 'CH013', 'CH021', 'CH023', 'CH065', 'CH064', 'CH063', 'CH062', 'CH061', 'CH055', 'CH054', 'CH053', 'CH040', 'CH033', 'CH031', 'CH024', 'CH022', 'NO092', 'NO091', 'NO082', 'NO081', 'NO074', 'NO071', 'NO060', 'NO020', 'SE124', 'DEA41', 'DE40D', 'DE405', 'DE404', 'DE403', 'DE402', 'DE401', 'DE300', 'DE27A', 'DE721', 'DE253', 'DE243', 'DE242', 'DE273', 'DE271', 'DE26C', 'DE265', 'DE263', 'DE724', 'DEA16', 'DEA14', 'DEA13', 'DEA11', 'DE945', 'DEA33', 'DEA32', 'DEA2D', 'DEA2B', 'DEA2A', 'DEA24', 'DEA23', 'DEA22', 'DEA1A', 'DE944', 'DE916', 'DE911', 'DE80L', 'DE804', 'DE803', 'DE93A', 'DE938', 'DE929', 'DE928', 'DE91C', 'BE256', 'BE341', 'BE310', 'DK014', 'DE21H', 'DE21F', 'DE21C', 'DE21B', 'DE21A', 'DE217', 'DE216', 'DE215', 'DE213', 'DE21K', 'DE21L', 'DE233', 'DE232', 'DE231', 'DE225', 'DE222', 'DE21N', 'DE21M', 'DE144', 'DE121', 'DE11D', 'DE11C', 'DE117', 'DE116', 'DE115', 'DE113', 'DE112', 'DE111', 'DK042', 'DE122', 'DE123', 'DE125', 'DE139', 'DE138', 'DE131', 'DE12A', 'DE128', 'DE126', 'ES212', 'FRK28', 'FRK27', 'FRJ26', 'FRJ21', 'DED41', 'DED21', 'DEB3H', 'DEB3F', 'DEF02', 'DEF01', 'DED51', 'DEB3C', 'DEB11', 'DEA52', 'DEA47', 'DEB38', 'DEB37', 'DEB36', 'DEB35', 'DEB33', 'DEB32', 'DEB23', 'DEB21', 'DEB24', 'DEF04', 'IE062', 'DEG09', 'DEG07', 'DEG05', 'DEG04', 'DEG03', 'DEG02', 'DEG01', 'DEF0F', 'DEF0D', 'DEF0C', 'DEF08', 'DEF07', 'DEG0F', 'DEG0H', 'SI041', 'PL911', 'NL113', 'NL230', 'NL310', 'NL337', 'NL332', 'NL329', 'NL327', 'HU110', 'LU000', 'CH057', 'CH056', 'CH032', 'FI1B1', 'SE110', 'DE71E', 'DE71D', 'DE71A', 'DE718', 'DE714', 'DE712', 'DE711', 'DE251', 'DE241', 'DE274', 'DE272', 'DE731', 'DE943', 'DK012', 'DK011', 'CZ010', 'BE251', 'BE242', 'DK013', 'DE21E', 'DE21D', 'DE218', 'DE212', 'DE148', 'DE223', 'DE221', 'DE142', 'DE141', 'DE136', 'FR104', 'FR103', 'FR101', 'FR105', 'FR108', 'ES300', 'FRK26', 'IE061', 'AT222', 'NL423', 'NL225', 'NL224', 'NL221', 'NL133', 'NL132', 'NL126', 'NL125', 'MT001', 'NL422', 'NL421', 'NL33B', 'NL333', 'CH066', 'CH025', 'CH070', 'DE40E', 'DE40A', 'DE409', 'DE408', 'DE406', 'DE40I', 'DE40H', 'DEA15', 'DEA18', 'DEA19', 'DEA1B', 'DEA31', 'DEA2C', 'DEA29', 'DEA28', 'DEA27', 'DEA26', 'DEA1F', 'DEA1E', 'DEA1D', 'DEA1C', 'DE80J', 'DE91A', 'DE91B', 'DE925', 'DEA35', 'DK031', 'DEA36', 'ES703', 'FRC21', 'FRC11', 'ES242', 'ES211', 'ES112', 'ES111', 'FRL02', 'FRF31', 'FRJ22', 'DED2D', 'DED2C', 'DED53', 'DED52', 'DEA5C', 'DEA55', 'DEA51', 'DEA37', 'DEF0B', 'DEG0C', 'IE063', 'DEG0N']","['Sustainability', 'Community engagement', 'Governance', 'Innovation', 'Digitalisation']","The policy aims to enhance organizational efficiency through strategic implementation of new processes. It focuses on improving stakeholder engagement and ensuring measurable outcomes. The approach involves systematic evaluation and adaptation to meet evolving needs, ensuring sustainable impact and alignment with organizational goals.","The policy focuses on enhancing organizational efficiency by implementing strategic processes that improve stakeholder engagement and ensure measurable outcomes. It emphasizes the importance of systematic evaluation and adaptation to meet evolving needs, ensuring sustainable impact and alignment with organizational goals. Key actions include identifying critical areas for improvement, engaging stakeholders through collaborative approaches, and establishing clear metrics for success. The policy outlines a phased implementation plan, allowing for iterative feedback and adjustments. It highlights the role of technology in streamlining operations and improving communication channels. The expected outcomes include increased productivity, enhanced stakeholder satisfaction, and a stronger alignment with strategic objectives. The policy also addresses potential challenges, such as resistance to change and resource constraints, by proposing solutions like training programs and resource reallocation. The impact of the policy is anticipated to be significant, leading to a more agile and responsive organization capable of adapting to future challenges. Continuous monitoring and evaluation are integral to the policy, ensuring that it remains relevant and effective in achieving its goals. The policy underscores the importance of transparency and accountability in its execution, fostering trust and collaboration among all stakeholders involved.",['NL1'],https://www.snn.eu/sites/default/files/documents/Verordening%20POP3-subsidies%20provincie%20Drenthe%20-%20geconsolideerd.pdf,Programme,AI
"['AT211', 'AT127', 'AT332', 'PT170', 'NL213', 'NL212', 'NL211', 'NL131', 'NL124', 'NL112', 'NL111', 'NL226', 'NL321', 'NL414', 'NL413', 'NL412', 'NL411', 'NL33C', 'NL328', 'NL325', 'NL324', 'NL323', 'NL33A', 'LT011', 'SK010', 'CH012', 'CH011', 'CH013', 'CH021', 'CH023', 'CH065', 'CH064', 'CH063', 'CH062', 'CH061', 'CH055', 'CH054', 'CH053', 'CH040', 'CH033', 'CH031', 'CH024', 'CH022', 'NO092', 'NO091', 'NO082', 'NO081', 'NO074', 'NO071', 'NO060', 'NO020', 'SE124', 'DEA41', 'DE40D', 'DE405', 'DE404', 'DE403', 'DE402', 'DE401', 'DE300', 'DE27A', 'DE721', 'DE253', 'DE243', 'DE242', 'DE273', 'DE271', 'DE26C', 'DE265', 'DE263', 'DE724', 'DEA16', 'DEA14', 'DEA13', 'DEA11', 'DE945', 'DEA33', 'DEA32', 'DEA2D', 'DEA2B', 'DEA2A', 'DEA24', 'DEA23', 'DEA22', 'DEA1A', 'DE944', 'DE916', 'DE911', 'DE80L', 'DE804', 'DE803', 'DE93A', 'DE938', 'DE929', 'DE928', 'DE91C', 'BE256', 'BE341', 'BE310', 'DK014', 'DE21H', 'DE21F', 'DE21C', 'DE21B', 'DE21A', 'DE217', 'DE216', 'DE215', 'DE213', 'DE21K', 'DE21L', 'DE233', 'DE232', 'DE231', 'DE225', 'DE222', 'DE21N', 'DE21M', 'DE144', 'DE121', 'DE11D', 'DE11C', 'DE117', 'DE116', 'DE115', 'DE113', 'DE112', 'DE111', 'DK042', 'DE122', 'DE123', 'DE125', 'DE139', 'DE138', 'DE131', 'DE12A', 'DE128', 'DE126', 'ES212', 'FRK28', 'FRK27', 'FRJ26', 'FRJ21', 'DED41', 'DED21', 'DEB3H', 'DEB3F', 'DEF02', 'DEF01', 'DED51', 'DEB3C', 'DEB11', 'DEA52', 'DEA47', 'DEB38', 'DEB37', 'DEB36', 'DEB35', 'DEB33', 'DEB32', 'DEB23', 'DEB21', 'DEB24', 'DEF04', 'IE062', 'DEG09', 'DEG07', 'DEG05', 'DEG04', 'DEG03', 'DEG02', 'DEG01', 'DEF0F', 'DEF0D', 'DEF0C', 'DEF08', 'DEF07', 'DEG0F', 'DEG0H', 'SI041', 'PL911', 'NL113', 'NL230', 'NL310', 'NL337', 'NL332', 'NL329', 'NL327', 'HU110', 'LU000', 'CH057', 'CH056', 'CH032', 'FI1B1', 'SE110', 'DE71E', 'DE71D', 'DE71A', 'DE718', 'DE714', 'DE712', 'DE711', 'DE251', 'DE241', 'DE274', 'DE272', 'DE731', 'DE943', 'DK012', 'DK011', 'CZ010', 'BE251', 'BE242', 'DK013', 'DE21E', 'DE21D', 'DE218', 'DE212', 'DE148', 'DE223', 'DE221', 'DE142', 'DE141', 'DE136', 'FR104', 'FR103', 'FR101', 'FR105', 'FR108', 'ES300', 'FRK26', 'IE061', 'AT222', 'NL423', 'NL225', 'NL224', 'NL221', 'NL133', 'NL132', 'NL126', 'NL125', 'MT001', 'NL422', 'NL421', 'NL33B', 'NL333', 'CH066', 'CH025', 'CH070', 'DE40E', 'DE40A', 'DE409', 'DE408', 'DE406', 'DE40I', 'DE40H', 'DEA15', 'DEA18', 'DEA19', 'DEA1B', 'DEA31', 'DEA2C', 'DEA29', 'DEA28', 'DEA27', 'DEA26', 'DEA1F', 'DEA1E', 'DEA1D', 'DEA1C', 'DE80J', 'DE91A', 'DE91B', 'DE925', 'DEA35', 'DK031', 'DEA36', 'ES703', 'FRC21', 'FRC11', 'ES242', 'ES211', 'ES112', 'ES111', 'FRL02', 'FRF31', 'FRJ22', 'DED2D', 'DED2C', 'DED53', 'DED52', 'DEA5C', 'DEA55', 'DEA51', 'DEA37', 'DEF0B', 'DEG0C', 'IE063', 'DEG0N']","['Governance', 'Community engagement', 'Sustainability']","The policy aims to enhance strategic implementation by focusing on key outcomes and impacts. It outlines a structured approach to achieve these goals through targeted actions and resource allocation, ensuring effective and efficient policy execution.","Focusing on strategic implementation, the policy emphasizes achieving key outcomes and impacts through a structured approach. It involves targeted actions and resource allocation to ensure effective execution. The policy addresses current challenges by identifying critical areas for improvement and leveraging available resources. It outlines specific actions to be taken, including stakeholder engagement, process optimization, and continuous monitoring and evaluation. The policy aims to create a sustainable framework that supports long-term goals while adapting to changing circumstances. By prioritizing key outcomes, it seeks to maximize the impact of initiatives and ensure alignment with broader strategic objectives. The policy also highlights the importance of collaboration among various stakeholders to foster a cohesive approach to implementation. It sets clear benchmarks for success and establishes mechanisms for accountability and transparency. The anticipated impact includes improved efficiency, enhanced stakeholder satisfaction, and the achievement of desired policy outcomes. The policy's approach is designed to be adaptable, allowing for adjustments based on feedback and evolving needs. Overall, it seeks to create a robust foundation for policy implementation that drives meaningful change and delivers tangible benefits to the target audience.",['NL1'],https://www.snn.eu/sites/default/files/documents/Verordening%20POP3%20subsidies%20provincie%20Groningen%20-%20geconsolideerd.pdf,Programme,Verified
"['AT211', 'AT127', 'AT332', 'PT170', 'NL213', 'NL212', 'NL211', 'NL131', 'NL124', 'NL112', 'NL111', 'NL226', 'NL321', 'NL414', 'NL413', 'NL412', 'NL411', 'NL33C', 'NL328', 'NL325', 'NL324', 'NL323', 'NL33A', 'LT011', 'SK010', 'CH012', 'CH011', 'CH013', 'CH021', 'CH023', 'CH065', 'CH064', 'CH063', 'CH062', 'CH061', 'CH055', 'CH054', 'CH053', 'CH040', 'CH033', 'CH031', 'CH024', 'CH022', 'NO092', 'NO091', 'NO082', 'NO081', 'NO074', 'NO071', 'NO060', 'NO020', 'SE124', 'DEA41', 'DE40D', 'DE405', 'DE404', 'DE403', 'DE402', 'DE401', 'DE300', 'DE27A', 'DE721', 'DE253', 'DE243', 'DE242', 'DE273', 'DE271', 'DE26C', 'DE265', 'DE263', 'DE724', 'DEA16', 'DEA14', 'DEA13', 'DEA11', 'DE945', 'DEA33', 'DEA32', 'DEA2D', 'DEA2B', 'DEA2A', 'DEA24', 'DEA23', 'DEA22', 'DEA1A', 'DE944', 'DE916', 'DE911', 'DE80L', 'DE804', 'DE803', 'DE93A', 'DE938', 'DE929', 'DE928', 'DE91C', 'BE256', 'BE341', 'BE310', 'DK014', 'DE21H', 'DE21F', 'DE21C', 'DE21B', 'DE21A', 'DE217', 'DE216', 'DE215', 'DE213', 'DE21K', 'DE21L', 'DE233', 'DE232', 'DE231', 'DE225', 'DE222', 'DE21N', 'DE21M', 'DE144', 'DE121', 'DE11D', 'DE11C', 'DE117', 'DE116', 'DE115', 'DE113', 'DE112', 'DE111', 'DK042', 'DE122', 'DE123', 'DE125', 'DE139', 'DE138', 'DE131', 'DE12A', 'DE128', 'DE126', 'ES212', 'FRK28', 'FRK27', 'FRJ26', 'FRJ21', 'DED41', 'DED21', 'DEB3H', 'DEB3F', 'DEF02', 'DEF01', 'DED51', 'DEB3C', 'DEB11', 'DEA52', 'DEA47', 'DEB38', 'DEB37', 'DEB36', 'DEB35', 'DEB33', 'DEB32', 'DEB23', 'DEB21', 'DEB24', 'DEF04', 'IE062', 'DEG09', 'DEG07', 'DEG05', 'DEG04', 'DEG03', 'DEG02', 'DEG01', 'DEF0F', 'DEF0D', 'DEF0C', 'DEF08', 'DEF07', 'DEG0F', 'DEG0H', 'SI041', 'PL911', 'NL113', 'NL230', 'NL310', 'NL337', 'NL332', 'NL329', 'NL327', 'HU110', 'LU000', 'CH057', 'CH056', 'CH032', 'FI1B1', 'SE110', 'DE71E', 'DE71D', 'DE71A', 'DE718', 'DE714', 'DE712', 'DE711', 'DE251', 'DE241', 'DE274', 'DE272', 'DE731', 'DE943', 'DK012', 'DK011', 'CZ010', 'BE251', 'BE242', 'DK013', 'DE21E', 'DE21D', 'DE218', 'DE212', 'DE148', 'DE223', 'DE221', 'DE142', 'DE141', 'DE136', 'FR104', 'FR103', 'FR101', 'FR105', 'FR108', 'ES300', 'FRK26', 'IE061', 'AT222', 'NL423', 'NL225', 'NL224', 'NL221', 'NL133', 'NL132', 'NL126', 'NL125', 'MT001', 'NL422', 'NL421', 'NL33B', 'NL333', 'CH066', 'CH025', 'CH070', 'DE40E', 'DE40A', 'DE409', 'DE408', 'DE406', 'DE40I', 'DE40H', 'DEA15', 'DEA18', 'DEA19', 'DEA1B', 'DEA31', 'DEA2C', 'DEA29', 'DEA28', 'DEA27', 'DEA26', 'DEA1F', 'DEA1E', 'DEA1D', 'DEA1C', 'DE80J', 'DE91A', 'DE91B', 'DE925', 'DEA35', 'DK031', 'DEA36', 'ES703', 'FRC21', 'FRC11', 'ES242', 'ES211', 'ES112', 'ES111', 'FRL02', 'FRF31', 'FRJ22', 'DED2D', 'DED2C', 'DED53', 'DED52', 'DEA5C', 'DEA55', 'DEA51', 'DEA37', 'DEF0B', 'DEG0C', 'IE063', 'DEG0N']","['Innovation', 'Economic development', 'Regional development']","The policy aims to stimulate innovation in SMEs through subsidies for R&D collaboration projects, enhancing technological advancements and economic growth. It encourages partnerships and shared responsibilities among businesses.","The policy focuses on promoting innovation within small and medium-sized enterprises (SMEs) by providing subsidies for research and development (R&D) collaboration projects. It targets technological advancements and economic growth by encouraging partnerships among businesses. Eligible projects must involve industrial research or experimental development and align with specific Knowledge and Innovation Agendas (KIAs). The subsidy covers up to 35% of eligible costs, with a maximum of €350,000 per project. A lead partner, or 'penvoerder', is responsible for project administration and must be an SME based in the specified regions. The policy sets a total subsidy ceiling of €2,000,000, with specific allocation rules to ensure broad distribution. Applications are evaluated based on technological innovation, economic value, quality of collaboration, and impact on KIAs. Projects must start within six months of subsidy approval and complete within 24 months. The policy aims to foster a collaborative environment, enhance regional economic development, and support the integration of new technologies into the market, ultimately contributing to the broader economic and technological landscape.",['NL1'],https://www.snn.eu/sites/default/files/documents/Verordening%20MIT%20R%26D%20Samenwerking%202022.pdf,Policy,Community
"['AT211', 'AT127', 'AT332', 'PT170', 'NL213', 'NL212', 'NL211', 'NL131', 'NL124', 'NL112', 'NL111', 'NL226', 'NL321', 'NL414', 'NL413', 'NL412', 'NL411', 'NL33C', 'NL328', 'NL325', 'NL324', 'NL323', 'NL33A', 'LT011', 'SK010', 'CH012', 'CH011', 'CH013', 'CH021', 'CH023', 'CH065', 'CH064', 'CH063', 'CH062', 'CH061', 'CH055', 'CH054', 'CH053', 'CH040', 'CH033', 'CH031', 'CH024', 'CH022', 'NO092', 'NO091', 'NO082', 'NO081', 'NO074', 'NO071', 'NO060', 'NO020', 'SE124', 'DEA41', 'DE40D', 'DE405', 'DE404', 'DE403', 'DE402', 'DE401', 'DE300', 'DE27A', 'DE721', 'DE253', 'DE243', 'DE242', 'DE273', 'DE271', 'DE26C', 'DE265', 'DE263', 'DE724', 'DEA16', 'DEA14', 'DEA13', 'DEA11', 'DE945', 'DEA33', 'DEA32', 'DEA2D', 'DEA2B', 'DEA2A', 'DEA24', 'DEA23', 'DEA22', 'DEA1A', 'DE944', 'DE916', 'DE911', 'DE80L', 'DE804', 'DE803', 'DE93A', 'DE938', 'DE929', 'DE928', 'DE91C', 'BE256', 'BE341', 'BE310', 'DK014', 'DE21H', 'DE21F', 'DE21C', 'DE21B', 'DE21A', 'DE217', 'DE216', 'DE215', 'DE213', 'DE21K', 'DE21L', 'DE233', 'DE232', 'DE231', 'DE225', 'DE222', 'DE21N', 'DE21M', 'DE144', 'DE121', 'DE11D', 'DE11C', 'DE117', 'DE116', 'DE115', 'DE113', 'DE112', 'DE111', 'DK042', 'DE122', 'DE123', 'DE125', 'DE139', 'DE138', 'DE131', 'DE12A', 'DE128', 'DE126', 'ES212', 'FRK28', 'FRK27', 'FRJ26', 'FRJ21', 'DED41', 'DED21', 'DEB3H', 'DEB3F', 'DEF02', 'DEF01', 'DED51', 'DEB3C', 'DEB11', 'DEA52', 'DEA47', 'DEB38', 'DEB37', 'DEB36', 'DEB35', 'DEB33', 'DEB32', 'DEB23', 'DEB21', 'DEB24', 'DEF04', 'IE062', 'DEG09', 'DEG07', 'DEG05', 'DEG04', 'DEG03', 'DEG02', 'DEG01', 'DEF0F', 'DEF0D', 'DEF0C', 'DEF08', 'DEF07', 'DEG0F', 'DEG0H', 'SI041', 'PL911', 'NL113', 'NL230', 'NL310', 'NL337', 'NL332', 'NL329', 'NL327', 'HU110', 'LU000', 'CH057', 'CH056', 'CH032', 'FI1B1', 'SE110', 'DE71E', 'DE71D', 'DE71A', 'DE718', 'DE714', 'DE712', 'DE711', 'DE251', 'DE241', 'DE274', 'DE272', 'DE731', 'DE943', 'DK012', 'DK011', 'CZ010', 'BE251', 'BE242', 'DK013', 'DE21E', 'DE21D', 'DE218', 'DE212', 'DE148', 'DE223', 'DE221', 'DE142', 'DE141', 'DE136', 'FR104', 'FR103', 'FR101', 'FR105', 'FR108', 'ES300', 'FRK26', 'IE061', 'AT222', 'NL423', 'NL225', 'NL224', 'NL221', 'NL133', 'NL132', 'NL126', 'NL125', 'MT001', 'NL422', 'NL421', 'NL33B', 'NL333', 'CH066', 'CH025', 'CH070', 'DE40E', 'DE40A', 'DE409', 'DE408', 'DE406', 'DE40I', 'DE40H', 'DEA15', 'DEA18', 'DEA19', 'DEA1B', 'DEA31', 'DEA2C', 'DEA29', 'DEA28', 'DEA27', 'DEA26', 'DEA1F', 'DEA1E', 'DEA1D', 'DEA1C', 'DE80J', 'DE91A', 'DE91B', 'DE925', 'DEA35', 'DK031', 'DEA36', 'ES703', 'FRC21', 'FRC11', 'ES242', 'ES211', 'ES112', 'ES111', 'FRL02', 'FRF31', 'FRJ22', 'DED2D', 'DED2C', 'DED53', 'DED52', 'DEA5C', 'DEA55', 'DEA51', 'DEA37', 'DEF0B', 'DEG0C', 'IE063', 'DEG0N']","['Innovation', 'Economic development', 'Sustainability']","The policy aims to stimulate innovation in SMEs by providing subsidies for feasibility projects. It focuses on supporting technological advancements and reducing risks associated with innovation, thereby enhancing economic growth and competitiveness.","The policy provides a framework for subsidizing feasibility projects to stimulate innovation within small and medium-sized enterprises (SMEs). It targets technological advancements by offering financial support for projects that align with key innovation agendas, such as energy sustainability, health, agriculture, and security. Eligible activities include feasibility studies and trial and error research, with a focus on technical and economic viability. The subsidy covers costs like independent consultancy, material expenses, and equipment rental, with a maximum grant of €20,000 per project. The policy ensures compliance with EU de-minimis regulations to prevent market distortion. Applications are evaluated based on their alignment with innovation agendas and potential economic impact. The initiative aims to reduce innovation risks, promote sustainable practices, and enhance the competitive edge of SMEs. By fostering a supportive environment for technological development, the policy seeks to drive economic growth and address societal challenges through innovative solutions. The program is managed by the SNN, with a total budget of €5,146,666, and applications are processed on a first-come, first-served basis, ensuring a fair distribution of resources to eligible projects.",['NL1'],https://www.snn.eu/sites/default/files/documents/Verordening%20MIT%20Haalbaarheid%202022.pdf,Programme,AI
"['AT211', 'AT127', 'AT332', 'PT170', 'NL213', 'NL212', 'NL211', 'NL131', 'NL124', 'NL112', 'NL111', 'NL226', 'NL321', 'NL414', 'NL413', 'NL412', 'NL411', 'NL33C', 'NL328', 'NL325', 'NL324', 'NL323', 'NL33A', 'LT011', 'SK010', 'CH012', 'CH011', 'CH013', 'CH021', 'CH023', 'CH065', 'CH064', 'CH063', 'CH062', 'CH061', 'CH055', 'CH054', 'CH053', 'CH040', 'CH033', 'CH031', 'CH024', 'CH022', 'NO092', 'NO091', 'NO082', 'NO081', 'NO074', 'NO071', 'NO060', 'NO020', 'SE124', 'DEA41', 'DE40D', 'DE405', 'DE404', 'DE403', 'DE402', 'DE401', 'DE300', 'DE27A', 'DE721', 'DE253', 'DE243', 'DE242', 'DE273', 'DE271', 'DE26C', 'DE265', 'DE263', 'DE724', 'DEA16', 'DEA14', 'DEA13', 'DEA11', 'DE945', 'DEA33', 'DEA32', 'DEA2D', 'DEA2B', 'DEA2A', 'DEA24', 'DEA23', 'DEA22', 'DEA1A', 'DE944', 'DE916', 'DE911', 'DE80L', 'DE804', 'DE803', 'DE93A', 'DE938', 'DE929', 'DE928', 'DE91C', 'BE256', 'BE341', 'BE310', 'DK014', 'DE21H', 'DE21F', 'DE21C', 'DE21B', 'DE21A', 'DE217', 'DE216', 'DE215', 'DE213', 'DE21K', 'DE21L', 'DE233', 'DE232', 'DE231', 'DE225', 'DE222', 'DE21N', 'DE21M', 'DE144', 'DE121', 'DE11D', 'DE11C', 'DE117', 'DE116', 'DE115', 'DE113', 'DE112', 'DE111', 'DK042', 'DE122', 'DE123', 'DE125', 'DE139', 'DE138', 'DE131', 'DE12A', 'DE128', 'DE126', 'ES212', 'FRK28', 'FRK27', 'FRJ26', 'FRJ21', 'DED41', 'DED21', 'DEB3H', 'DEB3F', 'DEF02', 'DEF01', 'DED51', 'DEB3C', 'DEB11', 'DEA52', 'DEA47', 'DEB38', 'DEB37', 'DEB36', 'DEB35', 'DEB33', 'DEB32', 'DEB23', 'DEB21', 'DEB24', 'DEF04', 'IE062', 'DEG09', 'DEG07', 'DEG05', 'DEG04', 'DEG03', 'DEG02', 'DEG01', 'DEF0F', 'DEF0D', 'DEF0C', 'DEF08', 'DEF07', 'DEG0F', 'DEG0H', 'SI041', 'PL911', 'NL113', 'NL230', 'NL310', 'NL337', 'NL332', 'NL329', 'NL327', 'HU110', 'LU000', 'CH057', 'CH056', 'CH032', 'FI1B1', 'SE110', 'DE71E', 'DE71D', 'DE71A', 'DE718', 'DE714', 'DE712', 'DE711', 'DE251', 'DE241', 'DE274', 'DE272', 'DE731', 'DE943', 'DK012', 'DK011', 'CZ010', 'BE251', 'BE242', 'DK013', 'DE21E', 'DE21D', 'DE218', 'DE212', 'DE148', 'DE223', 'DE221', 'DE142', 'DE141', 'DE136', 'FR104', 'FR103', 'FR101', 'FR105', 'FR108', 'ES300', 'FRK26', 'IE061', 'AT222', 'NL423', 'NL225', 'NL224', 'NL221', 'NL133', 'NL132', 'NL126', 'NL125', 'MT001', 'NL422', 'NL421', 'NL33B', 'NL333', 'CH066', 'CH025', 'CH070', 'DE40E', 'DE40A', 'DE409', 'DE408', 'DE406', 'DE40I', 'DE40H', 'DEA15', 'DEA18', 'DEA19', 'DEA1B', 'DEA31', 'DEA2C', 'DEA29', 'DEA28', 'DEA27', 'DEA26', 'DEA1F', 'DEA1E', 'DEA1D', 'DEA1C', 'DE80J', 'DE91A', 'DE91B', 'DE925', 'DEA35', 'DK031', 'DEA36', 'ES703', 'FRC21', 'FRC11', 'ES242', 'ES211', 'ES112', 'ES111', 'FRL02', 'FRF31', 'FRJ22', 'DED2D', 'DED2C', 'DED53', 'DED52', 'DEA5C', 'DEA55', 'DEA51', 'DEA37', 'DEF0B', 'DEG0C', 'IE063', 'DEG0N']","['Sustainability', 'Biodiversity', 'Innovation', 'Environmental protection', 'Economic development']","The policy establishes agricultural subsidies for 2023-2027 to support sustainable rural development and modernization. It aligns with the EU's strategic plan to enhance agricultural efficiency, environmental sustainability, and animal welfare through targeted financial support.","The policy sets out the framework for agricultural subsidies from 2023 to 2027, aiming to modernize agricultural practices and promote sustainable rural development. It aligns with the EU's Common Agricultural Policy, focusing on enhancing agricultural efficiency, environmental sustainability, and animal welfare. Subsidies are categorized into three arrangements based on the amount, with specific criteria for eligibility and application. The policy emphasizes support for young farmers and those transitioning to organic farming, offering higher subsidy rates for these groups. Eligible activities include productive investments in farm modernization, green-blue infrastructure, and animal welfare improvements. The policy outlines detailed application requirements, including financial plans and project objectives, and specifies non-eligible costs to ensure efficient use of funds. It also establishes a system for ranking applications based on effectiveness, feasibility, innovation, and efficiency. The policy aims to foster a competitive and sustainable agricultural sector, contributing to broader EU goals of climate adaptation, biodiversity conservation, and resource management. By providing financial incentives and support, the policy seeks to drive innovation and resilience in the agricultural sector, ultimately benefiting rural communities and the environment.",['NL1'],https://www.snn.eu/sites/default/files/documents/Verordening%20Europese%20Landbouwsubsidies%202023-2027%20provincie%20Drenthe.pdf,Policy,Verified
"['AT211', 'AT127', 'AT332', 'PT170', 'NL213', 'NL212', 'NL211', 'NL131', 'NL124', 'NL112', 'NL111', 'NL226', 'NL321', 'NL414', 'NL413', 'NL412', 'NL411', 'NL33C', 'NL328', 'NL325', 'NL324', 'NL323', 'NL33A', 'LT011', 'SK010', 'CH012', 'CH011', 'CH013', 'CH021', 'CH023', 'CH065', 'CH064', 'CH063', 'CH062', 'CH061', 'CH055', 'CH054', 'CH053', 'CH040', 'CH033', 'CH031', 'CH024', 'CH022', 'NO092', 'NO091', 'NO082', 'NO081', 'NO074', 'NO071', 'NO060', 'NO020', 'SE124', 'DEA41', 'DE40D', 'DE405', 'DE404', 'DE403', 'DE402', 'DE401', 'DE300', 'DE27A', 'DE721', 'DE253', 'DE243', 'DE242', 'DE273', 'DE271', 'DE26C', 'DE265', 'DE263', 'DE724', 'DEA16', 'DEA14', 'DEA13', 'DEA11', 'DE945', 'DEA33', 'DEA32', 'DEA2D', 'DEA2B', 'DEA2A', 'DEA24', 'DEA23', 'DEA22', 'DEA1A', 'DE944', 'DE916', 'DE911', 'DE80L', 'DE804', 'DE803', 'DE93A', 'DE938', 'DE929', 'DE928', 'DE91C', 'BE256', 'BE341', 'BE310', 'DK014', 'DE21H', 'DE21F', 'DE21C', 'DE21B', 'DE21A', 'DE217', 'DE216', 'DE215', 'DE213', 'DE21K', 'DE21L', 'DE233', 'DE232', 'DE231', 'DE225', 'DE222', 'DE21N', 'DE21M', 'DE144', 'DE121', 'DE11D', 'DE11C', 'DE117', 'DE116', 'DE115', 'DE113', 'DE112', 'DE111', 'DK042', 'DE122', 'DE123', 'DE125', 'DE139', 'DE138', 'DE131', 'DE12A', 'DE128', 'DE126', 'ES212', 'FRK28', 'FRK27', 'FRJ26', 'FRJ21', 'DED41', 'DED21', 'DEB3H', 'DEB3F', 'DEF02', 'DEF01', 'DED51', 'DEB3C', 'DEB11', 'DEA52', 'DEA47', 'DEB38', 'DEB37', 'DEB36', 'DEB35', 'DEB33', 'DEB32', 'DEB23', 'DEB21', 'DEB24', 'DEF04', 'IE062', 'DEG09', 'DEG07', 'DEG05', 'DEG04', 'DEG03', 'DEG02', 'DEG01', 'DEF0F', 'DEF0D', 'DEF0C', 'DEF08', 'DEF07', 'DEG0F', 'DEG0H', 'SI041', 'PL911', 'NL113', 'NL230', 'NL310', 'NL337', 'NL332', 'NL329', 'NL327', 'HU110', 'LU000', 'CH057', 'CH056', 'CH032', 'FI1B1', 'SE110', 'DE71E', 'DE71D', 'DE71A', 'DE718', 'DE714', 'DE712', 'DE711', 'DE251', 'DE241', 'DE274', 'DE272', 'DE731', 'DE943', 'DK012', 'DK011', 'CZ010', 'BE251', 'BE242', 'DK013', 'DE21E', 'DE21D', 'DE218', 'DE212', 'DE148', 'DE223', 'DE221', 'DE142', 'DE141', 'DE136', 'FR104', 'FR103', 'FR101', 'FR105', 'FR108', 'ES300', 'FRK26', 'IE061', 'AT222', 'NL423', 'NL225', 'NL224', 'NL221', 'NL133', 'NL132', 'NL126', 'NL125', 'MT001', 'NL422', 'NL421', 'NL33B', 'NL333', 'CH066', 'CH025', 'CH070', 'DE40E', 'DE40A', 'DE409', 'DE408', 'DE406', 'DE40I', 'DE40H', 'DEA15', 'DEA18', 'DEA19', 'DEA1B', 'DEA31', 'DEA2C', 'DEA29', 'DEA28', 'DEA27', 'DEA26', 'DEA1F', 'DEA1E', 'DEA1D', 'DEA1C', 'DE80J', 'DE91A', 'DE91B', 'DE925', 'DEA35', 'DK031', 'DEA36', 'ES703', 'FRC21', 'FRC11', 'ES242', 'ES211', 'ES112', 'ES111', 'FRL02', 'FRF31', 'FRJ22', 'DED2D', 'DED2C', 'DED53', 'DED52', 'DEA5C', 'DEA55', 'DEA51', 'DEA37', 'DEF0B', 'DEG0C', 'IE063', 'DEG0N']","['Economic development', 'Infrastructure', 'Regional development', 'Transportation', 'Cultural heritage']","The regulation amends existing EU rules to include state aid for airport and port infrastructure, aiming to simplify and clarify state aid rules, reduce notification burdens, and focus on potentially most disruptive cases.","The regulation modifies EU rules to incorporate state aid for airport and port infrastructure, aiming to streamline and clarify state aid regulations. It reduces the notification burden for simple state aid measures, allowing the European Commission to concentrate on potentially more disruptive cases. Investment aid for regional airports with up to three million passengers annually is included, supporting regional accessibility and local development. The regulation sets conditions to limit competition distortions, ensuring aid proportionality by capping aid intensity based on airport size and ensuring open, non-discriminatory access to infrastructure. For ports, the regulation emphasizes strategic importance for the internal market and cohesion, requiring effective public and private investments. It sets conditions to ensure aid proportionality, with aid intensity varying by project size, and mandates competitive, transparent, and non-discriminatory allocation of supported infrastructure. The regulation also addresses regional operating aid in outermost regions, simplifying rules to compensate for additional transport and operational costs. By raising notification thresholds for culture, heritage, sports, and recreational infrastructure aid, the regulation acknowledges their limited negative competition effects. The changes aim to foster economic growth, enhance infrastructure efficiency, and ensure fair competition within the EU market.",['NL1'],https://www.snn.eu/sites/default/files/documents/Verordening%20EU%202017_1084%20wijziging%20AGVV.pdf,Programme,Community
"['AT211', 'AT127', 'AT332', 'PT170', 'NL213', 'NL212', 'NL211', 'NL131', 'NL124', 'NL112', 'NL111', 'NL226', 'NL321', 'NL414', 'NL413', 'NL412', 'NL411', 'NL33C', 'NL328', 'NL325', 'NL324', 'NL323', 'NL33A', 'LT011', 'SK010', 'CH012', 'CH011', 'CH013', 'CH021', 'CH023', 'CH065', 'CH064', 'CH063', 'CH062', 'CH061', 'CH055', 'CH054', 'CH053', 'CH040', 'CH033', 'CH031', 'CH024', 'CH022', 'NO092', 'NO091', 'NO082', 'NO081', 'NO074', 'NO071', 'NO060', 'NO020', 'SE124', 'DEA41', 'DE40D', 'DE405', 'DE404', 'DE403', 'DE402', 'DE401', 'DE300', 'DE27A', 'DE721', 'DE253', 'DE243', 'DE242', 'DE273', 'DE271', 'DE26C', 'DE265', 'DE263', 'DE724', 'DEA16', 'DEA14', 'DEA13', 'DEA11', 'DE945', 'DEA33', 'DEA32', 'DEA2D', 'DEA2B', 'DEA2A', 'DEA24', 'DEA23', 'DEA22', 'DEA1A', 'DE944', 'DE916', 'DE911', 'DE80L', 'DE804', 'DE803', 'DE93A', 'DE938', 'DE929', 'DE928', 'DE91C', 'BE256', 'BE341', 'BE310', 'DK014', 'DE21H', 'DE21F', 'DE21C', 'DE21B', 'DE21A', 'DE217', 'DE216', 'DE215', 'DE213', 'DE21K', 'DE21L', 'DE233', 'DE232', 'DE231', 'DE225', 'DE222', 'DE21N', 'DE21M', 'DE144', 'DE121', 'DE11D', 'DE11C', 'DE117', 'DE116', 'DE115', 'DE113', 'DE112', 'DE111', 'DK042', 'DE122', 'DE123', 'DE125', 'DE139', 'DE138', 'DE131', 'DE12A', 'DE128', 'DE126', 'ES212', 'FRK28', 'FRK27', 'FRJ26', 'FRJ21', 'DED41', 'DED21', 'DEB3H', 'DEB3F', 'DEF02', 'DEF01', 'DED51', 'DEB3C', 'DEB11', 'DEA52', 'DEA47', 'DEB38', 'DEB37', 'DEB36', 'DEB35', 'DEB33', 'DEB32', 'DEB23', 'DEB21', 'DEB24', 'DEF04', 'IE062', 'DEG09', 'DEG07', 'DEG05', 'DEG04', 'DEG03', 'DEG02', 'DEG01', 'DEF0F', 'DEF0D', 'DEF0C', 'DEF08', 'DEF07', 'DEG0F', 'DEG0H', 'SI041', 'PL911', 'NL113', 'NL230', 'NL310', 'NL337', 'NL332', 'NL329', 'NL327', 'HU110', 'LU000', 'CH057', 'CH056', 'CH032', 'FI1B1', 'SE110', 'DE71E', 'DE71D', 'DE71A', 'DE718', 'DE714', 'DE712', 'DE711', 'DE251', 'DE241', 'DE274', 'DE272', 'DE731', 'DE943', 'DK012', 'DK011', 'CZ010', 'BE251', 'BE242', 'DK013', 'DE21E', 'DE21D', 'DE218', 'DE212', 'DE148', 'DE223', 'DE221', 'DE142', 'DE141', 'DE136', 'FR104', 'FR103', 'FR101', 'FR105', 'FR108', 'ES300', 'FRK26', 'IE061', 'AT222', 'NL423', 'NL225', 'NL224', 'NL221', 'NL133', 'NL132', 'NL126', 'NL125', 'MT001', 'NL422', 'NL421', 'NL33B', 'NL333', 'CH066', 'CH025', 'CH070', 'DE40E', 'DE40A', 'DE409', 'DE408', 'DE406', 'DE40I', 'DE40H', 'DEA15', 'DEA18', 'DEA19', 'DEA1B', 'DEA31', 'DEA2C', 'DEA29', 'DEA28', 'DEA27', 'DEA26', 'DEA1F', 'DEA1E', 'DEA1D', 'DEA1C', 'DE80J', 'DE91A', 'DE91B', 'DE925', 'DEA35', 'DK031', 'DEA36', 'ES703', 'FRC21', 'FRC11', 'ES242', 'ES211', 'ES112', 'ES111', 'FRL02', 'FRF31', 'FRJ22', 'DED2D', 'DED2C', 'DED53', 'DED52', 'DEA5C', 'DEA55', 'DEA51', 'DEA37', 'DEF0B', 'DEG0C', 'IE063', 'DEG0N']","['Economic development', 'Innovation', 'Regional development', 'Energy']","The policy establishes a subsidy scheme to support business projects that enhance economic structure, employment, and innovation, aiming to strengthen regional economic development through investment and diversification.","The policy introduces a subsidy scheme to promote regional economic development by supporting business projects that focus on expansion, establishment, diversification, or modification of business activities. It targets both SMEs and large enterprises, providing financial assistance for projects that meet specific criteria, such as investment in new or improved production processes, innovation, and job creation. The scheme is designed to align with European Union regulations on state aid, ensuring compatibility with the internal market. Subsidies are allocated based on project type and size, with specific percentages and maximum amounts defined for different categories of enterprises. The policy also includes provisions for monitoring and reporting to ensure compliance and effectiveness. By incentivizing investments in key sectors like high-tech systems, materials, and energy, the policy aims to stimulate economic growth, enhance competitiveness, and create sustainable employment opportunities. The expected outcome is a more robust and innovative regional economy, capable of attracting further investments and fostering long-term economic resilience. The policy is a collaborative effort involving multiple governmental partners, emphasizing a coordinated approach to regional economic challenges and opportunities.",['NL1'],https://www.snn.eu/sites/default/files/documents/Verordening%20Bedrijvenregeling%20Dutch%20Techzone%202020.pdf,Programme,AI
"['AT211', 'AT127', 'AT332', 'PT170', 'NL213', 'NL212', 'NL211', 'NL131', 'NL124', 'NL112', 'NL111', 'NL226', 'NL321', 'NL414', 'NL413', 'NL412', 'NL411', 'NL33C', 'NL328', 'NL325', 'NL324', 'NL323', 'NL33A', 'LT011', 'SK010', 'CH012', 'CH011', 'CH013', 'CH021', 'CH023', 'CH065', 'CH064', 'CH063', 'CH062', 'CH061', 'CH055', 'CH054', 'CH053', 'CH040', 'CH033', 'CH031', 'CH024', 'CH022', 'NO092', 'NO091', 'NO082', 'NO081', 'NO074', 'NO071', 'NO060', 'NO020', 'SE124', 'DEA41', 'DE40D', 'DE405', 'DE404', 'DE403', 'DE402', 'DE401', 'DE300', 'DE27A', 'DE721', 'DE253', 'DE243', 'DE242', 'DE273', 'DE271', 'DE26C', 'DE265', 'DE263', 'DE724', 'DEA16', 'DEA14', 'DEA13', 'DEA11', 'DE945', 'DEA33', 'DEA32', 'DEA2D', 'DEA2B', 'DEA2A', 'DEA24', 'DEA23', 'DEA22', 'DEA1A', 'DE944', 'DE916', 'DE911', 'DE80L', 'DE804', 'DE803', 'DE93A', 'DE938', 'DE929', 'DE928', 'DE91C', 'BE256', 'BE341', 'BE310', 'DK014', 'DE21H', 'DE21F', 'DE21C', 'DE21B', 'DE21A', 'DE217', 'DE216', 'DE215', 'DE213', 'DE21K', 'DE21L', 'DE233', 'DE232', 'DE231', 'DE225', 'DE222', 'DE21N', 'DE21M', 'DE144', 'DE121', 'DE11D', 'DE11C', 'DE117', 'DE116', 'DE115', 'DE113', 'DE112', 'DE111', 'DK042', 'DE122', 'DE123', 'DE125', 'DE139', 'DE138', 'DE131', 'DE12A', 'DE128', 'DE126', 'ES212', 'FRK28', 'FRK27', 'FRJ26', 'FRJ21', 'DED41', 'DED21', 'DEB3H', 'DEB3F', 'DEF02', 'DEF01', 'DED51', 'DEB3C', 'DEB11', 'DEA52', 'DEA47', 'DEB38', 'DEB37', 'DEB36', 'DEB35', 'DEB33', 'DEB32', 'DEB23', 'DEB21', 'DEB24', 'DEF04', 'IE062', 'DEG09', 'DEG07', 'DEG05', 'DEG04', 'DEG03', 'DEG02', 'DEG01', 'DEF0F', 'DEF0D', 'DEF0C', 'DEF08', 'DEF07', 'DEG0F', 'DEG0H', 'SI041', 'PL911', 'NL113', 'NL230', 'NL310', 'NL337', 'NL332', 'NL329', 'NL327', 'HU110', 'LU000', 'CH057', 'CH056', 'CH032', 'FI1B1', 'SE110', 'DE71E', 'DE71D', 'DE71A', 'DE718', 'DE714', 'DE712', 'DE711', 'DE251', 'DE241', 'DE274', 'DE272', 'DE731', 'DE943', 'DK012', 'DK011', 'CZ010', 'BE251', 'BE242', 'DK013', 'DE21E', 'DE21D', 'DE218', 'DE212', 'DE148', 'DE223', 'DE221', 'DE142', 'DE141', 'DE136', 'FR104', 'FR103', 'FR101', 'FR105', 'FR108', 'ES300', 'FRK26', 'IE061', 'AT222', 'NL423', 'NL225', 'NL224', 'NL221', 'NL133', 'NL132', 'NL126', 'NL125', 'MT001', 'NL422', 'NL421', 'NL33B', 'NL333', 'CH066', 'CH025', 'CH070', 'DE40E', 'DE40A', 'DE409', 'DE408', 'DE406', 'DE40I', 'DE40H', 'DEA15', 'DEA18', 'DEA19', 'DEA1B', 'DEA31', 'DEA2C', 'DEA29', 'DEA28', 'DEA27', 'DEA26', 'DEA1F', 'DEA1E', 'DEA1D', 'DEA1C', 'DE80J', 'DE91A', 'DE91B', 'DE925', 'DEA35', 'DK031', 'DEA36', 'ES703', 'FRC21', 'FRC11', 'ES242', 'ES211', 'ES112', 'ES111', 'FRL02', 'FRF31', 'FRJ22', 'DED2D', 'DED2C', 'DED53', 'DED52', 'DEA5C', 'DEA55', 'DEA51', 'DEA37', 'DEF0B', 'DEG0C', 'IE063', 'DEG0N']","['Economic development', 'Innovation', 'Regional development']","The policy aims to strengthen the regional economic structure by providing subsidies to MKB enterprises for projects that enhance employment, economic structure, and innovation through investments in expansion, establishment, diversification, or fundamental change of business activities.","The policy focuses on providing financial support to small and medium-sized enterprises (MKB) to boost regional economic development. It offers subsidies for projects that create new jobs and foster innovation through investments in business expansion, establishment, diversification, or fundamental changes. The policy is designed to enhance the economic structure by targeting projects that depend on external markets for at least 50% of their revenue. It includes two main subsidy schemes: the Employment Scheme, which provides financial incentives for creating new jobs, and the Interest Discount Scheme, which reduces interest costs on loans for eligible projects. The policy excludes projects related to large-scale electricity production and those involving relocation within Drenthe to prevent internal competition. Subsidies are co-financed by provincial and municipal funds, ensuring local commitment and resource availability. The policy aims to stimulate sustainable employment and innovation, contributing to a more robust regional economy. It aligns with European state aid regulations, utilizing the de-minimis rule to ensure compliance. The expected outcome is a more dynamic and resilient economic environment, with increased job opportunities and enhanced competitiveness of local businesses in the broader market.",['NL1'],https://www.snn.eu/sites/default/files/documents/Verordening%20Bedrijvenregeling%20Drenthe.pdf,Programme,Verified
"['AT211', 'AT127', 'AT332', 'PT170', 'NL213', 'NL212', 'NL211', 'NL131', 'NL124', 'NL112', 'NL111', 'NL226', 'NL321', 'NL414', 'NL413', 'NL412', 'NL411', 'NL33C', 'NL328', 'NL325', 'NL324', 'NL323', 'NL33A', 'LT011', 'SK010', 'CH012', 'CH011', 'CH013', 'CH021', 'CH023', 'CH065', 'CH064', 'CH063', 'CH062', 'CH061', 'CH055', 'CH054', 'CH053', 'CH040', 'CH033', 'CH031', 'CH024', 'CH022', 'NO092', 'NO091', 'NO082', 'NO081', 'NO074', 'NO071', 'NO060', 'NO020', 'SE124', 'DEA41', 'DE40D', 'DE405', 'DE404', 'DE403', 'DE402', 'DE401', 'DE300', 'DE27A', 'DE721', 'DE253', 'DE243', 'DE242', 'DE273', 'DE271', 'DE26C', 'DE265', 'DE263', 'DE724', 'DEA16', 'DEA14', 'DEA13', 'DEA11', 'DE945', 'DEA33', 'DEA32', 'DEA2D', 'DEA2B', 'DEA2A', 'DEA24', 'DEA23', 'DEA22', 'DEA1A', 'DE944', 'DE916', 'DE911', 'DE80L', 'DE804', 'DE803', 'DE93A', 'DE938', 'DE929', 'DE928', 'DE91C', 'BE256', 'BE341', 'BE310', 'DK014', 'DE21H', 'DE21F', 'DE21C', 'DE21B', 'DE21A', 'DE217', 'DE216', 'DE215', 'DE213', 'DE21K', 'DE21L', 'DE233', 'DE232', 'DE231', 'DE225', 'DE222', 'DE21N', 'DE21M', 'DE144', 'DE121', 'DE11D', 'DE11C', 'DE117', 'DE116', 'DE115', 'DE113', 'DE112', 'DE111', 'DK042', 'DE122', 'DE123', 'DE125', 'DE139', 'DE138', 'DE131', 'DE12A', 'DE128', 'DE126', 'ES212', 'FRK28', 'FRK27', 'FRJ26', 'FRJ21', 'DED41', 'DED21', 'DEB3H', 'DEB3F', 'DEF02', 'DEF01', 'DED51', 'DEB3C', 'DEB11', 'DEA52', 'DEA47', 'DEB38', 'DEB37', 'DEB36', 'DEB35', 'DEB33', 'DEB32', 'DEB23', 'DEB21', 'DEB24', 'DEF04', 'IE062', 'DEG09', 'DEG07', 'DEG05', 'DEG04', 'DEG03', 'DEG02', 'DEG01', 'DEF0F', 'DEF0D', 'DEF0C', 'DEF08', 'DEF07', 'DEG0F', 'DEG0H', 'SI041', 'PL911', 'NL113', 'NL230', 'NL310', 'NL337', 'NL332', 'NL329', 'NL327', 'HU110', 'LU000', 'CH057', 'CH056', 'CH032', 'FI1B1', 'SE110', 'DE71E', 'DE71D', 'DE71A', 'DE718', 'DE714', 'DE712', 'DE711', 'DE251', 'DE241', 'DE274', 'DE272', 'DE731', 'DE943', 'DK012', 'DK011', 'CZ010', 'BE251', 'BE242', 'DK013', 'DE21E', 'DE21D', 'DE218', 'DE212', 'DE148', 'DE223', 'DE221', 'DE142', 'DE141', 'DE136', 'FR104', 'FR103', 'FR101', 'FR105', 'FR108', 'ES300', 'FRK26', 'IE061', 'AT222', 'NL423', 'NL225', 'NL224', 'NL221', 'NL133', 'NL132', 'NL126', 'NL125', 'MT001', 'NL422', 'NL421', 'NL33B', 'NL333', 'CH066', 'CH025', 'CH070', 'DE40E', 'DE40A', 'DE409', 'DE408', 'DE406', 'DE40I', 'DE40H', 'DEA15', 'DEA18', 'DEA19', 'DEA1B', 'DEA31', 'DEA2C', 'DEA29', 'DEA28', 'DEA27', 'DEA26', 'DEA1F', 'DEA1E', 'DEA1D', 'DEA1C', 'DE80J', 'DE91A', 'DE91B', 'DE925', 'DEA35', 'DK031', 'DEA36', 'ES703', 'FRC21', 'FRC11', 'ES242', 'ES211', 'ES112', 'ES111', 'FRL02', 'FRF31', 'FRJ22', 'DED2D', 'DED2C', 'DED53', 'DED52', 'DEA5C', 'DEA55', 'DEA51', 'DEA37', 'DEF0B', 'DEG0C', 'IE063', 'DEG0N']","['Sustainability', 'Energy', 'Cultural heritage', 'Environmental protection']","The policy focuses on enhancing the sustainability of residential monuments through specific measures like insulation, glazing, and heating upgrades. The aim is to improve energy efficiency and reduce environmental impact while preserving historical integrity.","The policy targets the sustainability enhancement of residential monuments by implementing a range of measures designed to improve energy efficiency and reduce environmental impact. Key actions include the installation of insulation for floors, walls, and roofs, as well as upgrading windows with advanced glazing options like vacuum glass and double glazing. Heating systems are modernized with options such as hybrid and air-to-water heat pumps, and renewable energy sources like solar panels are integrated. These measures aim to maintain the historical integrity of the buildings while significantly reducing their carbon footprint. The policy provides detailed guidelines for each type of residential monument, ensuring that the specific architectural and historical characteristics are respected. By focusing on both structural and energy system improvements, the policy seeks to achieve a balance between conservation and modernization. The expected outcomes include lower energy consumption, reduced greenhouse gas emissions, and enhanced living comfort for residents. This comprehensive approach not only contributes to environmental sustainability but also ensures the long-term preservation and usability of these culturally significant structures. The policy serves as a model for integrating sustainability into heritage conservation, demonstrating that historical preservation and modern energy efficiency can coexist effectively.",['NL1'],https://www.snn.nl/sites/default/files/documents/Verduurzaming%20woonhuismonumenten%20Veenhuizen%20-%20Overzicht%20maatregelen.pdf,Programme,Community
"['AT211', 'AT127', 'AT332', 'PT170', 'NL213', 'NL212', 'NL211', 'NL131', 'NL124', 'NL112', 'NL111', 'NL226', 'NL321', 'NL414', 'NL413', 'NL412', 'NL411', 'NL33C', 'NL328', 'NL325', 'NL324', 'NL323', 'NL33A', 'LT011', 'SK010', 'CH012', 'CH011', 'CH013', 'CH021', 'CH023', 'CH065', 'CH064', 'CH063', 'CH062', 'CH061', 'CH055', 'CH054', 'CH053', 'CH040', 'CH033', 'CH031', 'CH024', 'CH022', 'NO092', 'NO091', 'NO082', 'NO081', 'NO074', 'NO071', 'NO060', 'NO020', 'SE124', 'DEA41', 'DE40D', 'DE405', 'DE404', 'DE403', 'DE402', 'DE401', 'DE300', 'DE27A', 'DE721', 'DE253', 'DE243', 'DE242', 'DE273', 'DE271', 'DE26C', 'DE265', 'DE263', 'DE724', 'DEA16', 'DEA14', 'DEA13', 'DEA11', 'DE945', 'DEA33', 'DEA32', 'DEA2D', 'DEA2B', 'DEA2A', 'DEA24', 'DEA23', 'DEA22', 'DEA1A', 'DE944', 'DE916', 'DE911', 'DE80L', 'DE804', 'DE803', 'DE93A', 'DE938', 'DE929', 'DE928', 'DE91C', 'BE256', 'BE341', 'BE310', 'DK014', 'DE21H', 'DE21F', 'DE21C', 'DE21B', 'DE21A', 'DE217', 'DE216', 'DE215', 'DE213', 'DE21K', 'DE21L', 'DE233', 'DE232', 'DE231', 'DE225', 'DE222', 'DE21N', 'DE21M', 'DE144', 'DE121', 'DE11D', 'DE11C', 'DE117', 'DE116', 'DE115', 'DE113', 'DE112', 'DE111', 'DK042', 'DE122', 'DE123', 'DE125', 'DE139', 'DE138', 'DE131', 'DE12A', 'DE128', 'DE126', 'ES212', 'FRK28', 'FRK27', 'FRJ26', 'FRJ21', 'DED41', 'DED21', 'DEB3H', 'DEB3F', 'DEF02', 'DEF01', 'DED51', 'DEB3C', 'DEB11', 'DEA52', 'DEA47', 'DEB38', 'DEB37', 'DEB36', 'DEB35', 'DEB33', 'DEB32', 'DEB23', 'DEB21', 'DEB24', 'DEF04', 'IE062', 'DEG09', 'DEG07', 'DEG05', 'DEG04', 'DEG03', 'DEG02', 'DEG01', 'DEF0F', 'DEF0D', 'DEF0C', 'DEF08', 'DEF07', 'DEG0F', 'DEG0H', 'SI041', 'PL911', 'NL113', 'NL230', 'NL310', 'NL337', 'NL332', 'NL329', 'NL327', 'HU110', 'LU000', 'CH057', 'CH056', 'CH032', 'FI1B1', 'SE110', 'DE71E', 'DE71D', 'DE71A', 'DE718', 'DE714', 'DE712', 'DE711', 'DE251', 'DE241', 'DE274', 'DE272', 'DE731', 'DE943', 'DK012', 'DK011', 'CZ010', 'BE251', 'BE242', 'DK013', 'DE21E', 'DE21D', 'DE218', 'DE212', 'DE148', 'DE223', 'DE221', 'DE142', 'DE141', 'DE136', 'FR104', 'FR103', 'FR101', 'FR105', 'FR108', 'ES300', 'FRK26', 'IE061', 'AT222', 'NL423', 'NL225', 'NL224', 'NL221', 'NL133', 'NL132', 'NL126', 'NL125', 'MT001', 'NL422', 'NL421', 'NL33B', 'NL333', 'CH066', 'CH025', 'CH070', 'DE40E', 'DE40A', 'DE409', 'DE408', 'DE406', 'DE40I', 'DE40H', 'DEA15', 'DEA18', 'DEA19', 'DEA1B', 'DEA31', 'DEA2C', 'DEA29', 'DEA28', 'DEA27', 'DEA26', 'DEA1F', 'DEA1E', 'DEA1D', 'DEA1C', 'DE80J', 'DE91A', 'DE91B', 'DE925', 'DEA35', 'DK031', 'DEA36', 'ES703', 'FRC21', 'FRC11', 'ES242', 'ES211', 'ES112', 'ES111', 'FRL02', 'FRF31', 'FRJ22', 'DED2D', 'DED2C', 'DED53', 'DED52', 'DEA5C', 'DEA55', 'DEA51', 'DEA37', 'DEF0B', 'DEG0C', 'IE063', 'DEG0N']","['Economic development', 'Regional development', 'Governance']","The EFRO Implementation Act establishes rules for executing European regulations on financial contributions from the European Regional Development Fund, aiming to enhance regional development through structured programs and cross-border cooperation.","The EFRO Implementation Act sets forth regulations to implement European directives related to the European Regional Development Fund (ERDF). It defines roles for the Minister of Economic Affairs and other authorities in managing and executing programs aimed at regional development. The Act allows municipalities, provinces, and public bodies to engage in cross-border cooperation agreements, ensuring oversight and compliance with ERDF regulations. Authorities are designated to manage program execution, with provisions for replacing underperforming entities. The Act outlines subsidy allocation, including eligibility, criteria, and financial management, ensuring alignment with ERDF objectives. It permits delegation of subsidy-related decisions to designated authorities, with accountability measures in place. The Act also addresses monitoring and reporting, empowering the Minister to demand information and oversee compliance. It includes provisions for cross-border oversight, allowing foreign officials to participate in monitoring activities within the EU framework. The legislation aims to facilitate effective use of ERDF funds, promoting regional growth and cooperation while ensuring transparency and accountability in fund management. By establishing clear guidelines and responsibilities, the Act seeks to optimize the impact of ERDF contributions on regional development initiatives.",['NL1'],https://www.snn.eu/sites/default/files/documents/uitvoeringswet-efro_0.pdf,Programme,Verified
"['AT211', 'AT127', 'AT332', 'PT170', 'NL213', 'NL212', 'NL211', 'NL131', 'NL124', 'NL112', 'NL111', 'NL226', 'NL321', 'NL414', 'NL413', 'NL412', 'NL411', 'NL33C', 'NL328', 'NL325', 'NL324', 'NL323', 'NL33A', 'LT011', 'SK010', 'CH012', 'CH011', 'CH013', 'CH021', 'CH023', 'CH065', 'CH064', 'CH063', 'CH062', 'CH061', 'CH055', 'CH054', 'CH053', 'CH040', 'CH033', 'CH031', 'CH024', 'CH022', 'NO092', 'NO091', 'NO082', 'NO081', 'NO074', 'NO071', 'NO060', 'NO020', 'SE124', 'DEA41', 'DE40D', 'DE405', 'DE404', 'DE403', 'DE402', 'DE401', 'DE300', 'DE27A', 'DE721', 'DE253', 'DE243', 'DE242', 'DE273', 'DE271', 'DE26C', 'DE265', 'DE263', 'DE724', 'DEA16', 'DEA14', 'DEA13', 'DEA11', 'DE945', 'DEA33', 'DEA32', 'DEA2D', 'DEA2B', 'DEA2A', 'DEA24', 'DEA23', 'DEA22', 'DEA1A', 'DE944', 'DE916', 'DE911', 'DE80L', 'DE804', 'DE803', 'DE93A', 'DE938', 'DE929', 'DE928', 'DE91C', 'BE256', 'BE341', 'BE310', 'DK014', 'DE21H', 'DE21F', 'DE21C', 'DE21B', 'DE21A', 'DE217', 'DE216', 'DE215', 'DE213', 'DE21K', 'DE21L', 'DE233', 'DE232', 'DE231', 'DE225', 'DE222', 'DE21N', 'DE21M', 'DE144', 'DE121', 'DE11D', 'DE11C', 'DE117', 'DE116', 'DE115', 'DE113', 'DE112', 'DE111', 'DK042', 'DE122', 'DE123', 'DE125', 'DE139', 'DE138', 'DE131', 'DE12A', 'DE128', 'DE126', 'ES212', 'FRK28', 'FRK27', 'FRJ26', 'FRJ21', 'DED41', 'DED21', 'DEB3H', 'DEB3F', 'DEF02', 'DEF01', 'DED51', 'DEB3C', 'DEB11', 'DEA52', 'DEA47', 'DEB38', 'DEB37', 'DEB36', 'DEB35', 'DEB33', 'DEB32', 'DEB23', 'DEB21', 'DEB24', 'DEF04', 'IE062', 'DEG09', 'DEG07', 'DEG05', 'DEG04', 'DEG03', 'DEG02', 'DEG01', 'DEF0F', 'DEF0D', 'DEF0C', 'DEF08', 'DEF07', 'DEG0F', 'DEG0H', 'SI041', 'PL911', 'NL113', 'NL230', 'NL310', 'NL337', 'NL332', 'NL329', 'NL327', 'HU110', 'LU000', 'CH057', 'CH056', 'CH032', 'FI1B1', 'SE110', 'DE71E', 'DE71D', 'DE71A', 'DE718', 'DE714', 'DE712', 'DE711', 'DE251', 'DE241', 'DE274', 'DE272', 'DE731', 'DE943', 'DK012', 'DK011', 'CZ010', 'BE251', 'BE242', 'DK013', 'DE21E', 'DE21D', 'DE218', 'DE212', 'DE148', 'DE223', 'DE221', 'DE142', 'DE141', 'DE136', 'FR104', 'FR103', 'FR101', 'FR105', 'FR108', 'ES300', 'FRK26', 'IE061', 'AT222', 'NL423', 'NL225', 'NL224', 'NL221', 'NL133', 'NL132', 'NL126', 'NL125', 'MT001', 'NL422', 'NL421', 'NL33B', 'NL333', 'CH066', 'CH025', 'CH070', 'DE40E', 'DE40A', 'DE409', 'DE408', 'DE406', 'DE40I', 'DE40H', 'DEA15', 'DEA18', 'DEA19', 'DEA1B', 'DEA31', 'DEA2C', 'DEA29', 'DEA28', 'DEA27', 'DEA26', 'DEA1F', 'DEA1E', 'DEA1D', 'DEA1C', 'DE80J', 'DE91A', 'DE91B', 'DE925', 'DEA35', 'DK031', 'DEA36', 'ES703', 'FRC21', 'FRC11', 'ES242', 'ES211', 'ES112', 'ES111', 'FRL02', 'FRF31', 'FRJ22', 'DED2D', 'DED2C', 'DED53', 'DED52', 'DEA5C', 'DEA55', 'DEA51', 'DEA37', 'DEF0B', 'DEG0C', 'IE063', 'DEG0N']","['Sustainability', 'Economic development', 'Innovation', 'Regional development']","The policy aims to stimulate innovation and CO2 reduction in SMEs through subsidies, focusing on developing new products and technologies. It supports small-scale projects and collaborations, enhancing economic growth and sustainability.","The policy provides a framework for granting subsidies to stimulate innovation and CO2 reduction in small and medium-sized enterprises (SMEs). It targets small-scale projects and collaborations that develop new products, concepts, technologies, and services. The subsidies are part of the Operational Program EFRO 2014-2020, focusing on increasing innovation and valorization in SMEs and promoting CO2-reducing innovations. The policy sets specific financial limits and criteria for eligibility, ensuring a substantial number of SMEs can apply. It outlines the application process, including the use of a web portal and specific formats for submission. The policy also details the assessment criteria, emphasizing the quality of applications, contribution to specific objectives, and the degree of innovation. Subsidies cover up to 50% of project costs, with the remainder funded by the SMEs. The policy mandates regular progress reporting and allows for advance payments based on project milestones. It aims to enhance regional economic growth and sustainability by fostering innovative solutions and reducing carbon emissions. The policy's impact is measured through specific output indicators, ensuring accountability and alignment with broader European Union objectives.",['NL1'],https://www.snn.eu/sites/default/files/documents/uitvoeringsregeling-mkb-regeling-2017.pdf,Policy,Community
"['AT211', 'AT127', 'AT332', 'PT170', 'NL213', 'NL212', 'NL211', 'NL131', 'NL124', 'NL112', 'NL111', 'NL226', 'NL321', 'NL414', 'NL413', 'NL412', 'NL411', 'NL33C', 'NL328', 'NL325', 'NL324', 'NL323', 'NL33A', 'LT011', 'SK010', 'CH012', 'CH011', 'CH013', 'CH021', 'CH023', 'CH065', 'CH064', 'CH063', 'CH062', 'CH061', 'CH055', 'CH054', 'CH053', 'CH040', 'CH033', 'CH031', 'CH024', 'CH022', 'NO092', 'NO091', 'NO082', 'NO081', 'NO074', 'NO071', 'NO060', 'NO020', 'SE124', 'DEA41', 'DE40D', 'DE405', 'DE404', 'DE403', 'DE402', 'DE401', 'DE300', 'DE27A', 'DE721', 'DE253', 'DE243', 'DE242', 'DE273', 'DE271', 'DE26C', 'DE265', 'DE263', 'DE724', 'DEA16', 'DEA14', 'DEA13', 'DEA11', 'DE945', 'DEA33', 'DEA32', 'DEA2D', 'DEA2B', 'DEA2A', 'DEA24', 'DEA23', 'DEA22', 'DEA1A', 'DE944', 'DE916', 'DE911', 'DE80L', 'DE804', 'DE803', 'DE93A', 'DE938', 'DE929', 'DE928', 'DE91C', 'BE256', 'BE341', 'BE310', 'DK014', 'DE21H', 'DE21F', 'DE21C', 'DE21B', 'DE21A', 'DE217', 'DE216', 'DE215', 'DE213', 'DE21K', 'DE21L', 'DE233', 'DE232', 'DE231', 'DE225', 'DE222', 'DE21N', 'DE21M', 'DE144', 'DE121', 'DE11D', 'DE11C', 'DE117', 'DE116', 'DE115', 'DE113', 'DE112', 'DE111', 'DK042', 'DE122', 'DE123', 'DE125', 'DE139', 'DE138', 'DE131', 'DE12A', 'DE128', 'DE126', 'ES212', 'FRK28', 'FRK27', 'FRJ26', 'FRJ21', 'DED41', 'DED21', 'DEB3H', 'DEB3F', 'DEF02', 'DEF01', 'DED51', 'DEB3C', 'DEB11', 'DEA52', 'DEA47', 'DEB38', 'DEB37', 'DEB36', 'DEB35', 'DEB33', 'DEB32', 'DEB23', 'DEB21', 'DEB24', 'DEF04', 'IE062', 'DEG09', 'DEG07', 'DEG05', 'DEG04', 'DEG03', 'DEG02', 'DEG01', 'DEF0F', 'DEF0D', 'DEF0C', 'DEF08', 'DEF07', 'DEG0F', 'DEG0H', 'SI041', 'PL911', 'NL113', 'NL230', 'NL310', 'NL337', 'NL332', 'NL329', 'NL327', 'HU110', 'LU000', 'CH057', 'CH056', 'CH032', 'FI1B1', 'SE110', 'DE71E', 'DE71D', 'DE71A', 'DE718', 'DE714', 'DE712', 'DE711', 'DE251', 'DE241', 'DE274', 'DE272', 'DE731', 'DE943', 'DK012', 'DK011', 'CZ010', 'BE251', 'BE242', 'DK013', 'DE21E', 'DE21D', 'DE218', 'DE212', 'DE148', 'DE223', 'DE221', 'DE142', 'DE141', 'DE136', 'FR104', 'FR103', 'FR101', 'FR105', 'FR108', 'ES300', 'FRK26', 'IE061', 'AT222', 'NL423', 'NL225', 'NL224', 'NL221', 'NL133', 'NL132', 'NL126', 'NL125', 'MT001', 'NL422', 'NL421', 'NL33B', 'NL333', 'CH066', 'CH025', 'CH070', 'DE40E', 'DE40A', 'DE409', 'DE408', 'DE406', 'DE40I', 'DE40H', 'DEA15', 'DEA18', 'DEA19', 'DEA1B', 'DEA31', 'DEA2C', 'DEA29', 'DEA28', 'DEA27', 'DEA26', 'DEA1F', 'DEA1E', 'DEA1D', 'DEA1C', 'DE80J', 'DE91A', 'DE91B', 'DE925', 'DEA35', 'DK031', 'DEA36', 'ES703', 'FRC21', 'FRC11', 'ES242', 'ES211', 'ES112', 'ES111', 'FRL02', 'FRF31', 'FRJ22', 'DED2D', 'DED2C', 'DED53', 'DED52', 'DEA5C', 'DEA55', 'DEA51', 'DEA37', 'DEF0B', 'DEG0C', 'IE063', 'DEG0N']","['Regional development', 'Innovation', 'Economic development', 'Sustainability']","The policy regulates subsidy allocation from the European Regional Development Fund for 2014-2020, aiming to support regional development through innovation and a low-carbon economy. It establishes rules for eligibility, application processes, and co-financing to ensure efficient fund distribution and compliance with EU regulations.","The policy governs the allocation of subsidies from the European Regional Development Fund (ERDF) for the 2014-2020 period, focusing on regional development through innovation and a low-carbon economy. It mandates management authorities to oversee subsidy distribution, ensuring alignment with operational program objectives. The policy specifies eligibility criteria, application procedures, and the establishment of subsidy ceilings. It allows subsidies to be granted as contributions to financial instruments, such as revolving funds for innovation. The policy also outlines the necessity for national co-financing, with the management authority empowered to issue decisions on both ERDF and national co-financing. It emphasizes minimizing administrative burdens by streamlining application processes through a single point of contact. The policy includes provisions for project execution, requiring adherence to approved plans and timely completion. It also details the types of costs eligible for subsidies, including labor and overhead, while excluding certain expenses like gratuities and penalties. The intended outcome is to facilitate effective fund utilization, promote regional economic growth, and ensure compliance with EU regulations, thereby contributing to broader EU cohesion policy goals.",['NL1'],https://www.snn.eu/sites/default/files/documents/uitvoeringsregeling-efro_0.pdf,Policy,AI
"['AT211', 'AT127', 'AT332', 'PT170', 'NL213', 'NL212', 'NL211', 'NL131', 'NL124', 'NL112', 'NL111', 'NL226', 'NL321', 'NL414', 'NL413', 'NL412', 'NL411', 'NL33C', 'NL328', 'NL325', 'NL324', 'NL323', 'NL33A', 'LT011', 'SK010', 'CH012', 'CH011', 'CH013', 'CH021', 'CH023', 'CH065', 'CH064', 'CH063', 'CH062', 'CH061', 'CH055', 'CH054', 'CH053', 'CH040', 'CH033', 'CH031', 'CH024', 'CH022', 'NO092', 'NO091', 'NO082', 'NO081', 'NO074', 'NO071', 'NO060', 'NO020', 'SE124', 'DEA41', 'DE40D', 'DE405', 'DE404', 'DE403', 'DE402', 'DE401', 'DE300', 'DE27A', 'DE721', 'DE253', 'DE243', 'DE242', 'DE273', 'DE271', 'DE26C', 'DE265', 'DE263', 'DE724', 'DEA16', 'DEA14', 'DEA13', 'DEA11', 'DE945', 'DEA33', 'DEA32', 'DEA2D', 'DEA2B', 'DEA2A', 'DEA24', 'DEA23', 'DEA22', 'DEA1A', 'DE944', 'DE916', 'DE911', 'DE80L', 'DE804', 'DE803', 'DE93A', 'DE938', 'DE929', 'DE928', 'DE91C', 'BE256', 'BE341', 'BE310', 'DK014', 'DE21H', 'DE21F', 'DE21C', 'DE21B', 'DE21A', 'DE217', 'DE216', 'DE215', 'DE213', 'DE21K', 'DE21L', 'DE233', 'DE232', 'DE231', 'DE225', 'DE222', 'DE21N', 'DE21M', 'DE144', 'DE121', 'DE11D', 'DE11C', 'DE117', 'DE116', 'DE115', 'DE113', 'DE112', 'DE111', 'DK042', 'DE122', 'DE123', 'DE125', 'DE139', 'DE138', 'DE131', 'DE12A', 'DE128', 'DE126', 'ES212', 'FRK28', 'FRK27', 'FRJ26', 'FRJ21', 'DED41', 'DED21', 'DEB3H', 'DEB3F', 'DEF02', 'DEF01', 'DED51', 'DEB3C', 'DEB11', 'DEA52', 'DEA47', 'DEB38', 'DEB37', 'DEB36', 'DEB35', 'DEB33', 'DEB32', 'DEB23', 'DEB21', 'DEB24', 'DEF04', 'IE062', 'DEG09', 'DEG07', 'DEG05', 'DEG04', 'DEG03', 'DEG02', 'DEG01', 'DEF0F', 'DEF0D', 'DEF0C', 'DEF08', 'DEF07', 'DEG0F', 'DEG0H', 'SI041', 'PL911', 'NL113', 'NL230', 'NL310', 'NL337', 'NL332', 'NL329', 'NL327', 'HU110', 'LU000', 'CH057', 'CH056', 'CH032', 'FI1B1', 'SE110', 'DE71E', 'DE71D', 'DE71A', 'DE718', 'DE714', 'DE712', 'DE711', 'DE251', 'DE241', 'DE274', 'DE272', 'DE731', 'DE943', 'DK012', 'DK011', 'CZ010', 'BE251', 'BE242', 'DK013', 'DE21E', 'DE21D', 'DE218', 'DE212', 'DE148', 'DE223', 'DE221', 'DE142', 'DE141', 'DE136', 'FR104', 'FR103', 'FR101', 'FR105', 'FR108', 'ES300', 'FRK26', 'IE061', 'AT222', 'NL423', 'NL225', 'NL224', 'NL221', 'NL133', 'NL132', 'NL126', 'NL125', 'MT001', 'NL422', 'NL421', 'NL33B', 'NL333', 'CH066', 'CH025', 'CH070', 'DE40E', 'DE40A', 'DE409', 'DE408', 'DE406', 'DE40I', 'DE40H', 'DEA15', 'DEA18', 'DEA19', 'DEA1B', 'DEA31', 'DEA2C', 'DEA29', 'DEA28', 'DEA27', 'DEA26', 'DEA1F', 'DEA1E', 'DEA1D', 'DEA1C', 'DE80J', 'DE91A', 'DE91B', 'DE925', 'DEA35', 'DK031', 'DEA36', 'ES703', 'FRC21', 'FRC11', 'ES242', 'ES211', 'ES112', 'ES111', 'FRL02', 'FRF31', 'FRJ22', 'DED2D', 'DED2C', 'DED53', 'DED52', 'DEA5C', 'DEA55', 'DEA51', 'DEA37', 'DEF0B', 'DEG0C', 'IE063', 'DEG0N']","['Sustainability', 'Economic development', 'Innovation', 'Regional development', 'Digitalisation']","The policy aims to support consortia in developing innovative, sustainable business models through collaboration, enhancing economic and societal value. It emphasizes a vision-driven approach to address economic and societal challenges, fostering new economic strengths and broad welfare.","The policy encourages consortia of businesses, knowledge institutions, and societal organizations to systematically develop innovative and sustainable business models. It focuses on leveraging economic and societal opportunities arising from transitions such as circular economy, renewable energy, sustainable health, and digitalization. The initiative seeks to enhance regional economic strengths by supporting projects that align with a strategic vision and contribute to broad welfare. Financial support is provided to consortia that demonstrate a clear vision and the ability to translate it into practice, fostering new value chains and ecosystems. The policy prioritizes projects with a strong vision, distinctiveness, and potential for lasting impact, requiring a comprehensive approach and collaboration across sectors. It excludes projects that do not logically follow from a vision or contribute to fragmentation. The expected outcome is the creation of 6-8 consortia that can drive significant economic and societal impact, improving the innovation ecosystem in the region. The policy also emphasizes learning from past experiences and sharing results to enhance future initiatives. A total of €15 million is available, with a maximum subsidy of €3 million per project, covering up to 50% of project costs, for a duration of up to three years.",['NL1'],https://www.snn.nl/sites/default/files/documents/Uitvoeringsregeling%20visie-instrument%20%28spoor%202%29.pdf,Policy,Verified
"['PL711', 'AT322', 'AT312', 'AT226', 'AT223', 'AT126', 'AT321', 'AT335', 'AT323', 'AT315', 'PL913', 'ITH20', 'ITH51', 'SI042', 'NL342', 'NL341', 'CH051', 'SE332', 'SE322', 'FI1C2', 'FI197', 'FI193', 'SE232', 'SE224', 'SE221', 'SE212', 'FI1D8', 'SI044', 'DE40C', 'DE27E', 'DE27B', 'DE40G', 'DE71C', 'DE716', 'DE715', 'DE600', 'DE501', 'DE255', 'DE24D', 'DE24B', 'DE24A', 'DE249', 'DE246', 'DE258', 'DE259', 'DE25A', 'DE276', 'DE26B', 'DE266', 'DE264', 'DE25C', 'DE25B', 'DE268', 'DE23A', 'DEA17', 'DEA12', 'DE94H', 'DE94F', 'DE94E', 'DE94B', 'DE94A', 'DE947', 'DE946', 'DE912', 'DE737', 'DE736', 'DE735', 'DE732', 'DE941', 'DE937', 'DE936', 'DE935', 'DE934', 'DE725', 'DE933', 'DE931', 'DE927', 'DE926', 'DE239', 'DE237', 'BE253', 'BE236', 'BE234', 'BE213', 'BE212', 'BE211', 'BE257', 'BE344', 'BE343', 'BE336', 'DK021', 'DK022', 'DE21G', 'DE219', 'DE211', 'DE21I', 'DE21J', 'DE236', 'DE235', 'DE234', 'DE229', 'DE224', 'DE228', 'DE11B', 'DE11A', 'DE119', 'DE118', 'DE114', 'DK050', 'DE135', 'DE12C', 'DE12B', 'DE127', 'ES708', 'ES707', 'ES704', 'FRD11', 'FRB06', 'FRB05', 'FRB02', 'FRB01', 'ES220', 'ES213', 'ES114', 'ES113', 'ES412', 'ES413', 'ES414', 'ES415', 'ES511', 'FRE11', 'ES418', 'ES417', 'ES416', 'FRK25', 'FRK21', 'FRK14', 'FRJ28', 'FRJ27', 'FRH01', 'FRG04', 'FRG02', 'FRF12', 'FRF11', 'FRH04', 'FRJ24', 'FRI34', 'FRI23', 'FRI15', 'DEC03', 'DEC01', 'DEB3K', 'DEB3J', 'DEB3G', 'DEB3D', 'DEE03', 'DEE02', 'DEB3B', 'DEA5A', 'DEA59', 'DEA54', 'DEA53', 'DEA46', 'DEA45', 'DEA44', 'DEA43', 'DEA42', 'DEB12', 'DEB15', 'DEB39', 'DEB22', 'DEB1C', 'DEB1A', 'DEB17', 'EL303', 'EL301', 'DEG06', 'DEF0A', 'DEF09', 'DEG0D', 'IE042', 'DEG0P', 'AT124', 'ITI19', 'FI1C5', 'FI1C4', 'SE231', 'SE214', 'SE125', 'SE123', 'SE122', 'SE211', 'DE40B', 'DE407', 'DE40F', 'DEA34', 'DE80N', 'DE80M', 'DE80K', 'DE917', 'DE918', 'DE923', 'BE223', 'BE323', 'DK041', 'DK032', 'DEA38', 'FRD13', 'FRD12', 'FRC13', 'FRC12', 'ES411', 'ES243', 'ES241', 'ES130', 'ES120', 'ES513', 'ES419', 'FRE12', 'FRK22', 'FRK12', 'FRK11', 'FRG03', 'FRF34', 'FRF33', 'FRI11', 'FRI13', 'FRJ25', 'FRJ14', 'FRI22', 'FRI21', 'DED2F', 'DED2E', 'DED42', 'DED43', 'DED45', 'DED44', 'DEA5B', 'DEA57', 'DEA56', 'DEB31', 'DEG0B', 'DEG0A', 'DEG0E', 'IE052', 'IE051', 'IE041', 'DEG0M', 'DEG0L', 'DEG0K', 'DEG0J', 'DEG0I', 'DEG0G']","['Governance', 'Transportation', 'Digitalisation', 'Environmental protection']","The document provides a structured approach to managing drone-related risks, emphasizing compliance with Irish legislation. It outlines steps for risk identification, assessment, management, and monitoring to ensure safe drone operations and mitigate potential hazards.","This policy document serves as a comprehensive guide for managing the risks associated with drone usage, particularly in the Republic of Ireland. It highlights the importance of compliance with the Irish Aviation Authority's regulations, including mandatory drone registration and operator training. The document outlines a four-step risk management process: identifying potential risks such as privacy infringement and airspace obstruction; assessing these risks based on likelihood and impact; managing them through strategies like termination, treatment, transfer, or tolerance; and continuously monitoring and reviewing the risks. The guide also stresses the importance of maintaining an asset register and conducting site-specific risk assessments. By implementing these measures, the policy aims to ensure operational safety, protect third-party interests, and comply with data protection laws. The ultimate goal is to foster a safer environment for drone operations, thereby minimizing incidents and enhancing public trust in drone technology. This structured approach is designed to assist policymakers in developing effective risk management strategies that align with legal requirements and industry best practices.",['IE04'],https://www.galway.ie/en/media/_Appx_2_IPB_Guide_to_Managing_the_Risk_of_Drones.pdf,Programme,Community
"['PL711', 'AT322', 'AT312', 'AT226', 'AT223', 'AT126', 'AT321', 'AT335', 'AT323', 'AT315', 'PL913', 'ITH20', 'ITH51', 'SI042', 'NL342', 'NL341', 'CH051', 'SE332', 'SE322', 'FI1C2', 'FI197', 'FI193', 'SE232', 'SE224', 'SE221', 'SE212', 'FI1D8', 'SI044', 'DE40C', 'DE27E', 'DE27B', 'DE40G', 'DE71C', 'DE716', 'DE715', 'DE600', 'DE501', 'DE255', 'DE24D', 'DE24B', 'DE24A', 'DE249', 'DE246', 'DE258', 'DE259', 'DE25A', 'DE276', 'DE26B', 'DE266', 'DE264', 'DE25C', 'DE25B', 'DE268', 'DE23A', 'DEA17', 'DEA12', 'DE94H', 'DE94F', 'DE94E', 'DE94B', 'DE94A', 'DE947', 'DE946', 'DE912', 'DE737', 'DE736', 'DE735', 'DE732', 'DE941', 'DE937', 'DE936', 'DE935', 'DE934', 'DE725', 'DE933', 'DE931', 'DE927', 'DE926', 'DE239', 'DE237', 'BE253', 'BE236', 'BE234', 'BE213', 'BE212', 'BE211', 'BE257', 'BE344', 'BE343', 'BE336', 'DK021', 'DK022', 'DE21G', 'DE219', 'DE211', 'DE21I', 'DE21J', 'DE236', 'DE235', 'DE234', 'DE229', 'DE224', 'DE228', 'DE11B', 'DE11A', 'DE119', 'DE118', 'DE114', 'DK050', 'DE135', 'DE12C', 'DE12B', 'DE127', 'ES708', 'ES707', 'ES704', 'FRD11', 'FRB06', 'FRB05', 'FRB02', 'FRB01', 'ES220', 'ES213', 'ES114', 'ES113', 'ES412', 'ES413', 'ES414', 'ES415', 'ES511', 'FRE11', 'ES418', 'ES417', 'ES416', 'FRK25', 'FRK21', 'FRK14', 'FRJ28', 'FRJ27', 'FRH01', 'FRG04', 'FRG02', 'FRF12', 'FRF11', 'FRH04', 'FRJ24', 'FRI34', 'FRI23', 'FRI15', 'DEC03', 'DEC01', 'DEB3K', 'DEB3J', 'DEB3G', 'DEB3D', 'DEE03', 'DEE02', 'DEB3B', 'DEA5A', 'DEA59', 'DEA54', 'DEA53', 'DEA46', 'DEA45', 'DEA44', 'DEA43', 'DEA42', 'DEB12', 'DEB15', 'DEB39', 'DEB22', 'DEB1C', 'DEB1A', 'DEB17', 'EL303', 'EL301', 'DEG06', 'DEF0A', 'DEF09', 'DEG0D', 'IE042', 'DEG0P', 'AT124', 'ITI19', 'FI1C5', 'FI1C4', 'SE231', 'SE214', 'SE125', 'SE123', 'SE122', 'SE211', 'DE40B', 'DE407', 'DE40F', 'DEA34', 'DE80N', 'DE80M', 'DE80K', 'DE917', 'DE918', 'DE923', 'BE223', 'BE323', 'DK041', 'DK032', 'DEA38', 'FRD13', 'FRD12', 'FRC13', 'FRC12', 'ES411', 'ES243', 'ES241', 'ES130', 'ES120', 'ES513', 'ES419', 'FRE12', 'FRK22', 'FRK12', 'FRK11', 'FRG03', 'FRF34', 'FRF33', 'FRI11', 'FRI13', 'FRJ25', 'FRJ14', 'FRI22', 'FRI21', 'DED2F', 'DED2E', 'DED42', 'DED43', 'DED45', 'DED44', 'DEA5B', 'DEA57', 'DEA56', 'DEB31', 'DEG0B', 'DEG0A', 'DEG0E', 'IE052', 'IE051', 'IE041', 'DEG0M', 'DEG0L', 'DEG0K', 'DEG0J', 'DEG0I', 'DEG0G']","['Sustainability', 'Community engagement', 'Environmental protection']","The 'Green Your Festival Plan' aims to enhance festival sustainability by committing organizers to a green charter, promoting eco-friendly practices, and engaging stakeholders. Key actions include waste reduction, energy efficiency, and community involvement to create a lasting environmental legacy.","The 'Green Your Festival Plan' is designed to guide festival organizers in adopting sustainable practices. It begins with a commitment to a green charter, encouraging public promotion of this pledge. The plan emphasizes assessing current practices in waste, energy, water, and transport, and building on existing efforts. Organizers are urged to form a 'Green Team' and select feasible actions, collaborating with stakeholders like committee members, stallholders, and local businesses. Communication strategies are outlined to engage both the festival community and the public, ensuring awareness and participation. Post-event, a review process is recommended to evaluate successes and areas for improvement, with data collection on waste and resource use. The plan also suggests creating a legacy through actions like tree planting and ongoing greening commitments. By implementing these measures, the plan aims to reduce environmental impact, foster community involvement, and establish a sustainable model for future festivals.",['IE04'],https://www.galway.ie/en/media/1 Guide - Green your Festival Plan.pdf,Programme,AI
"['PL711', 'AT322', 'AT312', 'AT226', 'AT223', 'AT126', 'AT321', 'AT335', 'AT323', 'AT315', 'PL913', 'ITH20', 'ITH51', 'SI042', 'NL342', 'NL341', 'CH051', 'SE332', 'SE322', 'FI1C2', 'FI197', 'FI193', 'SE232', 'SE224', 'SE221', 'SE212', 'FI1D8', 'SI044', 'DE40C', 'DE27E', 'DE27B', 'DE40G', 'DE71C', 'DE716', 'DE715', 'DE600', 'DE501', 'DE255', 'DE24D', 'DE24B', 'DE24A', 'DE249', 'DE246', 'DE258', 'DE259', 'DE25A', 'DE276', 'DE26B', 'DE266', 'DE264', 'DE25C', 'DE25B', 'DE268', 'DE23A', 'DEA17', 'DEA12', 'DE94H', 'DE94F', 'DE94E', 'DE94B', 'DE94A', 'DE947', 'DE946', 'DE912', 'DE737', 'DE736', 'DE735', 'DE732', 'DE941', 'DE937', 'DE936', 'DE935', 'DE934', 'DE725', 'DE933', 'DE931', 'DE927', 'DE926', 'DE239', 'DE237', 'BE253', 'BE236', 'BE234', 'BE213', 'BE212', 'BE211', 'BE257', 'BE344', 'BE343', 'BE336', 'DK021', 'DK022', 'DE21G', 'DE219', 'DE211', 'DE21I', 'DE21J', 'DE236', 'DE235', 'DE234', 'DE229', 'DE224', 'DE228', 'DE11B', 'DE11A', 'DE119', 'DE118', 'DE114', 'DK050', 'DE135', 'DE12C', 'DE12B', 'DE127', 'ES708', 'ES707', 'ES704', 'FRD11', 'FRB06', 'FRB05', 'FRB02', 'FRB01', 'ES220', 'ES213', 'ES114', 'ES113', 'ES412', 'ES413', 'ES414', 'ES415', 'ES511', 'FRE11', 'ES418', 'ES417', 'ES416', 'FRK25', 'FRK21', 'FRK14', 'FRJ28', 'FRJ27', 'FRH01', 'FRG04', 'FRG02', 'FRF12', 'FRF11', 'FRH04', 'FRJ24', 'FRI34', 'FRI23', 'FRI15', 'DEC03', 'DEC01', 'DEB3K', 'DEB3J', 'DEB3G', 'DEB3D', 'DEE03', 'DEE02', 'DEB3B', 'DEA5A', 'DEA59', 'DEA54', 'DEA53', 'DEA46', 'DEA45', 'DEA44', 'DEA43', 'DEA42', 'DEB12', 'DEB15', 'DEB39', 'DEB22', 'DEB1C', 'DEB1A', 'DEB17', 'EL303', 'EL301', 'DEG06', 'DEF0A', 'DEF09', 'DEG0D', 'IE042', 'DEG0P', 'AT124', 'ITI19', 'FI1C5', 'FI1C4', 'SE231', 'SE214', 'SE125', 'SE123', 'SE122', 'SE211', 'DE40B', 'DE407', 'DE40F', 'DEA34', 'DE80N', 'DE80M', 'DE80K', 'DE917', 'DE918', 'DE923', 'BE223', 'BE323', 'DK041', 'DK032', 'DEA38', 'FRD13', 'FRD12', 'FRC13', 'FRC12', 'ES411', 'ES243', 'ES241', 'ES130', 'ES120', 'ES513', 'ES419', 'FRE12', 'FRK22', 'FRK12', 'FRK11', 'FRG03', 'FRF34', 'FRF33', 'FRI11', 'FRI13', 'FRJ25', 'FRJ14', 'FRI22', 'FRI21', 'DED2F', 'DED2E', 'DED42', 'DED43', 'DED45', 'DED44', 'DEA5B', 'DEA57', 'DEA56', 'DEB31', 'DEG0B', 'DEG0A', 'DEG0E', 'IE052', 'IE051', 'IE041', 'DEG0M', 'DEG0L', 'DEG0K', 'DEG0J', 'DEG0I', 'DEG0G']","['Sustainability', 'Economic development', 'Infrastructure', 'Housing', 'Transportation']","The Ballinasloe Local Area Plan 2022-2028 aims to drive sustainable economic growth and development in Ballinasloe, focusing on housing, infrastructure, and community facilities, while aligning with regional and national strategies.","The Ballinasloe Local Area Plan (LAP) 2022-2028 outlines a strategic framework for the sustainable development of Ballinasloe, designated as a Key Town in the Regional Spatial and Economic Strategy (RSES). The plan emphasizes compact growth, economic development, and enhanced community facilities, aligning with the Galway County Development Plan and national policies. Key objectives include promoting residential development with a focus on infill and brownfield sites, supporting economic activities by leveraging Ballinasloe's strategic location and infrastructure, and enhancing the town's role as a sub-regional hub for retail, education, and healthcare. The LAP also addresses climate change by encouraging sustainable transport and renewable energy initiatives. The plan's implementation is expected to foster a vibrant, inclusive community, improve quality of life, and ensure Ballinasloe's role as an economic driver in East Galway. The LAP is informed by best practices and aims to balance the needs of various stakeholders, including residents, businesses, and the environment, while addressing challenges such as flood risk and infrastructure development. Overall, the plan seeks to create a resilient and attractive urban environment that supports long-term growth and prosperity.",['IE04'],https://www.galway.ie/en/media/1. Ballinasloe Local Area Plan.pdf,Policy,Verified
"['PL711', 'AT322', 'AT312', 'AT226', 'AT223', 'AT126', 'AT321', 'AT335', 'AT323', 'AT315', 'PL913', 'ITH20', 'ITH51', 'SI042', 'NL342', 'NL341', 'CH051', 'SE332', 'SE322', 'FI1C2', 'FI197', 'FI193', 'SE232', 'SE224', 'SE221', 'SE212', 'FI1D8', 'SI044', 'DE40C', 'DE27E', 'DE27B', 'DE40G', 'DE71C', 'DE716', 'DE715', 'DE600', 'DE501', 'DE255', 'DE24D', 'DE24B', 'DE24A', 'DE249', 'DE246', 'DE258', 'DE259', 'DE25A', 'DE276', 'DE26B', 'DE266', 'DE264', 'DE25C', 'DE25B', 'DE268', 'DE23A', 'DEA17', 'DEA12', 'DE94H', 'DE94F', 'DE94E', 'DE94B', 'DE94A', 'DE947', 'DE946', 'DE912', 'DE737', 'DE736', 'DE735', 'DE732', 'DE941', 'DE937', 'DE936', 'DE935', 'DE934', 'DE725', 'DE933', 'DE931', 'DE927', 'DE926', 'DE239', 'DE237', 'BE253', 'BE236', 'BE234', 'BE213', 'BE212', 'BE211', 'BE257', 'BE344', 'BE343', 'BE336', 'DK021', 'DK022', 'DE21G', 'DE219', 'DE211', 'DE21I', 'DE21J', 'DE236', 'DE235', 'DE234', 'DE229', 'DE224', 'DE228', 'DE11B', 'DE11A', 'DE119', 'DE118', 'DE114', 'DK050', 'DE135', 'DE12C', 'DE12B', 'DE127', 'ES708', 'ES707', 'ES704', 'FRD11', 'FRB06', 'FRB05', 'FRB02', 'FRB01', 'ES220', 'ES213', 'ES114', 'ES113', 'ES412', 'ES413', 'ES414', 'ES415', 'ES511', 'FRE11', 'ES418', 'ES417', 'ES416', 'FRK25', 'FRK21', 'FRK14', 'FRJ28', 'FRJ27', 'FRH01', 'FRG04', 'FRG02', 'FRF12', 'FRF11', 'FRH04', 'FRJ24', 'FRI34', 'FRI23', 'FRI15', 'DEC03', 'DEC01', 'DEB3K', 'DEB3J', 'DEB3G', 'DEB3D', 'DEE03', 'DEE02', 'DEB3B', 'DEA5A', 'DEA59', 'DEA54', 'DEA53', 'DEA46', 'DEA45', 'DEA44', 'DEA43', 'DEA42', 'DEB12', 'DEB15', 'DEB39', 'DEB22', 'DEB1C', 'DEB1A', 'DEB17', 'EL303', 'EL301', 'DEG06', 'DEF0A', 'DEF09', 'DEG0D', 'IE042', 'DEG0P', 'AT124', 'ITI19', 'FI1C5', 'FI1C4', 'SE231', 'SE214', 'SE125', 'SE123', 'SE122', 'SE211', 'DE40B', 'DE407', 'DE40F', 'DEA34', 'DE80N', 'DE80M', 'DE80K', 'DE917', 'DE918', 'DE923', 'BE223', 'BE323', 'DK041', 'DK032', 'DEA38', 'FRD13', 'FRD12', 'FRC13', 'FRC12', 'ES411', 'ES243', 'ES241', 'ES130', 'ES120', 'ES513', 'ES419', 'FRE12', 'FRK22', 'FRK12', 'FRK11', 'FRG03', 'FRF34', 'FRF33', 'FRI11', 'FRI13', 'FRJ25', 'FRJ14', 'FRI22', 'FRI21', 'DED2F', 'DED2E', 'DED42', 'DED43', 'DED45', 'DED44', 'DEA5B', 'DEA57', 'DEA56', 'DEB31', 'DEG0B', 'DEG0A', 'DEG0E', 'IE052', 'IE051', 'IE041', 'DEG0M', 'DEG0L', 'DEG0K', 'DEG0J', 'DEG0I', 'DEG0G']","['Sustainability', 'Economic development', 'Infrastructure', 'Transportation', 'Housing']","The Metropolitan Area Strategic Plan for Galway aims to drive sustainable growth by promoting compact urban development, enhancing infrastructure, and providing diverse housing and community facilities to support population and economic growth by 2028.","The Metropolitan Area Strategic Plan (MASP) for Galway, aligned with the National Planning Framework (NPF) and the Regional Spatial and Economic Strategy (RSES), aims to foster sustainable growth in the Northern and Western Region. It emphasizes compact urban development to prevent urban sprawl, focusing on strategic growth areas like Garraun and Briarhill. The plan outlines the need for integrated infrastructure, including public transport enhancements and community facilities, to support projected population and employment growth by 2028. Key actions include developing housing, leveraging economic potential at strategic sites, and ensuring connectivity within the metropolitan area. The plan also highlights the importance of placemaking, urban living, and the regeneration of town centers to enhance the area's appeal and vitality. By aligning growth with public transport and ensuring access to employment and amenities, the MASP aims to create vibrant, sustainable communities that contribute to a robust local and regional economy. The plan's success relies on coordinated investment and collaboration between local authorities and stakeholders to deliver essential infrastructure and services, ultimately enhancing the quality of life and economic competitiveness of the Galway Metropolitan Area.",['IE04'],https://www.galway.ie/en/media/1.0 Galway Metropolitan Area_0.pdf,Policy,Community
"['PL711', 'AT322', 'AT312', 'AT226', 'AT223', 'AT126', 'AT321', 'AT335', 'AT323', 'AT315', 'PL913', 'ITH20', 'ITH51', 'SI042', 'NL342', 'NL341', 'CH051', 'SE332', 'SE322', 'FI1C2', 'FI197', 'FI193', 'SE232', 'SE224', 'SE221', 'SE212', 'FI1D8', 'SI044', 'DE40C', 'DE27E', 'DE27B', 'DE40G', 'DE71C', 'DE716', 'DE715', 'DE600', 'DE501', 'DE255', 'DE24D', 'DE24B', 'DE24A', 'DE249', 'DE246', 'DE258', 'DE259', 'DE25A', 'DE276', 'DE26B', 'DE266', 'DE264', 'DE25C', 'DE25B', 'DE268', 'DE23A', 'DEA17', 'DEA12', 'DE94H', 'DE94F', 'DE94E', 'DE94B', 'DE94A', 'DE947', 'DE946', 'DE912', 'DE737', 'DE736', 'DE735', 'DE732', 'DE941', 'DE937', 'DE936', 'DE935', 'DE934', 'DE725', 'DE933', 'DE931', 'DE927', 'DE926', 'DE239', 'DE237', 'BE253', 'BE236', 'BE234', 'BE213', 'BE212', 'BE211', 'BE257', 'BE344', 'BE343', 'BE336', 'DK021', 'DK022', 'DE21G', 'DE219', 'DE211', 'DE21I', 'DE21J', 'DE236', 'DE235', 'DE234', 'DE229', 'DE224', 'DE228', 'DE11B', 'DE11A', 'DE119', 'DE118', 'DE114', 'DK050', 'DE135', 'DE12C', 'DE12B', 'DE127', 'ES708', 'ES707', 'ES704', 'FRD11', 'FRB06', 'FRB05', 'FRB02', 'FRB01', 'ES220', 'ES213', 'ES114', 'ES113', 'ES412', 'ES413', 'ES414', 'ES415', 'ES511', 'FRE11', 'ES418', 'ES417', 'ES416', 'FRK25', 'FRK21', 'FRK14', 'FRJ28', 'FRJ27', 'FRH01', 'FRG04', 'FRG02', 'FRF12', 'FRF11', 'FRH04', 'FRJ24', 'FRI34', 'FRI23', 'FRI15', 'DEC03', 'DEC01', 'DEB3K', 'DEB3J', 'DEB3G', 'DEB3D', 'DEE03', 'DEE02', 'DEB3B', 'DEA5A', 'DEA59', 'DEA54', 'DEA53', 'DEA46', 'DEA45', 'DEA44', 'DEA43', 'DEA42', 'DEB12', 'DEB15', 'DEB39', 'DEB22', 'DEB1C', 'DEB1A', 'DEB17', 'EL303', 'EL301', 'DEG06', 'DEF0A', 'DEF09', 'DEG0D', 'IE042', 'DEG0P', 'AT124', 'ITI19', 'FI1C5', 'FI1C4', 'SE231', 'SE214', 'SE125', 'SE123', 'SE122', 'SE211', 'DE40B', 'DE407', 'DE40F', 'DEA34', 'DE80N', 'DE80M', 'DE80K', 'DE917', 'DE918', 'DE923', 'BE223', 'BE323', 'DK041', 'DK032', 'DEA38', 'FRD13', 'FRD12', 'FRC13', 'FRC12', 'ES411', 'ES243', 'ES241', 'ES130', 'ES120', 'ES513', 'ES419', 'FRE12', 'FRK22', 'FRK12', 'FRK11', 'FRG03', 'FRF34', 'FRF33', 'FRI11', 'FRI13', 'FRJ25', 'FRJ14', 'FRI22', 'FRI21', 'DED2F', 'DED2E', 'DED42', 'DED43', 'DED45', 'DED44', 'DEA5B', 'DEA57', 'DEA56', 'DEB31', 'DEG0B', 'DEG0A', 'DEG0E', 'IE052', 'IE051', 'IE041', 'DEG0M', 'DEG0L', 'DEG0K', 'DEG0J', 'DEG0I', 'DEG0G']","['Transportation', 'Infrastructure', 'Community engagement']","The document outlines the 2018 Road Traffic Special Speed Limits Bye-Laws for County Galway, focusing on the Athenry/Oranmore Municipal District. It aims to regulate traffic speed to enhance road safety and efficiency, detailing specific speed limits for various locations within the district.","This policy document presents the 2018 Road Traffic Special Speed Limits Bye-Laws for County Galway, specifically targeting the Athenry/Oranmore Municipal District. The primary objective is to improve road safety and traffic flow by implementing regulated speed limits across different areas within the district. The document provides a comprehensive map index, listing specific locations such as Athenry, Baile an Dúlaigh, and Clarinbridge, each with designated map numbers and corresponding speed limits. The bye-laws are adopted under various references, indicating a structured approach to traffic management. By setting clear speed limits, the policy aims to reduce traffic accidents, enhance pedestrian safety, and ensure smoother vehicular movement. The document also highlights the collaboration with Galway City Council, emphasizing a coordinated effort in traffic regulation. The expected outcome is a safer and more efficient road network, contributing to the overall well-being of the community and supporting local economic activities by facilitating better transportation conditions. This policy serves as a critical tool for policymakers to monitor and adjust traffic regulations as needed, ensuring they meet the evolving needs of the district's infrastructure and population.",['IE04'],https://www.galway.ie/en/media/1_A-O_Adopted_Maps.pdf,Policy,AI
"['PL711', 'AT322', 'AT312', 'AT226', 'AT223', 'AT126', 'AT321', 'AT335', 'AT323', 'AT315', 'PL913', 'ITH20', 'ITH51', 'SI042', 'NL342', 'NL341', 'CH051', 'SE332', 'SE322', 'FI1C2', 'FI197', 'FI193', 'SE232', 'SE224', 'SE221', 'SE212', 'FI1D8', 'SI044', 'DE40C', 'DE27E', 'DE27B', 'DE40G', 'DE71C', 'DE716', 'DE715', 'DE600', 'DE501', 'DE255', 'DE24D', 'DE24B', 'DE24A', 'DE249', 'DE246', 'DE258', 'DE259', 'DE25A', 'DE276', 'DE26B', 'DE266', 'DE264', 'DE25C', 'DE25B', 'DE268', 'DE23A', 'DEA17', 'DEA12', 'DE94H', 'DE94F', 'DE94E', 'DE94B', 'DE94A', 'DE947', 'DE946', 'DE912', 'DE737', 'DE736', 'DE735', 'DE732', 'DE941', 'DE937', 'DE936', 'DE935', 'DE934', 'DE725', 'DE933', 'DE931', 'DE927', 'DE926', 'DE239', 'DE237', 'BE253', 'BE236', 'BE234', 'BE213', 'BE212', 'BE211', 'BE257', 'BE344', 'BE343', 'BE336', 'DK021', 'DK022', 'DE21G', 'DE219', 'DE211', 'DE21I', 'DE21J', 'DE236', 'DE235', 'DE234', 'DE229', 'DE224', 'DE228', 'DE11B', 'DE11A', 'DE119', 'DE118', 'DE114', 'DK050', 'DE135', 'DE12C', 'DE12B', 'DE127', 'ES708', 'ES707', 'ES704', 'FRD11', 'FRB06', 'FRB05', 'FRB02', 'FRB01', 'ES220', 'ES213', 'ES114', 'ES113', 'ES412', 'ES413', 'ES414', 'ES415', 'ES511', 'FRE11', 'ES418', 'ES417', 'ES416', 'FRK25', 'FRK21', 'FRK14', 'FRJ28', 'FRJ27', 'FRH01', 'FRG04', 'FRG02', 'FRF12', 'FRF11', 'FRH04', 'FRJ24', 'FRI34', 'FRI23', 'FRI15', 'DEC03', 'DEC01', 'DEB3K', 'DEB3J', 'DEB3G', 'DEB3D', 'DEE03', 'DEE02', 'DEB3B', 'DEA5A', 'DEA59', 'DEA54', 'DEA53', 'DEA46', 'DEA45', 'DEA44', 'DEA43', 'DEA42', 'DEB12', 'DEB15', 'DEB39', 'DEB22', 'DEB1C', 'DEB1A', 'DEB17', 'EL303', 'EL301', 'DEG06', 'DEF0A', 'DEF09', 'DEG0D', 'IE042', 'DEG0P', 'AT124', 'ITI19', 'FI1C5', 'FI1C4', 'SE231', 'SE214', 'SE125', 'SE123', 'SE122', 'SE211', 'DE40B', 'DE407', 'DE40F', 'DEA34', 'DE80N', 'DE80M', 'DE80K', 'DE917', 'DE918', 'DE923', 'BE223', 'BE323', 'DK041', 'DK032', 'DEA38', 'FRD13', 'FRD12', 'FRC13', 'FRC12', 'ES411', 'ES243', 'ES241', 'ES130', 'ES120', 'ES513', 'ES419', 'FRE12', 'FRK22', 'FRK12', 'FRK11', 'FRG03', 'FRF34', 'FRF33', 'FRI11', 'FRI13', 'FRJ25', 'FRJ14', 'FRI22', 'FRI21', 'DED2F', 'DED2E', 'DED42', 'DED43', 'DED45', 'DED44', 'DEA5B', 'DEA57', 'DEA56', 'DEB31', 'DEG0B', 'DEG0A', 'DEG0E', 'IE052', 'IE051', 'IE041', 'DEG0M', 'DEG0L', 'DEG0K', 'DEG0J', 'DEG0I', 'DEG0G']","['Sustainability', 'Infrastructure', 'Transportation', 'Cultural heritage', 'Community engagement']","The Bearna Metropolitan Settlement Plan aims to foster sustainable development by enhancing community facilities, promoting the Irish language, and leveraging tourism potential, while improving infrastructure and transportation networks.","The Bearna Metropolitan Settlement Plan outlines a strategic framework for sustainable development in Bearna, a coastal town near Galway City. The plan emphasizes the importance of creating sustainable residential communities with diverse housing options and enhancing community facilities to meet the growing population's needs. It highlights the need to preserve Bearna's cultural and linguistic heritage, particularly its Gaeltacht status, by promoting the Irish language in public signage and housing allocations. The plan also seeks to capitalize on Bearna's tourism potential, given its coastal location and proximity to the Wild Atlantic Way, by supporting tourism-related developments and the creation of a Coastal Amenity Park. Infrastructure improvements, including wastewater treatment, water services, and transportation networks, are prioritized to support future growth. The plan encourages the development of pedestrian and cycle routes and improved public transport to reduce reliance on private cars. Overall, the plan aims to balance development with the preservation of Bearna's unique character, ensuring a high quality of life for residents and an attractive destination for visitors.",['IE04'],https://www.galway.ie/en/media/2.6 Bearna combined.pdf,Programme,Verified
"['PL711', 'AT322', 'AT312', 'AT226', 'AT223', 'AT126', 'AT321', 'AT335', 'AT323', 'AT315', 'PL913', 'ITH20', 'ITH51', 'SI042', 'NL342', 'NL341', 'CH051', 'SE332', 'SE322', 'FI1C2', 'FI197', 'FI193', 'SE232', 'SE224', 'SE221', 'SE212', 'FI1D8', 'SI044', 'DE40C', 'DE27E', 'DE27B', 'DE40G', 'DE71C', 'DE716', 'DE715', 'DE600', 'DE501', 'DE255', 'DE24D', 'DE24B', 'DE24A', 'DE249', 'DE246', 'DE258', 'DE259', 'DE25A', 'DE276', 'DE26B', 'DE266', 'DE264', 'DE25C', 'DE25B', 'DE268', 'DE23A', 'DEA17', 'DEA12', 'DE94H', 'DE94F', 'DE94E', 'DE94B', 'DE94A', 'DE947', 'DE946', 'DE912', 'DE737', 'DE736', 'DE735', 'DE732', 'DE941', 'DE937', 'DE936', 'DE935', 'DE934', 'DE725', 'DE933', 'DE931', 'DE927', 'DE926', 'DE239', 'DE237', 'BE253', 'BE236', 'BE234', 'BE213', 'BE212', 'BE211', 'BE257', 'BE344', 'BE343', 'BE336', 'DK021', 'DK022', 'DE21G', 'DE219', 'DE211', 'DE21I', 'DE21J', 'DE236', 'DE235', 'DE234', 'DE229', 'DE224', 'DE228', 'DE11B', 'DE11A', 'DE119', 'DE118', 'DE114', 'DK050', 'DE135', 'DE12C', 'DE12B', 'DE127', 'ES708', 'ES707', 'ES704', 'FRD11', 'FRB06', 'FRB05', 'FRB02', 'FRB01', 'ES220', 'ES213', 'ES114', 'ES113', 'ES412', 'ES413', 'ES414', 'ES415', 'ES511', 'FRE11', 'ES418', 'ES417', 'ES416', 'FRK25', 'FRK21', 'FRK14', 'FRJ28', 'FRJ27', 'FRH01', 'FRG04', 'FRG02', 'FRF12', 'FRF11', 'FRH04', 'FRJ24', 'FRI34', 'FRI23', 'FRI15', 'DEC03', 'DEC01', 'DEB3K', 'DEB3J', 'DEB3G', 'DEB3D', 'DEE03', 'DEE02', 'DEB3B', 'DEA5A', 'DEA59', 'DEA54', 'DEA53', 'DEA46', 'DEA45', 'DEA44', 'DEA43', 'DEA42', 'DEB12', 'DEB15', 'DEB39', 'DEB22', 'DEB1C', 'DEB1A', 'DEB17', 'EL303', 'EL301', 'DEG06', 'DEF0A', 'DEF09', 'DEG0D', 'IE042', 'DEG0P', 'AT124', 'ITI19', 'FI1C5', 'FI1C4', 'SE231', 'SE214', 'SE125', 'SE123', 'SE122', 'SE211', 'DE40B', 'DE407', 'DE40F', 'DEA34', 'DE80N', 'DE80M', 'DE80K', 'DE917', 'DE918', 'DE923', 'BE223', 'BE323', 'DK041', 'DK032', 'DEA38', 'FRD13', 'FRD12', 'FRC13', 'FRC12', 'ES411', 'ES243', 'ES241', 'ES130', 'ES120', 'ES513', 'ES419', 'FRE12', 'FRK22', 'FRK12', 'FRK11', 'FRG03', 'FRF34', 'FRF33', 'FRI11', 'FRI13', 'FRJ25', 'FRJ14', 'FRI22', 'FRI21', 'DED2F', 'DED2E', 'DED42', 'DED43', 'DED45', 'DED44', 'DEA5B', 'DEA57', 'DEA56', 'DEB31', 'DEG0B', 'DEG0A', 'DEG0E', 'IE052', 'IE051', 'IE041', 'DEG0M', 'DEG0L', 'DEG0K', 'DEG0J', 'DEG0I', 'DEG0G']","['Environmental protection', 'Governance', 'Infrastructure']","The document provides comprehensive guidance for local authorities on managing environmental noise, covering standards, noise impact assessments, and setting noise limits. It aims to ensure consistent noise management across sectors like industrial installations and wind farms, enhancing planning and enforcement processes.","This guidance document, prepared by the Association of Acoustic Consultants of Ireland, is designed to assist local authorities in managing environmental noise effectively. It addresses the lack of a standardized approach to noise regulation across Ireland, offering detailed advice on standards, noise impact assessments, and setting noise limits. The document covers a wide range of sectors, including industrial installations, waste facilities, and renewable energy projects like wind and solar farms. It emphasizes the integration of noise management into planning and development processes, aiming to promote consistency and reduce time spent on enforcement and compliance assessments. By providing a clear framework for drafting noise conditions and assessing compliance, the document seeks to improve the quality of noise management in local authority planning and enforcement departments. The ultimate goal is to ensure that noise conditions are optimally worded to minimize issues and enhance the living environment for residents. The guidance is not legally binding but serves as a valuable resource for local authorities to achieve more consistent and effective noise management outcomes.",['IE04'],https://www.galway.ie/en/media/4. Association of Acoustic Consultant of Ireland.pdf,Programme,Community
"['PL711', 'AT322', 'AT312', 'AT226', 'AT223', 'AT126', 'AT321', 'AT335', 'AT323', 'AT315', 'PL913', 'ITH20', 'ITH51', 'SI042', 'NL342', 'NL341', 'CH051', 'SE332', 'SE322', 'FI1C2', 'FI197', 'FI193', 'SE232', 'SE224', 'SE221', 'SE212', 'FI1D8', 'SI044', 'DE40C', 'DE27E', 'DE27B', 'DE40G', 'DE71C', 'DE716', 'DE715', 'DE600', 'DE501', 'DE255', 'DE24D', 'DE24B', 'DE24A', 'DE249', 'DE246', 'DE258', 'DE259', 'DE25A', 'DE276', 'DE26B', 'DE266', 'DE264', 'DE25C', 'DE25B', 'DE268', 'DE23A', 'DEA17', 'DEA12', 'DE94H', 'DE94F', 'DE94E', 'DE94B', 'DE94A', 'DE947', 'DE946', 'DE912', 'DE737', 'DE736', 'DE735', 'DE732', 'DE941', 'DE937', 'DE936', 'DE935', 'DE934', 'DE725', 'DE933', 'DE931', 'DE927', 'DE926', 'DE239', 'DE237', 'BE253', 'BE236', 'BE234', 'BE213', 'BE212', 'BE211', 'BE257', 'BE344', 'BE343', 'BE336', 'DK021', 'DK022', 'DE21G', 'DE219', 'DE211', 'DE21I', 'DE21J', 'DE236', 'DE235', 'DE234', 'DE229', 'DE224', 'DE228', 'DE11B', 'DE11A', 'DE119', 'DE118', 'DE114', 'DK050', 'DE135', 'DE12C', 'DE12B', 'DE127', 'ES708', 'ES707', 'ES704', 'FRD11', 'FRB06', 'FRB05', 'FRB02', 'FRB01', 'ES220', 'ES213', 'ES114', 'ES113', 'ES412', 'ES413', 'ES414', 'ES415', 'ES511', 'FRE11', 'ES418', 'ES417', 'ES416', 'FRK25', 'FRK21', 'FRK14', 'FRJ28', 'FRJ27', 'FRH01', 'FRG04', 'FRG02', 'FRF12', 'FRF11', 'FRH04', 'FRJ24', 'FRI34', 'FRI23', 'FRI15', 'DEC03', 'DEC01', 'DEB3K', 'DEB3J', 'DEB3G', 'DEB3D', 'DEE03', 'DEE02', 'DEB3B', 'DEA5A', 'DEA59', 'DEA54', 'DEA53', 'DEA46', 'DEA45', 'DEA44', 'DEA43', 'DEA42', 'DEB12', 'DEB15', 'DEB39', 'DEB22', 'DEB1C', 'DEB1A', 'DEB17', 'EL303', 'EL301', 'DEG06', 'DEF0A', 'DEF09', 'DEG0D', 'IE042', 'DEG0P', 'AT124', 'ITI19', 'FI1C5', 'FI1C4', 'SE231', 'SE214', 'SE125', 'SE123', 'SE122', 'SE211', 'DE40B', 'DE407', 'DE40F', 'DEA34', 'DE80N', 'DE80M', 'DE80K', 'DE917', 'DE918', 'DE923', 'BE223', 'BE323', 'DK041', 'DK032', 'DEA38', 'FRD13', 'FRD12', 'FRC13', 'FRC12', 'ES411', 'ES243', 'ES241', 'ES130', 'ES120', 'ES513', 'ES419', 'FRE12', 'FRK22', 'FRK12', 'FRK11', 'FRG03', 'FRF34', 'FRF33', 'FRI11', 'FRI13', 'FRJ25', 'FRJ14', 'FRI22', 'FRI21', 'DED2F', 'DED2E', 'DED42', 'DED43', 'DED45', 'DED44', 'DEA5B', 'DEA57', 'DEA56', 'DEB31', 'DEG0B', 'DEG0A', 'DEG0E', 'IE052', 'IE051', 'IE041', 'DEG0M', 'DEG0L', 'DEG0K', 'DEG0J', 'DEG0I', 'DEG0G']","['Transportation', 'Infrastructure', 'Public health']","The document outlines the implementation of special speed limits across various locations in the Loughrea Municipal District. It aims to enhance road safety by adopting specific bye-laws that regulate traffic speed on designated roads, ensuring compliance with local traffic management strategies.","This policy document details the establishment of special speed limits within the Loughrea Municipal District, as per the County Galway Bye-Laws 2018. It provides a comprehensive map index of locations where these speed limits are enforced, including towns and specific road sections. The primary objective is to improve road safety and traffic flow by setting appropriate speed limits tailored to the unique conditions of each area. The document specifies the municipal districts involved, such as Abbey, Ardrahan, and Ballinderreen, among others, and lists the corresponding map numbers for reference. The bye-laws are adopted to address local traffic challenges, reduce accidents, and enhance the overall driving experience. By implementing these measures, the policy seeks to align with broader traffic management goals, ensuring that speed regulations are both effective and contextually relevant. The expected outcome is a safer road environment that accommodates the needs of all road users, including pedestrians, cyclists, and motorists, while supporting the sustainable development of the district's transportation infrastructure.",['IE04'],https://www.galway.ie/en/media/4_L_Adopted_Maps.pdf,Policy,AI
"['PL711', 'AT322', 'AT312', 'AT226', 'AT223', 'AT126', 'AT321', 'AT335', 'AT323', 'AT315', 'PL913', 'ITH20', 'ITH51', 'SI042', 'NL342', 'NL341', 'CH051', 'SE332', 'SE322', 'FI1C2', 'FI197', 'FI193', 'SE232', 'SE224', 'SE221', 'SE212', 'FI1D8', 'SI044', 'DE40C', 'DE27E', 'DE27B', 'DE40G', 'DE71C', 'DE716', 'DE715', 'DE600', 'DE501', 'DE255', 'DE24D', 'DE24B', 'DE24A', 'DE249', 'DE246', 'DE258', 'DE259', 'DE25A', 'DE276', 'DE26B', 'DE266', 'DE264', 'DE25C', 'DE25B', 'DE268', 'DE23A', 'DEA17', 'DEA12', 'DE94H', 'DE94F', 'DE94E', 'DE94B', 'DE94A', 'DE947', 'DE946', 'DE912', 'DE737', 'DE736', 'DE735', 'DE732', 'DE941', 'DE937', 'DE936', 'DE935', 'DE934', 'DE725', 'DE933', 'DE931', 'DE927', 'DE926', 'DE239', 'DE237', 'BE253', 'BE236', 'BE234', 'BE213', 'BE212', 'BE211', 'BE257', 'BE344', 'BE343', 'BE336', 'DK021', 'DK022', 'DE21G', 'DE219', 'DE211', 'DE21I', 'DE21J', 'DE236', 'DE235', 'DE234', 'DE229', 'DE224', 'DE228', 'DE11B', 'DE11A', 'DE119', 'DE118', 'DE114', 'DK050', 'DE135', 'DE12C', 'DE12B', 'DE127', 'ES708', 'ES707', 'ES704', 'FRD11', 'FRB06', 'FRB05', 'FRB02', 'FRB01', 'ES220', 'ES213', 'ES114', 'ES113', 'ES412', 'ES413', 'ES414', 'ES415', 'ES511', 'FRE11', 'ES418', 'ES417', 'ES416', 'FRK25', 'FRK21', 'FRK14', 'FRJ28', 'FRJ27', 'FRH01', 'FRG04', 'FRG02', 'FRF12', 'FRF11', 'FRH04', 'FRJ24', 'FRI34', 'FRI23', 'FRI15', 'DEC03', 'DEC01', 'DEB3K', 'DEB3J', 'DEB3G', 'DEB3D', 'DEE03', 'DEE02', 'DEB3B', 'DEA5A', 'DEA59', 'DEA54', 'DEA53', 'DEA46', 'DEA45', 'DEA44', 'DEA43', 'DEA42', 'DEB12', 'DEB15', 'DEB39', 'DEB22', 'DEB1C', 'DEB1A', 'DEB17', 'EL303', 'EL301', 'DEG06', 'DEF0A', 'DEF09', 'DEG0D', 'IE042', 'DEG0P', 'AT124', 'ITI19', 'FI1C5', 'FI1C4', 'SE231', 'SE214', 'SE125', 'SE123', 'SE122', 'SE211', 'DE40B', 'DE407', 'DE40F', 'DEA34', 'DE80N', 'DE80M', 'DE80K', 'DE917', 'DE918', 'DE923', 'BE223', 'BE323', 'DK041', 'DK032', 'DEA38', 'FRD13', 'FRD12', 'FRC13', 'FRC12', 'ES411', 'ES243', 'ES241', 'ES130', 'ES120', 'ES513', 'ES419', 'FRE12', 'FRK22', 'FRK12', 'FRK11', 'FRG03', 'FRF34', 'FRF33', 'FRI11', 'FRI13', 'FRJ25', 'FRJ14', 'FRI22', 'FRI21', 'DED2F', 'DED2E', 'DED42', 'DED43', 'DED45', 'DED44', 'DEA5B', 'DEA57', 'DEA56', 'DEB31', 'DEG0B', 'DEG0A', 'DEG0E', 'IE052', 'IE051', 'IE041', 'DEG0M', 'DEG0L', 'DEG0K', 'DEG0J', 'DEG0I', 'DEG0G']","['Sustainability', 'Economic development', 'Infrastructure', 'Community engagement', 'Cultural heritage']","The policy focuses on sustainable development in Clifden, enhancing its role as a key service and tourist destination. It aims to improve infrastructure, promote tourism, and support community facilities, ensuring balanced growth and economic vitality.","The policy document outlines a strategic plan for Clifden, a Small Growth Town in County Galway, emphasizing sustainable development. It aims to enhance Clifden's role as a key service center and tourist destination by leveraging its natural and cultural assets. Key actions include promoting mixed-use developments in the town center, supporting tourism and local enterprises, and improving infrastructure such as water supply and transportation. The plan also focuses on expanding community facilities and services to meet local needs, while protecting the town's architectural and natural heritage. By encouraging pedestrian and cycle networks, the policy seeks to improve connectivity and reduce traffic congestion. The development of opportunity sites is encouraged to revitalize the town's core, with a focus on reducing retail vacancy and enhancing the streetscape. The ultimate goal is to stimulate economic growth, create employment opportunities, and improve the quality of life for residents and visitors, ensuring Clifden's sustainable growth and resilience in the long term.",['IE04'],https://www.galway.ie/en/media/5.1 Clifden Small Growth Town combined.pdf,Programme,Verified
"['PL711', 'AT322', 'AT312', 'AT226', 'AT223', 'AT126', 'AT321', 'AT335', 'AT323', 'AT315', 'PL913', 'ITH20', 'ITH51', 'SI042', 'NL342', 'NL341', 'CH051', 'SE332', 'SE322', 'FI1C2', 'FI197', 'FI193', 'SE232', 'SE224', 'SE221', 'SE212', 'FI1D8', 'SI044', 'DE40C', 'DE27E', 'DE27B', 'DE40G', 'DE71C', 'DE716', 'DE715', 'DE600', 'DE501', 'DE255', 'DE24D', 'DE24B', 'DE24A', 'DE249', 'DE246', 'DE258', 'DE259', 'DE25A', 'DE276', 'DE26B', 'DE266', 'DE264', 'DE25C', 'DE25B', 'DE268', 'DE23A', 'DEA17', 'DEA12', 'DE94H', 'DE94F', 'DE94E', 'DE94B', 'DE94A', 'DE947', 'DE946', 'DE912', 'DE737', 'DE736', 'DE735', 'DE732', 'DE941', 'DE937', 'DE936', 'DE935', 'DE934', 'DE725', 'DE933', 'DE931', 'DE927', 'DE926', 'DE239', 'DE237', 'BE253', 'BE236', 'BE234', 'BE213', 'BE212', 'BE211', 'BE257', 'BE344', 'BE343', 'BE336', 'DK021', 'DK022', 'DE21G', 'DE219', 'DE211', 'DE21I', 'DE21J', 'DE236', 'DE235', 'DE234', 'DE229', 'DE224', 'DE228', 'DE11B', 'DE11A', 'DE119', 'DE118', 'DE114', 'DK050', 'DE135', 'DE12C', 'DE12B', 'DE127', 'ES708', 'ES707', 'ES704', 'FRD11', 'FRB06', 'FRB05', 'FRB02', 'FRB01', 'ES220', 'ES213', 'ES114', 'ES113', 'ES412', 'ES413', 'ES414', 'ES415', 'ES511', 'FRE11', 'ES418', 'ES417', 'ES416', 'FRK25', 'FRK21', 'FRK14', 'FRJ28', 'FRJ27', 'FRH01', 'FRG04', 'FRG02', 'FRF12', 'FRF11', 'FRH04', 'FRJ24', 'FRI34', 'FRI23', 'FRI15', 'DEC03', 'DEC01', 'DEB3K', 'DEB3J', 'DEB3G', 'DEB3D', 'DEE03', 'DEE02', 'DEB3B', 'DEA5A', 'DEA59', 'DEA54', 'DEA53', 'DEA46', 'DEA45', 'DEA44', 'DEA43', 'DEA42', 'DEB12', 'DEB15', 'DEB39', 'DEB22', 'DEB1C', 'DEB1A', 'DEB17', 'EL303', 'EL301', 'DEG06', 'DEF0A', 'DEF09', 'DEG0D', 'IE042', 'DEG0P', 'AT124', 'ITI19', 'FI1C5', 'FI1C4', 'SE231', 'SE214', 'SE125', 'SE123', 'SE122', 'SE211', 'DE40B', 'DE407', 'DE40F', 'DEA34', 'DE80N', 'DE80M', 'DE80K', 'DE917', 'DE918', 'DE923', 'BE223', 'BE323', 'DK041', 'DK032', 'DEA38', 'FRD13', 'FRD12', 'FRC13', 'FRC12', 'ES411', 'ES243', 'ES241', 'ES130', 'ES120', 'ES513', 'ES419', 'FRE12', 'FRK22', 'FRK12', 'FRK11', 'FRG03', 'FRF34', 'FRF33', 'FRI11', 'FRI13', 'FRJ25', 'FRJ14', 'FRI22', 'FRI21', 'DED2F', 'DED2E', 'DED42', 'DED43', 'DED45', 'DED44', 'DEA5B', 'DEA57', 'DEA56', 'DEB31', 'DEG0B', 'DEG0A', 'DEG0E', 'IE052', 'IE051', 'IE041', 'DEG0M', 'DEG0L', 'DEG0K', 'DEG0J', 'DEG0I', 'DEG0G']","['Sustainability', 'Economic development', 'Infrastructure', 'Community engagement', 'Cultural heritage']","The policy focuses on sustainable development in Headford, enhancing community facilities, promoting economic growth, and expanding tourism. It aims to improve infrastructure and ensure balanced development to support local employment and preserve the town's character.","The policy document outlines a strategic plan for Headford, designated as a Small Growth Town, emphasizing sustainable development and community enhancement. It highlights the town's strategic location and its potential for economic growth, particularly through tourism and local enterprise. Key actions include promoting high-quality residential and commercial development, enhancing community facilities, and improving transportation infrastructure. The plan also focuses on preserving Headford's historical and natural heritage, with specific zoning objectives to guide development. The document identifies opportunity sites for mixed-use development to boost the town's vitality. Infrastructure improvements, such as water and wastewater services, are prioritized to support growth. The policy aims to balance development with the preservation of Headford's unique character, ensuring it remains a vibrant community hub while accommodating future growth. The intended impact is to create a self-sufficient, economically vibrant town that offers a high quality of life for residents and attracts visitors, thereby contributing to the broader regional development goals.",['IE04'],https://www.galway.ie/en/media/6.1 Headford combined.pdf,Programme,Community
"['PL711', 'AT322', 'AT312', 'AT226', 'AT223', 'AT126', 'AT321', 'AT335', 'AT323', 'AT315', 'PL913', 'ITH20', 'ITH51', 'SI042', 'NL342', 'NL341', 'CH051', 'SE332', 'SE322', 'FI1C2', 'FI197', 'FI193', 'SE232', 'SE224', 'SE221', 'SE212', 'FI1D8', 'SI044', 'DE40C', 'DE27E', 'DE27B', 'DE40G', 'DE71C', 'DE716', 'DE715', 'DE600', 'DE501', 'DE255', 'DE24D', 'DE24B', 'DE24A', 'DE249', 'DE246', 'DE258', 'DE259', 'DE25A', 'DE276', 'DE26B', 'DE266', 'DE264', 'DE25C', 'DE25B', 'DE268', 'DE23A', 'DEA17', 'DEA12', 'DE94H', 'DE94F', 'DE94E', 'DE94B', 'DE94A', 'DE947', 'DE946', 'DE912', 'DE737', 'DE736', 'DE735', 'DE732', 'DE941', 'DE937', 'DE936', 'DE935', 'DE934', 'DE725', 'DE933', 'DE931', 'DE927', 'DE926', 'DE239', 'DE237', 'BE253', 'BE236', 'BE234', 'BE213', 'BE212', 'BE211', 'BE257', 'BE344', 'BE343', 'BE336', 'DK021', 'DK022', 'DE21G', 'DE219', 'DE211', 'DE21I', 'DE21J', 'DE236', 'DE235', 'DE234', 'DE229', 'DE224', 'DE228', 'DE11B', 'DE11A', 'DE119', 'DE118', 'DE114', 'DK050', 'DE135', 'DE12C', 'DE12B', 'DE127', 'ES708', 'ES707', 'ES704', 'FRD11', 'FRB06', 'FRB05', 'FRB02', 'FRB01', 'ES220', 'ES213', 'ES114', 'ES113', 'ES412', 'ES413', 'ES414', 'ES415', 'ES511', 'FRE11', 'ES418', 'ES417', 'ES416', 'FRK25', 'FRK21', 'FRK14', 'FRJ28', 'FRJ27', 'FRH01', 'FRG04', 'FRG02', 'FRF12', 'FRF11', 'FRH04', 'FRJ24', 'FRI34', 'FRI23', 'FRI15', 'DEC03', 'DEC01', 'DEB3K', 'DEB3J', 'DEB3G', 'DEB3D', 'DEE03', 'DEE02', 'DEB3B', 'DEA5A', 'DEA59', 'DEA54', 'DEA53', 'DEA46', 'DEA45', 'DEA44', 'DEA43', 'DEA42', 'DEB12', 'DEB15', 'DEB39', 'DEB22', 'DEB1C', 'DEB1A', 'DEB17', 'EL303', 'EL301', 'DEG06', 'DEF0A', 'DEF09', 'DEG0D', 'IE042', 'DEG0P', 'AT124', 'ITI19', 'FI1C5', 'FI1C4', 'SE231', 'SE214', 'SE125', 'SE123', 'SE122', 'SE211', 'DE40B', 'DE407', 'DE40F', 'DEA34', 'DE80N', 'DE80M', 'DE80K', 'DE917', 'DE918', 'DE923', 'BE223', 'BE323', 'DK041', 'DK032', 'DEA38', 'FRD13', 'FRD12', 'FRC13', 'FRC12', 'ES411', 'ES243', 'ES241', 'ES130', 'ES120', 'ES513', 'ES419', 'FRE12', 'FRK22', 'FRK12', 'FRK11', 'FRG03', 'FRF34', 'FRF33', 'FRI11', 'FRI13', 'FRJ25', 'FRJ14', 'FRI22', 'FRI21', 'DED2F', 'DED2E', 'DED42', 'DED43', 'DED45', 'DED44', 'DEA5B', 'DEA57', 'DEA56', 'DEB31', 'DEG0B', 'DEG0A', 'DEG0E', 'IE052', 'IE051', 'IE041', 'DEG0M', 'DEG0L', 'DEG0K', 'DEG0J', 'DEG0I', 'DEG0G']","['Infrastructure', 'Transportation', 'Economic development', 'Environmental protection']","The document proposes urban development strategies focusing on traffic management, infrastructure improvements, and coastal protection to enhance city functionality and aesthetics, aiming for efficient transport, increased safety, and economic growth.","The document outlines a series of proposals aimed at improving urban development within the city. Key suggestions include converting major roads into one-way systems to optimize traffic flow and introducing dedicated cycle and bus lanes. This is expected to enhance the efficiency of traffic light systems and reduce congestion. Coastal protection measures, such as wave breakers and a sea defense wall, are proposed to safeguard against flooding and create additional berthing locations, potentially increasing revenue. Infrastructure improvements include resurfacing the promenade with durable outdoor tiles to boost tourism appeal and extending it to Silver Strand. The document also advocates for pedestrianizing key streets to facilitate outdoor dining and social distancing, thereby supporting local businesses and increasing commercial revenue. Additionally, the proposal includes enhancing the Tuam road intersection with flyovers and merging lanes to improve traffic flow. These measures aim to create a more efficient, safe, and economically vibrant urban environment, aligning with broader city development goals.",['IE04'],https://www.galway.ie/en/media/8. C. Tierney.pdf,Programme,AI
"['PL711', 'AT322', 'AT312', 'AT226', 'AT223', 'AT126', 'AT321', 'AT335', 'AT323', 'AT315', 'PL913', 'ITH20', 'ITH51', 'SI042', 'NL342', 'NL341', 'CH051', 'SE332', 'SE322', 'FI1C2', 'FI197', 'FI193', 'SE232', 'SE224', 'SE221', 'SE212', 'FI1D8', 'SI044', 'DE40C', 'DE27E', 'DE27B', 'DE40G', 'DE71C', 'DE716', 'DE715', 'DE600', 'DE501', 'DE255', 'DE24D', 'DE24B', 'DE24A', 'DE249', 'DE246', 'DE258', 'DE259', 'DE25A', 'DE276', 'DE26B', 'DE266', 'DE264', 'DE25C', 'DE25B', 'DE268', 'DE23A', 'DEA17', 'DEA12', 'DE94H', 'DE94F', 'DE94E', 'DE94B', 'DE94A', 'DE947', 'DE946', 'DE912', 'DE737', 'DE736', 'DE735', 'DE732', 'DE941', 'DE937', 'DE936', 'DE935', 'DE934', 'DE725', 'DE933', 'DE931', 'DE927', 'DE926', 'DE239', 'DE237', 'BE253', 'BE236', 'BE234', 'BE213', 'BE212', 'BE211', 'BE257', 'BE344', 'BE343', 'BE336', 'DK021', 'DK022', 'DE21G', 'DE219', 'DE211', 'DE21I', 'DE21J', 'DE236', 'DE235', 'DE234', 'DE229', 'DE224', 'DE228', 'DE11B', 'DE11A', 'DE119', 'DE118', 'DE114', 'DK050', 'DE135', 'DE12C', 'DE12B', 'DE127', 'ES708', 'ES707', 'ES704', 'FRD11', 'FRB06', 'FRB05', 'FRB02', 'FRB01', 'ES220', 'ES213', 'ES114', 'ES113', 'ES412', 'ES413', 'ES414', 'ES415', 'ES511', 'FRE11', 'ES418', 'ES417', 'ES416', 'FRK25', 'FRK21', 'FRK14', 'FRJ28', 'FRJ27', 'FRH01', 'FRG04', 'FRG02', 'FRF12', 'FRF11', 'FRH04', 'FRJ24', 'FRI34', 'FRI23', 'FRI15', 'DEC03', 'DEC01', 'DEB3K', 'DEB3J', 'DEB3G', 'DEB3D', 'DEE03', 'DEE02', 'DEB3B', 'DEA5A', 'DEA59', 'DEA54', 'DEA53', 'DEA46', 'DEA45', 'DEA44', 'DEA43', 'DEA42', 'DEB12', 'DEB15', 'DEB39', 'DEB22', 'DEB1C', 'DEB1A', 'DEB17', 'EL303', 'EL301', 'DEG06', 'DEF0A', 'DEF09', 'DEG0D', 'IE042', 'DEG0P', 'AT124', 'ITI19', 'FI1C5', 'FI1C4', 'SE231', 'SE214', 'SE125', 'SE123', 'SE122', 'SE211', 'DE40B', 'DE407', 'DE40F', 'DEA34', 'DE80N', 'DE80M', 'DE80K', 'DE917', 'DE918', 'DE923', 'BE223', 'BE323', 'DK041', 'DK032', 'DEA38', 'FRD13', 'FRD12', 'FRC13', 'FRC12', 'ES411', 'ES243', 'ES241', 'ES130', 'ES120', 'ES513', 'ES419', 'FRE12', 'FRK22', 'FRK12', 'FRK11', 'FRG03', 'FRF34', 'FRF33', 'FRI11', 'FRI13', 'FRJ25', 'FRJ14', 'FRI22', 'FRI21', 'DED2F', 'DED2E', 'DED42', 'DED43', 'DED45', 'DED44', 'DEA5B', 'DEA57', 'DEA56', 'DEB31', 'DEG0B', 'DEG0A', 'DEG0E', 'IE052', 'IE051', 'IE041', 'DEG0M', 'DEG0L', 'DEG0K', 'DEG0J', 'DEG0I', 'DEG0G']","['Sustainability', 'Economic development', 'Infrastructure', 'Housing', 'Environmental protection']","The Oughterard Small Growth Town plan aims to enhance sustainable development by promoting mixed-use town center growth, improving community facilities, and expanding tourism and infrastructure. It emphasizes quality housing, economic diversification, and environmental conservation to support local and regional development.","The Oughterard Small Growth Town plan, part of the Galway County Development Plan 2022-2028, focuses on sustainable development to support local and regional growth. Situated 27km from Galway City, Oughterard is a key area for residential, commercial, and tourism expansion. The plan promotes a vibrant town center with mixed-use developments, including residential, commercial, and community facilities, to enhance local services and employment opportunities. It emphasizes sustainable housing designs and encourages 'living over the shop' to boost town center vitality. The plan also supports tourism development, leveraging Oughterard's proximity to Lough Corrib and the Conamara region, while ensuring environmental and heritage conservation. Infrastructure improvements, such as enhanced pedestrian and cycle networks, are prioritized to reduce car dependency. The plan identifies opportunity sites, like the former Corrib House Hotel, for redevelopment to revitalize vacant areas. Flood risk management and climate change considerations are integral to development proposals, ensuring resilience and ecological protection. Overall, the plan aims to create a balanced, sustainable community that meets the needs of residents and visitors, fostering economic growth and quality of life improvements.",['IE04'],https://www.galway.ie/en/media/8.1 Oughterard Small Growth Town_0 combined.pdf,Policy,Verified
"['PL711', 'AT322', 'AT312', 'AT226', 'AT223', 'AT126', 'AT321', 'AT335', 'AT323', 'AT315', 'PL913', 'ITH20', 'ITH51', 'SI042', 'NL342', 'NL341', 'CH051', 'SE332', 'SE322', 'FI1C2', 'FI197', 'FI193', 'SE232', 'SE224', 'SE221', 'SE212', 'FI1D8', 'SI044', 'DE40C', 'DE27E', 'DE27B', 'DE40G', 'DE71C', 'DE716', 'DE715', 'DE600', 'DE501', 'DE255', 'DE24D', 'DE24B', 'DE24A', 'DE249', 'DE246', 'DE258', 'DE259', 'DE25A', 'DE276', 'DE26B', 'DE266', 'DE264', 'DE25C', 'DE25B', 'DE268', 'DE23A', 'DEA17', 'DEA12', 'DE94H', 'DE94F', 'DE94E', 'DE94B', 'DE94A', 'DE947', 'DE946', 'DE912', 'DE737', 'DE736', 'DE735', 'DE732', 'DE941', 'DE937', 'DE936', 'DE935', 'DE934', 'DE725', 'DE933', 'DE931', 'DE927', 'DE926', 'DE239', 'DE237', 'BE253', 'BE236', 'BE234', 'BE213', 'BE212', 'BE211', 'BE257', 'BE344', 'BE343', 'BE336', 'DK021', 'DK022', 'DE21G', 'DE219', 'DE211', 'DE21I', 'DE21J', 'DE236', 'DE235', 'DE234', 'DE229', 'DE224', 'DE228', 'DE11B', 'DE11A', 'DE119', 'DE118', 'DE114', 'DK050', 'DE135', 'DE12C', 'DE12B', 'DE127', 'ES708', 'ES707', 'ES704', 'FRD11', 'FRB06', 'FRB05', 'FRB02', 'FRB01', 'ES220', 'ES213', 'ES114', 'ES113', 'ES412', 'ES413', 'ES414', 'ES415', 'ES511', 'FRE11', 'ES418', 'ES417', 'ES416', 'FRK25', 'FRK21', 'FRK14', 'FRJ28', 'FRJ27', 'FRH01', 'FRG04', 'FRG02', 'FRF12', 'FRF11', 'FRH04', 'FRJ24', 'FRI34', 'FRI23', 'FRI15', 'DEC03', 'DEC01', 'DEB3K', 'DEB3J', 'DEB3G', 'DEB3D', 'DEE03', 'DEE02', 'DEB3B', 'DEA5A', 'DEA59', 'DEA54', 'DEA53', 'DEA46', 'DEA45', 'DEA44', 'DEA43', 'DEA42', 'DEB12', 'DEB15', 'DEB39', 'DEB22', 'DEB1C', 'DEB1A', 'DEB17', 'EL303', 'EL301', 'DEG06', 'DEF0A', 'DEF09', 'DEG0D', 'IE042', 'DEG0P', 'AT124', 'ITI19', 'FI1C5', 'FI1C4', 'SE231', 'SE214', 'SE125', 'SE123', 'SE122', 'SE211', 'DE40B', 'DE407', 'DE40F', 'DEA34', 'DE80N', 'DE80M', 'DE80K', 'DE917', 'DE918', 'DE923', 'BE223', 'BE323', 'DK041', 'DK032', 'DEA38', 'FRD13', 'FRD12', 'FRC13', 'FRC12', 'ES411', 'ES243', 'ES241', 'ES130', 'ES120', 'ES513', 'ES419', 'FRE12', 'FRK22', 'FRK12', 'FRK11', 'FRG03', 'FRF34', 'FRF33', 'FRI11', 'FRI13', 'FRJ25', 'FRJ14', 'FRI22', 'FRI21', 'DED2F', 'DED2E', 'DED42', 'DED43', 'DED45', 'DED44', 'DEA5B', 'DEA57', 'DEA56', 'DEB31', 'DEG0B', 'DEG0A', 'DEG0E', 'IE052', 'IE051', 'IE041', 'DEG0M', 'DEG0L', 'DEG0K', 'DEG0J', 'DEG0I', 'DEG0G']","['Sustainability', 'Economic development', 'Infrastructure', 'Cultural heritage', 'Transportation']","The policy focuses on sustainable development in Portumna, enhancing tourism, community facilities, and economic growth while preserving heritage and improving infrastructure to support a vibrant town center and residential areas.","The policy document outlines a comprehensive plan for Portumna, a small growth town in southeast County Galway. It emphasizes sustainable development, aiming to enhance the town's attractiveness as a residential and tourist destination. Key actions include promoting high-quality residential communities, expanding community facilities, and supporting business and industrial growth. The plan also highlights the importance of preserving Portumna's natural and built heritage, including its designation as an Architectural Conservation Area. Infrastructure improvements, particularly in water services and transportation, are prioritized to support development. The policy encourages tourism development, leveraging Portumna's scenic location by the River Shannon and Lough Derg, and aims to redevelop key sites like the former Shannon Oaks Hotel. The document identifies opportunity sites for mixed-use development to boost economic vitality. Overall, the policy seeks to balance growth with heritage conservation, ensuring Portumna remains a vibrant, sustainable community with a strong economic base and enhanced quality of life for residents and visitors.",['IE04'],https://www.galway.ie/en/media/9.1 Portumna Small Growth Town combined.pdf,Programme,Community
"['PL711', 'AT322', 'AT312', 'AT226', 'AT223', 'AT126', 'AT321', 'AT335', 'AT323', 'AT315', 'PL913', 'ITH20', 'ITH51', 'SI042', 'NL342', 'NL341', 'CH051', 'SE332', 'SE322', 'FI1C2', 'FI197', 'FI193', 'SE232', 'SE224', 'SE221', 'SE212', 'FI1D8', 'SI044', 'DE40C', 'DE27E', 'DE27B', 'DE40G', 'DE71C', 'DE716', 'DE715', 'DE600', 'DE501', 'DE255', 'DE24D', 'DE24B', 'DE24A', 'DE249', 'DE246', 'DE258', 'DE259', 'DE25A', 'DE276', 'DE26B', 'DE266', 'DE264', 'DE25C', 'DE25B', 'DE268', 'DE23A', 'DEA17', 'DEA12', 'DE94H', 'DE94F', 'DE94E', 'DE94B', 'DE94A', 'DE947', 'DE946', 'DE912', 'DE737', 'DE736', 'DE735', 'DE732', 'DE941', 'DE937', 'DE936', 'DE935', 'DE934', 'DE725', 'DE933', 'DE931', 'DE927', 'DE926', 'DE239', 'DE237', 'BE253', 'BE236', 'BE234', 'BE213', 'BE212', 'BE211', 'BE257', 'BE344', 'BE343', 'BE336', 'DK021', 'DK022', 'DE21G', 'DE219', 'DE211', 'DE21I', 'DE21J', 'DE236', 'DE235', 'DE234', 'DE229', 'DE224', 'DE228', 'DE11B', 'DE11A', 'DE119', 'DE118', 'DE114', 'DK050', 'DE135', 'DE12C', 'DE12B', 'DE127', 'ES708', 'ES707', 'ES704', 'FRD11', 'FRB06', 'FRB05', 'FRB02', 'FRB01', 'ES220', 'ES213', 'ES114', 'ES113', 'ES412', 'ES413', 'ES414', 'ES415', 'ES511', 'FRE11', 'ES418', 'ES417', 'ES416', 'FRK25', 'FRK21', 'FRK14', 'FRJ28', 'FRJ27', 'FRH01', 'FRG04', 'FRG02', 'FRF12', 'FRF11', 'FRH04', 'FRJ24', 'FRI34', 'FRI23', 'FRI15', 'DEC03', 'DEC01', 'DEB3K', 'DEB3J', 'DEB3G', 'DEB3D', 'DEE03', 'DEE02', 'DEB3B', 'DEA5A', 'DEA59', 'DEA54', 'DEA53', 'DEA46', 'DEA45', 'DEA44', 'DEA43', 'DEA42', 'DEB12', 'DEB15', 'DEB39', 'DEB22', 'DEB1C', 'DEB1A', 'DEB17', 'EL303', 'EL301', 'DEG06', 'DEF0A', 'DEF09', 'DEG0D', 'IE042', 'DEG0P', 'AT124', 'ITI19', 'FI1C5', 'FI1C4', 'SE231', 'SE214', 'SE125', 'SE123', 'SE122', 'SE211', 'DE40B', 'DE407', 'DE40F', 'DEA34', 'DE80N', 'DE80M', 'DE80K', 'DE917', 'DE918', 'DE923', 'BE223', 'BE323', 'DK041', 'DK032', 'DEA38', 'FRD13', 'FRD12', 'FRC13', 'FRC12', 'ES411', 'ES243', 'ES241', 'ES130', 'ES120', 'ES513', 'ES419', 'FRE12', 'FRK22', 'FRK12', 'FRK11', 'FRG03', 'FRF34', 'FRF33', 'FRI11', 'FRI13', 'FRJ25', 'FRJ14', 'FRI22', 'FRI21', 'DED2F', 'DED2E', 'DED42', 'DED43', 'DED45', 'DED44', 'DEA5B', 'DEA57', 'DEA56', 'DEB31', 'DEG0B', 'DEG0A', 'DEG0E', 'IE052', 'IE051', 'IE041', 'DEG0M', 'DEG0L', 'DEG0K', 'DEG0J', 'DEG0I', 'DEG0G']","['Community engagement', 'Public health', 'Housing', 'Social inclusion', 'Cultural heritage']","The document outlines Galway County's initiatives for 2024, focusing on community development, health projects, cultural events, and sports participation, aiming to enhance local engagement and well-being.","The document details Galway County's strategic initiatives for 2024, emphasizing community and rural development, health, and cultural engagement. Key projects include the Healthy Islands initiative, which aims to improve health and leisure activities on offshore islands, and the Cathaoirleach Awards, recognizing community contributions. The document also highlights efforts to address housing vacancies through the Croí Cónaithe scheme and other refurbishment grants. Cultural initiatives include the Cúirt literature festival and various arts events, promoting creativity and cultural expression. Additionally, the document outlines sports programs, such as Women in Sport Week and community sports development, to increase physical activity and community involvement. These initiatives are designed to foster social inclusion, enhance quality of life, and stimulate economic and social vibrancy in Galway County. The document serves as a comprehensive guide for policy implementation, aiming to achieve sustainable community growth and improved public health outcomes.",['IE04'],https://www.galway.ie/en/media/10. Management Report 2024 March.pdf,Policy,AI
"['PL711', 'AT322', 'AT312', 'AT226', 'AT223', 'AT126', 'AT321', 'AT335', 'AT323', 'AT315', 'PL913', 'ITH20', 'ITH51', 'SI042', 'NL342', 'NL341', 'CH051', 'SE332', 'SE322', 'FI1C2', 'FI197', 'FI193', 'SE232', 'SE224', 'SE221', 'SE212', 'FI1D8', 'SI044', 'DE40C', 'DE27E', 'DE27B', 'DE40G', 'DE71C', 'DE716', 'DE715', 'DE600', 'DE501', 'DE255', 'DE24D', 'DE24B', 'DE24A', 'DE249', 'DE246', 'DE258', 'DE259', 'DE25A', 'DE276', 'DE26B', 'DE266', 'DE264', 'DE25C', 'DE25B', 'DE268', 'DE23A', 'DEA17', 'DEA12', 'DE94H', 'DE94F', 'DE94E', 'DE94B', 'DE94A', 'DE947', 'DE946', 'DE912', 'DE737', 'DE736', 'DE735', 'DE732', 'DE941', 'DE937', 'DE936', 'DE935', 'DE934', 'DE725', 'DE933', 'DE931', 'DE927', 'DE926', 'DE239', 'DE237', 'BE253', 'BE236', 'BE234', 'BE213', 'BE212', 'BE211', 'BE257', 'BE344', 'BE343', 'BE336', 'DK021', 'DK022', 'DE21G', 'DE219', 'DE211', 'DE21I', 'DE21J', 'DE236', 'DE235', 'DE234', 'DE229', 'DE224', 'DE228', 'DE11B', 'DE11A', 'DE119', 'DE118', 'DE114', 'DK050', 'DE135', 'DE12C', 'DE12B', 'DE127', 'ES708', 'ES707', 'ES704', 'FRD11', 'FRB06', 'FRB05', 'FRB02', 'FRB01', 'ES220', 'ES213', 'ES114', 'ES113', 'ES412', 'ES413', 'ES414', 'ES415', 'ES511', 'FRE11', 'ES418', 'ES417', 'ES416', 'FRK25', 'FRK21', 'FRK14', 'FRJ28', 'FRJ27', 'FRH01', 'FRG04', 'FRG02', 'FRF12', 'FRF11', 'FRH04', 'FRJ24', 'FRI34', 'FRI23', 'FRI15', 'DEC03', 'DEC01', 'DEB3K', 'DEB3J', 'DEB3G', 'DEB3D', 'DEE03', 'DEE02', 'DEB3B', 'DEA5A', 'DEA59', 'DEA54', 'DEA53', 'DEA46', 'DEA45', 'DEA44', 'DEA43', 'DEA42', 'DEB12', 'DEB15', 'DEB39', 'DEB22', 'DEB1C', 'DEB1A', 'DEB17', 'EL303', 'EL301', 'DEG06', 'DEF0A', 'DEF09', 'DEG0D', 'IE042', 'DEG0P', 'AT124', 'ITI19', 'FI1C5', 'FI1C4', 'SE231', 'SE214', 'SE125', 'SE123', 'SE122', 'SE211', 'DE40B', 'DE407', 'DE40F', 'DEA34', 'DE80N', 'DE80M', 'DE80K', 'DE917', 'DE918', 'DE923', 'BE223', 'BE323', 'DK041', 'DK032', 'DEA38', 'FRD13', 'FRD12', 'FRC13', 'FRC12', 'ES411', 'ES243', 'ES241', 'ES130', 'ES120', 'ES513', 'ES419', 'FRE12', 'FRK22', 'FRK12', 'FRK11', 'FRG03', 'FRF34', 'FRF33', 'FRI11', 'FRI13', 'FRJ25', 'FRJ14', 'FRI22', 'FRI21', 'DED2F', 'DED2E', 'DED42', 'DED43', 'DED45', 'DED44', 'DEA5B', 'DEA57', 'DEA56', 'DEB31', 'DEG0B', 'DEG0A', 'DEG0E', 'IE052', 'IE051', 'IE041', 'DEG0M', 'DEG0L', 'DEG0K', 'DEG0J', 'DEG0I', 'DEG0G']","['Sustainability', 'Economic development', 'Infrastructure', 'Cultural heritage', 'Housing']","The policy focuses on sustainable development in Ballygar, enhancing community facilities, infrastructure, and heritage conservation while promoting economic growth through small enterprises and tourism opportunities.","Ballygar, a small growth village in County Galway, aims to balance sustainable development with heritage conservation. The policy outlines strategies to enhance community facilities, improve infrastructure, and promote economic growth. Key actions include regenerating the village core, integrating new housing with existing structures, and prioritizing brownfield site development. The plan supports local education and community facilities, emphasizing pedestrian safety and public transport access. Heritage conservation is crucial, with the village's architectural character and historical sites being protected. Economic growth is encouraged through small-scale enterprises and tourism, leveraging Ballygar's proximity to the Suck Valley. Infrastructure improvements, particularly in water supply and wastewater treatment, are planned to support the growing population. The policy also identifies opportunity sites for mixed-use development to revitalize the village center. Overall, the policy aims to create a vibrant, sustainable community that respects its historical roots while fostering economic and social vitality.",['IE04'],https://www.galway.ie/en/media/13.1 Ballygar Small Growth Village combined.pdf,Programme,Verified
"['PL711', 'AT322', 'AT312', 'AT226', 'AT223', 'AT126', 'AT321', 'AT335', 'AT323', 'AT315', 'PL913', 'ITH20', 'ITH51', 'SI042', 'NL342', 'NL341', 'CH051', 'SE332', 'SE322', 'FI1C2', 'FI197', 'FI193', 'SE232', 'SE224', 'SE221', 'SE212', 'FI1D8', 'SI044', 'DE40C', 'DE27E', 'DE27B', 'DE40G', 'DE71C', 'DE716', 'DE715', 'DE600', 'DE501', 'DE255', 'DE24D', 'DE24B', 'DE24A', 'DE249', 'DE246', 'DE258', 'DE259', 'DE25A', 'DE276', 'DE26B', 'DE266', 'DE264', 'DE25C', 'DE25B', 'DE268', 'DE23A', 'DEA17', 'DEA12', 'DE94H', 'DE94F', 'DE94E', 'DE94B', 'DE94A', 'DE947', 'DE946', 'DE912', 'DE737', 'DE736', 'DE735', 'DE732', 'DE941', 'DE937', 'DE936', 'DE935', 'DE934', 'DE725', 'DE933', 'DE931', 'DE927', 'DE926', 'DE239', 'DE237', 'BE253', 'BE236', 'BE234', 'BE213', 'BE212', 'BE211', 'BE257', 'BE344', 'BE343', 'BE336', 'DK021', 'DK022', 'DE21G', 'DE219', 'DE211', 'DE21I', 'DE21J', 'DE236', 'DE235', 'DE234', 'DE229', 'DE224', 'DE228', 'DE11B', 'DE11A', 'DE119', 'DE118', 'DE114', 'DK050', 'DE135', 'DE12C', 'DE12B', 'DE127', 'ES708', 'ES707', 'ES704', 'FRD11', 'FRB06', 'FRB05', 'FRB02', 'FRB01', 'ES220', 'ES213', 'ES114', 'ES113', 'ES412', 'ES413', 'ES414', 'ES415', 'ES511', 'FRE11', 'ES418', 'ES417', 'ES416', 'FRK25', 'FRK21', 'FRK14', 'FRJ28', 'FRJ27', 'FRH01', 'FRG04', 'FRG02', 'FRF12', 'FRF11', 'FRH04', 'FRJ24', 'FRI34', 'FRI23', 'FRI15', 'DEC03', 'DEC01', 'DEB3K', 'DEB3J', 'DEB3G', 'DEB3D', 'DEE03', 'DEE02', 'DEB3B', 'DEA5A', 'DEA59', 'DEA54', 'DEA53', 'DEA46', 'DEA45', 'DEA44', 'DEA43', 'DEA42', 'DEB12', 'DEB15', 'DEB39', 'DEB22', 'DEB1C', 'DEB1A', 'DEB17', 'EL303', 'EL301', 'DEG06', 'DEF0A', 'DEF09', 'DEG0D', 'IE042', 'DEG0P', 'AT124', 'ITI19', 'FI1C5', 'FI1C4', 'SE231', 'SE214', 'SE125', 'SE123', 'SE122', 'SE211', 'DE40B', 'DE407', 'DE40F', 'DEA34', 'DE80N', 'DE80M', 'DE80K', 'DE917', 'DE918', 'DE923', 'BE223', 'BE323', 'DK041', 'DK032', 'DEA38', 'FRD13', 'FRD12', 'FRC13', 'FRC12', 'ES411', 'ES243', 'ES241', 'ES130', 'ES120', 'ES513', 'ES419', 'FRE12', 'FRK22', 'FRK12', 'FRK11', 'FRG03', 'FRF34', 'FRF33', 'FRI11', 'FRI13', 'FRJ25', 'FRJ14', 'FRI22', 'FRI21', 'DED2F', 'DED2E', 'DED42', 'DED43', 'DED45', 'DED44', 'DEA5B', 'DEA57', 'DEA56', 'DEB31', 'DEG0B', 'DEG0A', 'DEG0E', 'IE052', 'IE051', 'IE041', 'DEG0M', 'DEG0L', 'DEG0K', 'DEG0J', 'DEG0I', 'DEG0G']","['Sustainability', 'Economic development', 'Infrastructure', 'Cultural heritage', 'Housing']","The policy focuses on sustainable development in Glenamaddy, promoting a mix of residential, commercial, and community uses while preserving the village's heritage and character. Key actions include infrastructure expansion, streetscape enhancement, and support for small enterprises.","The policy document outlines a strategic plan for the sustainable development of Glenamaddy, a small growth village in North-East Galway. It emphasizes the integration of residential, commercial, and community facilities to create a vibrant village center. The plan includes promoting high-quality residential communities with diverse housing options and enhancing existing community facilities. Infrastructure expansion is prioritized to support anticipated growth, alongside streetscape enhancements to improve the public realm. The policy also encourages the development of small-scale enterprises to boost local employment and economic activity. Heritage conservation is a key consideration, ensuring that new developments respect the village's historical and rural character. An opportunity site at the village crossroads is identified for mixed-use development, aiming to revitalize the area and contribute to the village's vitality. The overall goal is to create a well-landscaped, accessible environment that meets the needs of residents and attracts visitors, while maintaining Glenamaddy's unique identity and natural amenities.",['IE04'],https://www.galway.ie/en/media/15.1 Glenamaddy Small Growth Village_0 combined.pdf,Programme,Community
"['PL711', 'AT322', 'AT312', 'AT226', 'AT223', 'AT126', 'AT321', 'AT335', 'AT323', 'AT315', 'PL913', 'ITH20', 'ITH51', 'SI042', 'NL342', 'NL341', 'CH051', 'SE332', 'SE322', 'FI1C2', 'FI197', 'FI193', 'SE232', 'SE224', 'SE221', 'SE212', 'FI1D8', 'SI044', 'DE40C', 'DE27E', 'DE27B', 'DE40G', 'DE71C', 'DE716', 'DE715', 'DE600', 'DE501', 'DE255', 'DE24D', 'DE24B', 'DE24A', 'DE249', 'DE246', 'DE258', 'DE259', 'DE25A', 'DE276', 'DE26B', 'DE266', 'DE264', 'DE25C', 'DE25B', 'DE268', 'DE23A', 'DEA17', 'DEA12', 'DE94H', 'DE94F', 'DE94E', 'DE94B', 'DE94A', 'DE947', 'DE946', 'DE912', 'DE737', 'DE736', 'DE735', 'DE732', 'DE941', 'DE937', 'DE936', 'DE935', 'DE934', 'DE725', 'DE933', 'DE931', 'DE927', 'DE926', 'DE239', 'DE237', 'BE253', 'BE236', 'BE234', 'BE213', 'BE212', 'BE211', 'BE257', 'BE344', 'BE343', 'BE336', 'DK021', 'DK022', 'DE21G', 'DE219', 'DE211', 'DE21I', 'DE21J', 'DE236', 'DE235', 'DE234', 'DE229', 'DE224', 'DE228', 'DE11B', 'DE11A', 'DE119', 'DE118', 'DE114', 'DK050', 'DE135', 'DE12C', 'DE12B', 'DE127', 'ES708', 'ES707', 'ES704', 'FRD11', 'FRB06', 'FRB05', 'FRB02', 'FRB01', 'ES220', 'ES213', 'ES114', 'ES113', 'ES412', 'ES413', 'ES414', 'ES415', 'ES511', 'FRE11', 'ES418', 'ES417', 'ES416', 'FRK25', 'FRK21', 'FRK14', 'FRJ28', 'FRJ27', 'FRH01', 'FRG04', 'FRG02', 'FRF12', 'FRF11', 'FRH04', 'FRJ24', 'FRI34', 'FRI23', 'FRI15', 'DEC03', 'DEC01', 'DEB3K', 'DEB3J', 'DEB3G', 'DEB3D', 'DEE03', 'DEE02', 'DEB3B', 'DEA5A', 'DEA59', 'DEA54', 'DEA53', 'DEA46', 'DEA45', 'DEA44', 'DEA43', 'DEA42', 'DEB12', 'DEB15', 'DEB39', 'DEB22', 'DEB1C', 'DEB1A', 'DEB17', 'EL303', 'EL301', 'DEG06', 'DEF0A', 'DEF09', 'DEG0D', 'IE042', 'DEG0P', 'AT124', 'ITI19', 'FI1C5', 'FI1C4', 'SE231', 'SE214', 'SE125', 'SE123', 'SE122', 'SE211', 'DE40B', 'DE407', 'DE40F', 'DEA34', 'DE80N', 'DE80M', 'DE80K', 'DE917', 'DE918', 'DE923', 'BE223', 'BE323', 'DK041', 'DK032', 'DEA38', 'FRD13', 'FRD12', 'FRC13', 'FRC12', 'ES411', 'ES243', 'ES241', 'ES130', 'ES120', 'ES513', 'ES419', 'FRE12', 'FRK22', 'FRK12', 'FRK11', 'FRG03', 'FRF34', 'FRF33', 'FRI11', 'FRI13', 'FRJ25', 'FRJ14', 'FRI22', 'FRI21', 'DED2F', 'DED2E', 'DED42', 'DED43', 'DED45', 'DED44', 'DEA5B', 'DEA57', 'DEA56', 'DEB31', 'DEG0B', 'DEG0A', 'DEG0E', 'IE052', 'IE051', 'IE041', 'DEG0M', 'DEG0L', 'DEG0K', 'DEG0J', 'DEG0I', 'DEG0G']","['Economic development', 'Infrastructure', 'Regional development', 'Transportation']","The submission advocates for designating Ballinasloe as an area of unlimited growth in the County Development Plan, emphasizing its strategic location and service capacity. It calls for urgent infrastructure upgrades to support population growth.","The submission proposes that Ballinasloe Town be designated as an area of unlimited growth in the upcoming County Development Plan. Ballinasloe is strategically positioned on the Galway-Dublin route, near the M6 Motorway and the Dublin-Galway Railway line, making it a vital service hub for East Galway. The town has a developed IDA Business and Technology Park and recently completed a multi-million enhancement scheme. The proposal highlights the town's potential to benefit from Athlone's growth as a regional gateway. It serves a large electoral area, indicating its regional importance. The submission stresses the urgent need to upgrade wastewater and water services in the Ballinasloe Electoral area to facilitate population growth in line with other county areas. The intended outcome is to leverage Ballinasloe's strategic advantages to foster economic development and regional service provision, ensuring it can accommodate future growth demands effectively.",['IE04'],https://www.galway.ie/en/media/16. M. Connolly(2).pdf,Programme,Verified
"['PL711', 'AT322', 'AT312', 'AT226', 'AT223', 'AT126', 'AT321', 'AT335', 'AT323', 'AT315', 'PL913', 'ITH20', 'ITH51', 'SI042', 'NL342', 'NL341', 'CH051', 'SE332', 'SE322', 'FI1C2', 'FI197', 'FI193', 'SE232', 'SE224', 'SE221', 'SE212', 'FI1D8', 'SI044', 'DE40C', 'DE27E', 'DE27B', 'DE40G', 'DE71C', 'DE716', 'DE715', 'DE600', 'DE501', 'DE255', 'DE24D', 'DE24B', 'DE24A', 'DE249', 'DE246', 'DE258', 'DE259', 'DE25A', 'DE276', 'DE26B', 'DE266', 'DE264', 'DE25C', 'DE25B', 'DE268', 'DE23A', 'DEA17', 'DEA12', 'DE94H', 'DE94F', 'DE94E', 'DE94B', 'DE94A', 'DE947', 'DE946', 'DE912', 'DE737', 'DE736', 'DE735', 'DE732', 'DE941', 'DE937', 'DE936', 'DE935', 'DE934', 'DE725', 'DE933', 'DE931', 'DE927', 'DE926', 'DE239', 'DE237', 'BE253', 'BE236', 'BE234', 'BE213', 'BE212', 'BE211', 'BE257', 'BE344', 'BE343', 'BE336', 'DK021', 'DK022', 'DE21G', 'DE219', 'DE211', 'DE21I', 'DE21J', 'DE236', 'DE235', 'DE234', 'DE229', 'DE224', 'DE228', 'DE11B', 'DE11A', 'DE119', 'DE118', 'DE114', 'DK050', 'DE135', 'DE12C', 'DE12B', 'DE127', 'ES708', 'ES707', 'ES704', 'FRD11', 'FRB06', 'FRB05', 'FRB02', 'FRB01', 'ES220', 'ES213', 'ES114', 'ES113', 'ES412', 'ES413', 'ES414', 'ES415', 'ES511', 'FRE11', 'ES418', 'ES417', 'ES416', 'FRK25', 'FRK21', 'FRK14', 'FRJ28', 'FRJ27', 'FRH01', 'FRG04', 'FRG02', 'FRF12', 'FRF11', 'FRH04', 'FRJ24', 'FRI34', 'FRI23', 'FRI15', 'DEC03', 'DEC01', 'DEB3K', 'DEB3J', 'DEB3G', 'DEB3D', 'DEE03', 'DEE02', 'DEB3B', 'DEA5A', 'DEA59', 'DEA54', 'DEA53', 'DEA46', 'DEA45', 'DEA44', 'DEA43', 'DEA42', 'DEB12', 'DEB15', 'DEB39', 'DEB22', 'DEB1C', 'DEB1A', 'DEB17', 'EL303', 'EL301', 'DEG06', 'DEF0A', 'DEF09', 'DEG0D', 'IE042', 'DEG0P', 'AT124', 'ITI19', 'FI1C5', 'FI1C4', 'SE231', 'SE214', 'SE125', 'SE123', 'SE122', 'SE211', 'DE40B', 'DE407', 'DE40F', 'DEA34', 'DE80N', 'DE80M', 'DE80K', 'DE917', 'DE918', 'DE923', 'BE223', 'BE323', 'DK041', 'DK032', 'DEA38', 'FRD13', 'FRD12', 'FRC13', 'FRC12', 'ES411', 'ES243', 'ES241', 'ES130', 'ES120', 'ES513', 'ES419', 'FRE12', 'FRK22', 'FRK12', 'FRK11', 'FRG03', 'FRF34', 'FRF33', 'FRI11', 'FRI13', 'FRJ25', 'FRJ14', 'FRI22', 'FRI21', 'DED2F', 'DED2E', 'DED42', 'DED43', 'DED45', 'DED44', 'DEA5B', 'DEA57', 'DEA56', 'DEB31', 'DEG0B', 'DEG0A', 'DEG0E', 'IE052', 'IE051', 'IE041', 'DEG0M', 'DEG0L', 'DEG0K', 'DEG0J', 'DEG0I', 'DEG0G']","['Sustainability', 'Economic development', 'Infrastructure', 'Housing', 'Community engagement']","The Moylough Small Growth Village plan aims to develop a sustainable, well-connected community with diverse housing, enhanced community facilities, and improved infrastructure, focusing on revitalizing the village centre and supporting local enterprises.","The Moylough Small Growth Village plan outlines a strategic approach to foster sustainable development in Moylough, a rural village 52km north-east of Galway City. The plan emphasizes enhancing the village's infrastructure, community facilities, and housing diversity. Key actions include promoting a mix of residential types, supporting local businesses, and improving connectivity and public infrastructure. The village centre is targeted for revitalization, with a focus on maintaining its rural character while encouraging commercial and community activities. The plan also highlights the importance of preserving the village's natural amenities and heritage. Specific zoning policies aim to facilitate small-scale enterprises and local employment opportunities, particularly near the primary school. The plan identifies an opportunity site for development to enhance the village's vitality. Overall, the strategy seeks to balance growth with the preservation of Moylough's unique character, ensuring it remains a vibrant, accessible, and sustainable community for residents and visitors alike.",['IE04'],https://www.galway.ie/en/media/17.1 Moylough Small Growth Village_0 combined.pdf,Programme,Community
"['PL711', 'AT322', 'AT312', 'AT226', 'AT223', 'AT126', 'AT321', 'AT335', 'AT323', 'AT315', 'PL913', 'ITH20', 'ITH51', 'SI042', 'NL342', 'NL341', 'CH051', 'SE332', 'SE322', 'FI1C2', 'FI197', 'FI193', 'SE232', 'SE224', 'SE221', 'SE212', 'FI1D8', 'SI044', 'DE40C', 'DE27E', 'DE27B', 'DE40G', 'DE71C', 'DE716', 'DE715', 'DE600', 'DE501', 'DE255', 'DE24D', 'DE24B', 'DE24A', 'DE249', 'DE246', 'DE258', 'DE259', 'DE25A', 'DE276', 'DE26B', 'DE266', 'DE264', 'DE25C', 'DE25B', 'DE268', 'DE23A', 'DEA17', 'DEA12', 'DE94H', 'DE94F', 'DE94E', 'DE94B', 'DE94A', 'DE947', 'DE946', 'DE912', 'DE737', 'DE736', 'DE735', 'DE732', 'DE941', 'DE937', 'DE936', 'DE935', 'DE934', 'DE725', 'DE933', 'DE931', 'DE927', 'DE926', 'DE239', 'DE237', 'BE253', 'BE236', 'BE234', 'BE213', 'BE212', 'BE211', 'BE257', 'BE344', 'BE343', 'BE336', 'DK021', 'DK022', 'DE21G', 'DE219', 'DE211', 'DE21I', 'DE21J', 'DE236', 'DE235', 'DE234', 'DE229', 'DE224', 'DE228', 'DE11B', 'DE11A', 'DE119', 'DE118', 'DE114', 'DK050', 'DE135', 'DE12C', 'DE12B', 'DE127', 'ES708', 'ES707', 'ES704', 'FRD11', 'FRB06', 'FRB05', 'FRB02', 'FRB01', 'ES220', 'ES213', 'ES114', 'ES113', 'ES412', 'ES413', 'ES414', 'ES415', 'ES511', 'FRE11', 'ES418', 'ES417', 'ES416', 'FRK25', 'FRK21', 'FRK14', 'FRJ28', 'FRJ27', 'FRH01', 'FRG04', 'FRG02', 'FRF12', 'FRF11', 'FRH04', 'FRJ24', 'FRI34', 'FRI23', 'FRI15', 'DEC03', 'DEC01', 'DEB3K', 'DEB3J', 'DEB3G', 'DEB3D', 'DEE03', 'DEE02', 'DEB3B', 'DEA5A', 'DEA59', 'DEA54', 'DEA53', 'DEA46', 'DEA45', 'DEA44', 'DEA43', 'DEA42', 'DEB12', 'DEB15', 'DEB39', 'DEB22', 'DEB1C', 'DEB1A', 'DEB17', 'EL303', 'EL301', 'DEG06', 'DEF0A', 'DEF09', 'DEG0D', 'IE042', 'DEG0P', 'AT124', 'ITI19', 'FI1C5', 'FI1C4', 'SE231', 'SE214', 'SE125', 'SE123', 'SE122', 'SE211', 'DE40B', 'DE407', 'DE40F', 'DEA34', 'DE80N', 'DE80M', 'DE80K', 'DE917', 'DE918', 'DE923', 'BE223', 'BE323', 'DK041', 'DK032', 'DEA38', 'FRD13', 'FRD12', 'FRC13', 'FRC12', 'ES411', 'ES243', 'ES241', 'ES130', 'ES120', 'ES513', 'ES419', 'FRE12', 'FRK22', 'FRK12', 'FRK11', 'FRG03', 'FRF34', 'FRF33', 'FRI11', 'FRI13', 'FRJ25', 'FRJ14', 'FRI22', 'FRI21', 'DED2F', 'DED2E', 'DED42', 'DED43', 'DED45', 'DED44', 'DEA5B', 'DEA57', 'DEA56', 'DEB31', 'DEG0B', 'DEG0A', 'DEG0E', 'IE052', 'IE051', 'IE041', 'DEG0M', 'DEG0L', 'DEG0K', 'DEG0J', 'DEG0I', 'DEG0G']","['Economic development', 'Innovation', 'Regional development']","The submission advocates for a detailed Masterplan in the Galway County Development Plan 2022-2028, focusing on transforming lands near the former Galway Airport into a hub for employment and innovation, aligning with Regional Policy Objective RPO 3.6.6.","The submission by McCarthy Keville O’Sullivan Ltd., on behalf of Timbletron, addresses the Galway County Council Development Plan 2022-2028. It emphasizes the strategic importance of lands near the former Galway Airport, approximately 4km east of Galway City Centre, as a potential hub for commercial activity. The area is highlighted in the Regional Spatial & Economic Strategy for the Northern and Western Region 2020-2032, specifically under Regional Policy Objective RPO 3.6.6, which supports the creation of a Masterplan for residential, community, and employment uses. The submission requests the inclusion of a detailed Masterplan in the Draft Galway County Development Plan to facilitate development in line with the regional vision. The proposed Masterplan aims to leverage the area's potential for becoming an employment and innovation hub, contributing to regional economic growth. The submission underscores the importance of strategic planning in transforming the locality into a nucleus of commercial and innovative activity, aligning with broader regional development goals.",['IE04'],https://www.galway.ie/en/media/18. Timbletron.pdf,Policy,AI
"['PL711', 'AT322', 'AT312', 'AT226', 'AT223', 'AT126', 'AT321', 'AT335', 'AT323', 'AT315', 'PL913', 'ITH20', 'ITH51', 'SI042', 'NL342', 'NL341', 'CH051', 'SE332', 'SE322', 'FI1C2', 'FI197', 'FI193', 'SE232', 'SE224', 'SE221', 'SE212', 'FI1D8', 'SI044', 'DE40C', 'DE27E', 'DE27B', 'DE40G', 'DE71C', 'DE716', 'DE715', 'DE600', 'DE501', 'DE255', 'DE24D', 'DE24B', 'DE24A', 'DE249', 'DE246', 'DE258', 'DE259', 'DE25A', 'DE276', 'DE26B', 'DE266', 'DE264', 'DE25C', 'DE25B', 'DE268', 'DE23A', 'DEA17', 'DEA12', 'DE94H', 'DE94F', 'DE94E', 'DE94B', 'DE94A', 'DE947', 'DE946', 'DE912', 'DE737', 'DE736', 'DE735', 'DE732', 'DE941', 'DE937', 'DE936', 'DE935', 'DE934', 'DE725', 'DE933', 'DE931', 'DE927', 'DE926', 'DE239', 'DE237', 'BE253', 'BE236', 'BE234', 'BE213', 'BE212', 'BE211', 'BE257', 'BE344', 'BE343', 'BE336', 'DK021', 'DK022', 'DE21G', 'DE219', 'DE211', 'DE21I', 'DE21J', 'DE236', 'DE235', 'DE234', 'DE229', 'DE224', 'DE228', 'DE11B', 'DE11A', 'DE119', 'DE118', 'DE114', 'DK050', 'DE135', 'DE12C', 'DE12B', 'DE127', 'ES708', 'ES707', 'ES704', 'FRD11', 'FRB06', 'FRB05', 'FRB02', 'FRB01', 'ES220', 'ES213', 'ES114', 'ES113', 'ES412', 'ES413', 'ES414', 'ES415', 'ES511', 'FRE11', 'ES418', 'ES417', 'ES416', 'FRK25', 'FRK21', 'FRK14', 'FRJ28', 'FRJ27', 'FRH01', 'FRG04', 'FRG02', 'FRF12', 'FRF11', 'FRH04', 'FRJ24', 'FRI34', 'FRI23', 'FRI15', 'DEC03', 'DEC01', 'DEB3K', 'DEB3J', 'DEB3G', 'DEB3D', 'DEE03', 'DEE02', 'DEB3B', 'DEA5A', 'DEA59', 'DEA54', 'DEA53', 'DEA46', 'DEA45', 'DEA44', 'DEA43', 'DEA42', 'DEB12', 'DEB15', 'DEB39', 'DEB22', 'DEB1C', 'DEB1A', 'DEB17', 'EL303', 'EL301', 'DEG06', 'DEF0A', 'DEF09', 'DEG0D', 'IE042', 'DEG0P', 'AT124', 'ITI19', 'FI1C5', 'FI1C4', 'SE231', 'SE214', 'SE125', 'SE123', 'SE122', 'SE211', 'DE40B', 'DE407', 'DE40F', 'DEA34', 'DE80N', 'DE80M', 'DE80K', 'DE917', 'DE918', 'DE923', 'BE223', 'BE323', 'DK041', 'DK032', 'DEA38', 'FRD13', 'FRD12', 'FRC13', 'FRC12', 'ES411', 'ES243', 'ES241', 'ES130', 'ES120', 'ES513', 'ES419', 'FRE12', 'FRK22', 'FRK12', 'FRK11', 'FRG03', 'FRF34', 'FRF33', 'FRI11', 'FRI13', 'FRJ25', 'FRJ14', 'FRI22', 'FRI21', 'DED2F', 'DED2E', 'DED42', 'DED43', 'DED45', 'DED44', 'DEA5B', 'DEA57', 'DEA56', 'DEB31', 'DEG0B', 'DEG0A', 'DEG0E', 'IE052', 'IE051', 'IE041', 'DEG0M', 'DEG0L', 'DEG0K', 'DEG0J', 'DEG0I', 'DEG0G']","['Economic development', 'Regional development', 'Governance', 'Social inclusion']","Criona Healy-Erkena requests the removal of the 'Local Only Rule' from the upcoming Galway County Development Plan, aiming to influence policy changes in planning permissions.","Criona Healy-Erkena has submitted a request to the Galway County Planning Department, advocating for the removal of the 'Local Only Rule' from the new County Development Plan. This rule currently restricts planning permissions to local residents, which Healy-Erkena believes should be reconsidered in the upcoming policy formulation. The request is part of the public consultation process for the new development plan, which is being formulated by planners this year. The removal of this clause could potentially open up planning permissions to a broader demographic, impacting local development dynamics and possibly stimulating economic growth by attracting non-local investors and residents. The submission highlights the need for policy evolution to reflect changing societal and economic conditions. The intended outcome is to influence the planners to consider more inclusive and flexible planning policies that align with broader developmental goals. This request is part of a larger dialogue on how local policies can adapt to contemporary challenges and opportunities in urban and rural development.",['IE04'],https://www.galway.ie/en/media/20. C. Healy-Erkena.pdf,Programme,Verified
"['PL711', 'AT322', 'AT312', 'AT226', 'AT223', 'AT126', 'AT321', 'AT335', 'AT323', 'AT315', 'PL913', 'ITH20', 'ITH51', 'SI042', 'NL342', 'NL341', 'CH051', 'SE332', 'SE322', 'FI1C2', 'FI197', 'FI193', 'SE232', 'SE224', 'SE221', 'SE212', 'FI1D8', 'SI044', 'DE40C', 'DE27E', 'DE27B', 'DE40G', 'DE71C', 'DE716', 'DE715', 'DE600', 'DE501', 'DE255', 'DE24D', 'DE24B', 'DE24A', 'DE249', 'DE246', 'DE258', 'DE259', 'DE25A', 'DE276', 'DE26B', 'DE266', 'DE264', 'DE25C', 'DE25B', 'DE268', 'DE23A', 'DEA17', 'DEA12', 'DE94H', 'DE94F', 'DE94E', 'DE94B', 'DE94A', 'DE947', 'DE946', 'DE912', 'DE737', 'DE736', 'DE735', 'DE732', 'DE941', 'DE937', 'DE936', 'DE935', 'DE934', 'DE725', 'DE933', 'DE931', 'DE927', 'DE926', 'DE239', 'DE237', 'BE253', 'BE236', 'BE234', 'BE213', 'BE212', 'BE211', 'BE257', 'BE344', 'BE343', 'BE336', 'DK021', 'DK022', 'DE21G', 'DE219', 'DE211', 'DE21I', 'DE21J', 'DE236', 'DE235', 'DE234', 'DE229', 'DE224', 'DE228', 'DE11B', 'DE11A', 'DE119', 'DE118', 'DE114', 'DK050', 'DE135', 'DE12C', 'DE12B', 'DE127', 'ES708', 'ES707', 'ES704', 'FRD11', 'FRB06', 'FRB05', 'FRB02', 'FRB01', 'ES220', 'ES213', 'ES114', 'ES113', 'ES412', 'ES413', 'ES414', 'ES415', 'ES511', 'FRE11', 'ES418', 'ES417', 'ES416', 'FRK25', 'FRK21', 'FRK14', 'FRJ28', 'FRJ27', 'FRH01', 'FRG04', 'FRG02', 'FRF12', 'FRF11', 'FRH04', 'FRJ24', 'FRI34', 'FRI23', 'FRI15', 'DEC03', 'DEC01', 'DEB3K', 'DEB3J', 'DEB3G', 'DEB3D', 'DEE03', 'DEE02', 'DEB3B', 'DEA5A', 'DEA59', 'DEA54', 'DEA53', 'DEA46', 'DEA45', 'DEA44', 'DEA43', 'DEA42', 'DEB12', 'DEB15', 'DEB39', 'DEB22', 'DEB1C', 'DEB1A', 'DEB17', 'EL303', 'EL301', 'DEG06', 'DEF0A', 'DEF09', 'DEG0D', 'IE042', 'DEG0P', 'AT124', 'ITI19', 'FI1C5', 'FI1C4', 'SE231', 'SE214', 'SE125', 'SE123', 'SE122', 'SE211', 'DE40B', 'DE407', 'DE40F', 'DEA34', 'DE80N', 'DE80M', 'DE80K', 'DE917', 'DE918', 'DE923', 'BE223', 'BE323', 'DK041', 'DK032', 'DEA38', 'FRD13', 'FRD12', 'FRC13', 'FRC12', 'ES411', 'ES243', 'ES241', 'ES130', 'ES120', 'ES513', 'ES419', 'FRE12', 'FRK22', 'FRK12', 'FRK11', 'FRG03', 'FRF34', 'FRF33', 'FRI11', 'FRI13', 'FRJ25', 'FRJ14', 'FRI22', 'FRI21', 'DED2F', 'DED2E', 'DED42', 'DED43', 'DED45', 'DED44', 'DEA5B', 'DEA57', 'DEA56', 'DEB31', 'DEG0B', 'DEG0A', 'DEG0E', 'IE052', 'IE051', 'IE041', 'DEG0M', 'DEG0L', 'DEG0K', 'DEG0J', 'DEG0I', 'DEG0G']","['Economic development', 'Regional development', 'Governance', 'Social inclusion']","Edvins Erkens requests a policy change in the Galway County Development Plan to remove or relax 'Local only' restrictions on Planning Permission applications, aiming for more inclusive development opportunities.","Edvins Erkens has formally submitted a request to the Galway County Planning Department, appealing for a revision of the current restrictions in the County Development Plan. Specifically, the appeal targets the 'Local only' rules that limit Planning Permission applications to local residents or entities. Erkens argues that these restrictions are overly stringent and proposes their removal or relaxation to foster a more inclusive and flexible development environment. The request is set against the backdrop of the upcoming Galway County Development Planning Meeting on September 10th, 2020, where such policy changes could be discussed and potentially integrated into the new development plan. The intended outcome of this policy change is to broaden the scope of development opportunities, potentially attracting a wider range of applicants and investments, thereby stimulating economic growth and diversification in the region. The appeal underscores the need for policy adaptability to meet evolving community and economic needs, suggesting that less restrictive planning policies could better serve the county's long-term development goals.",['IE04'],https://www.galway.ie/en/media/21. E. Erkens.pdf,Policy,Community
"['PL711', 'AT322', 'AT312', 'AT226', 'AT223', 'AT126', 'AT321', 'AT335', 'AT323', 'AT315', 'PL913', 'ITH20', 'ITH51', 'SI042', 'NL342', 'NL341', 'CH051', 'SE332', 'SE322', 'FI1C2', 'FI197', 'FI193', 'SE232', 'SE224', 'SE221', 'SE212', 'FI1D8', 'SI044', 'DE40C', 'DE27E', 'DE27B', 'DE40G', 'DE71C', 'DE716', 'DE715', 'DE600', 'DE501', 'DE255', 'DE24D', 'DE24B', 'DE24A', 'DE249', 'DE246', 'DE258', 'DE259', 'DE25A', 'DE276', 'DE26B', 'DE266', 'DE264', 'DE25C', 'DE25B', 'DE268', 'DE23A', 'DEA17', 'DEA12', 'DE94H', 'DE94F', 'DE94E', 'DE94B', 'DE94A', 'DE947', 'DE946', 'DE912', 'DE737', 'DE736', 'DE735', 'DE732', 'DE941', 'DE937', 'DE936', 'DE935', 'DE934', 'DE725', 'DE933', 'DE931', 'DE927', 'DE926', 'DE239', 'DE237', 'BE253', 'BE236', 'BE234', 'BE213', 'BE212', 'BE211', 'BE257', 'BE344', 'BE343', 'BE336', 'DK021', 'DK022', 'DE21G', 'DE219', 'DE211', 'DE21I', 'DE21J', 'DE236', 'DE235', 'DE234', 'DE229', 'DE224', 'DE228', 'DE11B', 'DE11A', 'DE119', 'DE118', 'DE114', 'DK050', 'DE135', 'DE12C', 'DE12B', 'DE127', 'ES708', 'ES707', 'ES704', 'FRD11', 'FRB06', 'FRB05', 'FRB02', 'FRB01', 'ES220', 'ES213', 'ES114', 'ES113', 'ES412', 'ES413', 'ES414', 'ES415', 'ES511', 'FRE11', 'ES418', 'ES417', 'ES416', 'FRK25', 'FRK21', 'FRK14', 'FRJ28', 'FRJ27', 'FRH01', 'FRG04', 'FRG02', 'FRF12', 'FRF11', 'FRH04', 'FRJ24', 'FRI34', 'FRI23', 'FRI15', 'DEC03', 'DEC01', 'DEB3K', 'DEB3J', 'DEB3G', 'DEB3D', 'DEE03', 'DEE02', 'DEB3B', 'DEA5A', 'DEA59', 'DEA54', 'DEA53', 'DEA46', 'DEA45', 'DEA44', 'DEA43', 'DEA42', 'DEB12', 'DEB15', 'DEB39', 'DEB22', 'DEB1C', 'DEB1A', 'DEB17', 'EL303', 'EL301', 'DEG06', 'DEF0A', 'DEF09', 'DEG0D', 'IE042', 'DEG0P', 'AT124', 'ITI19', 'FI1C5', 'FI1C4', 'SE231', 'SE214', 'SE125', 'SE123', 'SE122', 'SE211', 'DE40B', 'DE407', 'DE40F', 'DEA34', 'DE80N', 'DE80M', 'DE80K', 'DE917', 'DE918', 'DE923', 'BE223', 'BE323', 'DK041', 'DK032', 'DEA38', 'FRD13', 'FRD12', 'FRC13', 'FRC12', 'ES411', 'ES243', 'ES241', 'ES130', 'ES120', 'ES513', 'ES419', 'FRE12', 'FRK22', 'FRK12', 'FRK11', 'FRG03', 'FRF34', 'FRF33', 'FRI11', 'FRI13', 'FRJ25', 'FRJ14', 'FRI22', 'FRI21', 'DED2F', 'DED2E', 'DED42', 'DED43', 'DED45', 'DED44', 'DEA5B', 'DEA57', 'DEA56', 'DEB31', 'DEG0B', 'DEG0A', 'DEG0E', 'IE052', 'IE051', 'IE041', 'DEG0M', 'DEG0L', 'DEG0K', 'DEG0J', 'DEG0I', 'DEG0G']","['Economic development', 'Infrastructure', 'Innovation', 'Regional development', 'Digitalisation']","The meeting focused on economic development initiatives, including a Marine Innovation Park, the Atlantic Economic Corridor, and broadband expansion, aiming to boost regional growth and infrastructure.","The Economic Development & Enterprise Strategic Policy Committee meeting on March 21, 2018, addressed several key initiatives to enhance regional economic growth. The development of a State of the Art Marine Innovation Park at Páirc na Mara was discussed, highlighting its potential economic benefits and the need for robust design and infrastructure. The Atlantic Economic Corridor was presented as a strategic plan to leverage existing enterprises and improve infrastructure, with a call for collaboration among local councils and business groups. The meeting also covered the Ireland West Food Innovation and Incubation Hub, which received significant funding but faces a shortfall, and the European Region of Gastronomy designation, emphasizing the need to showcase Galway's offerings. Additionally, updates on broadband expansion and the Galway Airport project were provided, focusing on improving connectivity and repurposing facilities for economic use. The meeting underscored the importance of strategic planning and collaboration to maximize these initiatives' impact on regional development.",['IE04'],https://www.galway.ie/en/media/21.03.2018 Economic SPC Minutes.pdf,Programme,AI
"['PL711', 'AT322', 'AT312', 'AT226', 'AT223', 'AT126', 'AT321', 'AT335', 'AT323', 'AT315', 'PL913', 'ITH20', 'ITH51', 'SI042', 'NL342', 'NL341', 'CH051', 'SE332', 'SE322', 'FI1C2', 'FI197', 'FI193', 'SE232', 'SE224', 'SE221', 'SE212', 'FI1D8', 'SI044', 'DE40C', 'DE27E', 'DE27B', 'DE40G', 'DE71C', 'DE716', 'DE715', 'DE600', 'DE501', 'DE255', 'DE24D', 'DE24B', 'DE24A', 'DE249', 'DE246', 'DE258', 'DE259', 'DE25A', 'DE276', 'DE26B', 'DE266', 'DE264', 'DE25C', 'DE25B', 'DE268', 'DE23A', 'DEA17', 'DEA12', 'DE94H', 'DE94F', 'DE94E', 'DE94B', 'DE94A', 'DE947', 'DE946', 'DE912', 'DE737', 'DE736', 'DE735', 'DE732', 'DE941', 'DE937', 'DE936', 'DE935', 'DE934', 'DE725', 'DE933', 'DE931', 'DE927', 'DE926', 'DE239', 'DE237', 'BE253', 'BE236', 'BE234', 'BE213', 'BE212', 'BE211', 'BE257', 'BE344', 'BE343', 'BE336', 'DK021', 'DK022', 'DE21G', 'DE219', 'DE211', 'DE21I', 'DE21J', 'DE236', 'DE235', 'DE234', 'DE229', 'DE224', 'DE228', 'DE11B', 'DE11A', 'DE119', 'DE118', 'DE114', 'DK050', 'DE135', 'DE12C', 'DE12B', 'DE127', 'ES708', 'ES707', 'ES704', 'FRD11', 'FRB06', 'FRB05', 'FRB02', 'FRB01', 'ES220', 'ES213', 'ES114', 'ES113', 'ES412', 'ES413', 'ES414', 'ES415', 'ES511', 'FRE11', 'ES418', 'ES417', 'ES416', 'FRK25', 'FRK21', 'FRK14', 'FRJ28', 'FRJ27', 'FRH01', 'FRG04', 'FRG02', 'FRF12', 'FRF11', 'FRH04', 'FRJ24', 'FRI34', 'FRI23', 'FRI15', 'DEC03', 'DEC01', 'DEB3K', 'DEB3J', 'DEB3G', 'DEB3D', 'DEE03', 'DEE02', 'DEB3B', 'DEA5A', 'DEA59', 'DEA54', 'DEA53', 'DEA46', 'DEA45', 'DEA44', 'DEA43', 'DEA42', 'DEB12', 'DEB15', 'DEB39', 'DEB22', 'DEB1C', 'DEB1A', 'DEB17', 'EL303', 'EL301', 'DEG06', 'DEF0A', 'DEF09', 'DEG0D', 'IE042', 'DEG0P', 'AT124', 'ITI19', 'FI1C5', 'FI1C4', 'SE231', 'SE214', 'SE125', 'SE123', 'SE122', 'SE211', 'DE40B', 'DE407', 'DE40F', 'DEA34', 'DE80N', 'DE80M', 'DE80K', 'DE917', 'DE918', 'DE923', 'BE223', 'BE323', 'DK041', 'DK032', 'DEA38', 'FRD13', 'FRD12', 'FRC13', 'FRC12', 'ES411', 'ES243', 'ES241', 'ES130', 'ES120', 'ES513', 'ES419', 'FRE12', 'FRK22', 'FRK12', 'FRK11', 'FRG03', 'FRF34', 'FRF33', 'FRI11', 'FRI13', 'FRJ25', 'FRJ14', 'FRI22', 'FRI21', 'DED2F', 'DED2E', 'DED42', 'DED43', 'DED45', 'DED44', 'DEA5B', 'DEA57', 'DEA56', 'DEB31', 'DEG0B', 'DEG0A', 'DEG0E', 'IE052', 'IE051', 'IE041', 'DEG0M', 'DEG0L', 'DEG0K', 'DEG0J', 'DEG0I', 'DEG0G']","['Sustainability', 'Environmental protection', 'Governance', 'Regional development']","The document lists invalid planning applications submitted to Galway County Council between April 21-27, 2025. It highlights various development proposals, including retention, demolition, and construction activities, emphasizing the need for compliance with planning regulations.","This document provides a detailed account of invalid planning applications submitted to the Galway County Council from April 21 to April 27, 2025. It includes a range of development proposals, such as the construction of walking trails, garages, and residential extensions, as well as changes in land use from commercial to residential. The applications are marked as invalid, indicating non-compliance with existing planning regulations or incomplete submissions. The document serves as a critical tool for policy officers to understand common issues in planning applications, such as the need for Natura impact statements or adherence to previous planning permissions. By identifying these invalid applications, the council aims to ensure that all developments meet the required legal and environmental standards, thereby promoting sustainable development practices. The document also underscores the importance of protecting personal data in accordance with the Data Protection Acts 1988 - 2018, warning against the misuse of applicants' personal information. The ultimate goal is to streamline the planning process, reduce invalid submissions, and facilitate developments that align with regional planning objectives and community needs.",['IE04'],https://www.galway.ie/en/media/21.04.2025 - 27.04.2025 Invalid.pdf,Programme,Verified
"['PL711', 'AT322', 'AT312', 'AT226', 'AT223', 'AT126', 'AT321', 'AT335', 'AT323', 'AT315', 'PL913', 'ITH20', 'ITH51', 'SI042', 'NL342', 'NL341', 'CH051', 'SE332', 'SE322', 'FI1C2', 'FI197', 'FI193', 'SE232', 'SE224', 'SE221', 'SE212', 'FI1D8', 'SI044', 'DE40C', 'DE27E', 'DE27B', 'DE40G', 'DE71C', 'DE716', 'DE715', 'DE600', 'DE501', 'DE255', 'DE24D', 'DE24B', 'DE24A', 'DE249', 'DE246', 'DE258', 'DE259', 'DE25A', 'DE276', 'DE26B', 'DE266', 'DE264', 'DE25C', 'DE25B', 'DE268', 'DE23A', 'DEA17', 'DEA12', 'DE94H', 'DE94F', 'DE94E', 'DE94B', 'DE94A', 'DE947', 'DE946', 'DE912', 'DE737', 'DE736', 'DE735', 'DE732', 'DE941', 'DE937', 'DE936', 'DE935', 'DE934', 'DE725', 'DE933', 'DE931', 'DE927', 'DE926', 'DE239', 'DE237', 'BE253', 'BE236', 'BE234', 'BE213', 'BE212', 'BE211', 'BE257', 'BE344', 'BE343', 'BE336', 'DK021', 'DK022', 'DE21G', 'DE219', 'DE211', 'DE21I', 'DE21J', 'DE236', 'DE235', 'DE234', 'DE229', 'DE224', 'DE228', 'DE11B', 'DE11A', 'DE119', 'DE118', 'DE114', 'DK050', 'DE135', 'DE12C', 'DE12B', 'DE127', 'ES708', 'ES707', 'ES704', 'FRD11', 'FRB06', 'FRB05', 'FRB02', 'FRB01', 'ES220', 'ES213', 'ES114', 'ES113', 'ES412', 'ES413', 'ES414', 'ES415', 'ES511', 'FRE11', 'ES418', 'ES417', 'ES416', 'FRK25', 'FRK21', 'FRK14', 'FRJ28', 'FRJ27', 'FRH01', 'FRG04', 'FRG02', 'FRF12', 'FRF11', 'FRH04', 'FRJ24', 'FRI34', 'FRI23', 'FRI15', 'DEC03', 'DEC01', 'DEB3K', 'DEB3J', 'DEB3G', 'DEB3D', 'DEE03', 'DEE02', 'DEB3B', 'DEA5A', 'DEA59', 'DEA54', 'DEA53', 'DEA46', 'DEA45', 'DEA44', 'DEA43', 'DEA42', 'DEB12', 'DEB15', 'DEB39', 'DEB22', 'DEB1C', 'DEB1A', 'DEB17', 'EL303', 'EL301', 'DEG06', 'DEF0A', 'DEF09', 'DEG0D', 'IE042', 'DEG0P', 'AT124', 'ITI19', 'FI1C5', 'FI1C4', 'SE231', 'SE214', 'SE125', 'SE123', 'SE122', 'SE211', 'DE40B', 'DE407', 'DE40F', 'DEA34', 'DE80N', 'DE80M', 'DE80K', 'DE917', 'DE918', 'DE923', 'BE223', 'BE323', 'DK041', 'DK032', 'DEA38', 'FRD13', 'FRD12', 'FRC13', 'FRC12', 'ES411', 'ES243', 'ES241', 'ES130', 'ES120', 'ES513', 'ES419', 'FRE12', 'FRK22', 'FRK12', 'FRK11', 'FRG03', 'FRF34', 'FRF33', 'FRI11', 'FRI13', 'FRJ25', 'FRJ14', 'FRI22', 'FRI21', 'DED2F', 'DED2E', 'DED42', 'DED43', 'DED45', 'DED44', 'DEA5B', 'DEA57', 'DEA56', 'DEB31', 'DEG0B', 'DEG0A', 'DEG0E', 'IE052', 'IE051', 'IE041', 'DEG0M', 'DEG0L', 'DEG0K', 'DEG0J', 'DEG0I', 'DEG0G']","['Infrastructure', 'Transportation', 'Regional development', 'Economic development']","The document outlines TII's recommendations for the Galway County Development Plan, focusing on safeguarding national roads, ensuring strategic transport planning, and integrating land use with transportation to maintain road safety and efficiency.","The document provides TII's observations on the Galway County Development Plan review, emphasizing the importance of aligning with EU TEN-T regulations and Project Ireland 2040. It highlights the need to maintain the strategic function, capacity, and safety of national roads, including the M/N6, N/M17, and N/M18 routes. TII stresses the importance of integrating land use planning with transportation strategies to support economic growth and regional accessibility. The document recommends specific actions such as safeguarding road schemes, managing development at road junctions, and ensuring that new developments do not compromise road safety or capacity. It also advises on the inclusion of policies for road safety assessments, traffic and transport assessments, and the management of service areas. The intended outcome is to ensure that the national road network continues to support inter-urban and inter-regional transport needs efficiently and safely, while also accommodating local development in a sustainable manner. TII offers to collaborate with the Galway County Council to ensure these objectives are met in the new Development Plan.",['IE04'],https://www.galway.ie/en/media/22. Transport Infrastructure Ireland.pdf,Programme,Community
"['PL711', 'AT322', 'AT312', 'AT226', 'AT223', 'AT126', 'AT321', 'AT335', 'AT323', 'AT315', 'PL913', 'ITH20', 'ITH51', 'SI042', 'NL342', 'NL341', 'CH051', 'SE332', 'SE322', 'FI1C2', 'FI197', 'FI193', 'SE232', 'SE224', 'SE221', 'SE212', 'FI1D8', 'SI044', 'DE40C', 'DE27E', 'DE27B', 'DE40G', 'DE71C', 'DE716', 'DE715', 'DE600', 'DE501', 'DE255', 'DE24D', 'DE24B', 'DE24A', 'DE249', 'DE246', 'DE258', 'DE259', 'DE25A', 'DE276', 'DE26B', 'DE266', 'DE264', 'DE25C', 'DE25B', 'DE268', 'DE23A', 'DEA17', 'DEA12', 'DE94H', 'DE94F', 'DE94E', 'DE94B', 'DE94A', 'DE947', 'DE946', 'DE912', 'DE737', 'DE736', 'DE735', 'DE732', 'DE941', 'DE937', 'DE936', 'DE935', 'DE934', 'DE725', 'DE933', 'DE931', 'DE927', 'DE926', 'DE239', 'DE237', 'BE253', 'BE236', 'BE234', 'BE213', 'BE212', 'BE211', 'BE257', 'BE344', 'BE343', 'BE336', 'DK021', 'DK022', 'DE21G', 'DE219', 'DE211', 'DE21I', 'DE21J', 'DE236', 'DE235', 'DE234', 'DE229', 'DE224', 'DE228', 'DE11B', 'DE11A', 'DE119', 'DE118', 'DE114', 'DK050', 'DE135', 'DE12C', 'DE12B', 'DE127', 'ES708', 'ES707', 'ES704', 'FRD11', 'FRB06', 'FRB05', 'FRB02', 'FRB01', 'ES220', 'ES213', 'ES114', 'ES113', 'ES412', 'ES413', 'ES414', 'ES415', 'ES511', 'FRE11', 'ES418', 'ES417', 'ES416', 'FRK25', 'FRK21', 'FRK14', 'FRJ28', 'FRJ27', 'FRH01', 'FRG04', 'FRG02', 'FRF12', 'FRF11', 'FRH04', 'FRJ24', 'FRI34', 'FRI23', 'FRI15', 'DEC03', 'DEC01', 'DEB3K', 'DEB3J', 'DEB3G', 'DEB3D', 'DEE03', 'DEE02', 'DEB3B', 'DEA5A', 'DEA59', 'DEA54', 'DEA53', 'DEA46', 'DEA45', 'DEA44', 'DEA43', 'DEA42', 'DEB12', 'DEB15', 'DEB39', 'DEB22', 'DEB1C', 'DEB1A', 'DEB17', 'EL303', 'EL301', 'DEG06', 'DEF0A', 'DEF09', 'DEG0D', 'IE042', 'DEG0P', 'AT124', 'ITI19', 'FI1C5', 'FI1C4', 'SE231', 'SE214', 'SE125', 'SE123', 'SE122', 'SE211', 'DE40B', 'DE407', 'DE40F', 'DEA34', 'DE80N', 'DE80M', 'DE80K', 'DE917', 'DE918', 'DE923', 'BE223', 'BE323', 'DK041', 'DK032', 'DEA38', 'FRD13', 'FRD12', 'FRC13', 'FRC12', 'ES411', 'ES243', 'ES241', 'ES130', 'ES120', 'ES513', 'ES419', 'FRE12', 'FRK22', 'FRK12', 'FRK11', 'FRG03', 'FRF34', 'FRF33', 'FRI11', 'FRI13', 'FRJ25', 'FRJ14', 'FRI22', 'FRI21', 'DED2F', 'DED2E', 'DED42', 'DED43', 'DED45', 'DED44', 'DEA5B', 'DEA57', 'DEA56', 'DEB31', 'DEG0B', 'DEG0A', 'DEG0E', 'IE052', 'IE051', 'IE041', 'DEG0M', 'DEG0L', 'DEG0K', 'DEG0J', 'DEG0I', 'DEG0G']","['Housing', 'Infrastructure', 'Transportation', 'Regional development', 'Community engagement']","The document proposes policies to enhance housing, infrastructure, and community development in Galway County, focusing on social housing, rural depopulation prevention, and improved transport systems to strengthen local communities and reduce urban congestion.","This policy document outlines a series of proposals aimed at improving housing and infrastructure in Galway County. Key initiatives include ensuring the provision of social and affordable housing, particularly on publicly owned lands, and addressing rural depopulation by facilitating housing developments in rural areas. The document emphasizes the need for local waste water solutions in villages lacking public treatment facilities and advocates for improved road and rail infrastructure to enhance public transport and reduce car dependency. It also highlights the importance of maintaining the Galway Airport site for future development and training purposes. The proposals aim to strengthen rural communities, improve quality of life, and ensure balanced regional development by collaborating with entities like Irish Rail and the IDA. The document stresses the need for strategic planning to prevent urban congestion and promote sustainable growth across the county, ultimately enhancing the living standards and economic opportunities for residents.",['IE04'],https://www.galway.ie/en/media/26. J. Cuddy.pdf,Programme,AI
"['PL711', 'AT322', 'AT312', 'AT226', 'AT223', 'AT126', 'AT321', 'AT335', 'AT323', 'AT315', 'PL913', 'ITH20', 'ITH51', 'SI042', 'NL342', 'NL341', 'CH051', 'SE332', 'SE322', 'FI1C2', 'FI197', 'FI193', 'SE232', 'SE224', 'SE221', 'SE212', 'FI1D8', 'SI044', 'DE40C', 'DE27E', 'DE27B', 'DE40G', 'DE71C', 'DE716', 'DE715', 'DE600', 'DE501', 'DE255', 'DE24D', 'DE24B', 'DE24A', 'DE249', 'DE246', 'DE258', 'DE259', 'DE25A', 'DE276', 'DE26B', 'DE266', 'DE264', 'DE25C', 'DE25B', 'DE268', 'DE23A', 'DEA17', 'DEA12', 'DE94H', 'DE94F', 'DE94E', 'DE94B', 'DE94A', 'DE947', 'DE946', 'DE912', 'DE737', 'DE736', 'DE735', 'DE732', 'DE941', 'DE937', 'DE936', 'DE935', 'DE934', 'DE725', 'DE933', 'DE931', 'DE927', 'DE926', 'DE239', 'DE237', 'BE253', 'BE236', 'BE234', 'BE213', 'BE212', 'BE211', 'BE257', 'BE344', 'BE343', 'BE336', 'DK021', 'DK022', 'DE21G', 'DE219', 'DE211', 'DE21I', 'DE21J', 'DE236', 'DE235', 'DE234', 'DE229', 'DE224', 'DE228', 'DE11B', 'DE11A', 'DE119', 'DE118', 'DE114', 'DK050', 'DE135', 'DE12C', 'DE12B', 'DE127', 'ES708', 'ES707', 'ES704', 'FRD11', 'FRB06', 'FRB05', 'FRB02', 'FRB01', 'ES220', 'ES213', 'ES114', 'ES113', 'ES412', 'ES413', 'ES414', 'ES415', 'ES511', 'FRE11', 'ES418', 'ES417', 'ES416', 'FRK25', 'FRK21', 'FRK14', 'FRJ28', 'FRJ27', 'FRH01', 'FRG04', 'FRG02', 'FRF12', 'FRF11', 'FRH04', 'FRJ24', 'FRI34', 'FRI23', 'FRI15', 'DEC03', 'DEC01', 'DEB3K', 'DEB3J', 'DEB3G', 'DEB3D', 'DEE03', 'DEE02', 'DEB3B', 'DEA5A', 'DEA59', 'DEA54', 'DEA53', 'DEA46', 'DEA45', 'DEA44', 'DEA43', 'DEA42', 'DEB12', 'DEB15', 'DEB39', 'DEB22', 'DEB1C', 'DEB1A', 'DEB17', 'EL303', 'EL301', 'DEG06', 'DEF0A', 'DEF09', 'DEG0D', 'IE042', 'DEG0P', 'AT124', 'ITI19', 'FI1C5', 'FI1C4', 'SE231', 'SE214', 'SE125', 'SE123', 'SE122', 'SE211', 'DE40B', 'DE407', 'DE40F', 'DEA34', 'DE80N', 'DE80M', 'DE80K', 'DE917', 'DE918', 'DE923', 'BE223', 'BE323', 'DK041', 'DK032', 'DEA38', 'FRD13', 'FRD12', 'FRC13', 'FRC12', 'ES411', 'ES243', 'ES241', 'ES130', 'ES120', 'ES513', 'ES419', 'FRE12', 'FRK22', 'FRK12', 'FRK11', 'FRG03', 'FRF34', 'FRF33', 'FRI11', 'FRI13', 'FRJ25', 'FRJ14', 'FRI22', 'FRI21', 'DED2F', 'DED2E', 'DED42', 'DED43', 'DED45', 'DED44', 'DEA5B', 'DEA57', 'DEA56', 'DEB31', 'DEG0B', 'DEG0A', 'DEG0E', 'IE052', 'IE051', 'IE041', 'DEG0M', 'DEG0L', 'DEG0K', 'DEG0J', 'DEG0I', 'DEG0G']","['Infrastructure', 'Housing', 'Regional development', 'Social inclusion']","The document outlines strategies for backland development, retirement villages, and waste water infrastructure to enhance community vibrancy, support aging populations, and enable urban and rural regeneration in County Galway.","The document, submitted by Cllr David Collins, addresses key development strategies in County Galway, focusing on backland development, retirement villages, and waste water infrastructure. Backland development aims to optimize land use by allowing housing for young families and professionals, thereby reducing rural isolation. Retirement villages are proposed to accommodate the growing elderly population, emphasizing the need for accessible, independent living options near community amenities. The document highlights the urgent need for a waste water infrastructure plan to facilitate urban and rural regeneration, leveraging existing resources and EU funds for sustainable practices. The lack of such infrastructure currently hinders development, despite available services like electricity and broadband. The proposed measures aim to enhance community vibrancy, support demographic shifts, and ensure sustainable growth, aligning with the Regional Spatial and Economic Strategy (RSES) and the upcoming County Development Plan. The document calls for Galway County Council to prioritize these initiatives, ensuring long-term benefits for the region's residents and communities.",['IE04'],https://www.galway.ie/en/media/29. D. Collins.pdf,Programme,Verified
"['PL711', 'AT322', 'AT312', 'AT226', 'AT223', 'AT126', 'AT321', 'AT335', 'AT323', 'AT315', 'PL913', 'ITH20', 'ITH51', 'SI042', 'NL342', 'NL341', 'CH051', 'SE332', 'SE322', 'FI1C2', 'FI197', 'FI193', 'SE232', 'SE224', 'SE221', 'SE212', 'FI1D8', 'SI044', 'DE40C', 'DE27E', 'DE27B', 'DE40G', 'DE71C', 'DE716', 'DE715', 'DE600', 'DE501', 'DE255', 'DE24D', 'DE24B', 'DE24A', 'DE249', 'DE246', 'DE258', 'DE259', 'DE25A', 'DE276', 'DE26B', 'DE266', 'DE264', 'DE25C', 'DE25B', 'DE268', 'DE23A', 'DEA17', 'DEA12', 'DE94H', 'DE94F', 'DE94E', 'DE94B', 'DE94A', 'DE947', 'DE946', 'DE912', 'DE737', 'DE736', 'DE735', 'DE732', 'DE941', 'DE937', 'DE936', 'DE935', 'DE934', 'DE725', 'DE933', 'DE931', 'DE927', 'DE926', 'DE239', 'DE237', 'BE253', 'BE236', 'BE234', 'BE213', 'BE212', 'BE211', 'BE257', 'BE344', 'BE343', 'BE336', 'DK021', 'DK022', 'DE21G', 'DE219', 'DE211', 'DE21I', 'DE21J', 'DE236', 'DE235', 'DE234', 'DE229', 'DE224', 'DE228', 'DE11B', 'DE11A', 'DE119', 'DE118', 'DE114', 'DK050', 'DE135', 'DE12C', 'DE12B', 'DE127', 'ES708', 'ES707', 'ES704', 'FRD11', 'FRB06', 'FRB05', 'FRB02', 'FRB01', 'ES220', 'ES213', 'ES114', 'ES113', 'ES412', 'ES413', 'ES414', 'ES415', 'ES511', 'FRE11', 'ES418', 'ES417', 'ES416', 'FRK25', 'FRK21', 'FRK14', 'FRJ28', 'FRJ27', 'FRH01', 'FRG04', 'FRG02', 'FRF12', 'FRF11', 'FRH04', 'FRJ24', 'FRI34', 'FRI23', 'FRI15', 'DEC03', 'DEC01', 'DEB3K', 'DEB3J', 'DEB3G', 'DEB3D', 'DEE03', 'DEE02', 'DEB3B', 'DEA5A', 'DEA59', 'DEA54', 'DEA53', 'DEA46', 'DEA45', 'DEA44', 'DEA43', 'DEA42', 'DEB12', 'DEB15', 'DEB39', 'DEB22', 'DEB1C', 'DEB1A', 'DEB17', 'EL303', 'EL301', 'DEG06', 'DEF0A', 'DEF09', 'DEG0D', 'IE042', 'DEG0P', 'AT124', 'ITI19', 'FI1C5', 'FI1C4', 'SE231', 'SE214', 'SE125', 'SE123', 'SE122', 'SE211', 'DE40B', 'DE407', 'DE40F', 'DEA34', 'DE80N', 'DE80M', 'DE80K', 'DE917', 'DE918', 'DE923', 'BE223', 'BE323', 'DK041', 'DK032', 'DEA38', 'FRD13', 'FRD12', 'FRC13', 'FRC12', 'ES411', 'ES243', 'ES241', 'ES130', 'ES120', 'ES513', 'ES419', 'FRE12', 'FRK22', 'FRK12', 'FRK11', 'FRG03', 'FRF34', 'FRF33', 'FRI11', 'FRI13', 'FRJ25', 'FRJ14', 'FRI22', 'FRI21', 'DED2F', 'DED2E', 'DED42', 'DED43', 'DED45', 'DED44', 'DEA5B', 'DEA57', 'DEA56', 'DEB31', 'DEG0B', 'DEG0A', 'DEG0E', 'IE052', 'IE051', 'IE041', 'DEG0M', 'DEG0L', 'DEG0K', 'DEG0J', 'DEG0I', 'DEG0G']","['Housing', 'Governance', 'Regional development']","The document requests the removal of the 'Local Housing Need' clause from Galway's planning policy, citing a 2013 European Court of Justice ruling against similar restrictions in Belgium, which were deemed contrary to EU law and fundamental freedoms.","The document is a formal request addressed to the Galway County Planning Department, urging the removal of the 'Local Housing Need' clause from the county's planning permission applications. The request references a 2013 ruling by the European Court of Justice, which found that the Flemish Region of Belgium's restrictions on property acquisition based on a 'sufficient connection' to the locality were in violation of EU law. This ruling highlighted that such conditions unjustifiably restricted fundamental freedoms, particularly the freedom of movement and residence within the EU. The author, Criona Maria Healy, suggests that similar restrictions in Galway could be legally questionable and urges policymakers to consider this precedent during their meeting on September 10th, 2020. The intended outcome is to align local policy with EU legal standards, ensuring that planning permissions are not subject to potentially unlawful restrictions, thereby promoting fair access to housing and compliance with broader European legal frameworks.",['IE04'],https://www.galway.ie/en/media/32. C. Healy.pdf,Policy,Community
"['PL711', 'AT322', 'AT312', 'AT226', 'AT223', 'AT126', 'AT321', 'AT335', 'AT323', 'AT315', 'PL913', 'ITH20', 'ITH51', 'SI042', 'NL342', 'NL341', 'CH051', 'SE332', 'SE322', 'FI1C2', 'FI197', 'FI193', 'SE232', 'SE224', 'SE221', 'SE212', 'FI1D8', 'SI044', 'DE40C', 'DE27E', 'DE27B', 'DE40G', 'DE71C', 'DE716', 'DE715', 'DE600', 'DE501', 'DE255', 'DE24D', 'DE24B', 'DE24A', 'DE249', 'DE246', 'DE258', 'DE259', 'DE25A', 'DE276', 'DE26B', 'DE266', 'DE264', 'DE25C', 'DE25B', 'DE268', 'DE23A', 'DEA17', 'DEA12', 'DE94H', 'DE94F', 'DE94E', 'DE94B', 'DE94A', 'DE947', 'DE946', 'DE912', 'DE737', 'DE736', 'DE735', 'DE732', 'DE941', 'DE937', 'DE936', 'DE935', 'DE934', 'DE725', 'DE933', 'DE931', 'DE927', 'DE926', 'DE239', 'DE237', 'BE253', 'BE236', 'BE234', 'BE213', 'BE212', 'BE211', 'BE257', 'BE344', 'BE343', 'BE336', 'DK021', 'DK022', 'DE21G', 'DE219', 'DE211', 'DE21I', 'DE21J', 'DE236', 'DE235', 'DE234', 'DE229', 'DE224', 'DE228', 'DE11B', 'DE11A', 'DE119', 'DE118', 'DE114', 'DK050', 'DE135', 'DE12C', 'DE12B', 'DE127', 'ES708', 'ES707', 'ES704', 'FRD11', 'FRB06', 'FRB05', 'FRB02', 'FRB01', 'ES220', 'ES213', 'ES114', 'ES113', 'ES412', 'ES413', 'ES414', 'ES415', 'ES511', 'FRE11', 'ES418', 'ES417', 'ES416', 'FRK25', 'FRK21', 'FRK14', 'FRJ28', 'FRJ27', 'FRH01', 'FRG04', 'FRG02', 'FRF12', 'FRF11', 'FRH04', 'FRJ24', 'FRI34', 'FRI23', 'FRI15', 'DEC03', 'DEC01', 'DEB3K', 'DEB3J', 'DEB3G', 'DEB3D', 'DEE03', 'DEE02', 'DEB3B', 'DEA5A', 'DEA59', 'DEA54', 'DEA53', 'DEA46', 'DEA45', 'DEA44', 'DEA43', 'DEA42', 'DEB12', 'DEB15', 'DEB39', 'DEB22', 'DEB1C', 'DEB1A', 'DEB17', 'EL303', 'EL301', 'DEG06', 'DEF0A', 'DEF09', 'DEG0D', 'IE042', 'DEG0P', 'AT124', 'ITI19', 'FI1C5', 'FI1C4', 'SE231', 'SE214', 'SE125', 'SE123', 'SE122', 'SE211', 'DE40B', 'DE407', 'DE40F', 'DEA34', 'DE80N', 'DE80M', 'DE80K', 'DE917', 'DE918', 'DE923', 'BE223', 'BE323', 'DK041', 'DK032', 'DEA38', 'FRD13', 'FRD12', 'FRC13', 'FRC12', 'ES411', 'ES243', 'ES241', 'ES130', 'ES120', 'ES513', 'ES419', 'FRE12', 'FRK22', 'FRK12', 'FRK11', 'FRG03', 'FRF34', 'FRF33', 'FRI11', 'FRI13', 'FRJ25', 'FRJ14', 'FRI22', 'FRI21', 'DED2F', 'DED2E', 'DED42', 'DED43', 'DED45', 'DED44', 'DEA5B', 'DEA57', 'DEA56', 'DEB31', 'DEG0B', 'DEG0A', 'DEG0E', 'IE052', 'IE051', 'IE041', 'DEG0M', 'DEG0L', 'DEG0K', 'DEG0J', 'DEG0I', 'DEG0G']","['Economic development', 'Regional development', 'Social inclusion']","Elaine Byrnes proposes the removal of the 'Local Only Rule' from the planning permission policy in the upcoming Galway County Development Plan, aiming for a more inclusive approach.","Elaine Byrnes has submitted a proposal regarding the upcoming Galway County Development Plan, specifically advocating for the removal of the 'Local Only Rule' currently attached to planning permissions. This rule restricts planning permissions to local residents, which Byrnes suggests may limit broader development opportunities and inclusivity. The proposal is directed at the planners responsible for formulating the new County Development Plan, urging them to consider a policy change that would eliminate this clause. The intended outcome of this change is to foster a more inclusive and potentially economically beneficial environment by allowing non-local individuals and entities to participate in development opportunities within Galway County. This could lead to increased investment, diversity in development projects, and potentially stimulate local economic growth. The proposal reflects a strategic shift towards more open and flexible planning policies, aligning with broader goals of regional development and modernization. Policymakers are encouraged to weigh the potential benefits of such a change against any local concerns about community identity and resource allocation.",['IE04'],https://www.galway.ie/en/media/33. E. Byrnes.pdf,Programme,AI
"['PL711', 'AT322', 'AT312', 'AT226', 'AT223', 'AT126', 'AT321', 'AT335', 'AT323', 'AT315', 'PL913', 'ITH20', 'ITH51', 'SI042', 'NL342', 'NL341', 'CH051', 'SE332', 'SE322', 'FI1C2', 'FI197', 'FI193', 'SE232', 'SE224', 'SE221', 'SE212', 'FI1D8', 'SI044', 'DE40C', 'DE27E', 'DE27B', 'DE40G', 'DE71C', 'DE716', 'DE715', 'DE600', 'DE501', 'DE255', 'DE24D', 'DE24B', 'DE24A', 'DE249', 'DE246', 'DE258', 'DE259', 'DE25A', 'DE276', 'DE26B', 'DE266', 'DE264', 'DE25C', 'DE25B', 'DE268', 'DE23A', 'DEA17', 'DEA12', 'DE94H', 'DE94F', 'DE94E', 'DE94B', 'DE94A', 'DE947', 'DE946', 'DE912', 'DE737', 'DE736', 'DE735', 'DE732', 'DE941', 'DE937', 'DE936', 'DE935', 'DE934', 'DE725', 'DE933', 'DE931', 'DE927', 'DE926', 'DE239', 'DE237', 'BE253', 'BE236', 'BE234', 'BE213', 'BE212', 'BE211', 'BE257', 'BE344', 'BE343', 'BE336', 'DK021', 'DK022', 'DE21G', 'DE219', 'DE211', 'DE21I', 'DE21J', 'DE236', 'DE235', 'DE234', 'DE229', 'DE224', 'DE228', 'DE11B', 'DE11A', 'DE119', 'DE118', 'DE114', 'DK050', 'DE135', 'DE12C', 'DE12B', 'DE127', 'ES708', 'ES707', 'ES704', 'FRD11', 'FRB06', 'FRB05', 'FRB02', 'FRB01', 'ES220', 'ES213', 'ES114', 'ES113', 'ES412', 'ES413', 'ES414', 'ES415', 'ES511', 'FRE11', 'ES418', 'ES417', 'ES416', 'FRK25', 'FRK21', 'FRK14', 'FRJ28', 'FRJ27', 'FRH01', 'FRG04', 'FRG02', 'FRF12', 'FRF11', 'FRH04', 'FRJ24', 'FRI34', 'FRI23', 'FRI15', 'DEC03', 'DEC01', 'DEB3K', 'DEB3J', 'DEB3G', 'DEB3D', 'DEE03', 'DEE02', 'DEB3B', 'DEA5A', 'DEA59', 'DEA54', 'DEA53', 'DEA46', 'DEA45', 'DEA44', 'DEA43', 'DEA42', 'DEB12', 'DEB15', 'DEB39', 'DEB22', 'DEB1C', 'DEB1A', 'DEB17', 'EL303', 'EL301', 'DEG06', 'DEF0A', 'DEF09', 'DEG0D', 'IE042', 'DEG0P', 'AT124', 'ITI19', 'FI1C5', 'FI1C4', 'SE231', 'SE214', 'SE125', 'SE123', 'SE122', 'SE211', 'DE40B', 'DE407', 'DE40F', 'DEA34', 'DE80N', 'DE80M', 'DE80K', 'DE917', 'DE918', 'DE923', 'BE223', 'BE323', 'DK041', 'DK032', 'DEA38', 'FRD13', 'FRD12', 'FRC13', 'FRC12', 'ES411', 'ES243', 'ES241', 'ES130', 'ES120', 'ES513', 'ES419', 'FRE12', 'FRK22', 'FRK12', 'FRK11', 'FRG03', 'FRF34', 'FRF33', 'FRI11', 'FRI13', 'FRJ25', 'FRJ14', 'FRI22', 'FRI21', 'DED2F', 'DED2E', 'DED42', 'DED43', 'DED45', 'DED44', 'DEA5B', 'DEA57', 'DEA56', 'DEB31', 'DEG0B', 'DEG0A', 'DEG0E', 'IE052', 'IE051', 'IE041', 'DEG0M', 'DEG0L', 'DEG0K', 'DEG0J', 'DEG0I', 'DEG0G']","['Economic development', 'Regional development', 'Social inclusion', 'Community engagement']","Elaine Byrnes submitted a request to remove the 'Local Only Rule' from planning permission policies in the upcoming Galway County Development Plan, aiming for more inclusive development opportunities.","Elaine Byrnes has submitted a proposal to the Galway County Planning Department, advocating for the removal of the 'Local Only Rule' from the planning permission policies in the forthcoming County Development Plan. This rule currently restricts planning permissions to local residents, potentially limiting broader development opportunities and economic growth. Byrnes argues that eliminating this clause could foster a more inclusive and dynamic development environment, attracting diverse stakeholders and investments. The submission is timely, as the County Development Plan is under review, providing an opportunity for policy adjustments that align with contemporary development needs. The intended outcome of this policy change is to create a more equitable framework for development permissions, encouraging a wider range of applicants and potentially leading to increased economic activity and community growth. This proposal is part of a broader discourse on balancing local interests with regional development goals, and it invites planners to consider the long-term impacts of maintaining or removing such restrictions. The decision on this matter will likely influence the strategic direction of Galway's development policies and its ability to adapt to changing demographic and economic conditions.",['IE04'],https://www.galway.ie/en/media/35. E. Byrnes.pdf,Programme,Verified
"['PL711', 'AT322', 'AT312', 'AT226', 'AT223', 'AT126', 'AT321', 'AT335', 'AT323', 'AT315', 'PL913', 'ITH20', 'ITH51', 'SI042', 'NL342', 'NL341', 'CH051', 'SE332', 'SE322', 'FI1C2', 'FI197', 'FI193', 'SE232', 'SE224', 'SE221', 'SE212', 'FI1D8', 'SI044', 'DE40C', 'DE27E', 'DE27B', 'DE40G', 'DE71C', 'DE716', 'DE715', 'DE600', 'DE501', 'DE255', 'DE24D', 'DE24B', 'DE24A', 'DE249', 'DE246', 'DE258', 'DE259', 'DE25A', 'DE276', 'DE26B', 'DE266', 'DE264', 'DE25C', 'DE25B', 'DE268', 'DE23A', 'DEA17', 'DEA12', 'DE94H', 'DE94F', 'DE94E', 'DE94B', 'DE94A', 'DE947', 'DE946', 'DE912', 'DE737', 'DE736', 'DE735', 'DE732', 'DE941', 'DE937', 'DE936', 'DE935', 'DE934', 'DE725', 'DE933', 'DE931', 'DE927', 'DE926', 'DE239', 'DE237', 'BE253', 'BE236', 'BE234', 'BE213', 'BE212', 'BE211', 'BE257', 'BE344', 'BE343', 'BE336', 'DK021', 'DK022', 'DE21G', 'DE219', 'DE211', 'DE21I', 'DE21J', 'DE236', 'DE235', 'DE234', 'DE229', 'DE224', 'DE228', 'DE11B', 'DE11A', 'DE119', 'DE118', 'DE114', 'DK050', 'DE135', 'DE12C', 'DE12B', 'DE127', 'ES708', 'ES707', 'ES704', 'FRD11', 'FRB06', 'FRB05', 'FRB02', 'FRB01', 'ES220', 'ES213', 'ES114', 'ES113', 'ES412', 'ES413', 'ES414', 'ES415', 'ES511', 'FRE11', 'ES418', 'ES417', 'ES416', 'FRK25', 'FRK21', 'FRK14', 'FRJ28', 'FRJ27', 'FRH01', 'FRG04', 'FRG02', 'FRF12', 'FRF11', 'FRH04', 'FRJ24', 'FRI34', 'FRI23', 'FRI15', 'DEC03', 'DEC01', 'DEB3K', 'DEB3J', 'DEB3G', 'DEB3D', 'DEE03', 'DEE02', 'DEB3B', 'DEA5A', 'DEA59', 'DEA54', 'DEA53', 'DEA46', 'DEA45', 'DEA44', 'DEA43', 'DEA42', 'DEB12', 'DEB15', 'DEB39', 'DEB22', 'DEB1C', 'DEB1A', 'DEB17', 'EL303', 'EL301', 'DEG06', 'DEF0A', 'DEF09', 'DEG0D', 'IE042', 'DEG0P', 'AT124', 'ITI19', 'FI1C5', 'FI1C4', 'SE231', 'SE214', 'SE125', 'SE123', 'SE122', 'SE211', 'DE40B', 'DE407', 'DE40F', 'DEA34', 'DE80N', 'DE80M', 'DE80K', 'DE917', 'DE918', 'DE923', 'BE223', 'BE323', 'DK041', 'DK032', 'DEA38', 'FRD13', 'FRD12', 'FRC13', 'FRC12', 'ES411', 'ES243', 'ES241', 'ES130', 'ES120', 'ES513', 'ES419', 'FRE12', 'FRK22', 'FRK12', 'FRK11', 'FRG03', 'FRF34', 'FRF33', 'FRI11', 'FRI13', 'FRJ25', 'FRJ14', 'FRI22', 'FRI21', 'DED2F', 'DED2E', 'DED42', 'DED43', 'DED45', 'DED44', 'DEA5B', 'DEA57', 'DEA56', 'DEB31', 'DEG0B', 'DEG0A', 'DEG0E', 'IE052', 'IE051', 'IE041', 'DEG0M', 'DEG0L', 'DEG0K', 'DEG0J', 'DEG0I', 'DEG0G']","['Sustainability', 'Infrastructure', 'Environmental protection', 'Housing', 'Regional development']","The document advocates for including Craughwell Village in the Galway County Development Plan's wastewater objectives to support sustainable growth and environmental protection, driven by population increase and housing developments.","This document is a submission for the Galway County Development Plan 2022-2028, emphasizing the need for a public wastewater scheme in Craughwell Village. The proposal aligns with the plan's goals of sustainable metropolitan growth and eco-friendly development. Key drivers include the progress on Dunkellin River Works, which reduces flood risks and pollution, and the growing population and housing developments in Craughwell. The village's proximity to the Rahasane Turlough SAC necessitates environmentally sound waste management solutions. The proposed wastewater infrastructure aims to facilitate residential and commercial growth while ensuring environmental protection in this karst region. The document highlights the village's population growth since 1996 and the increase in planned housing units, projecting a significant population rise. The submission underscores the importance of modern municipal treatment infrastructure over individual systems for better environmental outcomes. The anticipated impact includes sustainable village expansion, enhanced environmental safeguards, and alignment with broader county development objectives. The document invites further engagement to discuss the proposal's implementation.",['IE04'],https://www.galway.ie/en/media/39. I. Molloy.pdf,Policy,Community
"['PL711', 'AT322', 'AT312', 'AT226', 'AT223', 'AT126', 'AT321', 'AT335', 'AT323', 'AT315', 'PL913', 'ITH20', 'ITH51', 'SI042', 'NL342', 'NL341', 'CH051', 'SE332', 'SE322', 'FI1C2', 'FI197', 'FI193', 'SE232', 'SE224', 'SE221', 'SE212', 'FI1D8', 'SI044', 'DE40C', 'DE27E', 'DE27B', 'DE40G', 'DE71C', 'DE716', 'DE715', 'DE600', 'DE501', 'DE255', 'DE24D', 'DE24B', 'DE24A', 'DE249', 'DE246', 'DE258', 'DE259', 'DE25A', 'DE276', 'DE26B', 'DE266', 'DE264', 'DE25C', 'DE25B', 'DE268', 'DE23A', 'DEA17', 'DEA12', 'DE94H', 'DE94F', 'DE94E', 'DE94B', 'DE94A', 'DE947', 'DE946', 'DE912', 'DE737', 'DE736', 'DE735', 'DE732', 'DE941', 'DE937', 'DE936', 'DE935', 'DE934', 'DE725', 'DE933', 'DE931', 'DE927', 'DE926', 'DE239', 'DE237', 'BE253', 'BE236', 'BE234', 'BE213', 'BE212', 'BE211', 'BE257', 'BE344', 'BE343', 'BE336', 'DK021', 'DK022', 'DE21G', 'DE219', 'DE211', 'DE21I', 'DE21J', 'DE236', 'DE235', 'DE234', 'DE229', 'DE224', 'DE228', 'DE11B', 'DE11A', 'DE119', 'DE118', 'DE114', 'DK050', 'DE135', 'DE12C', 'DE12B', 'DE127', 'ES708', 'ES707', 'ES704', 'FRD11', 'FRB06', 'FRB05', 'FRB02', 'FRB01', 'ES220', 'ES213', 'ES114', 'ES113', 'ES412', 'ES413', 'ES414', 'ES415', 'ES511', 'FRE11', 'ES418', 'ES417', 'ES416', 'FRK25', 'FRK21', 'FRK14', 'FRJ28', 'FRJ27', 'FRH01', 'FRG04', 'FRG02', 'FRF12', 'FRF11', 'FRH04', 'FRJ24', 'FRI34', 'FRI23', 'FRI15', 'DEC03', 'DEC01', 'DEB3K', 'DEB3J', 'DEB3G', 'DEB3D', 'DEE03', 'DEE02', 'DEB3B', 'DEA5A', 'DEA59', 'DEA54', 'DEA53', 'DEA46', 'DEA45', 'DEA44', 'DEA43', 'DEA42', 'DEB12', 'DEB15', 'DEB39', 'DEB22', 'DEB1C', 'DEB1A', 'DEB17', 'EL303', 'EL301', 'DEG06', 'DEF0A', 'DEF09', 'DEG0D', 'IE042', 'DEG0P', 'AT124', 'ITI19', 'FI1C5', 'FI1C4', 'SE231', 'SE214', 'SE125', 'SE123', 'SE122', 'SE211', 'DE40B', 'DE407', 'DE40F', 'DEA34', 'DE80N', 'DE80M', 'DE80K', 'DE917', 'DE918', 'DE923', 'BE223', 'BE323', 'DK041', 'DK032', 'DEA38', 'FRD13', 'FRD12', 'FRC13', 'FRC12', 'ES411', 'ES243', 'ES241', 'ES130', 'ES120', 'ES513', 'ES419', 'FRE12', 'FRK22', 'FRK12', 'FRK11', 'FRG03', 'FRF34', 'FRF33', 'FRI11', 'FRI13', 'FRJ25', 'FRJ14', 'FRI22', 'FRI21', 'DED2F', 'DED2E', 'DED42', 'DED43', 'DED45', 'DED44', 'DEA5B', 'DEA57', 'DEA56', 'DEB31', 'DEG0B', 'DEG0A', 'DEG0E', 'IE052', 'IE051', 'IE041', 'DEG0M', 'DEG0L', 'DEG0K', 'DEG0J', 'DEG0I', 'DEG0G']","['Economic development', 'Infrastructure', 'Transportation', 'Regional development']","The Western Inter-County Railway Committee advocates for the restoration of the Western Rail Corridor to enhance regional connectivity, facilitate passenger and freight transport, and support economic development in Galway and Mayo, aligning with the Regional Spatial Economic Strategy objectives.","The Western Inter-County Railway Committee's submission to the Galway County Development Plan 2022-2028 emphasizes the restoration of the Western Rail Corridor, linking Limerick to Sligo via Clare, Galway, and Mayo. This initiative aims to enhance regional connectivity by providing direct passenger and freight services, aligning with the Regional Spatial Economic Strategy's objectives. Key actions include renewing the unused railway section between Athenry and Claremorris, establishing a Park and Ride station near Abbeyknockmoy, and developing an inland port in Tuam. The project seeks to connect major towns like Tuam to the national railway network, facilitating economic growth and reducing congestion. The initiative also supports transport-oriented development, promoting increased public transport usage and healthier communities. The proposal aligns with the government's application to include the Limerick-Donegal corridor in the EU's Ten-T Core Network, aiming to maximize regional development benefits. The Committee acknowledges Galway County Council's long-standing support for restoring rail services, which has preserved the route's significance in regional and national planning frameworks.",['IE04'],https://www.galway.ie/en/media/43. Western Inter-County Railway Committee.pdf,Policy,AI
"['PL711', 'AT322', 'AT312', 'AT226', 'AT223', 'AT126', 'AT321', 'AT335', 'AT323', 'AT315', 'PL913', 'ITH20', 'ITH51', 'SI042', 'NL342', 'NL341', 'CH051', 'SE332', 'SE322', 'FI1C2', 'FI197', 'FI193', 'SE232', 'SE224', 'SE221', 'SE212', 'FI1D8', 'SI044', 'DE40C', 'DE27E', 'DE27B', 'DE40G', 'DE71C', 'DE716', 'DE715', 'DE600', 'DE501', 'DE255', 'DE24D', 'DE24B', 'DE24A', 'DE249', 'DE246', 'DE258', 'DE259', 'DE25A', 'DE276', 'DE26B', 'DE266', 'DE264', 'DE25C', 'DE25B', 'DE268', 'DE23A', 'DEA17', 'DEA12', 'DE94H', 'DE94F', 'DE94E', 'DE94B', 'DE94A', 'DE947', 'DE946', 'DE912', 'DE737', 'DE736', 'DE735', 'DE732', 'DE941', 'DE937', 'DE936', 'DE935', 'DE934', 'DE725', 'DE933', 'DE931', 'DE927', 'DE926', 'DE239', 'DE237', 'BE253', 'BE236', 'BE234', 'BE213', 'BE212', 'BE211', 'BE257', 'BE344', 'BE343', 'BE336', 'DK021', 'DK022', 'DE21G', 'DE219', 'DE211', 'DE21I', 'DE21J', 'DE236', 'DE235', 'DE234', 'DE229', 'DE224', 'DE228', 'DE11B', 'DE11A', 'DE119', 'DE118', 'DE114', 'DK050', 'DE135', 'DE12C', 'DE12B', 'DE127', 'ES708', 'ES707', 'ES704', 'FRD11', 'FRB06', 'FRB05', 'FRB02', 'FRB01', 'ES220', 'ES213', 'ES114', 'ES113', 'ES412', 'ES413', 'ES414', 'ES415', 'ES511', 'FRE11', 'ES418', 'ES417', 'ES416', 'FRK25', 'FRK21', 'FRK14', 'FRJ28', 'FRJ27', 'FRH01', 'FRG04', 'FRG02', 'FRF12', 'FRF11', 'FRH04', 'FRJ24', 'FRI34', 'FRI23', 'FRI15', 'DEC03', 'DEC01', 'DEB3K', 'DEB3J', 'DEB3G', 'DEB3D', 'DEE03', 'DEE02', 'DEB3B', 'DEA5A', 'DEA59', 'DEA54', 'DEA53', 'DEA46', 'DEA45', 'DEA44', 'DEA43', 'DEA42', 'DEB12', 'DEB15', 'DEB39', 'DEB22', 'DEB1C', 'DEB1A', 'DEB17', 'EL303', 'EL301', 'DEG06', 'DEF0A', 'DEF09', 'DEG0D', 'IE042', 'DEG0P', 'AT124', 'ITI19', 'FI1C5', 'FI1C4', 'SE231', 'SE214', 'SE125', 'SE123', 'SE122', 'SE211', 'DE40B', 'DE407', 'DE40F', 'DEA34', 'DE80N', 'DE80M', 'DE80K', 'DE917', 'DE918', 'DE923', 'BE223', 'BE323', 'DK041', 'DK032', 'DEA38', 'FRD13', 'FRD12', 'FRC13', 'FRC12', 'ES411', 'ES243', 'ES241', 'ES130', 'ES120', 'ES513', 'ES419', 'FRE12', 'FRK22', 'FRK12', 'FRK11', 'FRG03', 'FRF34', 'FRF33', 'FRI11', 'FRI13', 'FRJ25', 'FRJ14', 'FRI22', 'FRI21', 'DED2F', 'DED2E', 'DED42', 'DED43', 'DED45', 'DED44', 'DEA5B', 'DEA57', 'DEA56', 'DEB31', 'DEG0B', 'DEG0A', 'DEG0E', 'IE052', 'IE051', 'IE041', 'DEG0M', 'DEG0L', 'DEG0K', 'DEG0J', 'DEG0I', 'DEG0G']","['Economic development', 'Sustainability', 'Infrastructure', 'Energy', 'Environmental protection']","The document advocates for local agricultural production, tourism enhancement, renewable energy promotion, and infrastructure improvement to boost local economy and environmental sustainability in County Galway.","This policy document outlines a comprehensive strategy to enhance the economic and environmental landscape of County Galway. It emphasizes the importance of supporting local agriculture by encouraging local production and reducing food miles. The proposal includes designating Oughterard as a technological hub and enhancing tourism through infrastructure like viewing platforms and fishing stands around Lough Corrib. Environmental protection is addressed by suggesting manual operation of weir gates to prevent flooding and controlling certain wildlife populations to protect local fauna. The document also advocates for renewable energy advancements, such as increasing the capacity of single-phase lines, supporting solar PV installations, and upgrading wind turbine infrastructure. Infrastructure improvements are proposed through better road surfacing and developing a cycle path from Oughterard to Galway. These measures aim to foster economic growth, enhance tourism, protect natural resources, and promote sustainable energy solutions, ultimately contributing to a more resilient and prosperous county.",['IE04'],https://www.galway.ie/en/media/46. S. Osborne.pdf,Programme,Verified
"['PL711', 'AT322', 'AT312', 'AT226', 'AT223', 'AT126', 'AT321', 'AT335', 'AT323', 'AT315', 'PL913', 'ITH20', 'ITH51', 'SI042', 'NL342', 'NL341', 'CH051', 'SE332', 'SE322', 'FI1C2', 'FI197', 'FI193', 'SE232', 'SE224', 'SE221', 'SE212', 'FI1D8', 'SI044', 'DE40C', 'DE27E', 'DE27B', 'DE40G', 'DE71C', 'DE716', 'DE715', 'DE600', 'DE501', 'DE255', 'DE24D', 'DE24B', 'DE24A', 'DE249', 'DE246', 'DE258', 'DE259', 'DE25A', 'DE276', 'DE26B', 'DE266', 'DE264', 'DE25C', 'DE25B', 'DE268', 'DE23A', 'DEA17', 'DEA12', 'DE94H', 'DE94F', 'DE94E', 'DE94B', 'DE94A', 'DE947', 'DE946', 'DE912', 'DE737', 'DE736', 'DE735', 'DE732', 'DE941', 'DE937', 'DE936', 'DE935', 'DE934', 'DE725', 'DE933', 'DE931', 'DE927', 'DE926', 'DE239', 'DE237', 'BE253', 'BE236', 'BE234', 'BE213', 'BE212', 'BE211', 'BE257', 'BE344', 'BE343', 'BE336', 'DK021', 'DK022', 'DE21G', 'DE219', 'DE211', 'DE21I', 'DE21J', 'DE236', 'DE235', 'DE234', 'DE229', 'DE224', 'DE228', 'DE11B', 'DE11A', 'DE119', 'DE118', 'DE114', 'DK050', 'DE135', 'DE12C', 'DE12B', 'DE127', 'ES708', 'ES707', 'ES704', 'FRD11', 'FRB06', 'FRB05', 'FRB02', 'FRB01', 'ES220', 'ES213', 'ES114', 'ES113', 'ES412', 'ES413', 'ES414', 'ES415', 'ES511', 'FRE11', 'ES418', 'ES417', 'ES416', 'FRK25', 'FRK21', 'FRK14', 'FRJ28', 'FRJ27', 'FRH01', 'FRG04', 'FRG02', 'FRF12', 'FRF11', 'FRH04', 'FRJ24', 'FRI34', 'FRI23', 'FRI15', 'DEC03', 'DEC01', 'DEB3K', 'DEB3J', 'DEB3G', 'DEB3D', 'DEE03', 'DEE02', 'DEB3B', 'DEA5A', 'DEA59', 'DEA54', 'DEA53', 'DEA46', 'DEA45', 'DEA44', 'DEA43', 'DEA42', 'DEB12', 'DEB15', 'DEB39', 'DEB22', 'DEB1C', 'DEB1A', 'DEB17', 'EL303', 'EL301', 'DEG06', 'DEF0A', 'DEF09', 'DEG0D', 'IE042', 'DEG0P', 'AT124', 'ITI19', 'FI1C5', 'FI1C4', 'SE231', 'SE214', 'SE125', 'SE123', 'SE122', 'SE211', 'DE40B', 'DE407', 'DE40F', 'DEA34', 'DE80N', 'DE80M', 'DE80K', 'DE917', 'DE918', 'DE923', 'BE223', 'BE323', 'DK041', 'DK032', 'DEA38', 'FRD13', 'FRD12', 'FRC13', 'FRC12', 'ES411', 'ES243', 'ES241', 'ES130', 'ES120', 'ES513', 'ES419', 'FRE12', 'FRK22', 'FRK12', 'FRK11', 'FRG03', 'FRF34', 'FRF33', 'FRI11', 'FRI13', 'FRJ25', 'FRJ14', 'FRI22', 'FRI21', 'DED2F', 'DED2E', 'DED42', 'DED43', 'DED45', 'DED44', 'DEA5B', 'DEA57', 'DEA56', 'DEB31', 'DEG0B', 'DEG0A', 'DEG0E', 'IE052', 'IE051', 'IE041', 'DEG0M', 'DEG0L', 'DEG0K', 'DEG0J', 'DEG0I', 'DEG0G']","['Cultural heritage', 'Housing', 'Infrastructure', 'Economic development', 'Community engagement']","The document advocates for the protection of the Irish language and improved housing, infrastructure, and economic development in Cois Fharraige, Galway. It emphasizes the need for language preservation, better planning policies, and enhanced public services to support the local community.","This policy document from Cumann Forbartha Chois Fharraige addresses the development plan for County Galway (2022-2028), focusing on Cois Fharraige. It highlights the need to protect the Irish language in the Gaeltacht, improve housing accessibility, and enhance infrastructure and economic opportunities. The document calls for specific measures, such as maintaining language clauses in housing developments, ensuring planning officers are fluent in Irish, and improving road safety and public transport. It also emphasizes the importance of supporting local economic initiatives, including the development of Irish language colleges and the potential for community benefits from wind farms. The intended outcomes include strengthened cultural heritage, increased housing availability, improved public services, and sustainable economic growth, all aimed at retaining the local population and enhancing the quality of life in the region.",['IE04'],https://www.galway.ie/en/media/48. Cumann Forbartha Chois Fharraige.pdf,Policy,Community
"['PL711', 'AT322', 'AT312', 'AT226', 'AT223', 'AT126', 'AT321', 'AT335', 'AT323', 'AT315', 'PL913', 'ITH20', 'ITH51', 'SI042', 'NL342', 'NL341', 'CH051', 'SE332', 'SE322', 'FI1C2', 'FI197', 'FI193', 'SE232', 'SE224', 'SE221', 'SE212', 'FI1D8', 'SI044', 'DE40C', 'DE27E', 'DE27B', 'DE40G', 'DE71C', 'DE716', 'DE715', 'DE600', 'DE501', 'DE255', 'DE24D', 'DE24B', 'DE24A', 'DE249', 'DE246', 'DE258', 'DE259', 'DE25A', 'DE276', 'DE26B', 'DE266', 'DE264', 'DE25C', 'DE25B', 'DE268', 'DE23A', 'DEA17', 'DEA12', 'DE94H', 'DE94F', 'DE94E', 'DE94B', 'DE94A', 'DE947', 'DE946', 'DE912', 'DE737', 'DE736', 'DE735', 'DE732', 'DE941', 'DE937', 'DE936', 'DE935', 'DE934', 'DE725', 'DE933', 'DE931', 'DE927', 'DE926', 'DE239', 'DE237', 'BE253', 'BE236', 'BE234', 'BE213', 'BE212', 'BE211', 'BE257', 'BE344', 'BE343', 'BE336', 'DK021', 'DK022', 'DE21G', 'DE219', 'DE211', 'DE21I', 'DE21J', 'DE236', 'DE235', 'DE234', 'DE229', 'DE224', 'DE228', 'DE11B', 'DE11A', 'DE119', 'DE118', 'DE114', 'DK050', 'DE135', 'DE12C', 'DE12B', 'DE127', 'ES708', 'ES707', 'ES704', 'FRD11', 'FRB06', 'FRB05', 'FRB02', 'FRB01', 'ES220', 'ES213', 'ES114', 'ES113', 'ES412', 'ES413', 'ES414', 'ES415', 'ES511', 'FRE11', 'ES418', 'ES417', 'ES416', 'FRK25', 'FRK21', 'FRK14', 'FRJ28', 'FRJ27', 'FRH01', 'FRG04', 'FRG02', 'FRF12', 'FRF11', 'FRH04', 'FRJ24', 'FRI34', 'FRI23', 'FRI15', 'DEC03', 'DEC01', 'DEB3K', 'DEB3J', 'DEB3G', 'DEB3D', 'DEE03', 'DEE02', 'DEB3B', 'DEA5A', 'DEA59', 'DEA54', 'DEA53', 'DEA46', 'DEA45', 'DEA44', 'DEA43', 'DEA42', 'DEB12', 'DEB15', 'DEB39', 'DEB22', 'DEB1C', 'DEB1A', 'DEB17', 'EL303', 'EL301', 'DEG06', 'DEF0A', 'DEF09', 'DEG0D', 'IE042', 'DEG0P', 'AT124', 'ITI19', 'FI1C5', 'FI1C4', 'SE231', 'SE214', 'SE125', 'SE123', 'SE122', 'SE211', 'DE40B', 'DE407', 'DE40F', 'DEA34', 'DE80N', 'DE80M', 'DE80K', 'DE917', 'DE918', 'DE923', 'BE223', 'BE323', 'DK041', 'DK032', 'DEA38', 'FRD13', 'FRD12', 'FRC13', 'FRC12', 'ES411', 'ES243', 'ES241', 'ES130', 'ES120', 'ES513', 'ES419', 'FRE12', 'FRK22', 'FRK12', 'FRK11', 'FRG03', 'FRF34', 'FRF33', 'FRI11', 'FRI13', 'FRJ25', 'FRJ14', 'FRI22', 'FRI21', 'DED2F', 'DED2E', 'DED42', 'DED43', 'DED45', 'DED44', 'DEA5B', 'DEA57', 'DEA56', 'DEB31', 'DEG0B', 'DEG0A', 'DEG0E', 'IE052', 'IE051', 'IE041', 'DEG0M', 'DEG0L', 'DEG0K', 'DEG0J', 'DEG0I', 'DEG0G']","['Infrastructure', 'Community engagement', 'Economic development', 'Social inclusion', 'Regional development']","Kinvara Hockey Club advocates for multisport facilities in Galway to support minority sports like hockey, aiming to increase community participation and address current infrastructure limitations.","Kinvara Hockey Club is advocating for the development of multisport facilities in Galway County to support minority sports, particularly hockey. The club highlights the lack of appropriate infrastructure, with only one over-utilized pitch available for hockey in the entire county. This limitation has led to restricted membership growth and waiting lists. The club emphasizes the importance of multisport facilities that can accommodate various sports, including athletics and tennis, while also serving as secondary training grounds for popular sports like soccer, GAA, and rugby. The proposal aligns with government strategies to increase sports participation among women and girls, a demographic that Kinvara Hockey Club actively engages. The club suggests integrating these facilities with local schools to maximize usage and benefit the community. By developing such infrastructure, the club aims to enhance local economic activity, especially during off-peak tourism months, by hosting matches and attracting visitors. The initiative seeks to address social, community, and cultural development, infrastructure and transport, rural place-making, and economic enterprise tourism. The club urges the inclusion of this initiative in the Galway CDP 2022-2028 to foster inclusive sports participation and community development.",['IE04'],https://www.galway.ie/en/media/53. Kinvara Hockey.pdf,Programme,AI
"['PL711', 'AT322', 'AT312', 'AT226', 'AT223', 'AT126', 'AT321', 'AT335', 'AT323', 'AT315', 'PL913', 'ITH20', 'ITH51', 'SI042', 'NL342', 'NL341', 'CH051', 'SE332', 'SE322', 'FI1C2', 'FI197', 'FI193', 'SE232', 'SE224', 'SE221', 'SE212', 'FI1D8', 'SI044', 'DE40C', 'DE27E', 'DE27B', 'DE40G', 'DE71C', 'DE716', 'DE715', 'DE600', 'DE501', 'DE255', 'DE24D', 'DE24B', 'DE24A', 'DE249', 'DE246', 'DE258', 'DE259', 'DE25A', 'DE276', 'DE26B', 'DE266', 'DE264', 'DE25C', 'DE25B', 'DE268', 'DE23A', 'DEA17', 'DEA12', 'DE94H', 'DE94F', 'DE94E', 'DE94B', 'DE94A', 'DE947', 'DE946', 'DE912', 'DE737', 'DE736', 'DE735', 'DE732', 'DE941', 'DE937', 'DE936', 'DE935', 'DE934', 'DE725', 'DE933', 'DE931', 'DE927', 'DE926', 'DE239', 'DE237', 'BE253', 'BE236', 'BE234', 'BE213', 'BE212', 'BE211', 'BE257', 'BE344', 'BE343', 'BE336', 'DK021', 'DK022', 'DE21G', 'DE219', 'DE211', 'DE21I', 'DE21J', 'DE236', 'DE235', 'DE234', 'DE229', 'DE224', 'DE228', 'DE11B', 'DE11A', 'DE119', 'DE118', 'DE114', 'DK050', 'DE135', 'DE12C', 'DE12B', 'DE127', 'ES708', 'ES707', 'ES704', 'FRD11', 'FRB06', 'FRB05', 'FRB02', 'FRB01', 'ES220', 'ES213', 'ES114', 'ES113', 'ES412', 'ES413', 'ES414', 'ES415', 'ES511', 'FRE11', 'ES418', 'ES417', 'ES416', 'FRK25', 'FRK21', 'FRK14', 'FRJ28', 'FRJ27', 'FRH01', 'FRG04', 'FRG02', 'FRF12', 'FRF11', 'FRH04', 'FRJ24', 'FRI34', 'FRI23', 'FRI15', 'DEC03', 'DEC01', 'DEB3K', 'DEB3J', 'DEB3G', 'DEB3D', 'DEE03', 'DEE02', 'DEB3B', 'DEA5A', 'DEA59', 'DEA54', 'DEA53', 'DEA46', 'DEA45', 'DEA44', 'DEA43', 'DEA42', 'DEB12', 'DEB15', 'DEB39', 'DEB22', 'DEB1C', 'DEB1A', 'DEB17', 'EL303', 'EL301', 'DEG06', 'DEF0A', 'DEF09', 'DEG0D', 'IE042', 'DEG0P', 'AT124', 'ITI19', 'FI1C5', 'FI1C4', 'SE231', 'SE214', 'SE125', 'SE123', 'SE122', 'SE211', 'DE40B', 'DE407', 'DE40F', 'DEA34', 'DE80N', 'DE80M', 'DE80K', 'DE917', 'DE918', 'DE923', 'BE223', 'BE323', 'DK041', 'DK032', 'DEA38', 'FRD13', 'FRD12', 'FRC13', 'FRC12', 'ES411', 'ES243', 'ES241', 'ES130', 'ES120', 'ES513', 'ES419', 'FRE12', 'FRK22', 'FRK12', 'FRK11', 'FRG03', 'FRF34', 'FRF33', 'FRI11', 'FRI13', 'FRJ25', 'FRJ14', 'FRI22', 'FRI21', 'DED2F', 'DED2E', 'DED42', 'DED43', 'DED45', 'DED44', 'DEA5B', 'DEA57', 'DEA56', 'DEB31', 'DEG0B', 'DEG0A', 'DEG0E', 'IE052', 'IE051', 'IE041', 'DEG0M', 'DEG0L', 'DEG0K', 'DEG0J', 'DEG0I', 'DEG0G']","['Education', 'Community engagement', 'Economic development', 'Sustainability', 'Innovation']","Enhance educational access and community sustainability for small island communities by opening local schools, leveraging local resources and innovative teaching methods to address educational and economic challenges.","The Inishbofin Community Post-Primary Steering Group proposes establishing a post-primary school on Inishbofin Island to address educational and socio-economic challenges. The proposal highlights the importance of local education in sustaining island populations and preventing depopulation, as evidenced by other islands with existing schools. It emphasizes the Lisbon Treaty's Article 174, which mandates EU member states to support remote areas like islands through special measures. The plan includes using local facilities and innovative teaching methods, such as e-learning, to deliver the curriculum. The initiative aims to retain families, attract newcomers, and provide tailored education that aligns with island life, ultimately fostering community resilience and economic development. The proposal has garnered community support and seeks engagement with the Galway Roscommon Education and Training Board (GRETB) and the Department of Education and Skills to secure necessary approvals and resources. The anticipated outcomes include improved educational access, enhanced community cohesion, and long-term sustainability for Inishbofin, aligning with broader EU and national policy objectives for remote and island communities.",['IE04'],https://www.galway.ie/en/media/54. Inishbofin Community Post-Primary Steering Group.pdf,Programme,Verified
"['PL711', 'AT322', 'AT312', 'AT226', 'AT223', 'AT126', 'AT321', 'AT335', 'AT323', 'AT315', 'PL913', 'ITH20', 'ITH51', 'SI042', 'NL342', 'NL341', 'CH051', 'SE332', 'SE322', 'FI1C2', 'FI197', 'FI193', 'SE232', 'SE224', 'SE221', 'SE212', 'FI1D8', 'SI044', 'DE40C', 'DE27E', 'DE27B', 'DE40G', 'DE71C', 'DE716', 'DE715', 'DE600', 'DE501', 'DE255', 'DE24D', 'DE24B', 'DE24A', 'DE249', 'DE246', 'DE258', 'DE259', 'DE25A', 'DE276', 'DE26B', 'DE266', 'DE264', 'DE25C', 'DE25B', 'DE268', 'DE23A', 'DEA17', 'DEA12', 'DE94H', 'DE94F', 'DE94E', 'DE94B', 'DE94A', 'DE947', 'DE946', 'DE912', 'DE737', 'DE736', 'DE735', 'DE732', 'DE941', 'DE937', 'DE936', 'DE935', 'DE934', 'DE725', 'DE933', 'DE931', 'DE927', 'DE926', 'DE239', 'DE237', 'BE253', 'BE236', 'BE234', 'BE213', 'BE212', 'BE211', 'BE257', 'BE344', 'BE343', 'BE336', 'DK021', 'DK022', 'DE21G', 'DE219', 'DE211', 'DE21I', 'DE21J', 'DE236', 'DE235', 'DE234', 'DE229', 'DE224', 'DE228', 'DE11B', 'DE11A', 'DE119', 'DE118', 'DE114', 'DK050', 'DE135', 'DE12C', 'DE12B', 'DE127', 'ES708', 'ES707', 'ES704', 'FRD11', 'FRB06', 'FRB05', 'FRB02', 'FRB01', 'ES220', 'ES213', 'ES114', 'ES113', 'ES412', 'ES413', 'ES414', 'ES415', 'ES511', 'FRE11', 'ES418', 'ES417', 'ES416', 'FRK25', 'FRK21', 'FRK14', 'FRJ28', 'FRJ27', 'FRH01', 'FRG04', 'FRG02', 'FRF12', 'FRF11', 'FRH04', 'FRJ24', 'FRI34', 'FRI23', 'FRI15', 'DEC03', 'DEC01', 'DEB3K', 'DEB3J', 'DEB3G', 'DEB3D', 'DEE03', 'DEE02', 'DEB3B', 'DEA5A', 'DEA59', 'DEA54', 'DEA53', 'DEA46', 'DEA45', 'DEA44', 'DEA43', 'DEA42', 'DEB12', 'DEB15', 'DEB39', 'DEB22', 'DEB1C', 'DEB1A', 'DEB17', 'EL303', 'EL301', 'DEG06', 'DEF0A', 'DEF09', 'DEG0D', 'IE042', 'DEG0P', 'AT124', 'ITI19', 'FI1C5', 'FI1C4', 'SE231', 'SE214', 'SE125', 'SE123', 'SE122', 'SE211', 'DE40B', 'DE407', 'DE40F', 'DEA34', 'DE80N', 'DE80M', 'DE80K', 'DE917', 'DE918', 'DE923', 'BE223', 'BE323', 'DK041', 'DK032', 'DEA38', 'FRD13', 'FRD12', 'FRC13', 'FRC12', 'ES411', 'ES243', 'ES241', 'ES130', 'ES120', 'ES513', 'ES419', 'FRE12', 'FRK22', 'FRK12', 'FRK11', 'FRG03', 'FRF34', 'FRF33', 'FRI11', 'FRI13', 'FRJ25', 'FRJ14', 'FRI22', 'FRI21', 'DED2F', 'DED2E', 'DED42', 'DED43', 'DED45', 'DED44', 'DEA5B', 'DEA57', 'DEA56', 'DEB31', 'DEG0B', 'DEG0A', 'DEG0E', 'IE052', 'IE051', 'IE041', 'DEG0M', 'DEG0L', 'DEG0K', 'DEG0J', 'DEG0I', 'DEG0G']","['Sustainability', 'Housing', 'Transportation', 'Environmental protection', 'Community engagement']","The Galway CDP 2022-2028 aims to manage population growth through sustainable development, focusing on housing, transport, and environmental protection. It emphasizes compact urban living, rural enhancement, and community engagement to create balanced growth and resilient communities.","The Galway County Development Plan (CDP) 2022-2028 addresses projected population growth by promoting sustainable development across housing, transport, and environmental sectors. It advocates for a holistic approach, integrating infrastructure, commercial, and amenity spaces to foster resilient communities. The plan prioritizes development in existing towns and villages, emphasizing the reuse of brownfield sites and higher residential densities. It supports the creation of masterplans for strategic sites and encourages a mix of housing types to meet diverse needs. The CDP also focuses on enhancing urban and rural areas through improved design standards, infrastructure, and community facilities. Environmental protection is a key component, with measures to address climate change, water quality, and biodiversity. The plan promotes renewable energy, sustainable agriculture, and improved transport networks, including cycling and public transport initiatives. By aligning with national policies and engaging local communities, the CDP aims to achieve balanced growth, economic development, and enhanced quality of life for Galway's residents.",['IE04'],https://www.galway.ie/en/media/65. M. Green.pdf,Policy,Community
"['PL711', 'AT322', 'AT312', 'AT226', 'AT223', 'AT126', 'AT321', 'AT335', 'AT323', 'AT315', 'PL913', 'ITH20', 'ITH51', 'SI042', 'NL342', 'NL341', 'CH051', 'SE332', 'SE322', 'FI1C2', 'FI197', 'FI193', 'SE232', 'SE224', 'SE221', 'SE212', 'FI1D8', 'SI044', 'DE40C', 'DE27E', 'DE27B', 'DE40G', 'DE71C', 'DE716', 'DE715', 'DE600', 'DE501', 'DE255', 'DE24D', 'DE24B', 'DE24A', 'DE249', 'DE246', 'DE258', 'DE259', 'DE25A', 'DE276', 'DE26B', 'DE266', 'DE264', 'DE25C', 'DE25B', 'DE268', 'DE23A', 'DEA17', 'DEA12', 'DE94H', 'DE94F', 'DE94E', 'DE94B', 'DE94A', 'DE947', 'DE946', 'DE912', 'DE737', 'DE736', 'DE735', 'DE732', 'DE941', 'DE937', 'DE936', 'DE935', 'DE934', 'DE725', 'DE933', 'DE931', 'DE927', 'DE926', 'DE239', 'DE237', 'BE253', 'BE236', 'BE234', 'BE213', 'BE212', 'BE211', 'BE257', 'BE344', 'BE343', 'BE336', 'DK021', 'DK022', 'DE21G', 'DE219', 'DE211', 'DE21I', 'DE21J', 'DE236', 'DE235', 'DE234', 'DE229', 'DE224', 'DE228', 'DE11B', 'DE11A', 'DE119', 'DE118', 'DE114', 'DK050', 'DE135', 'DE12C', 'DE12B', 'DE127', 'ES708', 'ES707', 'ES704', 'FRD11', 'FRB06', 'FRB05', 'FRB02', 'FRB01', 'ES220', 'ES213', 'ES114', 'ES113', 'ES412', 'ES413', 'ES414', 'ES415', 'ES511', 'FRE11', 'ES418', 'ES417', 'ES416', 'FRK25', 'FRK21', 'FRK14', 'FRJ28', 'FRJ27', 'FRH01', 'FRG04', 'FRG02', 'FRF12', 'FRF11', 'FRH04', 'FRJ24', 'FRI34', 'FRI23', 'FRI15', 'DEC03', 'DEC01', 'DEB3K', 'DEB3J', 'DEB3G', 'DEB3D', 'DEE03', 'DEE02', 'DEB3B', 'DEA5A', 'DEA59', 'DEA54', 'DEA53', 'DEA46', 'DEA45', 'DEA44', 'DEA43', 'DEA42', 'DEB12', 'DEB15', 'DEB39', 'DEB22', 'DEB1C', 'DEB1A', 'DEB17', 'EL303', 'EL301', 'DEG06', 'DEF0A', 'DEF09', 'DEG0D', 'IE042', 'DEG0P', 'AT124', 'ITI19', 'FI1C5', 'FI1C4', 'SE231', 'SE214', 'SE125', 'SE123', 'SE122', 'SE211', 'DE40B', 'DE407', 'DE40F', 'DEA34', 'DE80N', 'DE80M', 'DE80K', 'DE917', 'DE918', 'DE923', 'BE223', 'BE323', 'DK041', 'DK032', 'DEA38', 'FRD13', 'FRD12', 'FRC13', 'FRC12', 'ES411', 'ES243', 'ES241', 'ES130', 'ES120', 'ES513', 'ES419', 'FRE12', 'FRK22', 'FRK12', 'FRK11', 'FRG03', 'FRF34', 'FRF33', 'FRI11', 'FRI13', 'FRJ25', 'FRJ14', 'FRI22', 'FRI21', 'DED2F', 'DED2E', 'DED42', 'DED43', 'DED45', 'DED44', 'DEA5B', 'DEA57', 'DEA56', 'DEB31', 'DEG0B', 'DEG0A', 'DEG0E', 'IE052', 'IE051', 'IE041', 'DEG0M', 'DEG0L', 'DEG0K', 'DEG0J', 'DEG0I', 'DEG0G']","['Education', 'Infrastructure', 'Sustainability', 'Community engagement']","The Department of Education and Skills aims to collaborate with Galway County Council to ensure adequate educational facilities in line with population growth, emphasizing zoning, infrastructure, and urban design to support sustainable community development.","The Department of Education and Skills is engaging with Galway County Council to align the Galway County Development Plan 2022-2028 with educational infrastructure needs. This collaboration is crucial due to projected population growth and the National Planning Framework's focus on compact and sustainable development. The Department emphasizes the importance of explicit support for school accommodation, including new schools and expansions, within the development plan. Key actions include advocating for zoning policies that permit school development, ensuring school site provisions in residential areas, and integrating schools with community facilities. The Department also highlights the need for buffer zones for future school expansions and supports urban-design schools that align with carbon-neutral goals. Challenges such as acquiring school sites and ensuring infrastructure in phased developments are addressed, with a call for zoning provisions and specific local objectives to support school site identification. The Department seeks to prioritize educational facilities as critical infrastructure in residential planning and requests ongoing collaboration with the Council to ensure educational needs are met effectively. The ultimate goal is to create sustainable communities with adequate educational resources, supporting the broader objectives of the National Planning Framework.",['IE04'],https://www.galway.ie/en/media/67. Department of Education and Skills.pdf,Policy,Verified
"['PL711', 'AT322', 'AT312', 'AT226', 'AT223', 'AT126', 'AT321', 'AT335', 'AT323', 'AT315', 'PL913', 'ITH20', 'ITH51', 'SI042', 'NL342', 'NL341', 'CH051', 'SE332', 'SE322', 'FI1C2', 'FI197', 'FI193', 'SE232', 'SE224', 'SE221', 'SE212', 'FI1D8', 'SI044', 'DE40C', 'DE27E', 'DE27B', 'DE40G', 'DE71C', 'DE716', 'DE715', 'DE600', 'DE501', 'DE255', 'DE24D', 'DE24B', 'DE24A', 'DE249', 'DE246', 'DE258', 'DE259', 'DE25A', 'DE276', 'DE26B', 'DE266', 'DE264', 'DE25C', 'DE25B', 'DE268', 'DE23A', 'DEA17', 'DEA12', 'DE94H', 'DE94F', 'DE94E', 'DE94B', 'DE94A', 'DE947', 'DE946', 'DE912', 'DE737', 'DE736', 'DE735', 'DE732', 'DE941', 'DE937', 'DE936', 'DE935', 'DE934', 'DE725', 'DE933', 'DE931', 'DE927', 'DE926', 'DE239', 'DE237', 'BE253', 'BE236', 'BE234', 'BE213', 'BE212', 'BE211', 'BE257', 'BE344', 'BE343', 'BE336', 'DK021', 'DK022', 'DE21G', 'DE219', 'DE211', 'DE21I', 'DE21J', 'DE236', 'DE235', 'DE234', 'DE229', 'DE224', 'DE228', 'DE11B', 'DE11A', 'DE119', 'DE118', 'DE114', 'DK050', 'DE135', 'DE12C', 'DE12B', 'DE127', 'ES708', 'ES707', 'ES704', 'FRD11', 'FRB06', 'FRB05', 'FRB02', 'FRB01', 'ES220', 'ES213', 'ES114', 'ES113', 'ES412', 'ES413', 'ES414', 'ES415', 'ES511', 'FRE11', 'ES418', 'ES417', 'ES416', 'FRK25', 'FRK21', 'FRK14', 'FRJ28', 'FRJ27', 'FRH01', 'FRG04', 'FRG02', 'FRF12', 'FRF11', 'FRH04', 'FRJ24', 'FRI34', 'FRI23', 'FRI15', 'DEC03', 'DEC01', 'DEB3K', 'DEB3J', 'DEB3G', 'DEB3D', 'DEE03', 'DEE02', 'DEB3B', 'DEA5A', 'DEA59', 'DEA54', 'DEA53', 'DEA46', 'DEA45', 'DEA44', 'DEA43', 'DEA42', 'DEB12', 'DEB15', 'DEB39', 'DEB22', 'DEB1C', 'DEB1A', 'DEB17', 'EL303', 'EL301', 'DEG06', 'DEF0A', 'DEF09', 'DEG0D', 'IE042', 'DEG0P', 'AT124', 'ITI19', 'FI1C5', 'FI1C4', 'SE231', 'SE214', 'SE125', 'SE123', 'SE122', 'SE211', 'DE40B', 'DE407', 'DE40F', 'DEA34', 'DE80N', 'DE80M', 'DE80K', 'DE917', 'DE918', 'DE923', 'BE223', 'BE323', 'DK041', 'DK032', 'DEA38', 'FRD13', 'FRD12', 'FRC13', 'FRC12', 'ES411', 'ES243', 'ES241', 'ES130', 'ES120', 'ES513', 'ES419', 'FRE12', 'FRK22', 'FRK12', 'FRK11', 'FRG03', 'FRF34', 'FRF33', 'FRI11', 'FRI13', 'FRJ25', 'FRJ14', 'FRI22', 'FRI21', 'DED2F', 'DED2E', 'DED42', 'DED43', 'DED45', 'DED44', 'DEA5B', 'DEA57', 'DEA56', 'DEB31', 'DEG0B', 'DEG0A', 'DEG0E', 'IE052', 'IE051', 'IE041', 'DEG0M', 'DEG0L', 'DEG0K', 'DEG0J', 'DEG0I', 'DEG0G']","['Sustainability', 'Infrastructure', 'Housing', 'Community engagement', 'Cultural heritage']","The document outlines proposals to enhance the long-term viability of the Connemara Gaeltacht through community strengthening, infrastructure development, and sustainable housing, ensuring residents can live, work, and raise families locally.","This policy document presents a strategic framework aimed at bolstering the long-term sustainability of the Connemara Gaeltacht. It highlights the need for balanced population growth across County Galway, emphasizing the development of community facilities, public transport, and infrastructure in key areas like Bearna and Maigh Cuilinn. The document stresses the importance of recognizing smaller settlements to prevent over-concentration in designated villages, thereby preserving the unique cultural and linguistic heritage of the region. Key proposals include the establishment of community centers, improved public transport links, and the provision of social and affordable housing. The document also advocates for the development of strategic infrastructure such as sewage systems and broadband connectivity to support economic activities and enhance quality of life. By fostering a supportive environment for residents to remain in their communities, the policy aims to maintain the cultural vibrancy and economic viability of the Gaeltacht, ensuring it remains a thriving region for future generations.",['IE04'],https://www.galway.ie/en/media/68. K. O Hara.pdf,Programme,Community
"['PL711', 'AT322', 'AT312', 'AT226', 'AT223', 'AT126', 'AT321', 'AT335', 'AT323', 'AT315', 'PL913', 'ITH20', 'ITH51', 'SI042', 'NL342', 'NL341', 'CH051', 'SE332', 'SE322', 'FI1C2', 'FI197', 'FI193', 'SE232', 'SE224', 'SE221', 'SE212', 'FI1D8', 'SI044', 'DE40C', 'DE27E', 'DE27B', 'DE40G', 'DE71C', 'DE716', 'DE715', 'DE600', 'DE501', 'DE255', 'DE24D', 'DE24B', 'DE24A', 'DE249', 'DE246', 'DE258', 'DE259', 'DE25A', 'DE276', 'DE26B', 'DE266', 'DE264', 'DE25C', 'DE25B', 'DE268', 'DE23A', 'DEA17', 'DEA12', 'DE94H', 'DE94F', 'DE94E', 'DE94B', 'DE94A', 'DE947', 'DE946', 'DE912', 'DE737', 'DE736', 'DE735', 'DE732', 'DE941', 'DE937', 'DE936', 'DE935', 'DE934', 'DE725', 'DE933', 'DE931', 'DE927', 'DE926', 'DE239', 'DE237', 'BE253', 'BE236', 'BE234', 'BE213', 'BE212', 'BE211', 'BE257', 'BE344', 'BE343', 'BE336', 'DK021', 'DK022', 'DE21G', 'DE219', 'DE211', 'DE21I', 'DE21J', 'DE236', 'DE235', 'DE234', 'DE229', 'DE224', 'DE228', 'DE11B', 'DE11A', 'DE119', 'DE118', 'DE114', 'DK050', 'DE135', 'DE12C', 'DE12B', 'DE127', 'ES708', 'ES707', 'ES704', 'FRD11', 'FRB06', 'FRB05', 'FRB02', 'FRB01', 'ES220', 'ES213', 'ES114', 'ES113', 'ES412', 'ES413', 'ES414', 'ES415', 'ES511', 'FRE11', 'ES418', 'ES417', 'ES416', 'FRK25', 'FRK21', 'FRK14', 'FRJ28', 'FRJ27', 'FRH01', 'FRG04', 'FRG02', 'FRF12', 'FRF11', 'FRH04', 'FRJ24', 'FRI34', 'FRI23', 'FRI15', 'DEC03', 'DEC01', 'DEB3K', 'DEB3J', 'DEB3G', 'DEB3D', 'DEE03', 'DEE02', 'DEB3B', 'DEA5A', 'DEA59', 'DEA54', 'DEA53', 'DEA46', 'DEA45', 'DEA44', 'DEA43', 'DEA42', 'DEB12', 'DEB15', 'DEB39', 'DEB22', 'DEB1C', 'DEB1A', 'DEB17', 'EL303', 'EL301', 'DEG06', 'DEF0A', 'DEF09', 'DEG0D', 'IE042', 'DEG0P', 'AT124', 'ITI19', 'FI1C5', 'FI1C4', 'SE231', 'SE214', 'SE125', 'SE123', 'SE122', 'SE211', 'DE40B', 'DE407', 'DE40F', 'DEA34', 'DE80N', 'DE80M', 'DE80K', 'DE917', 'DE918', 'DE923', 'BE223', 'BE323', 'DK041', 'DK032', 'DEA38', 'FRD13', 'FRD12', 'FRC13', 'FRC12', 'ES411', 'ES243', 'ES241', 'ES130', 'ES120', 'ES513', 'ES419', 'FRE12', 'FRK22', 'FRK12', 'FRK11', 'FRG03', 'FRF34', 'FRF33', 'FRI11', 'FRI13', 'FRJ25', 'FRJ14', 'FRI22', 'FRI21', 'DED2F', 'DED2E', 'DED42', 'DED43', 'DED45', 'DED44', 'DEA5B', 'DEA57', 'DEA56', 'DEB31', 'DEG0B', 'DEG0A', 'DEG0E', 'IE052', 'IE051', 'IE041', 'DEG0M', 'DEG0L', 'DEG0K', 'DEG0J', 'DEG0I', 'DEG0G']","['Cultural heritage', 'Economic development', 'Infrastructure', 'Housing', 'Regional development']","The document advocates for the protection of the Irish language and improved housing, infrastructure, and economic development in Cois Fharraige, Galway. It emphasizes the need for language preservation, better planning policies, and enhanced public services to support the local community.","This policy document from Cumann Forbartha Chois Fharraige addresses the development plan for County Galway (2022-2028), focusing on Cois Fharraige. It highlights the need to protect the Irish language in this Gaeltacht area, which faces pressure from English-speaking settlers. The document calls for specific planning policies to facilitate local housing development, ensuring young people can remain in their native area. It also stresses the importance of improving infrastructure, such as roads and public transport, to enhance safety and accessibility. Economic development is another priority, with recommendations to streamline planning processes for industrial projects and support the growth of Irish language colleges. The document proposes measures to collect levies from wind farms to benefit local infrastructure and community facilities. Overall, the aim is to create a sustainable environment that supports the cultural and economic vitality of Cois Fharraige, ensuring the community's long-term viability and the preservation of its linguistic heritage.",['IE04'],https://www.galway.ie/en/media/73. Chumann Forbartha Chois Fharraige.pdf,Policy,AI
"['PL711', 'AT322', 'AT312', 'AT226', 'AT223', 'AT126', 'AT321', 'AT335', 'AT323', 'AT315', 'PL913', 'ITH20', 'ITH51', 'SI042', 'NL342', 'NL341', 'CH051', 'SE332', 'SE322', 'FI1C2', 'FI197', 'FI193', 'SE232', 'SE224', 'SE221', 'SE212', 'FI1D8', 'SI044', 'DE40C', 'DE27E', 'DE27B', 'DE40G', 'DE71C', 'DE716', 'DE715', 'DE600', 'DE501', 'DE255', 'DE24D', 'DE24B', 'DE24A', 'DE249', 'DE246', 'DE258', 'DE259', 'DE25A', 'DE276', 'DE26B', 'DE266', 'DE264', 'DE25C', 'DE25B', 'DE268', 'DE23A', 'DEA17', 'DEA12', 'DE94H', 'DE94F', 'DE94E', 'DE94B', 'DE94A', 'DE947', 'DE946', 'DE912', 'DE737', 'DE736', 'DE735', 'DE732', 'DE941', 'DE937', 'DE936', 'DE935', 'DE934', 'DE725', 'DE933', 'DE931', 'DE927', 'DE926', 'DE239', 'DE237', 'BE253', 'BE236', 'BE234', 'BE213', 'BE212', 'BE211', 'BE257', 'BE344', 'BE343', 'BE336', 'DK021', 'DK022', 'DE21G', 'DE219', 'DE211', 'DE21I', 'DE21J', 'DE236', 'DE235', 'DE234', 'DE229', 'DE224', 'DE228', 'DE11B', 'DE11A', 'DE119', 'DE118', 'DE114', 'DK050', 'DE135', 'DE12C', 'DE12B', 'DE127', 'ES708', 'ES707', 'ES704', 'FRD11', 'FRB06', 'FRB05', 'FRB02', 'FRB01', 'ES220', 'ES213', 'ES114', 'ES113', 'ES412', 'ES413', 'ES414', 'ES415', 'ES511', 'FRE11', 'ES418', 'ES417', 'ES416', 'FRK25', 'FRK21', 'FRK14', 'FRJ28', 'FRJ27', 'FRH01', 'FRG04', 'FRG02', 'FRF12', 'FRF11', 'FRH04', 'FRJ24', 'FRI34', 'FRI23', 'FRI15', 'DEC03', 'DEC01', 'DEB3K', 'DEB3J', 'DEB3G', 'DEB3D', 'DEE03', 'DEE02', 'DEB3B', 'DEA5A', 'DEA59', 'DEA54', 'DEA53', 'DEA46', 'DEA45', 'DEA44', 'DEA43', 'DEA42', 'DEB12', 'DEB15', 'DEB39', 'DEB22', 'DEB1C', 'DEB1A', 'DEB17', 'EL303', 'EL301', 'DEG06', 'DEF0A', 'DEF09', 'DEG0D', 'IE042', 'DEG0P', 'AT124', 'ITI19', 'FI1C5', 'FI1C4', 'SE231', 'SE214', 'SE125', 'SE123', 'SE122', 'SE211', 'DE40B', 'DE407', 'DE40F', 'DEA34', 'DE80N', 'DE80M', 'DE80K', 'DE917', 'DE918', 'DE923', 'BE223', 'BE323', 'DK041', 'DK032', 'DEA38', 'FRD13', 'FRD12', 'FRC13', 'FRC12', 'ES411', 'ES243', 'ES241', 'ES130', 'ES120', 'ES513', 'ES419', 'FRE12', 'FRK22', 'FRK12', 'FRK11', 'FRG03', 'FRF34', 'FRF33', 'FRI11', 'FRI13', 'FRJ25', 'FRJ14', 'FRI22', 'FRI21', 'DED2F', 'DED2E', 'DED42', 'DED43', 'DED45', 'DED44', 'DEA5B', 'DEA57', 'DEA56', 'DEB31', 'DEG0B', 'DEG0A', 'DEG0E', 'IE052', 'IE051', 'IE041', 'DEG0M', 'DEG0L', 'DEG0K', 'DEG0J', 'DEG0I', 'DEG0G']","['Sustainability', 'Transportation', 'Economic development', 'Social inclusion', 'Environmental protection']","The document outlines the NTA's recommendations for integrating land use and transport planning in Galway's Development Plan, emphasizing sustainable urban development, improved public transport, and reduced car dependency to support economic and social connectivity.","The National Transport Authority (NTA) provides detailed recommendations for the Galway County Development Plan 2022-2028, focusing on integrating land use and transport planning. The document emphasizes the need for sustainable urban development by prioritizing urban-generated development within existing areas, enhancing public transport, and reducing car dependency. Key strategies include promoting walking, cycling, and public transport, managing parking standards, and ensuring accessibility through universal design. The NTA highlights the importance of the Galway Transport Strategy (GTS) and the Galway Metropolitan Area Strategic Plan (MASP) in achieving these goals. The document also stresses the need for Local Transport Plans for key settlements like Ballinasloe and Tuam, and the expansion of rural transport services through the Local Link Rural Transport Programme. By aligning with national policies and strategic road network objectives, the NTA aims to support economic growth, social inclusion, and environmental sustainability. The proposed measures are expected to enhance connectivity, reduce greenhouse gas emissions, and improve the quality of life for residents, ultimately contributing to a more vibrant and accessible Galway County.",['IE04'],https://www.galway.ie/en/media/80. National Transport Authority.pdf,Policy,Verified
"['PL711', 'AT322', 'AT312', 'AT226', 'AT223', 'AT126', 'AT321', 'AT335', 'AT323', 'AT315', 'PL913', 'ITH20', 'ITH51', 'SI042', 'NL342', 'NL341', 'CH051', 'SE332', 'SE322', 'FI1C2', 'FI197', 'FI193', 'SE232', 'SE224', 'SE221', 'SE212', 'FI1D8', 'SI044', 'DE40C', 'DE27E', 'DE27B', 'DE40G', 'DE71C', 'DE716', 'DE715', 'DE600', 'DE501', 'DE255', 'DE24D', 'DE24B', 'DE24A', 'DE249', 'DE246', 'DE258', 'DE259', 'DE25A', 'DE276', 'DE26B', 'DE266', 'DE264', 'DE25C', 'DE25B', 'DE268', 'DE23A', 'DEA17', 'DEA12', 'DE94H', 'DE94F', 'DE94E', 'DE94B', 'DE94A', 'DE947', 'DE946', 'DE912', 'DE737', 'DE736', 'DE735', 'DE732', 'DE941', 'DE937', 'DE936', 'DE935', 'DE934', 'DE725', 'DE933', 'DE931', 'DE927', 'DE926', 'DE239', 'DE237', 'BE253', 'BE236', 'BE234', 'BE213', 'BE212', 'BE211', 'BE257', 'BE344', 'BE343', 'BE336', 'DK021', 'DK022', 'DE21G', 'DE219', 'DE211', 'DE21I', 'DE21J', 'DE236', 'DE235', 'DE234', 'DE229', 'DE224', 'DE228', 'DE11B', 'DE11A', 'DE119', 'DE118', 'DE114', 'DK050', 'DE135', 'DE12C', 'DE12B', 'DE127', 'ES708', 'ES707', 'ES704', 'FRD11', 'FRB06', 'FRB05', 'FRB02', 'FRB01', 'ES220', 'ES213', 'ES114', 'ES113', 'ES412', 'ES413', 'ES414', 'ES415', 'ES511', 'FRE11', 'ES418', 'ES417', 'ES416', 'FRK25', 'FRK21', 'FRK14', 'FRJ28', 'FRJ27', 'FRH01', 'FRG04', 'FRG02', 'FRF12', 'FRF11', 'FRH04', 'FRJ24', 'FRI34', 'FRI23', 'FRI15', 'DEC03', 'DEC01', 'DEB3K', 'DEB3J', 'DEB3G', 'DEB3D', 'DEE03', 'DEE02', 'DEB3B', 'DEA5A', 'DEA59', 'DEA54', 'DEA53', 'DEA46', 'DEA45', 'DEA44', 'DEA43', 'DEA42', 'DEB12', 'DEB15', 'DEB39', 'DEB22', 'DEB1C', 'DEB1A', 'DEB17', 'EL303', 'EL301', 'DEG06', 'DEF0A', 'DEF09', 'DEG0D', 'IE042', 'DEG0P', 'AT124', 'ITI19', 'FI1C5', 'FI1C4', 'SE231', 'SE214', 'SE125', 'SE123', 'SE122', 'SE211', 'DE40B', 'DE407', 'DE40F', 'DEA34', 'DE80N', 'DE80M', 'DE80K', 'DE917', 'DE918', 'DE923', 'BE223', 'BE323', 'DK041', 'DK032', 'DEA38', 'FRD13', 'FRD12', 'FRC13', 'FRC12', 'ES411', 'ES243', 'ES241', 'ES130', 'ES120', 'ES513', 'ES419', 'FRE12', 'FRK22', 'FRK12', 'FRK11', 'FRG03', 'FRF34', 'FRF33', 'FRI11', 'FRI13', 'FRJ25', 'FRJ14', 'FRI22', 'FRI21', 'DED2F', 'DED2E', 'DED42', 'DED43', 'DED45', 'DED44', 'DEA5B', 'DEA57', 'DEA56', 'DEB31', 'DEG0B', 'DEG0A', 'DEG0E', 'IE052', 'IE051', 'IE041', 'DEG0M', 'DEG0L', 'DEG0K', 'DEG0J', 'DEG0I', 'DEG0G']","['Housing', 'Regional development', 'Infrastructure', 'Transportation']","The document advocates for a sufficient population allocation in the Core Strategy to support higher density residential development in Briarhill, aligning with MASP growth targets. It emphasizes Briarhill's strategic location and compliance with regional planning guidelines.","This policy document, submitted by Planning Consultancy Services on behalf of Martin Coyne, addresses the Galway County Development Plan 2022-2028. It calls for a sufficient population allocation within the Core Strategy to facilitate higher density residential development in the Briarhill Framework Plan area, aligning with the Metropolitan Area Strategic Plan (MASP) growth targets. Briarhill, located east of Galway City, is identified as a strategic settlement within the Galway Metropolitan Area, crucial for regional and national development. The document highlights Briarhill's locational advantages, such as proximity to commercial and employment hubs, and its capacity for development due to existing infrastructure. It aligns with the Regional Spatial and Economic Strategy (RSES) and the current County Development Plan, which support strategic growth in the area. The submission underscores the need for integration with transportation infrastructure to foster sustainable development. It also references the Ardaun Local Area Plan, emphasizing strategic linkages and access objectives. The document aims to ensure that Briarhill's development potential is realized, contributing to the region's housing demands and strategic growth objectives.",['IE04'],https://www.galway.ie/en/media/86. M. Coyne.pdf,Policy,Community
"['PL711', 'AT322', 'AT312', 'AT226', 'AT223', 'AT126', 'AT321', 'AT335', 'AT323', 'AT315', 'PL913', 'ITH20', 'ITH51', 'SI042', 'NL342', 'NL341', 'CH051', 'SE332', 'SE322', 'FI1C2', 'FI197', 'FI193', 'SE232', 'SE224', 'SE221', 'SE212', 'FI1D8', 'SI044', 'DE40C', 'DE27E', 'DE27B', 'DE40G', 'DE71C', 'DE716', 'DE715', 'DE600', 'DE501', 'DE255', 'DE24D', 'DE24B', 'DE24A', 'DE249', 'DE246', 'DE258', 'DE259', 'DE25A', 'DE276', 'DE26B', 'DE266', 'DE264', 'DE25C', 'DE25B', 'DE268', 'DE23A', 'DEA17', 'DEA12', 'DE94H', 'DE94F', 'DE94E', 'DE94B', 'DE94A', 'DE947', 'DE946', 'DE912', 'DE737', 'DE736', 'DE735', 'DE732', 'DE941', 'DE937', 'DE936', 'DE935', 'DE934', 'DE725', 'DE933', 'DE931', 'DE927', 'DE926', 'DE239', 'DE237', 'BE253', 'BE236', 'BE234', 'BE213', 'BE212', 'BE211', 'BE257', 'BE344', 'BE343', 'BE336', 'DK021', 'DK022', 'DE21G', 'DE219', 'DE211', 'DE21I', 'DE21J', 'DE236', 'DE235', 'DE234', 'DE229', 'DE224', 'DE228', 'DE11B', 'DE11A', 'DE119', 'DE118', 'DE114', 'DK050', 'DE135', 'DE12C', 'DE12B', 'DE127', 'ES708', 'ES707', 'ES704', 'FRD11', 'FRB06', 'FRB05', 'FRB02', 'FRB01', 'ES220', 'ES213', 'ES114', 'ES113', 'ES412', 'ES413', 'ES414', 'ES415', 'ES511', 'FRE11', 'ES418', 'ES417', 'ES416', 'FRK25', 'FRK21', 'FRK14', 'FRJ28', 'FRJ27', 'FRH01', 'FRG04', 'FRG02', 'FRF12', 'FRF11', 'FRH04', 'FRJ24', 'FRI34', 'FRI23', 'FRI15', 'DEC03', 'DEC01', 'DEB3K', 'DEB3J', 'DEB3G', 'DEB3D', 'DEE03', 'DEE02', 'DEB3B', 'DEA5A', 'DEA59', 'DEA54', 'DEA53', 'DEA46', 'DEA45', 'DEA44', 'DEA43', 'DEA42', 'DEB12', 'DEB15', 'DEB39', 'DEB22', 'DEB1C', 'DEB1A', 'DEB17', 'EL303', 'EL301', 'DEG06', 'DEF0A', 'DEF09', 'DEG0D', 'IE042', 'DEG0P', 'AT124', 'ITI19', 'FI1C5', 'FI1C4', 'SE231', 'SE214', 'SE125', 'SE123', 'SE122', 'SE211', 'DE40B', 'DE407', 'DE40F', 'DEA34', 'DE80N', 'DE80M', 'DE80K', 'DE917', 'DE918', 'DE923', 'BE223', 'BE323', 'DK041', 'DK032', 'DEA38', 'FRD13', 'FRD12', 'FRC13', 'FRC12', 'ES411', 'ES243', 'ES241', 'ES130', 'ES120', 'ES513', 'ES419', 'FRE12', 'FRK22', 'FRK12', 'FRK11', 'FRG03', 'FRF34', 'FRF33', 'FRI11', 'FRI13', 'FRJ25', 'FRJ14', 'FRI22', 'FRI21', 'DED2F', 'DED2E', 'DED42', 'DED43', 'DED45', 'DED44', 'DEA5B', 'DEA57', 'DEA56', 'DEB31', 'DEG0B', 'DEG0A', 'DEG0E', 'IE052', 'IE051', 'IE041', 'DEG0M', 'DEG0L', 'DEG0K', 'DEG0J', 'DEG0I', 'DEG0G']","['Housing', 'Regional development', 'Infrastructure']","The submission advocates for increasing Bearna's population allocation in the Core Strategy to align with MASP growth targets, enabling higher density residential development and supporting strategic growth within the Galway Metropolitan Area.","This submission, prepared by Planning Consultancy Services on behalf of Truskey West (Property Holdings) Ltd, requests an increase in the population allocation for Bearna in the Galway County Development Plan 2022-2028. Bearna, identified as a strategic settlement within the Galway Metropolitan Area Strategic Plan (MASP), is positioned for significant growth. The current Core Strategy limits development, conflicting with MASP objectives. The submission highlights Bearna's locational advantages, such as proximity to Galway City and existing infrastructure, making it suitable for higher density residential development. It aligns with the Regional Spatial & Economic Strategy (RSES) and addresses a recent High Court judgment emphasizing the need for a clear population allocation. The proposal includes utilizing underutilized infill lands, enhancing road networks, and ensuring compliance with national planning policies. The intended outcome is to facilitate sustainable growth, support strategic regional objectives, and contribute to the delivery of housing targets, thereby reinforcing Bearna's role within the metropolitan framework.",['IE04'],https://www.galway.ie/en/media/88. Truskey West (Property Holdings) Ltd.pdf,Policy,AI
"['PL711', 'AT322', 'AT312', 'AT226', 'AT223', 'AT126', 'AT321', 'AT335', 'AT323', 'AT315', 'PL913', 'ITH20', 'ITH51', 'SI042', 'NL342', 'NL341', 'CH051', 'SE332', 'SE322', 'FI1C2', 'FI197', 'FI193', 'SE232', 'SE224', 'SE221', 'SE212', 'FI1D8', 'SI044', 'DE40C', 'DE27E', 'DE27B', 'DE40G', 'DE71C', 'DE716', 'DE715', 'DE600', 'DE501', 'DE255', 'DE24D', 'DE24B', 'DE24A', 'DE249', 'DE246', 'DE258', 'DE259', 'DE25A', 'DE276', 'DE26B', 'DE266', 'DE264', 'DE25C', 'DE25B', 'DE268', 'DE23A', 'DEA17', 'DEA12', 'DE94H', 'DE94F', 'DE94E', 'DE94B', 'DE94A', 'DE947', 'DE946', 'DE912', 'DE737', 'DE736', 'DE735', 'DE732', 'DE941', 'DE937', 'DE936', 'DE935', 'DE934', 'DE725', 'DE933', 'DE931', 'DE927', 'DE926', 'DE239', 'DE237', 'BE253', 'BE236', 'BE234', 'BE213', 'BE212', 'BE211', 'BE257', 'BE344', 'BE343', 'BE336', 'DK021', 'DK022', 'DE21G', 'DE219', 'DE211', 'DE21I', 'DE21J', 'DE236', 'DE235', 'DE234', 'DE229', 'DE224', 'DE228', 'DE11B', 'DE11A', 'DE119', 'DE118', 'DE114', 'DK050', 'DE135', 'DE12C', 'DE12B', 'DE127', 'ES708', 'ES707', 'ES704', 'FRD11', 'FRB06', 'FRB05', 'FRB02', 'FRB01', 'ES220', 'ES213', 'ES114', 'ES113', 'ES412', 'ES413', 'ES414', 'ES415', 'ES511', 'FRE11', 'ES418', 'ES417', 'ES416', 'FRK25', 'FRK21', 'FRK14', 'FRJ28', 'FRJ27', 'FRH01', 'FRG04', 'FRG02', 'FRF12', 'FRF11', 'FRH04', 'FRJ24', 'FRI34', 'FRI23', 'FRI15', 'DEC03', 'DEC01', 'DEB3K', 'DEB3J', 'DEB3G', 'DEB3D', 'DEE03', 'DEE02', 'DEB3B', 'DEA5A', 'DEA59', 'DEA54', 'DEA53', 'DEA46', 'DEA45', 'DEA44', 'DEA43', 'DEA42', 'DEB12', 'DEB15', 'DEB39', 'DEB22', 'DEB1C', 'DEB1A', 'DEB17', 'EL303', 'EL301', 'DEG06', 'DEF0A', 'DEF09', 'DEG0D', 'IE042', 'DEG0P', 'AT124', 'ITI19', 'FI1C5', 'FI1C4', 'SE231', 'SE214', 'SE125', 'SE123', 'SE122', 'SE211', 'DE40B', 'DE407', 'DE40F', 'DEA34', 'DE80N', 'DE80M', 'DE80K', 'DE917', 'DE918', 'DE923', 'BE223', 'BE323', 'DK041', 'DK032', 'DEA38', 'FRD13', 'FRD12', 'FRC13', 'FRC12', 'ES411', 'ES243', 'ES241', 'ES130', 'ES120', 'ES513', 'ES419', 'FRE12', 'FRK22', 'FRK12', 'FRK11', 'FRG03', 'FRF34', 'FRF33', 'FRI11', 'FRI13', 'FRJ25', 'FRJ14', 'FRI22', 'FRI21', 'DED2F', 'DED2E', 'DED42', 'DED43', 'DED45', 'DED44', 'DEA5B', 'DEA57', 'DEA56', 'DEB31', 'DEG0B', 'DEG0A', 'DEG0E', 'IE052', 'IE051', 'IE041', 'DEG0M', 'DEG0L', 'DEG0K', 'DEG0J', 'DEG0I', 'DEG0G']","['Sustainability', 'Infrastructure', 'Transportation']","The document advocates for improved public bus transport in Galway to reduce single-occupancy car commuting. Key proposals include constructing bus lanes and shelters, encouraging remote work, and exploring carpooling and park-and-ride options to enhance accessibility and sustainability.","This policy document addresses the need to shift daily commuters from single-occupancy car use to public transport in Galway City. It highlights the importance of making public bus transport more accessible and appealing as a viable alternative to cars. Proposed measures include constructing bus lanes and shelters on seven main routes into the city, promoting remote work, and implementing carpooling and park-and-ride systems. The document also suggests more frequent bus services with competitive fares and allowing private operators to increase competition. It emphasizes the need for large employers and the city council to discourage car use by limiting parking availability and costs. Additionally, the document discusses the potential of a light rail system and improvements to the railway infrastructure, while prioritizing bus transport due to cost considerations. The ultimate goal is to reduce car commuting, alleviate traffic congestion, and promote sustainable mobility in Galway City and its surrounding areas.",['IE04'],https://www.galway.ie/en/media/90. A. mac Donncha.pdf,Programme,Verified
"['PL711', 'AT322', 'AT312', 'AT226', 'AT223', 'AT126', 'AT321', 'AT335', 'AT323', 'AT315', 'PL913', 'ITH20', 'ITH51', 'SI042', 'NL342', 'NL341', 'CH051', 'SE332', 'SE322', 'FI1C2', 'FI197', 'FI193', 'SE232', 'SE224', 'SE221', 'SE212', 'FI1D8', 'SI044', 'DE40C', 'DE27E', 'DE27B', 'DE40G', 'DE71C', 'DE716', 'DE715', 'DE600', 'DE501', 'DE255', 'DE24D', 'DE24B', 'DE24A', 'DE249', 'DE246', 'DE258', 'DE259', 'DE25A', 'DE276', 'DE26B', 'DE266', 'DE264', 'DE25C', 'DE25B', 'DE268', 'DE23A', 'DEA17', 'DEA12', 'DE94H', 'DE94F', 'DE94E', 'DE94B', 'DE94A', 'DE947', 'DE946', 'DE912', 'DE737', 'DE736', 'DE735', 'DE732', 'DE941', 'DE937', 'DE936', 'DE935', 'DE934', 'DE725', 'DE933', 'DE931', 'DE927', 'DE926', 'DE239', 'DE237', 'BE253', 'BE236', 'BE234', 'BE213', 'BE212', 'BE211', 'BE257', 'BE344', 'BE343', 'BE336', 'DK021', 'DK022', 'DE21G', 'DE219', 'DE211', 'DE21I', 'DE21J', 'DE236', 'DE235', 'DE234', 'DE229', 'DE224', 'DE228', 'DE11B', 'DE11A', 'DE119', 'DE118', 'DE114', 'DK050', 'DE135', 'DE12C', 'DE12B', 'DE127', 'ES708', 'ES707', 'ES704', 'FRD11', 'FRB06', 'FRB05', 'FRB02', 'FRB01', 'ES220', 'ES213', 'ES114', 'ES113', 'ES412', 'ES413', 'ES414', 'ES415', 'ES511', 'FRE11', 'ES418', 'ES417', 'ES416', 'FRK25', 'FRK21', 'FRK14', 'FRJ28', 'FRJ27', 'FRH01', 'FRG04', 'FRG02', 'FRF12', 'FRF11', 'FRH04', 'FRJ24', 'FRI34', 'FRI23', 'FRI15', 'DEC03', 'DEC01', 'DEB3K', 'DEB3J', 'DEB3G', 'DEB3D', 'DEE03', 'DEE02', 'DEB3B', 'DEA5A', 'DEA59', 'DEA54', 'DEA53', 'DEA46', 'DEA45', 'DEA44', 'DEA43', 'DEA42', 'DEB12', 'DEB15', 'DEB39', 'DEB22', 'DEB1C', 'DEB1A', 'DEB17', 'EL303', 'EL301', 'DEG06', 'DEF0A', 'DEF09', 'DEG0D', 'IE042', 'DEG0P', 'AT124', 'ITI19', 'FI1C5', 'FI1C4', 'SE231', 'SE214', 'SE125', 'SE123', 'SE122', 'SE211', 'DE40B', 'DE407', 'DE40F', 'DEA34', 'DE80N', 'DE80M', 'DE80K', 'DE917', 'DE918', 'DE923', 'BE223', 'BE323', 'DK041', 'DK032', 'DEA38', 'FRD13', 'FRD12', 'FRC13', 'FRC12', 'ES411', 'ES243', 'ES241', 'ES130', 'ES120', 'ES513', 'ES419', 'FRE12', 'FRK22', 'FRK12', 'FRK11', 'FRG03', 'FRF34', 'FRF33', 'FRI11', 'FRI13', 'FRJ25', 'FRJ14', 'FRI22', 'FRI21', 'DED2F', 'DED2E', 'DED42', 'DED43', 'DED45', 'DED44', 'DEA5B', 'DEA57', 'DEA56', 'DEB31', 'DEG0B', 'DEG0A', 'DEG0E', 'IE052', 'IE051', 'IE041', 'DEG0M', 'DEG0L', 'DEG0K', 'DEG0J', 'DEG0I', 'DEG0G']","['Economic development', 'Infrastructure', 'Housing', 'Regional development']","The document outlines proposals for Galway County's 2022-2028 development plan, focusing on affordable housing, infrastructure upgrades, employment support, and sewage system installations to enhance local living conditions and economic growth.","This document presents a series of proposals for the Galway County Development Plan 2022-2028, submitted by the Coiste Jobanna do Iorrais Aithneach. The primary focus is on improving local infrastructure and living conditions. Key proposals include the development of social and affordable housing schemes in Cill Chiaráin and Carna, and enabling locals to build homes on their own land. The expansion of the cemetery in Cill Chiaráin is also suggested due to capacity issues. To boost local employment, support for Páirc na Mara and grants for businesses wishing to establish in the area are recommended. Infrastructure improvements include the construction of sewage systems in Carna and Cill Chiaráin, as previously planned, and comprehensive upgrades to roads R340, R336, and N59, as well as footpaths in Carna, Cill Chiaráin, and An Aird Mhór. These measures aim to enhance the quality of life for residents, support economic development, and ensure sustainable growth in the region.",['IE04'],https://www.galway.ie/en/media/91. Coiste Jobanna do Iorrais Aithneach.pdf,Policy,Community
"['PL711', 'AT322', 'AT312', 'AT226', 'AT223', 'AT126', 'AT321', 'AT335', 'AT323', 'AT315', 'PL913', 'ITH20', 'ITH51', 'SI042', 'NL342', 'NL341', 'CH051', 'SE332', 'SE322', 'FI1C2', 'FI197', 'FI193', 'SE232', 'SE224', 'SE221', 'SE212', 'FI1D8', 'SI044', 'DE40C', 'DE27E', 'DE27B', 'DE40G', 'DE71C', 'DE716', 'DE715', 'DE600', 'DE501', 'DE255', 'DE24D', 'DE24B', 'DE24A', 'DE249', 'DE246', 'DE258', 'DE259', 'DE25A', 'DE276', 'DE26B', 'DE266', 'DE264', 'DE25C', 'DE25B', 'DE268', 'DE23A', 'DEA17', 'DEA12', 'DE94H', 'DE94F', 'DE94E', 'DE94B', 'DE94A', 'DE947', 'DE946', 'DE912', 'DE737', 'DE736', 'DE735', 'DE732', 'DE941', 'DE937', 'DE936', 'DE935', 'DE934', 'DE725', 'DE933', 'DE931', 'DE927', 'DE926', 'DE239', 'DE237', 'BE253', 'BE236', 'BE234', 'BE213', 'BE212', 'BE211', 'BE257', 'BE344', 'BE343', 'BE336', 'DK021', 'DK022', 'DE21G', 'DE219', 'DE211', 'DE21I', 'DE21J', 'DE236', 'DE235', 'DE234', 'DE229', 'DE224', 'DE228', 'DE11B', 'DE11A', 'DE119', 'DE118', 'DE114', 'DK050', 'DE135', 'DE12C', 'DE12B', 'DE127', 'ES708', 'ES707', 'ES704', 'FRD11', 'FRB06', 'FRB05', 'FRB02', 'FRB01', 'ES220', 'ES213', 'ES114', 'ES113', 'ES412', 'ES413', 'ES414', 'ES415', 'ES511', 'FRE11', 'ES418', 'ES417', 'ES416', 'FRK25', 'FRK21', 'FRK14', 'FRJ28', 'FRJ27', 'FRH01', 'FRG04', 'FRG02', 'FRF12', 'FRF11', 'FRH04', 'FRJ24', 'FRI34', 'FRI23', 'FRI15', 'DEC03', 'DEC01', 'DEB3K', 'DEB3J', 'DEB3G', 'DEB3D', 'DEE03', 'DEE02', 'DEB3B', 'DEA5A', 'DEA59', 'DEA54', 'DEA53', 'DEA46', 'DEA45', 'DEA44', 'DEA43', 'DEA42', 'DEB12', 'DEB15', 'DEB39', 'DEB22', 'DEB1C', 'DEB1A', 'DEB17', 'EL303', 'EL301', 'DEG06', 'DEF0A', 'DEF09', 'DEG0D', 'IE042', 'DEG0P', 'AT124', 'ITI19', 'FI1C5', 'FI1C4', 'SE231', 'SE214', 'SE125', 'SE123', 'SE122', 'SE211', 'DE40B', 'DE407', 'DE40F', 'DEA34', 'DE80N', 'DE80M', 'DE80K', 'DE917', 'DE918', 'DE923', 'BE223', 'BE323', 'DK041', 'DK032', 'DEA38', 'FRD13', 'FRD12', 'FRC13', 'FRC12', 'ES411', 'ES243', 'ES241', 'ES130', 'ES120', 'ES513', 'ES419', 'FRE12', 'FRK22', 'FRK12', 'FRK11', 'FRG03', 'FRF34', 'FRF33', 'FRI11', 'FRI13', 'FRJ25', 'FRJ14', 'FRI22', 'FRI21', 'DED2F', 'DED2E', 'DED42', 'DED43', 'DED45', 'DED44', 'DEA5B', 'DEA57', 'DEA56', 'DEB31', 'DEG0B', 'DEG0A', 'DEG0E', 'IE052', 'IE051', 'IE041', 'DEG0M', 'DEG0L', 'DEG0K', 'DEG0J', 'DEG0I', 'DEG0G']","['Economic development', 'Regional development', 'Infrastructure', 'Transportation']","The document proposes expanding the IDA Parkmore Business Park within the Briarhill Framework Plan to support future employment growth, aligning with regional and national planning strategies. It emphasizes the strategic location and lack of environmental constraints to justify development.","The submission by Planning Consultancy Services on behalf of Castlegar Development Ltd advocates for the expansion of the IDA Parkmore Business Park within the Briarhill Framework Plan, as part of the Galway County Development Plan 2022-2028. The proposal highlights the strategic importance of the area, located within the Galway Metropolitan Area, and its alignment with the Regional Spatial & Economic Strategy (RSES). The document underscores the area's locational advantages, such as proximity to major transport links and existing infrastructure, which make it suitable for future economic development. It argues that the expansion would support targeted employment growth, as outlined in the RSES and the National Planning Framework. The submission also notes the absence of environmental or heritage constraints on the proposed lands, further supporting their suitability for development. The ultimate goal is to facilitate sustainable economic growth and urban expansion in line with regional and national objectives, contributing to the broader economic development of the Galway region.",['IE04'],https://www.galway.ie/en/media/97. Castlegar Developments Ltd.pdf,Policy,AI
"['PL711', 'AT322', 'AT312', 'AT226', 'AT223', 'AT126', 'AT321', 'AT335', 'AT323', 'AT315', 'PL913', 'ITH20', 'ITH51', 'SI042', 'NL342', 'NL341', 'CH051', 'SE332', 'SE322', 'FI1C2', 'FI197', 'FI193', 'SE232', 'SE224', 'SE221', 'SE212', 'FI1D8', 'SI044', 'DE40C', 'DE27E', 'DE27B', 'DE40G', 'DE71C', 'DE716', 'DE715', 'DE600', 'DE501', 'DE255', 'DE24D', 'DE24B', 'DE24A', 'DE249', 'DE246', 'DE258', 'DE259', 'DE25A', 'DE276', 'DE26B', 'DE266', 'DE264', 'DE25C', 'DE25B', 'DE268', 'DE23A', 'DEA17', 'DEA12', 'DE94H', 'DE94F', 'DE94E', 'DE94B', 'DE94A', 'DE947', 'DE946', 'DE912', 'DE737', 'DE736', 'DE735', 'DE732', 'DE941', 'DE937', 'DE936', 'DE935', 'DE934', 'DE725', 'DE933', 'DE931', 'DE927', 'DE926', 'DE239', 'DE237', 'BE253', 'BE236', 'BE234', 'BE213', 'BE212', 'BE211', 'BE257', 'BE344', 'BE343', 'BE336', 'DK021', 'DK022', 'DE21G', 'DE219', 'DE211', 'DE21I', 'DE21J', 'DE236', 'DE235', 'DE234', 'DE229', 'DE224', 'DE228', 'DE11B', 'DE11A', 'DE119', 'DE118', 'DE114', 'DK050', 'DE135', 'DE12C', 'DE12B', 'DE127', 'ES708', 'ES707', 'ES704', 'FRD11', 'FRB06', 'FRB05', 'FRB02', 'FRB01', 'ES220', 'ES213', 'ES114', 'ES113', 'ES412', 'ES413', 'ES414', 'ES415', 'ES511', 'FRE11', 'ES418', 'ES417', 'ES416', 'FRK25', 'FRK21', 'FRK14', 'FRJ28', 'FRJ27', 'FRH01', 'FRG04', 'FRG02', 'FRF12', 'FRF11', 'FRH04', 'FRJ24', 'FRI34', 'FRI23', 'FRI15', 'DEC03', 'DEC01', 'DEB3K', 'DEB3J', 'DEB3G', 'DEB3D', 'DEE03', 'DEE02', 'DEB3B', 'DEA5A', 'DEA59', 'DEA54', 'DEA53', 'DEA46', 'DEA45', 'DEA44', 'DEA43', 'DEA42', 'DEB12', 'DEB15', 'DEB39', 'DEB22', 'DEB1C', 'DEB1A', 'DEB17', 'EL303', 'EL301', 'DEG06', 'DEF0A', 'DEF09', 'DEG0D', 'IE042', 'DEG0P', 'AT124', 'ITI19', 'FI1C5', 'FI1C4', 'SE231', 'SE214', 'SE125', 'SE123', 'SE122', 'SE211', 'DE40B', 'DE407', 'DE40F', 'DEA34', 'DE80N', 'DE80M', 'DE80K', 'DE917', 'DE918', 'DE923', 'BE223', 'BE323', 'DK041', 'DK032', 'DEA38', 'FRD13', 'FRD12', 'FRC13', 'FRC12', 'ES411', 'ES243', 'ES241', 'ES130', 'ES120', 'ES513', 'ES419', 'FRE12', 'FRK22', 'FRK12', 'FRK11', 'FRG03', 'FRF34', 'FRF33', 'FRI11', 'FRI13', 'FRJ25', 'FRJ14', 'FRI22', 'FRI21', 'DED2F', 'DED2E', 'DED42', 'DED43', 'DED45', 'DED44', 'DEA5B', 'DEA57', 'DEA56', 'DEB31', 'DEG0B', 'DEG0A', 'DEG0E', 'IE052', 'IE051', 'IE041', 'DEG0M', 'DEG0L', 'DEG0K', 'DEG0J', 'DEG0I', 'DEG0G']","['Sustainability', 'Infrastructure', 'Energy', 'Transportation', 'Economic development']","The ESB submission to the Galway County Development Plan emphasizes renewable energy, infrastructure development, and electric vehicle support to achieve a low-carbon economy, aligning with national climate goals.","The ESB's submission to the Galway County Development Plan 2022-2028 outlines strategic priorities for enhancing energy and telecommunications infrastructure to support a low-carbon economy. It highlights the importance of renewable energy generation, transmission, and distribution, advocating for policies that protect and expand energy infrastructure. The document underscores the need for robust telecommunications networks to foster economic growth and social inclusion. Additionally, it emphasizes the expansion of electric vehicle (EV) infrastructure, aligning with the Irish Government's Climate Action Plan targets for EV adoption. The submission calls for integrating EV charging provisions into parking standards for new developments. By focusing on these areas, the ESB aims to contribute to national and EU climate objectives, stimulate local economic growth, and ensure a sustainable energy future. The proposed measures are designed to safeguard existing energy corridors, enhance virtual connectivity, and promote sustainable transport modes, ultimately supporting Galway's transition to a competitive, resilient, and environmentally sustainable region.",['IE04'],https://www.galway.ie/en/media/99. Electricity Supply Board.pdf,Policy,Verified
"['PL711', 'AT322', 'AT312', 'AT226', 'AT223', 'AT126', 'AT321', 'AT335', 'AT323', 'AT315', 'PL913', 'ITH20', 'ITH51', 'SI042', 'NL342', 'NL341', 'CH051', 'SE332', 'SE322', 'FI1C2', 'FI197', 'FI193', 'SE232', 'SE224', 'SE221', 'SE212', 'FI1D8', 'SI044', 'DE40C', 'DE27E', 'DE27B', 'DE40G', 'DE71C', 'DE716', 'DE715', 'DE600', 'DE501', 'DE255', 'DE24D', 'DE24B', 'DE24A', 'DE249', 'DE246', 'DE258', 'DE259', 'DE25A', 'DE276', 'DE26B', 'DE266', 'DE264', 'DE25C', 'DE25B', 'DE268', 'DE23A', 'DEA17', 'DEA12', 'DE94H', 'DE94F', 'DE94E', 'DE94B', 'DE94A', 'DE947', 'DE946', 'DE912', 'DE737', 'DE736', 'DE735', 'DE732', 'DE941', 'DE937', 'DE936', 'DE935', 'DE934', 'DE725', 'DE933', 'DE931', 'DE927', 'DE926', 'DE239', 'DE237', 'BE253', 'BE236', 'BE234', 'BE213', 'BE212', 'BE211', 'BE257', 'BE344', 'BE343', 'BE336', 'DK021', 'DK022', 'DE21G', 'DE219', 'DE211', 'DE21I', 'DE21J', 'DE236', 'DE235', 'DE234', 'DE229', 'DE224', 'DE228', 'DE11B', 'DE11A', 'DE119', 'DE118', 'DE114', 'DK050', 'DE135', 'DE12C', 'DE12B', 'DE127', 'ES708', 'ES707', 'ES704', 'FRD11', 'FRB06', 'FRB05', 'FRB02', 'FRB01', 'ES220', 'ES213', 'ES114', 'ES113', 'ES412', 'ES413', 'ES414', 'ES415', 'ES511', 'FRE11', 'ES418', 'ES417', 'ES416', 'FRK25', 'FRK21', 'FRK14', 'FRJ28', 'FRJ27', 'FRH01', 'FRG04', 'FRG02', 'FRF12', 'FRF11', 'FRH04', 'FRJ24', 'FRI34', 'FRI23', 'FRI15', 'DEC03', 'DEC01', 'DEB3K', 'DEB3J', 'DEB3G', 'DEB3D', 'DEE03', 'DEE02', 'DEB3B', 'DEA5A', 'DEA59', 'DEA54', 'DEA53', 'DEA46', 'DEA45', 'DEA44', 'DEA43', 'DEA42', 'DEB12', 'DEB15', 'DEB39', 'DEB22', 'DEB1C', 'DEB1A', 'DEB17', 'EL303', 'EL301', 'DEG06', 'DEF0A', 'DEF09', 'DEG0D', 'IE042', 'DEG0P', 'AT124', 'ITI19', 'FI1C5', 'FI1C4', 'SE231', 'SE214', 'SE125', 'SE123', 'SE122', 'SE211', 'DE40B', 'DE407', 'DE40F', 'DEA34', 'DE80N', 'DE80M', 'DE80K', 'DE917', 'DE918', 'DE923', 'BE223', 'BE323', 'DK041', 'DK032', 'DEA38', 'FRD13', 'FRD12', 'FRC13', 'FRC12', 'ES411', 'ES243', 'ES241', 'ES130', 'ES120', 'ES513', 'ES419', 'FRE12', 'FRK22', 'FRK12', 'FRK11', 'FRG03', 'FRF34', 'FRF33', 'FRI11', 'FRI13', 'FRJ25', 'FRJ14', 'FRI22', 'FRI21', 'DED2F', 'DED2E', 'DED42', 'DED43', 'DED45', 'DED44', 'DEA5B', 'DEA57', 'DEA56', 'DEB31', 'DEG0B', 'DEG0A', 'DEG0E', 'IE052', 'IE051', 'IE041', 'DEG0M', 'DEG0L', 'DEG0K', 'DEG0J', 'DEG0I', 'DEG0G']","['Sustainability', 'Climate change', 'Infrastructure', 'Community engagement', 'Cultural heritage']","The document emphasizes sustainable development in Galway County, focusing on reducing car dependency, enhancing public transport, and revitalizing rural areas. It advocates for climate action, heritage conservation, and improved infrastructure to support economic growth and community well-being.","This policy document outlines a comprehensive approach to sustainable development in Galway County for 2022-2028. It highlights the need to address climate change and biodiversity loss by reducing car dependency and enhancing public transport. The document advocates for the revitalization of rural areas through community involvement and the development of digital hubs. It stresses the importance of heritage conservation and the promotion of local enterprise to reduce commuting. The document also calls for improved infrastructure, including a light rail network and better waste management systems, to support economic growth and community well-being. Additionally, it emphasizes the need for Galway to align with national climate targets, advocating for a transition to renewable energy sources and sustainable agricultural practices. The proposed measures aim to create a balanced development strategy that fosters economic growth while preserving the natural and cultural heritage of the region.",['IE04'],https://www.galway.ie/en/media/104. D. Hambleton.pdf,Policy,Community
"['PL711', 'AT322', 'AT312', 'AT226', 'AT223', 'AT126', 'AT321', 'AT335', 'AT323', 'AT315', 'PL913', 'ITH20', 'ITH51', 'SI042', 'NL342', 'NL341', 'CH051', 'SE332', 'SE322', 'FI1C2', 'FI197', 'FI193', 'SE232', 'SE224', 'SE221', 'SE212', 'FI1D8', 'SI044', 'DE40C', 'DE27E', 'DE27B', 'DE40G', 'DE71C', 'DE716', 'DE715', 'DE600', 'DE501', 'DE255', 'DE24D', 'DE24B', 'DE24A', 'DE249', 'DE246', 'DE258', 'DE259', 'DE25A', 'DE276', 'DE26B', 'DE266', 'DE264', 'DE25C', 'DE25B', 'DE268', 'DE23A', 'DEA17', 'DEA12', 'DE94H', 'DE94F', 'DE94E', 'DE94B', 'DE94A', 'DE947', 'DE946', 'DE912', 'DE737', 'DE736', 'DE735', 'DE732', 'DE941', 'DE937', 'DE936', 'DE935', 'DE934', 'DE725', 'DE933', 'DE931', 'DE927', 'DE926', 'DE239', 'DE237', 'BE253', 'BE236', 'BE234', 'BE213', 'BE212', 'BE211', 'BE257', 'BE344', 'BE343', 'BE336', 'DK021', 'DK022', 'DE21G', 'DE219', 'DE211', 'DE21I', 'DE21J', 'DE236', 'DE235', 'DE234', 'DE229', 'DE224', 'DE228', 'DE11B', 'DE11A', 'DE119', 'DE118', 'DE114', 'DK050', 'DE135', 'DE12C', 'DE12B', 'DE127', 'ES708', 'ES707', 'ES704', 'FRD11', 'FRB06', 'FRB05', 'FRB02', 'FRB01', 'ES220', 'ES213', 'ES114', 'ES113', 'ES412', 'ES413', 'ES414', 'ES415', 'ES511', 'FRE11', 'ES418', 'ES417', 'ES416', 'FRK25', 'FRK21', 'FRK14', 'FRJ28', 'FRJ27', 'FRH01', 'FRG04', 'FRG02', 'FRF12', 'FRF11', 'FRH04', 'FRJ24', 'FRI34', 'FRI23', 'FRI15', 'DEC03', 'DEC01', 'DEB3K', 'DEB3J', 'DEB3G', 'DEB3D', 'DEE03', 'DEE02', 'DEB3B', 'DEA5A', 'DEA59', 'DEA54', 'DEA53', 'DEA46', 'DEA45', 'DEA44', 'DEA43', 'DEA42', 'DEB12', 'DEB15', 'DEB39', 'DEB22', 'DEB1C', 'DEB1A', 'DEB17', 'EL303', 'EL301', 'DEG06', 'DEF0A', 'DEF09', 'DEG0D', 'IE042', 'DEG0P', 'AT124', 'ITI19', 'FI1C5', 'FI1C4', 'SE231', 'SE214', 'SE125', 'SE123', 'SE122', 'SE211', 'DE40B', 'DE407', 'DE40F', 'DEA34', 'DE80N', 'DE80M', 'DE80K', 'DE917', 'DE918', 'DE923', 'BE223', 'BE323', 'DK041', 'DK032', 'DEA38', 'FRD13', 'FRD12', 'FRC13', 'FRC12', 'ES411', 'ES243', 'ES241', 'ES130', 'ES120', 'ES513', 'ES419', 'FRE12', 'FRK22', 'FRK12', 'FRK11', 'FRG03', 'FRF34', 'FRF33', 'FRI11', 'FRI13', 'FRJ25', 'FRJ14', 'FRI22', 'FRI21', 'DED2F', 'DED2E', 'DED42', 'DED43', 'DED45', 'DED44', 'DEA5B', 'DEA57', 'DEA56', 'DEB31', 'DEG0B', 'DEG0A', 'DEG0E', 'IE052', 'IE051', 'IE041', 'DEG0M', 'DEG0L', 'DEG0K', 'DEG0J', 'DEG0I', 'DEG0G']","['Economic development', 'Infrastructure', 'Housing', 'Tourism']","The Cill Chiaráin Community Committee proposes initiatives for the Galway County Development Plan 2022-2028, focusing on housing, infrastructure upgrades, employment support, and tourism development to enhance local living conditions and economic growth.","The Cill Chiaráin Community Committee has submitted proposals for the Galway County Development Plan 2022-2028, aiming to address key community needs. The proposals emphasize the acquisition of land and the development of social and affordable housing in Cill Chiaráin, enabling locals to build on their own land. Infrastructure improvements include expanding the local cemetery, upgrading roads (R340, R336, N59), and enhancing footpaths. Employment initiatives focus on supporting Páirc na Mara and providing grants to attract businesses. The plan also calls for the construction of a sewage system and the development of tourism through a Greenway in Iorras Aithneach and a marina at Cill Chiaráin quay, alongside water sports activities. These measures aim to improve living standards, boost local employment, and enhance tourism, contributing to the overall economic and social development of the region.",['IE04'],https://www.galway.ie/en/media/105. M. Dunworth.pdf,Policy,AI
"['PL711', 'AT322', 'AT312', 'AT226', 'AT223', 'AT126', 'AT321', 'AT335', 'AT323', 'AT315', 'PL913', 'ITH20', 'ITH51', 'SI042', 'NL342', 'NL341', 'CH051', 'SE332', 'SE322', 'FI1C2', 'FI197', 'FI193', 'SE232', 'SE224', 'SE221', 'SE212', 'FI1D8', 'SI044', 'DE40C', 'DE27E', 'DE27B', 'DE40G', 'DE71C', 'DE716', 'DE715', 'DE600', 'DE501', 'DE255', 'DE24D', 'DE24B', 'DE24A', 'DE249', 'DE246', 'DE258', 'DE259', 'DE25A', 'DE276', 'DE26B', 'DE266', 'DE264', 'DE25C', 'DE25B', 'DE268', 'DE23A', 'DEA17', 'DEA12', 'DE94H', 'DE94F', 'DE94E', 'DE94B', 'DE94A', 'DE947', 'DE946', 'DE912', 'DE737', 'DE736', 'DE735', 'DE732', 'DE941', 'DE937', 'DE936', 'DE935', 'DE934', 'DE725', 'DE933', 'DE931', 'DE927', 'DE926', 'DE239', 'DE237', 'BE253', 'BE236', 'BE234', 'BE213', 'BE212', 'BE211', 'BE257', 'BE344', 'BE343', 'BE336', 'DK021', 'DK022', 'DE21G', 'DE219', 'DE211', 'DE21I', 'DE21J', 'DE236', 'DE235', 'DE234', 'DE229', 'DE224', 'DE228', 'DE11B', 'DE11A', 'DE119', 'DE118', 'DE114', 'DK050', 'DE135', 'DE12C', 'DE12B', 'DE127', 'ES708', 'ES707', 'ES704', 'FRD11', 'FRB06', 'FRB05', 'FRB02', 'FRB01', 'ES220', 'ES213', 'ES114', 'ES113', 'ES412', 'ES413', 'ES414', 'ES415', 'ES511', 'FRE11', 'ES418', 'ES417', 'ES416', 'FRK25', 'FRK21', 'FRK14', 'FRJ28', 'FRJ27', 'FRH01', 'FRG04', 'FRG02', 'FRF12', 'FRF11', 'FRH04', 'FRJ24', 'FRI34', 'FRI23', 'FRI15', 'DEC03', 'DEC01', 'DEB3K', 'DEB3J', 'DEB3G', 'DEB3D', 'DEE03', 'DEE02', 'DEB3B', 'DEA5A', 'DEA59', 'DEA54', 'DEA53', 'DEA46', 'DEA45', 'DEA44', 'DEA43', 'DEA42', 'DEB12', 'DEB15', 'DEB39', 'DEB22', 'DEB1C', 'DEB1A', 'DEB17', 'EL303', 'EL301', 'DEG06', 'DEF0A', 'DEF09', 'DEG0D', 'IE042', 'DEG0P', 'AT124', 'ITI19', 'FI1C5', 'FI1C4', 'SE231', 'SE214', 'SE125', 'SE123', 'SE122', 'SE211', 'DE40B', 'DE407', 'DE40F', 'DEA34', 'DE80N', 'DE80M', 'DE80K', 'DE917', 'DE918', 'DE923', 'BE223', 'BE323', 'DK041', 'DK032', 'DEA38', 'FRD13', 'FRD12', 'FRC13', 'FRC12', 'ES411', 'ES243', 'ES241', 'ES130', 'ES120', 'ES513', 'ES419', 'FRE12', 'FRK22', 'FRK12', 'FRK11', 'FRG03', 'FRF34', 'FRF33', 'FRI11', 'FRI13', 'FRJ25', 'FRJ14', 'FRI22', 'FRI21', 'DED2F', 'DED2E', 'DED42', 'DED43', 'DED45', 'DED44', 'DEA5B', 'DEA57', 'DEA56', 'DEB31', 'DEG0B', 'DEG0A', 'DEG0E', 'IE052', 'IE051', 'IE041', 'DEG0M', 'DEG0L', 'DEG0K', 'DEG0J', 'DEG0I', 'DEG0G']","['Infrastructure', 'Economic development', 'Sustainability', 'Transportation', 'Digitalisation']","The document proposes enhancements to the Galway County Development Plan 2022-2028, focusing on infrastructure improvements for Greenways, including trailheads, rest areas, and cycle parking, to boost economic, environmental, and tourism benefits.","This document outlines submissions for the Galway County Development Plan 2022-2028, emphasizing the development of infrastructure along the proposed Galway-Clifden Greenway. Key proposals include the establishment of major trailheads with facilities such as parking, toilets, and information boards, which are crucial for enhancing user experience and promoting tourism. The document also suggests the integration of rest areas, secure cycle parking, and storage lockers to ensure convenience and safety for cyclists. Additionally, it highlights the importance of lighting in high-activity areas to improve safety and usability, and the provision of public toilets at major trailheads. The inclusion of high-speed broadband infrastructure is also recommended to support connectivity. These measures aim to foster sustainable economic growth, enhance environmental benefits, and improve the overall quality of life in County Galway. The proposals are designed to attract more users to the Greenway, thereby boosting local businesses and creating new opportunities. The document underscores the necessity of considering maintenance and resource allocation to ensure the long-term success and sustainability of these initiatives.",['IE04'],https://www.galway.ie/en/media/106. T. Lee.pdf,Policy,Verified
"['PL711', 'AT322', 'AT312', 'AT226', 'AT223', 'AT126', 'AT321', 'AT335', 'AT323', 'AT315', 'PL913', 'ITH20', 'ITH51', 'SI042', 'NL342', 'NL341', 'CH051', 'SE332', 'SE322', 'FI1C2', 'FI197', 'FI193', 'SE232', 'SE224', 'SE221', 'SE212', 'FI1D8', 'SI044', 'DE40C', 'DE27E', 'DE27B', 'DE40G', 'DE71C', 'DE716', 'DE715', 'DE600', 'DE501', 'DE255', 'DE24D', 'DE24B', 'DE24A', 'DE249', 'DE246', 'DE258', 'DE259', 'DE25A', 'DE276', 'DE26B', 'DE266', 'DE264', 'DE25C', 'DE25B', 'DE268', 'DE23A', 'DEA17', 'DEA12', 'DE94H', 'DE94F', 'DE94E', 'DE94B', 'DE94A', 'DE947', 'DE946', 'DE912', 'DE737', 'DE736', 'DE735', 'DE732', 'DE941', 'DE937', 'DE936', 'DE935', 'DE934', 'DE725', 'DE933', 'DE931', 'DE927', 'DE926', 'DE239', 'DE237', 'BE253', 'BE236', 'BE234', 'BE213', 'BE212', 'BE211', 'BE257', 'BE344', 'BE343', 'BE336', 'DK021', 'DK022', 'DE21G', 'DE219', 'DE211', 'DE21I', 'DE21J', 'DE236', 'DE235', 'DE234', 'DE229', 'DE224', 'DE228', 'DE11B', 'DE11A', 'DE119', 'DE118', 'DE114', 'DK050', 'DE135', 'DE12C', 'DE12B', 'DE127', 'ES708', 'ES707', 'ES704', 'FRD11', 'FRB06', 'FRB05', 'FRB02', 'FRB01', 'ES220', 'ES213', 'ES114', 'ES113', 'ES412', 'ES413', 'ES414', 'ES415', 'ES511', 'FRE11', 'ES418', 'ES417', 'ES416', 'FRK25', 'FRK21', 'FRK14', 'FRJ28', 'FRJ27', 'FRH01', 'FRG04', 'FRG02', 'FRF12', 'FRF11', 'FRH04', 'FRJ24', 'FRI34', 'FRI23', 'FRI15', 'DEC03', 'DEC01', 'DEB3K', 'DEB3J', 'DEB3G', 'DEB3D', 'DEE03', 'DEE02', 'DEB3B', 'DEA5A', 'DEA59', 'DEA54', 'DEA53', 'DEA46', 'DEA45', 'DEA44', 'DEA43', 'DEA42', 'DEB12', 'DEB15', 'DEB39', 'DEB22', 'DEB1C', 'DEB1A', 'DEB17', 'EL303', 'EL301', 'DEG06', 'DEF0A', 'DEF09', 'DEG0D', 'IE042', 'DEG0P', 'AT124', 'ITI19', 'FI1C5', 'FI1C4', 'SE231', 'SE214', 'SE125', 'SE123', 'SE122', 'SE211', 'DE40B', 'DE407', 'DE40F', 'DEA34', 'DE80N', 'DE80M', 'DE80K', 'DE917', 'DE918', 'DE923', 'BE223', 'BE323', 'DK041', 'DK032', 'DEA38', 'FRD13', 'FRD12', 'FRC13', 'FRC12', 'ES411', 'ES243', 'ES241', 'ES130', 'ES120', 'ES513', 'ES419', 'FRE12', 'FRK22', 'FRK12', 'FRK11', 'FRG03', 'FRF34', 'FRF33', 'FRI11', 'FRI13', 'FRJ25', 'FRJ14', 'FRI22', 'FRI21', 'DED2F', 'DED2E', 'DED42', 'DED43', 'DED45', 'DED44', 'DEA5B', 'DEA57', 'DEA56', 'DEB31', 'DEG0B', 'DEG0A', 'DEG0E', 'IE052', 'IE051', 'IE041', 'DEG0M', 'DEG0L', 'DEG0K', 'DEG0J', 'DEG0I', 'DEG0G']","['Infrastructure', 'Community engagement', 'Regional development']",The Headford GAA Club requests the inclusion of enhanced community and sporting facilities in the new County Development Plan to address the needs arising from the village's growing population.,"The Headford GAA Club has expressed a need for the inclusion of additional community and sporting facilities in the upcoming County Development Plan. This request is driven by the recent population growth in Headford, which has increased the demand for such amenities. Currently, the village has limited sporting facilities, which are insufficient to meet the needs of its expanding community. The club emphasizes the importance of addressing this gap to enhance the quality of life for residents and support community engagement. The proposed action involves the strategic planning and allocation of resources to develop new facilities that can accommodate various sports and community activities. The intended outcome is to provide adequate infrastructure that supports the physical and social well-being of Headford's residents, fostering a more vibrant and cohesive community. By integrating these facilities into the County Development Plan, policymakers can ensure that the village's development keeps pace with its demographic changes, ultimately contributing to sustainable growth and improved community satisfaction.",['IE04'],https://www.galway.ie/en/media/108. Headford GAA Club.pdf,Programme,Community
"['PL711', 'AT322', 'AT312', 'AT226', 'AT223', 'AT126', 'AT321', 'AT335', 'AT323', 'AT315', 'PL913', 'ITH20', 'ITH51', 'SI042', 'NL342', 'NL341', 'CH051', 'SE332', 'SE322', 'FI1C2', 'FI197', 'FI193', 'SE232', 'SE224', 'SE221', 'SE212', 'FI1D8', 'SI044', 'DE40C', 'DE27E', 'DE27B', 'DE40G', 'DE71C', 'DE716', 'DE715', 'DE600', 'DE501', 'DE255', 'DE24D', 'DE24B', 'DE24A', 'DE249', 'DE246', 'DE258', 'DE259', 'DE25A', 'DE276', 'DE26B', 'DE266', 'DE264', 'DE25C', 'DE25B', 'DE268', 'DE23A', 'DEA17', 'DEA12', 'DE94H', 'DE94F', 'DE94E', 'DE94B', 'DE94A', 'DE947', 'DE946', 'DE912', 'DE737', 'DE736', 'DE735', 'DE732', 'DE941', 'DE937', 'DE936', 'DE935', 'DE934', 'DE725', 'DE933', 'DE931', 'DE927', 'DE926', 'DE239', 'DE237', 'BE253', 'BE236', 'BE234', 'BE213', 'BE212', 'BE211', 'BE257', 'BE344', 'BE343', 'BE336', 'DK021', 'DK022', 'DE21G', 'DE219', 'DE211', 'DE21I', 'DE21J', 'DE236', 'DE235', 'DE234', 'DE229', 'DE224', 'DE228', 'DE11B', 'DE11A', 'DE119', 'DE118', 'DE114', 'DK050', 'DE135', 'DE12C', 'DE12B', 'DE127', 'ES708', 'ES707', 'ES704', 'FRD11', 'FRB06', 'FRB05', 'FRB02', 'FRB01', 'ES220', 'ES213', 'ES114', 'ES113', 'ES412', 'ES413', 'ES414', 'ES415', 'ES511', 'FRE11', 'ES418', 'ES417', 'ES416', 'FRK25', 'FRK21', 'FRK14', 'FRJ28', 'FRJ27', 'FRH01', 'FRG04', 'FRG02', 'FRF12', 'FRF11', 'FRH04', 'FRJ24', 'FRI34', 'FRI23', 'FRI15', 'DEC03', 'DEC01', 'DEB3K', 'DEB3J', 'DEB3G', 'DEB3D', 'DEE03', 'DEE02', 'DEB3B', 'DEA5A', 'DEA59', 'DEA54', 'DEA53', 'DEA46', 'DEA45', 'DEA44', 'DEA43', 'DEA42', 'DEB12', 'DEB15', 'DEB39', 'DEB22', 'DEB1C', 'DEB1A', 'DEB17', 'EL303', 'EL301', 'DEG06', 'DEF0A', 'DEF09', 'DEG0D', 'IE042', 'DEG0P', 'AT124', 'ITI19', 'FI1C5', 'FI1C4', 'SE231', 'SE214', 'SE125', 'SE123', 'SE122', 'SE211', 'DE40B', 'DE407', 'DE40F', 'DEA34', 'DE80N', 'DE80M', 'DE80K', 'DE917', 'DE918', 'DE923', 'BE223', 'BE323', 'DK041', 'DK032', 'DEA38', 'FRD13', 'FRD12', 'FRC13', 'FRC12', 'ES411', 'ES243', 'ES241', 'ES130', 'ES120', 'ES513', 'ES419', 'FRE12', 'FRK22', 'FRK12', 'FRK11', 'FRG03', 'FRF34', 'FRF33', 'FRI11', 'FRI13', 'FRJ25', 'FRJ14', 'FRI22', 'FRI21', 'DED2F', 'DED2E', 'DED42', 'DED43', 'DED45', 'DED44', 'DEA5B', 'DEA57', 'DEA56', 'DEB31', 'DEG0B', 'DEG0A', 'DEG0E', 'IE052', 'IE051', 'IE041', 'DEG0M', 'DEG0L', 'DEG0K', 'DEG0J', 'DEG0I', 'DEG0G']","['Housing', 'Economic development', 'Regional development', 'Social inclusion', 'Infrastructure']","The Galway County Development Plan 2022-2028 addresses the diverse housing needs of an ageing population and proposes the development of an employment hub near Galway Airport, emphasizing strategic housing policies and online service provision to enhance quality of life and economic growth.","The Galway County Development Plan 2022-2028 identifies the growing ageing population as a significant challenge, necessitating strategic housing policies that cater to diverse needs, from urban living to rural independent living. The plan emphasizes the importance of proximity to essential services and transport for elderly residents. Additionally, the plan proposes the development of an employment hub near Galway Airport, leveraging the site's potential for large-scale employment opportunities. This initiative aligns with the Regional Spatial & Economic Strategy for the Northern and Western Region 2020-2032, which supports employment land delivery in key areas. The plan suggests the provision of online services near the M6 motorway to support this development, enhancing accessibility and convenience for future employees and road users. The intended outcomes include improved quality of life for the elderly through tailored housing solutions and economic growth through strategic employment and service provision, ultimately fostering a more inclusive and sustainable community in Galway County.",['IE04'],https://www.galway.ie/en/media/109. B. Walsh.pdf,Policy,AI
"['PL711', 'AT322', 'AT312', 'AT226', 'AT223', 'AT126', 'AT321', 'AT335', 'AT323', 'AT315', 'PL913', 'ITH20', 'ITH51', 'SI042', 'NL342', 'NL341', 'CH051', 'SE332', 'SE322', 'FI1C2', 'FI197', 'FI193', 'SE232', 'SE224', 'SE221', 'SE212', 'FI1D8', 'SI044', 'DE40C', 'DE27E', 'DE27B', 'DE40G', 'DE71C', 'DE716', 'DE715', 'DE600', 'DE501', 'DE255', 'DE24D', 'DE24B', 'DE24A', 'DE249', 'DE246', 'DE258', 'DE259', 'DE25A', 'DE276', 'DE26B', 'DE266', 'DE264', 'DE25C', 'DE25B', 'DE268', 'DE23A', 'DEA17', 'DEA12', 'DE94H', 'DE94F', 'DE94E', 'DE94B', 'DE94A', 'DE947', 'DE946', 'DE912', 'DE737', 'DE736', 'DE735', 'DE732', 'DE941', 'DE937', 'DE936', 'DE935', 'DE934', 'DE725', 'DE933', 'DE931', 'DE927', 'DE926', 'DE239', 'DE237', 'BE253', 'BE236', 'BE234', 'BE213', 'BE212', 'BE211', 'BE257', 'BE344', 'BE343', 'BE336', 'DK021', 'DK022', 'DE21G', 'DE219', 'DE211', 'DE21I', 'DE21J', 'DE236', 'DE235', 'DE234', 'DE229', 'DE224', 'DE228', 'DE11B', 'DE11A', 'DE119', 'DE118', 'DE114', 'DK050', 'DE135', 'DE12C', 'DE12B', 'DE127', 'ES708', 'ES707', 'ES704', 'FRD11', 'FRB06', 'FRB05', 'FRB02', 'FRB01', 'ES220', 'ES213', 'ES114', 'ES113', 'ES412', 'ES413', 'ES414', 'ES415', 'ES511', 'FRE11', 'ES418', 'ES417', 'ES416', 'FRK25', 'FRK21', 'FRK14', 'FRJ28', 'FRJ27', 'FRH01', 'FRG04', 'FRG02', 'FRF12', 'FRF11', 'FRH04', 'FRJ24', 'FRI34', 'FRI23', 'FRI15', 'DEC03', 'DEC01', 'DEB3K', 'DEB3J', 'DEB3G', 'DEB3D', 'DEE03', 'DEE02', 'DEB3B', 'DEA5A', 'DEA59', 'DEA54', 'DEA53', 'DEA46', 'DEA45', 'DEA44', 'DEA43', 'DEA42', 'DEB12', 'DEB15', 'DEB39', 'DEB22', 'DEB1C', 'DEB1A', 'DEB17', 'EL303', 'EL301', 'DEG06', 'DEF0A', 'DEF09', 'DEG0D', 'IE042', 'DEG0P', 'AT124', 'ITI19', 'FI1C5', 'FI1C4', 'SE231', 'SE214', 'SE125', 'SE123', 'SE122', 'SE211', 'DE40B', 'DE407', 'DE40F', 'DEA34', 'DE80N', 'DE80M', 'DE80K', 'DE917', 'DE918', 'DE923', 'BE223', 'BE323', 'DK041', 'DK032', 'DEA38', 'FRD13', 'FRD12', 'FRC13', 'FRC12', 'ES411', 'ES243', 'ES241', 'ES130', 'ES120', 'ES513', 'ES419', 'FRE12', 'FRK22', 'FRK12', 'FRK11', 'FRG03', 'FRF34', 'FRF33', 'FRI11', 'FRI13', 'FRJ25', 'FRJ14', 'FRI22', 'FRI21', 'DED2F', 'DED2E', 'DED42', 'DED43', 'DED45', 'DED44', 'DEA5B', 'DEA57', 'DEA56', 'DEB31', 'DEG0B', 'DEG0A', 'DEG0E', 'IE052', 'IE051', 'IE041', 'DEG0M', 'DEG0L', 'DEG0K', 'DEG0J', 'DEG0I', 'DEG0G']","['Sustainability', 'Social inclusion', 'Community engagement', 'Economic development']","The Ballinasloe Tennis Club proposes a multi-purpose community and sports center to enhance local sports facilities, promote social inclusion, and boost tourism. The project seeks council support and funding to create a sustainable, inclusive environment for diverse activities and community engagement.","The Ballinasloe Tennis Club has submitted a proposal for the Galway County Development Plan 2022-28 to establish a multi-purpose community and sports center in Ballinasloe. The initiative aims to address the lack of high-quality indoor facilities in the area, providing a venue for various sports and activities, including tennis, basketball, and martial arts, as well as community events and corporate gatherings. The center is designed to be self-sustaining and environmentally friendly, utilizing photovoltaic electricity and rainwater harvesting. The project emphasizes social inclusion, offering a safe space for special needs groups, teenagers, and disadvantaged communities. The club has garnered significant local support and seeks active council and government involvement for funding, as private funding is insufficient. The proposed center aligns with the current Galway County Plan's objectives to enhance community life, increase physical activity, and support community and sporting groups. The anticipated outcomes include increased tourism, enhanced community spirit, and economic benefits for local businesses. The project underscores the need for a collaborative approach, involving various stakeholders, to realize its potential benefits for Ballinasloe and its residents.",['IE04'],https://www.galway.ie/en/media/110. Ballinasloe Tennis Club.pdf,Programme,Verified
"['PL711', 'AT322', 'AT312', 'AT226', 'AT223', 'AT126', 'AT321', 'AT335', 'AT323', 'AT315', 'PL913', 'ITH20', 'ITH51', 'SI042', 'NL342', 'NL341', 'CH051', 'SE332', 'SE322', 'FI1C2', 'FI197', 'FI193', 'SE232', 'SE224', 'SE221', 'SE212', 'FI1D8', 'SI044', 'DE40C', 'DE27E', 'DE27B', 'DE40G', 'DE71C', 'DE716', 'DE715', 'DE600', 'DE501', 'DE255', 'DE24D', 'DE24B', 'DE24A', 'DE249', 'DE246', 'DE258', 'DE259', 'DE25A', 'DE276', 'DE26B', 'DE266', 'DE264', 'DE25C', 'DE25B', 'DE268', 'DE23A', 'DEA17', 'DEA12', 'DE94H', 'DE94F', 'DE94E', 'DE94B', 'DE94A', 'DE947', 'DE946', 'DE912', 'DE737', 'DE736', 'DE735', 'DE732', 'DE941', 'DE937', 'DE936', 'DE935', 'DE934', 'DE725', 'DE933', 'DE931', 'DE927', 'DE926', 'DE239', 'DE237', 'BE253', 'BE236', 'BE234', 'BE213', 'BE212', 'BE211', 'BE257', 'BE344', 'BE343', 'BE336', 'DK021', 'DK022', 'DE21G', 'DE219', 'DE211', 'DE21I', 'DE21J', 'DE236', 'DE235', 'DE234', 'DE229', 'DE224', 'DE228', 'DE11B', 'DE11A', 'DE119', 'DE118', 'DE114', 'DK050', 'DE135', 'DE12C', 'DE12B', 'DE127', 'ES708', 'ES707', 'ES704', 'FRD11', 'FRB06', 'FRB05', 'FRB02', 'FRB01', 'ES220', 'ES213', 'ES114', 'ES113', 'ES412', 'ES413', 'ES414', 'ES415', 'ES511', 'FRE11', 'ES418', 'ES417', 'ES416', 'FRK25', 'FRK21', 'FRK14', 'FRJ28', 'FRJ27', 'FRH01', 'FRG04', 'FRG02', 'FRF12', 'FRF11', 'FRH04', 'FRJ24', 'FRI34', 'FRI23', 'FRI15', 'DEC03', 'DEC01', 'DEB3K', 'DEB3J', 'DEB3G', 'DEB3D', 'DEE03', 'DEE02', 'DEB3B', 'DEA5A', 'DEA59', 'DEA54', 'DEA53', 'DEA46', 'DEA45', 'DEA44', 'DEA43', 'DEA42', 'DEB12', 'DEB15', 'DEB39', 'DEB22', 'DEB1C', 'DEB1A', 'DEB17', 'EL303', 'EL301', 'DEG06', 'DEF0A', 'DEF09', 'DEG0D', 'IE042', 'DEG0P', 'AT124', 'ITI19', 'FI1C5', 'FI1C4', 'SE231', 'SE214', 'SE125', 'SE123', 'SE122', 'SE211', 'DE40B', 'DE407', 'DE40F', 'DEA34', 'DE80N', 'DE80M', 'DE80K', 'DE917', 'DE918', 'DE923', 'BE223', 'BE323', 'DK041', 'DK032', 'DEA38', 'FRD13', 'FRD12', 'FRC13', 'FRC12', 'ES411', 'ES243', 'ES241', 'ES130', 'ES120', 'ES513', 'ES419', 'FRE12', 'FRK22', 'FRK12', 'FRK11', 'FRG03', 'FRF34', 'FRF33', 'FRI11', 'FRI13', 'FRJ25', 'FRJ14', 'FRI22', 'FRI21', 'DED2F', 'DED2E', 'DED42', 'DED43', 'DED45', 'DED44', 'DEA5B', 'DEA57', 'DEA56', 'DEB31', 'DEG0B', 'DEG0A', 'DEG0E', 'IE052', 'IE051', 'IE041', 'DEG0M', 'DEG0L', 'DEG0K', 'DEG0J', 'DEG0I', 'DEG0G']","['Sustainability', 'Climate change', 'Economic development', 'Energy', 'Community engagement']","Coillte's submission to Galway County Council emphasizes sustainable forestry, renewable energy, and tourism development. It advocates for policies supporting these sectors to achieve climate action goals and economic growth, while fostering community engagement and infrastructure development.","Coillte's submission to the Galway County Development Plan 2022-2028 highlights its role in sustainable forestry, renewable energy, and tourism. It underscores the importance of these sectors in reducing greenhouse gas emissions and enhancing economic growth. Coillte advocates for policies that support the development of green infrastructure, tourism accommodations, and community facilities. The submission emphasizes the need for a Renewable Energy Strategy aligned with national targets, promoting onshore wind energy and addressing climate change. Coillte also calls for regional collaboration to ensure consistent renewable energy strategies across counties. The document stresses the economic benefits of wind energy, including job creation and community funds, and suggests removing finite duration conditions on wind farm permissions to maximize their lifespan. Coillte commits to working with local authorities and communities to achieve these objectives, ensuring that the renewable energy potential of Galway is fully realized, contributing to national climate action goals and fostering sustainable economic development.",['IE04'],https://www.galway.ie/en/media/112. Coillte.pdf,Policy,Community
"['PL711', 'AT322', 'AT312', 'AT226', 'AT223', 'AT126', 'AT321', 'AT335', 'AT323', 'AT315', 'PL913', 'ITH20', 'ITH51', 'SI042', 'NL342', 'NL341', 'CH051', 'SE332', 'SE322', 'FI1C2', 'FI197', 'FI193', 'SE232', 'SE224', 'SE221', 'SE212', 'FI1D8', 'SI044', 'DE40C', 'DE27E', 'DE27B', 'DE40G', 'DE71C', 'DE716', 'DE715', 'DE600', 'DE501', 'DE255', 'DE24D', 'DE24B', 'DE24A', 'DE249', 'DE246', 'DE258', 'DE259', 'DE25A', 'DE276', 'DE26B', 'DE266', 'DE264', 'DE25C', 'DE25B', 'DE268', 'DE23A', 'DEA17', 'DEA12', 'DE94H', 'DE94F', 'DE94E', 'DE94B', 'DE94A', 'DE947', 'DE946', 'DE912', 'DE737', 'DE736', 'DE735', 'DE732', 'DE941', 'DE937', 'DE936', 'DE935', 'DE934', 'DE725', 'DE933', 'DE931', 'DE927', 'DE926', 'DE239', 'DE237', 'BE253', 'BE236', 'BE234', 'BE213', 'BE212', 'BE211', 'BE257', 'BE344', 'BE343', 'BE336', 'DK021', 'DK022', 'DE21G', 'DE219', 'DE211', 'DE21I', 'DE21J', 'DE236', 'DE235', 'DE234', 'DE229', 'DE224', 'DE228', 'DE11B', 'DE11A', 'DE119', 'DE118', 'DE114', 'DK050', 'DE135', 'DE12C', 'DE12B', 'DE127', 'ES708', 'ES707', 'ES704', 'FRD11', 'FRB06', 'FRB05', 'FRB02', 'FRB01', 'ES220', 'ES213', 'ES114', 'ES113', 'ES412', 'ES413', 'ES414', 'ES415', 'ES511', 'FRE11', 'ES418', 'ES417', 'ES416', 'FRK25', 'FRK21', 'FRK14', 'FRJ28', 'FRJ27', 'FRH01', 'FRG04', 'FRG02', 'FRF12', 'FRF11', 'FRH04', 'FRJ24', 'FRI34', 'FRI23', 'FRI15', 'DEC03', 'DEC01', 'DEB3K', 'DEB3J', 'DEB3G', 'DEB3D', 'DEE03', 'DEE02', 'DEB3B', 'DEA5A', 'DEA59', 'DEA54', 'DEA53', 'DEA46', 'DEA45', 'DEA44', 'DEA43', 'DEA42', 'DEB12', 'DEB15', 'DEB39', 'DEB22', 'DEB1C', 'DEB1A', 'DEB17', 'EL303', 'EL301', 'DEG06', 'DEF0A', 'DEF09', 'DEG0D', 'IE042', 'DEG0P', 'AT124', 'ITI19', 'FI1C5', 'FI1C4', 'SE231', 'SE214', 'SE125', 'SE123', 'SE122', 'SE211', 'DE40B', 'DE407', 'DE40F', 'DEA34', 'DE80N', 'DE80M', 'DE80K', 'DE917', 'DE918', 'DE923', 'BE223', 'BE323', 'DK041', 'DK032', 'DEA38', 'FRD13', 'FRD12', 'FRC13', 'FRC12', 'ES411', 'ES243', 'ES241', 'ES130', 'ES120', 'ES513', 'ES419', 'FRE12', 'FRK22', 'FRK12', 'FRK11', 'FRG03', 'FRF34', 'FRF33', 'FRI11', 'FRI13', 'FRJ25', 'FRJ14', 'FRI22', 'FRI21', 'DED2F', 'DED2E', 'DED42', 'DED43', 'DED45', 'DED44', 'DEA5B', 'DEA57', 'DEA56', 'DEB31', 'DEG0B', 'DEG0A', 'DEG0E', 'IE052', 'IE051', 'IE041', 'DEG0M', 'DEG0L', 'DEG0K', 'DEG0J', 'DEG0I', 'DEG0G']","['Economic development', 'Community engagement', 'Regional development', 'Sustainability']","The proposal suggests including Loughrea in the Wild Atlantic Way to leverage Loughrea Lake's potential for tourism, promoting activities like fishing and boating to benefit the local economy.","The proposal advocates for the inclusion of Loughrea in the Wild Atlantic Way, highlighting the proximity of Kilchreest, which is already part of the route. The primary focus is on realizing the untapped potential of Loughrea Lake as a tourist and family destination. Currently, the lake is underutilized, with limited activities available. By promoting fishing, boating, and other recreational activities, the proposal aims to enhance the attractiveness of Loughrea, thereby boosting local tourism and economic development. This initiative aligns with the Galway County Development Plan 2022-2028, which seeks to foster regional growth and sustainability. The expected outcomes include increased tourist footfall, enhanced local business opportunities, and improved community engagement. The proposal underscores the strategic importance of integrating Loughrea into broader tourism frameworks to maximize its natural assets and contribute to regional prosperity.",['IE04'],https://www.galway.ie/en/media/115. B. Walsh.pdf,Policy,AI
"['PL711', 'AT322', 'AT312', 'AT226', 'AT223', 'AT126', 'AT321', 'AT335', 'AT323', 'AT315', 'PL913', 'ITH20', 'ITH51', 'SI042', 'NL342', 'NL341', 'CH051', 'SE332', 'SE322', 'FI1C2', 'FI197', 'FI193', 'SE232', 'SE224', 'SE221', 'SE212', 'FI1D8', 'SI044', 'DE40C', 'DE27E', 'DE27B', 'DE40G', 'DE71C', 'DE716', 'DE715', 'DE600', 'DE501', 'DE255', 'DE24D', 'DE24B', 'DE24A', 'DE249', 'DE246', 'DE258', 'DE259', 'DE25A', 'DE276', 'DE26B', 'DE266', 'DE264', 'DE25C', 'DE25B', 'DE268', 'DE23A', 'DEA17', 'DEA12', 'DE94H', 'DE94F', 'DE94E', 'DE94B', 'DE94A', 'DE947', 'DE946', 'DE912', 'DE737', 'DE736', 'DE735', 'DE732', 'DE941', 'DE937', 'DE936', 'DE935', 'DE934', 'DE725', 'DE933', 'DE931', 'DE927', 'DE926', 'DE239', 'DE237', 'BE253', 'BE236', 'BE234', 'BE213', 'BE212', 'BE211', 'BE257', 'BE344', 'BE343', 'BE336', 'DK021', 'DK022', 'DE21G', 'DE219', 'DE211', 'DE21I', 'DE21J', 'DE236', 'DE235', 'DE234', 'DE229', 'DE224', 'DE228', 'DE11B', 'DE11A', 'DE119', 'DE118', 'DE114', 'DK050', 'DE135', 'DE12C', 'DE12B', 'DE127', 'ES708', 'ES707', 'ES704', 'FRD11', 'FRB06', 'FRB05', 'FRB02', 'FRB01', 'ES220', 'ES213', 'ES114', 'ES113', 'ES412', 'ES413', 'ES414', 'ES415', 'ES511', 'FRE11', 'ES418', 'ES417', 'ES416', 'FRK25', 'FRK21', 'FRK14', 'FRJ28', 'FRJ27', 'FRH01', 'FRG04', 'FRG02', 'FRF12', 'FRF11', 'FRH04', 'FRJ24', 'FRI34', 'FRI23', 'FRI15', 'DEC03', 'DEC01', 'DEB3K', 'DEB3J', 'DEB3G', 'DEB3D', 'DEE03', 'DEE02', 'DEB3B', 'DEA5A', 'DEA59', 'DEA54', 'DEA53', 'DEA46', 'DEA45', 'DEA44', 'DEA43', 'DEA42', 'DEB12', 'DEB15', 'DEB39', 'DEB22', 'DEB1C', 'DEB1A', 'DEB17', 'EL303', 'EL301', 'DEG06', 'DEF0A', 'DEF09', 'DEG0D', 'IE042', 'DEG0P', 'AT124', 'ITI19', 'FI1C5', 'FI1C4', 'SE231', 'SE214', 'SE125', 'SE123', 'SE122', 'SE211', 'DE40B', 'DE407', 'DE40F', 'DEA34', 'DE80N', 'DE80M', 'DE80K', 'DE917', 'DE918', 'DE923', 'BE223', 'BE323', 'DK041', 'DK032', 'DEA38', 'FRD13', 'FRD12', 'FRC13', 'FRC12', 'ES411', 'ES243', 'ES241', 'ES130', 'ES120', 'ES513', 'ES419', 'FRE12', 'FRK22', 'FRK12', 'FRK11', 'FRG03', 'FRF34', 'FRF33', 'FRI11', 'FRI13', 'FRJ25', 'FRJ14', 'FRI22', 'FRI21', 'DED2F', 'DED2E', 'DED42', 'DED43', 'DED45', 'DED44', 'DEA5B', 'DEA57', 'DEA56', 'DEB31', 'DEG0B', 'DEG0A', 'DEG0E', 'IE052', 'IE051', 'IE041', 'DEG0M', 'DEG0L', 'DEG0K', 'DEG0J', 'DEG0I', 'DEG0G']","['Sustainability', 'Climate change', 'Biodiversity', 'Community engagement', 'Cultural heritage']","The document outlines strategies for integrating heritage conservation and biodiversity into Galway's development plan, emphasizing climate change adaptation, urban revitalization, and sustainable practices to enhance cultural and natural assets.","This policy document provides a comprehensive framework for integrating heritage conservation and biodiversity into the Galway County Development Plan 2022-2028. It emphasizes the importance of addressing climate change impacts on archaeological and architectural heritage, advocating for the inclusion of objectives from the Built Heritage & Archaeological Heritage Climate Change Sectoral Adaptation Plan. The document recommends appointing specialized officers to guide heritage conservation and suggests embedding national policies like Heritage Ireland 2030 into local plans. It highlights the role of heritage in urban revitalization, promoting heritage-led regeneration and sustainable reuse of historic buildings. The document also stresses the need for biodiversity protection, aligning with the National Biodiversity Action Plan 2017-2021, and encourages the use of Environmental Sensitivity Mapping to avoid conflicts with natural heritage. By fostering community engagement and leveraging national and EU policies, the plan aims to enhance Galway's cultural and natural assets, ensuring they contribute to societal well-being, economic prosperity, and environmental sustainability.",['IE04'],"https://www.galway.ie/en/media/116. Department of Culture, Heritage & the Gaeltacht.pdf",Policy,Verified
"['PL711', 'AT322', 'AT312', 'AT226', 'AT223', 'AT126', 'AT321', 'AT335', 'AT323', 'AT315', 'PL913', 'ITH20', 'ITH51', 'SI042', 'NL342', 'NL341', 'CH051', 'SE332', 'SE322', 'FI1C2', 'FI197', 'FI193', 'SE232', 'SE224', 'SE221', 'SE212', 'FI1D8', 'SI044', 'DE40C', 'DE27E', 'DE27B', 'DE40G', 'DE71C', 'DE716', 'DE715', 'DE600', 'DE501', 'DE255', 'DE24D', 'DE24B', 'DE24A', 'DE249', 'DE246', 'DE258', 'DE259', 'DE25A', 'DE276', 'DE26B', 'DE266', 'DE264', 'DE25C', 'DE25B', 'DE268', 'DE23A', 'DEA17', 'DEA12', 'DE94H', 'DE94F', 'DE94E', 'DE94B', 'DE94A', 'DE947', 'DE946', 'DE912', 'DE737', 'DE736', 'DE735', 'DE732', 'DE941', 'DE937', 'DE936', 'DE935', 'DE934', 'DE725', 'DE933', 'DE931', 'DE927', 'DE926', 'DE239', 'DE237', 'BE253', 'BE236', 'BE234', 'BE213', 'BE212', 'BE211', 'BE257', 'BE344', 'BE343', 'BE336', 'DK021', 'DK022', 'DE21G', 'DE219', 'DE211', 'DE21I', 'DE21J', 'DE236', 'DE235', 'DE234', 'DE229', 'DE224', 'DE228', 'DE11B', 'DE11A', 'DE119', 'DE118', 'DE114', 'DK050', 'DE135', 'DE12C', 'DE12B', 'DE127', 'ES708', 'ES707', 'ES704', 'FRD11', 'FRB06', 'FRB05', 'FRB02', 'FRB01', 'ES220', 'ES213', 'ES114', 'ES113', 'ES412', 'ES413', 'ES414', 'ES415', 'ES511', 'FRE11', 'ES418', 'ES417', 'ES416', 'FRK25', 'FRK21', 'FRK14', 'FRJ28', 'FRJ27', 'FRH01', 'FRG04', 'FRG02', 'FRF12', 'FRF11', 'FRH04', 'FRJ24', 'FRI34', 'FRI23', 'FRI15', 'DEC03', 'DEC01', 'DEB3K', 'DEB3J', 'DEB3G', 'DEB3D', 'DEE03', 'DEE02', 'DEB3B', 'DEA5A', 'DEA59', 'DEA54', 'DEA53', 'DEA46', 'DEA45', 'DEA44', 'DEA43', 'DEA42', 'DEB12', 'DEB15', 'DEB39', 'DEB22', 'DEB1C', 'DEB1A', 'DEB17', 'EL303', 'EL301', 'DEG06', 'DEF0A', 'DEF09', 'DEG0D', 'IE042', 'DEG0P', 'AT124', 'ITI19', 'FI1C5', 'FI1C4', 'SE231', 'SE214', 'SE125', 'SE123', 'SE122', 'SE211', 'DE40B', 'DE407', 'DE40F', 'DEA34', 'DE80N', 'DE80M', 'DE80K', 'DE917', 'DE918', 'DE923', 'BE223', 'BE323', 'DK041', 'DK032', 'DEA38', 'FRD13', 'FRD12', 'FRC13', 'FRC12', 'ES411', 'ES243', 'ES241', 'ES130', 'ES120', 'ES513', 'ES419', 'FRE12', 'FRK22', 'FRK12', 'FRK11', 'FRG03', 'FRF34', 'FRF33', 'FRI11', 'FRI13', 'FRJ25', 'FRJ14', 'FRI22', 'FRI21', 'DED2F', 'DED2E', 'DED42', 'DED43', 'DED45', 'DED44', 'DEA5B', 'DEA57', 'DEA56', 'DEB31', 'DEG0B', 'DEG0A', 'DEG0E', 'IE052', 'IE051', 'IE041', 'DEG0M', 'DEG0L', 'DEG0K', 'DEG0J', 'DEG0I', 'DEG0G']","['Sustainability', 'Community engagement', 'Transportation', 'Housing', 'Environmental protection']","The Galway County Development Plan 2022-2028 aims to enhance sustainable infrastructure, improve transportation, and promote community and tourism development. Key strategies include expanding public transport, enhancing green spaces, and fostering community participation.","The Galway County Development Plan 2022-2028 outlines a comprehensive strategy to foster sustainable development across the region. The plan emphasizes reducing car dependency by enhancing public transportation, including new bus services and cycleways, and improving accessibility to bus stops. It also focuses on community engagement by establishing transparent development groups and promoting local arts and culture. The plan aims to boost tourism by improving infrastructure and promoting Oranmore as a tourist destination. Additionally, it addresses housing and urban development by encouraging family homes in urban centers and preventing mass property sales. Environmental sustainability is prioritized through the promotion of renewable energy options and the protection of green spaces and heritage sites. The plan seeks to create a balanced approach to development that supports economic growth, community well-being, and environmental preservation, ultimately aiming to improve the quality of life for residents and attract visitors to the region.",['IE04'],https://www.galway.ie/en/media/118. N. Dunworth.pdf,Policy,Community
"['PL711', 'AT322', 'AT312', 'AT226', 'AT223', 'AT126', 'AT321', 'AT335', 'AT323', 'AT315', 'PL913', 'ITH20', 'ITH51', 'SI042', 'NL342', 'NL341', 'CH051', 'SE332', 'SE322', 'FI1C2', 'FI197', 'FI193', 'SE232', 'SE224', 'SE221', 'SE212', 'FI1D8', 'SI044', 'DE40C', 'DE27E', 'DE27B', 'DE40G', 'DE71C', 'DE716', 'DE715', 'DE600', 'DE501', 'DE255', 'DE24D', 'DE24B', 'DE24A', 'DE249', 'DE246', 'DE258', 'DE259', 'DE25A', 'DE276', 'DE26B', 'DE266', 'DE264', 'DE25C', 'DE25B', 'DE268', 'DE23A', 'DEA17', 'DEA12', 'DE94H', 'DE94F', 'DE94E', 'DE94B', 'DE94A', 'DE947', 'DE946', 'DE912', 'DE737', 'DE736', 'DE735', 'DE732', 'DE941', 'DE937', 'DE936', 'DE935', 'DE934', 'DE725', 'DE933', 'DE931', 'DE927', 'DE926', 'DE239', 'DE237', 'BE253', 'BE236', 'BE234', 'BE213', 'BE212', 'BE211', 'BE257', 'BE344', 'BE343', 'BE336', 'DK021', 'DK022', 'DE21G', 'DE219', 'DE211', 'DE21I', 'DE21J', 'DE236', 'DE235', 'DE234', 'DE229', 'DE224', 'DE228', 'DE11B', 'DE11A', 'DE119', 'DE118', 'DE114', 'DK050', 'DE135', 'DE12C', 'DE12B', 'DE127', 'ES708', 'ES707', 'ES704', 'FRD11', 'FRB06', 'FRB05', 'FRB02', 'FRB01', 'ES220', 'ES213', 'ES114', 'ES113', 'ES412', 'ES413', 'ES414', 'ES415', 'ES511', 'FRE11', 'ES418', 'ES417', 'ES416', 'FRK25', 'FRK21', 'FRK14', 'FRJ28', 'FRJ27', 'FRH01', 'FRG04', 'FRG02', 'FRF12', 'FRF11', 'FRH04', 'FRJ24', 'FRI34', 'FRI23', 'FRI15', 'DEC03', 'DEC01', 'DEB3K', 'DEB3J', 'DEB3G', 'DEB3D', 'DEE03', 'DEE02', 'DEB3B', 'DEA5A', 'DEA59', 'DEA54', 'DEA53', 'DEA46', 'DEA45', 'DEA44', 'DEA43', 'DEA42', 'DEB12', 'DEB15', 'DEB39', 'DEB22', 'DEB1C', 'DEB1A', 'DEB17', 'EL303', 'EL301', 'DEG06', 'DEF0A', 'DEF09', 'DEG0D', 'IE042', 'DEG0P', 'AT124', 'ITI19', 'FI1C5', 'FI1C4', 'SE231', 'SE214', 'SE125', 'SE123', 'SE122', 'SE211', 'DE40B', 'DE407', 'DE40F', 'DEA34', 'DE80N', 'DE80M', 'DE80K', 'DE917', 'DE918', 'DE923', 'BE223', 'BE323', 'DK041', 'DK032', 'DEA38', 'FRD13', 'FRD12', 'FRC13', 'FRC12', 'ES411', 'ES243', 'ES241', 'ES130', 'ES120', 'ES513', 'ES419', 'FRE12', 'FRK22', 'FRK12', 'FRK11', 'FRG03', 'FRF34', 'FRF33', 'FRI11', 'FRI13', 'FRJ25', 'FRJ14', 'FRI22', 'FRI21', 'DED2F', 'DED2E', 'DED42', 'DED43', 'DED45', 'DED44', 'DEA5B', 'DEA57', 'DEA56', 'DEB31', 'DEG0B', 'DEG0A', 'DEG0E', 'IE052', 'IE051', 'IE041', 'DEG0M', 'DEG0L', 'DEG0K', 'DEG0J', 'DEG0I', 'DEG0G']","['Sustainability', 'Housing', 'Regional development', 'Community engagement']","The document discusses Burkeway Homes Ltd's input on the Galway County Development Plan 2022-2028, emphasizing sustainable growth, housing density, and alignment with national and regional policies to address housing shortages and urban development in Bearna and the Galway Metropolitan Area.","The submission by Burkeway Homes Ltd to the Galway County Council addresses the Galway County Development Plan 2022-2028, focusing on aligning with the National Planning Framework (NPF) and the Regional Spatial and Economic Strategy (RSES). It highlights the need for sustainable growth in the Galway Metropolitan Area, particularly in Bearna, by advocating for higher housing densities consistent with national objectives. The document emphasizes the importance of developing lands efficiently to meet housing demands and support urban growth. It identifies strategic locations for development, including Bearna, and stresses the need for a clear role for Bearna in the Draft Development Plan. The submission critiques current conflicting objectives and suggests that the core strategy allocations should be more ambitious to support Bearna's role in the settlement hierarchy. The document calls for engagement with the housebuilding sector to ensure the plan is fit for purpose, aiming to create a flexible planning framework that supports future growth and development in Galway. The ultimate goal is to ensure that the development plan facilitates the creation of high-quality urban spaces that meet housing needs while preserving cultural and environmental assets.",['IE04'],https://www.galway.ie/en/media/119. Burkeway Homes Ltd.pdf,Programme,Verified
"['PL711', 'AT322', 'AT312', 'AT226', 'AT223', 'AT126', 'AT321', 'AT335', 'AT323', 'AT315', 'PL913', 'ITH20', 'ITH51', 'SI042', 'NL342', 'NL341', 'CH051', 'SE332', 'SE322', 'FI1C2', 'FI197', 'FI193', 'SE232', 'SE224', 'SE221', 'SE212', 'FI1D8', 'SI044', 'DE40C', 'DE27E', 'DE27B', 'DE40G', 'DE71C', 'DE716', 'DE715', 'DE600', 'DE501', 'DE255', 'DE24D', 'DE24B', 'DE24A', 'DE249', 'DE246', 'DE258', 'DE259', 'DE25A', 'DE276', 'DE26B', 'DE266', 'DE264', 'DE25C', 'DE25B', 'DE268', 'DE23A', 'DEA17', 'DEA12', 'DE94H', 'DE94F', 'DE94E', 'DE94B', 'DE94A', 'DE947', 'DE946', 'DE912', 'DE737', 'DE736', 'DE735', 'DE732', 'DE941', 'DE937', 'DE936', 'DE935', 'DE934', 'DE725', 'DE933', 'DE931', 'DE927', 'DE926', 'DE239', 'DE237', 'BE253', 'BE236', 'BE234', 'BE213', 'BE212', 'BE211', 'BE257', 'BE344', 'BE343', 'BE336', 'DK021', 'DK022', 'DE21G', 'DE219', 'DE211', 'DE21I', 'DE21J', 'DE236', 'DE235', 'DE234', 'DE229', 'DE224', 'DE228', 'DE11B', 'DE11A', 'DE119', 'DE118', 'DE114', 'DK050', 'DE135', 'DE12C', 'DE12B', 'DE127', 'ES708', 'ES707', 'ES704', 'FRD11', 'FRB06', 'FRB05', 'FRB02', 'FRB01', 'ES220', 'ES213', 'ES114', 'ES113', 'ES412', 'ES413', 'ES414', 'ES415', 'ES511', 'FRE11', 'ES418', 'ES417', 'ES416', 'FRK25', 'FRK21', 'FRK14', 'FRJ28', 'FRJ27', 'FRH01', 'FRG04', 'FRG02', 'FRF12', 'FRF11', 'FRH04', 'FRJ24', 'FRI34', 'FRI23', 'FRI15', 'DEC03', 'DEC01', 'DEB3K', 'DEB3J', 'DEB3G', 'DEB3D', 'DEE03', 'DEE02', 'DEB3B', 'DEA5A', 'DEA59', 'DEA54', 'DEA53', 'DEA46', 'DEA45', 'DEA44', 'DEA43', 'DEA42', 'DEB12', 'DEB15', 'DEB39', 'DEB22', 'DEB1C', 'DEB1A', 'DEB17', 'EL303', 'EL301', 'DEG06', 'DEF0A', 'DEF09', 'DEG0D', 'IE042', 'DEG0P', 'AT124', 'ITI19', 'FI1C5', 'FI1C4', 'SE231', 'SE214', 'SE125', 'SE123', 'SE122', 'SE211', 'DE40B', 'DE407', 'DE40F', 'DEA34', 'DE80N', 'DE80M', 'DE80K', 'DE917', 'DE918', 'DE923', 'BE223', 'BE323', 'DK041', 'DK032', 'DEA38', 'FRD13', 'FRD12', 'FRC13', 'FRC12', 'ES411', 'ES243', 'ES241', 'ES130', 'ES120', 'ES513', 'ES419', 'FRE12', 'FRK22', 'FRK12', 'FRK11', 'FRG03', 'FRF34', 'FRF33', 'FRI11', 'FRI13', 'FRJ25', 'FRJ14', 'FRI22', 'FRI21', 'DED2F', 'DED2E', 'DED42', 'DED43', 'DED45', 'DED44', 'DEA5B', 'DEA57', 'DEA56', 'DEB31', 'DEG0B', 'DEG0A', 'DEG0E', 'IE052', 'IE051', 'IE041', 'DEG0M', 'DEG0L', 'DEG0K', 'DEG0J', 'DEG0I', 'DEG0G']","['Energy', 'Sustainability', 'Climate change', 'Regional development', 'Infrastructure']","EirGrid's submission emphasizes the importance of aligning Galway's Development Plan with national energy policies to enhance the electricity transmission grid, support renewable energy integration, and meet climate targets, ensuring sustainable regional growth.","EirGrid's submission to the Galway County Development Plan 2022-2028 highlights the critical role of the electricity transmission grid in supporting Ireland's transition to a low-carbon economy. The document stresses the need for the Development Plan to align with national policies, such as the Climate Action Plan 2019 and the National Planning Framework, to ensure a safe, secure, and reliable electricity supply. EirGrid outlines the regional context, noting the excess of renewable energy generation in the West region and the necessity for network reinforcement to efficiently export this energy. Proposed infrastructure upgrades include 200km of new transmission network and 700km of line upgrades. The submission advocates for explicit policies supporting grid development to meet national electricity and climate targets. EirGrid also emphasizes the importance of integrating renewable energy sources and facilitating market opportunities for the renewable energy industry. The ultimate goal is to ensure that the region's energy infrastructure can support projected population growth and economic expansion sustainably, while contributing to Ireland's target of 70% renewable electricity consumption by 2030. EirGrid offers its expertise to assist in the plan's development, ensuring strategic energy policy considerations are effectively integrated.",['IE04'],https://www.galway.ie/en/media/121. EirGrid.pdf,Programme,Community
"['PL711', 'AT322', 'AT312', 'AT226', 'AT223', 'AT126', 'AT321', 'AT335', 'AT323', 'AT315', 'PL913', 'ITH20', 'ITH51', 'SI042', 'NL342', 'NL341', 'CH051', 'SE332', 'SE322', 'FI1C2', 'FI197', 'FI193', 'SE232', 'SE224', 'SE221', 'SE212', 'FI1D8', 'SI044', 'DE40C', 'DE27E', 'DE27B', 'DE40G', 'DE71C', 'DE716', 'DE715', 'DE600', 'DE501', 'DE255', 'DE24D', 'DE24B', 'DE24A', 'DE249', 'DE246', 'DE258', 'DE259', 'DE25A', 'DE276', 'DE26B', 'DE266', 'DE264', 'DE25C', 'DE25B', 'DE268', 'DE23A', 'DEA17', 'DEA12', 'DE94H', 'DE94F', 'DE94E', 'DE94B', 'DE94A', 'DE947', 'DE946', 'DE912', 'DE737', 'DE736', 'DE735', 'DE732', 'DE941', 'DE937', 'DE936', 'DE935', 'DE934', 'DE725', 'DE933', 'DE931', 'DE927', 'DE926', 'DE239', 'DE237', 'BE253', 'BE236', 'BE234', 'BE213', 'BE212', 'BE211', 'BE257', 'BE344', 'BE343', 'BE336', 'DK021', 'DK022', 'DE21G', 'DE219', 'DE211', 'DE21I', 'DE21J', 'DE236', 'DE235', 'DE234', 'DE229', 'DE224', 'DE228', 'DE11B', 'DE11A', 'DE119', 'DE118', 'DE114', 'DK050', 'DE135', 'DE12C', 'DE12B', 'DE127', 'ES708', 'ES707', 'ES704', 'FRD11', 'FRB06', 'FRB05', 'FRB02', 'FRB01', 'ES220', 'ES213', 'ES114', 'ES113', 'ES412', 'ES413', 'ES414', 'ES415', 'ES511', 'FRE11', 'ES418', 'ES417', 'ES416', 'FRK25', 'FRK21', 'FRK14', 'FRJ28', 'FRJ27', 'FRH01', 'FRG04', 'FRG02', 'FRF12', 'FRF11', 'FRH04', 'FRJ24', 'FRI34', 'FRI23', 'FRI15', 'DEC03', 'DEC01', 'DEB3K', 'DEB3J', 'DEB3G', 'DEB3D', 'DEE03', 'DEE02', 'DEB3B', 'DEA5A', 'DEA59', 'DEA54', 'DEA53', 'DEA46', 'DEA45', 'DEA44', 'DEA43', 'DEA42', 'DEB12', 'DEB15', 'DEB39', 'DEB22', 'DEB1C', 'DEB1A', 'DEB17', 'EL303', 'EL301', 'DEG06', 'DEF0A', 'DEF09', 'DEG0D', 'IE042', 'DEG0P', 'AT124', 'ITI19', 'FI1C5', 'FI1C4', 'SE231', 'SE214', 'SE125', 'SE123', 'SE122', 'SE211', 'DE40B', 'DE407', 'DE40F', 'DEA34', 'DE80N', 'DE80M', 'DE80K', 'DE917', 'DE918', 'DE923', 'BE223', 'BE323', 'DK041', 'DK032', 'DEA38', 'FRD13', 'FRD12', 'FRC13', 'FRC12', 'ES411', 'ES243', 'ES241', 'ES130', 'ES120', 'ES513', 'ES419', 'FRE12', 'FRK22', 'FRK12', 'FRK11', 'FRG03', 'FRF34', 'FRF33', 'FRI11', 'FRI13', 'FRJ25', 'FRJ14', 'FRI22', 'FRI21', 'DED2F', 'DED2E', 'DED42', 'DED43', 'DED45', 'DED44', 'DEA5B', 'DEA57', 'DEA56', 'DEB31', 'DEG0B', 'DEG0A', 'DEG0E', 'IE052', 'IE051', 'IE041', 'DEG0M', 'DEG0L', 'DEG0K', 'DEG0J', 'DEG0I', 'DEG0G']","['Climate change', 'Infrastructure', 'Public health', 'Housing']","The submission addresses climate change impacts on flooding and sea level rise, advocating for infrastructure adaptation and a ban on co-living developments due to public health concerns and economic viability issues.","This policy submission highlights the anticipated impacts of climate change on Galway County, focusing on increased rainfall, flooding, and sea level rise. It calls for updated infrastructure planning, including larger storm drainage systems and elevated zoning for future developments, to accommodate projected climate scenarios. The document stresses the need for proactive measures, such as comprehensive surveys of the drainage network and consideration of long-term sea level rise in planning decisions. Additionally, it raises concerns about the introduction of co-living accommodations, citing public health risks and economic uncertainties exacerbated by the COVID-19 pandemic. The submission recommends a pre-emptive ban on co-living developments until their viability and safety are thoroughly assessed. The overarching goal is to ensure sustainable and resilient community development that aligns with future environmental and social challenges. By addressing these issues, the policy aims to safeguard infrastructure, enhance public safety, and promote responsible urban planning in the face of evolving climate and health landscapes.",['IE04'],https://www.galway.ie/en/media/122. A. McKinstry.pdf,Programme,AI
"['PL711', 'AT322', 'AT312', 'AT226', 'AT223', 'AT126', 'AT321', 'AT335', 'AT323', 'AT315', 'PL913', 'ITH20', 'ITH51', 'SI042', 'NL342', 'NL341', 'CH051', 'SE332', 'SE322', 'FI1C2', 'FI197', 'FI193', 'SE232', 'SE224', 'SE221', 'SE212', 'FI1D8', 'SI044', 'DE40C', 'DE27E', 'DE27B', 'DE40G', 'DE71C', 'DE716', 'DE715', 'DE600', 'DE501', 'DE255', 'DE24D', 'DE24B', 'DE24A', 'DE249', 'DE246', 'DE258', 'DE259', 'DE25A', 'DE276', 'DE26B', 'DE266', 'DE264', 'DE25C', 'DE25B', 'DE268', 'DE23A', 'DEA17', 'DEA12', 'DE94H', 'DE94F', 'DE94E', 'DE94B', 'DE94A', 'DE947', 'DE946', 'DE912', 'DE737', 'DE736', 'DE735', 'DE732', 'DE941', 'DE937', 'DE936', 'DE935', 'DE934', 'DE725', 'DE933', 'DE931', 'DE927', 'DE926', 'DE239', 'DE237', 'BE253', 'BE236', 'BE234', 'BE213', 'BE212', 'BE211', 'BE257', 'BE344', 'BE343', 'BE336', 'DK021', 'DK022', 'DE21G', 'DE219', 'DE211', 'DE21I', 'DE21J', 'DE236', 'DE235', 'DE234', 'DE229', 'DE224', 'DE228', 'DE11B', 'DE11A', 'DE119', 'DE118', 'DE114', 'DK050', 'DE135', 'DE12C', 'DE12B', 'DE127', 'ES708', 'ES707', 'ES704', 'FRD11', 'FRB06', 'FRB05', 'FRB02', 'FRB01', 'ES220', 'ES213', 'ES114', 'ES113', 'ES412', 'ES413', 'ES414', 'ES415', 'ES511', 'FRE11', 'ES418', 'ES417', 'ES416', 'FRK25', 'FRK21', 'FRK14', 'FRJ28', 'FRJ27', 'FRH01', 'FRG04', 'FRG02', 'FRF12', 'FRF11', 'FRH04', 'FRJ24', 'FRI34', 'FRI23', 'FRI15', 'DEC03', 'DEC01', 'DEB3K', 'DEB3J', 'DEB3G', 'DEB3D', 'DEE03', 'DEE02', 'DEB3B', 'DEA5A', 'DEA59', 'DEA54', 'DEA53', 'DEA46', 'DEA45', 'DEA44', 'DEA43', 'DEA42', 'DEB12', 'DEB15', 'DEB39', 'DEB22', 'DEB1C', 'DEB1A', 'DEB17', 'EL303', 'EL301', 'DEG06', 'DEF0A', 'DEF09', 'DEG0D', 'IE042', 'DEG0P', 'AT124', 'ITI19', 'FI1C5', 'FI1C4', 'SE231', 'SE214', 'SE125', 'SE123', 'SE122', 'SE211', 'DE40B', 'DE407', 'DE40F', 'DEA34', 'DE80N', 'DE80M', 'DE80K', 'DE917', 'DE918', 'DE923', 'BE223', 'BE323', 'DK041', 'DK032', 'DEA38', 'FRD13', 'FRD12', 'FRC13', 'FRC12', 'ES411', 'ES243', 'ES241', 'ES130', 'ES120', 'ES513', 'ES419', 'FRE12', 'FRK22', 'FRK12', 'FRK11', 'FRG03', 'FRF34', 'FRF33', 'FRI11', 'FRI13', 'FRJ25', 'FRJ14', 'FRI22', 'FRI21', 'DED2F', 'DED2E', 'DED42', 'DED43', 'DED45', 'DED44', 'DEA5B', 'DEA57', 'DEA56', 'DEB31', 'DEG0B', 'DEG0A', 'DEG0E', 'IE052', 'IE051', 'IE041', 'DEG0M', 'DEG0L', 'DEG0K', 'DEG0J', 'DEG0I', 'DEG0G']","['Sustainability', 'Climate change', 'Infrastructure', 'Economic development', 'Public health']","Irish Water outlines its commitment to supporting Galway's Development Plan 2022-2028 by ensuring sustainable water and wastewater services, aligning with national policies, and addressing climate change impacts through strategic planning and infrastructure investment.","Irish Water's submission to the Galway County Development Plan 2022-2028 emphasizes its role in providing sustainable water and wastewater services. The document aligns with national and regional policies, such as the National Planning Framework and the Northern and Western Regional Spatial and Economic Strategy. Key actions include collaborating with Galway County Council to identify suitable zoned lands, promoting sustainable urban drainage systems, and addressing climate change impacts by reducing carbon footprints. The Capital Investment Plan 2020-2024 outlines budgetary allocations for infrastructure improvements, including wastewater treatment plants and water supply networks. Irish Water also focuses on protecting drinking water sources and participating in the River Basin Management Plan. The document suggests policies for inclusion in the development plan, emphasizing collaboration with Irish Water, protecting water resources, and ensuring adequate infrastructure for planned growth. The intended outcome is to facilitate economic growth, protect the environment, and ensure public health and safety through reliable water services.",['IE04'],https://www.galway.ie/en/media/126. Irish Water.pdf,Policy,Verified
"['PL711', 'AT322', 'AT312', 'AT226', 'AT223', 'AT126', 'AT321', 'AT335', 'AT323', 'AT315', 'PL913', 'ITH20', 'ITH51', 'SI042', 'NL342', 'NL341', 'CH051', 'SE332', 'SE322', 'FI1C2', 'FI197', 'FI193', 'SE232', 'SE224', 'SE221', 'SE212', 'FI1D8', 'SI044', 'DE40C', 'DE27E', 'DE27B', 'DE40G', 'DE71C', 'DE716', 'DE715', 'DE600', 'DE501', 'DE255', 'DE24D', 'DE24B', 'DE24A', 'DE249', 'DE246', 'DE258', 'DE259', 'DE25A', 'DE276', 'DE26B', 'DE266', 'DE264', 'DE25C', 'DE25B', 'DE268', 'DE23A', 'DEA17', 'DEA12', 'DE94H', 'DE94F', 'DE94E', 'DE94B', 'DE94A', 'DE947', 'DE946', 'DE912', 'DE737', 'DE736', 'DE735', 'DE732', 'DE941', 'DE937', 'DE936', 'DE935', 'DE934', 'DE725', 'DE933', 'DE931', 'DE927', 'DE926', 'DE239', 'DE237', 'BE253', 'BE236', 'BE234', 'BE213', 'BE212', 'BE211', 'BE257', 'BE344', 'BE343', 'BE336', 'DK021', 'DK022', 'DE21G', 'DE219', 'DE211', 'DE21I', 'DE21J', 'DE236', 'DE235', 'DE234', 'DE229', 'DE224', 'DE228', 'DE11B', 'DE11A', 'DE119', 'DE118', 'DE114', 'DK050', 'DE135', 'DE12C', 'DE12B', 'DE127', 'ES708', 'ES707', 'ES704', 'FRD11', 'FRB06', 'FRB05', 'FRB02', 'FRB01', 'ES220', 'ES213', 'ES114', 'ES113', 'ES412', 'ES413', 'ES414', 'ES415', 'ES511', 'FRE11', 'ES418', 'ES417', 'ES416', 'FRK25', 'FRK21', 'FRK14', 'FRJ28', 'FRJ27', 'FRH01', 'FRG04', 'FRG02', 'FRF12', 'FRF11', 'FRH04', 'FRJ24', 'FRI34', 'FRI23', 'FRI15', 'DEC03', 'DEC01', 'DEB3K', 'DEB3J', 'DEB3G', 'DEB3D', 'DEE03', 'DEE02', 'DEB3B', 'DEA5A', 'DEA59', 'DEA54', 'DEA53', 'DEA46', 'DEA45', 'DEA44', 'DEA43', 'DEA42', 'DEB12', 'DEB15', 'DEB39', 'DEB22', 'DEB1C', 'DEB1A', 'DEB17', 'EL303', 'EL301', 'DEG06', 'DEF0A', 'DEF09', 'DEG0D', 'IE042', 'DEG0P', 'AT124', 'ITI19', 'FI1C5', 'FI1C4', 'SE231', 'SE214', 'SE125', 'SE123', 'SE122', 'SE211', 'DE40B', 'DE407', 'DE40F', 'DEA34', 'DE80N', 'DE80M', 'DE80K', 'DE917', 'DE918', 'DE923', 'BE223', 'BE323', 'DK041', 'DK032', 'DEA38', 'FRD13', 'FRD12', 'FRC13', 'FRC12', 'ES411', 'ES243', 'ES241', 'ES130', 'ES120', 'ES513', 'ES419', 'FRE12', 'FRK22', 'FRK12', 'FRK11', 'FRG03', 'FRF34', 'FRF33', 'FRI11', 'FRI13', 'FRJ25', 'FRJ14', 'FRI22', 'FRI21', 'DED2F', 'DED2E', 'DED42', 'DED43', 'DED45', 'DED44', 'DEA5B', 'DEA57', 'DEA56', 'DEB31', 'DEG0B', 'DEG0A', 'DEG0E', 'IE052', 'IE051', 'IE041', 'DEG0M', 'DEG0L', 'DEG0K', 'DEG0J', 'DEG0I', 'DEG0G']","['Infrastructure', 'Housing', 'Social inclusion', 'Transportation', 'Community engagement']","Increase accessiblity for people with disabilities by enhancing infrastructure, and promoting inclusive planning and social housing policies.","The Irish Wheelchair Association's submission to the Galway County Council Development Plan 2022-2028 focuses on enhancing accessibility and inclusion for people with disabilities. It emphasizes aligning local policies with the United Nations Convention on the Rights of Persons with Disabilities (UNCRPD) to ensure equal rights and opportunities. The document outlines six pillars for action, including inclusive planning, improved infrastructure, accessible social housing, and enhanced transport services. It advocates for the adoption of the IWA Best Practice Access Guidelines to inform public realm design and calls for a minimum of 10% wheelchair-accessible units in social housing projects. The submission also stresses the importance of continuous consultation with disabled individuals and their representative organizations to ensure effective service delivery. By implementing these measures, the IWA aims to create a more inclusive society, reduce barriers to employment, and improve the overall quality of life for people with disabilities in Galway. The document serves as a call to action for local authorities to prioritize accessibility and inclusion in their development plans, ultimately contributing to a more equitable and sustainable community.",['IE04'],https://www.galway.ie/en/media/134. Irish Wheelchair Association.pdf,Policy,Community
"['PL711', 'AT322', 'AT312', 'AT226', 'AT223', 'AT126', 'AT321', 'AT335', 'AT323', 'AT315', 'PL913', 'ITH20', 'ITH51', 'SI042', 'NL342', 'NL341', 'CH051', 'SE332', 'SE322', 'FI1C2', 'FI197', 'FI193', 'SE232', 'SE224', 'SE221', 'SE212', 'FI1D8', 'SI044', 'DE40C', 'DE27E', 'DE27B', 'DE40G', 'DE71C', 'DE716', 'DE715', 'DE600', 'DE501', 'DE255', 'DE24D', 'DE24B', 'DE24A', 'DE249', 'DE246', 'DE258', 'DE259', 'DE25A', 'DE276', 'DE26B', 'DE266', 'DE264', 'DE25C', 'DE25B', 'DE268', 'DE23A', 'DEA17', 'DEA12', 'DE94H', 'DE94F', 'DE94E', 'DE94B', 'DE94A', 'DE947', 'DE946', 'DE912', 'DE737', 'DE736', 'DE735', 'DE732', 'DE941', 'DE937', 'DE936', 'DE935', 'DE934', 'DE725', 'DE933', 'DE931', 'DE927', 'DE926', 'DE239', 'DE237', 'BE253', 'BE236', 'BE234', 'BE213', 'BE212', 'BE211', 'BE257', 'BE344', 'BE343', 'BE336', 'DK021', 'DK022', 'DE21G', 'DE219', 'DE211', 'DE21I', 'DE21J', 'DE236', 'DE235', 'DE234', 'DE229', 'DE224', 'DE228', 'DE11B', 'DE11A', 'DE119', 'DE118', 'DE114', 'DK050', 'DE135', 'DE12C', 'DE12B', 'DE127', 'ES708', 'ES707', 'ES704', 'FRD11', 'FRB06', 'FRB05', 'FRB02', 'FRB01', 'ES220', 'ES213', 'ES114', 'ES113', 'ES412', 'ES413', 'ES414', 'ES415', 'ES511', 'FRE11', 'ES418', 'ES417', 'ES416', 'FRK25', 'FRK21', 'FRK14', 'FRJ28', 'FRJ27', 'FRH01', 'FRG04', 'FRG02', 'FRF12', 'FRF11', 'FRH04', 'FRJ24', 'FRI34', 'FRI23', 'FRI15', 'DEC03', 'DEC01', 'DEB3K', 'DEB3J', 'DEB3G', 'DEB3D', 'DEE03', 'DEE02', 'DEB3B', 'DEA5A', 'DEA59', 'DEA54', 'DEA53', 'DEA46', 'DEA45', 'DEA44', 'DEA43', 'DEA42', 'DEB12', 'DEB15', 'DEB39', 'DEB22', 'DEB1C', 'DEB1A', 'DEB17', 'EL303', 'EL301', 'DEG06', 'DEF0A', 'DEF09', 'DEG0D', 'IE042', 'DEG0P', 'AT124', 'ITI19', 'FI1C5', 'FI1C4', 'SE231', 'SE214', 'SE125', 'SE123', 'SE122', 'SE211', 'DE40B', 'DE407', 'DE40F', 'DEA34', 'DE80N', 'DE80M', 'DE80K', 'DE917', 'DE918', 'DE923', 'BE223', 'BE323', 'DK041', 'DK032', 'DEA38', 'FRD13', 'FRD12', 'FRC13', 'FRC12', 'ES411', 'ES243', 'ES241', 'ES130', 'ES120', 'ES513', 'ES419', 'FRE12', 'FRK22', 'FRK12', 'FRK11', 'FRG03', 'FRF34', 'FRF33', 'FRI11', 'FRI13', 'FRJ25', 'FRJ14', 'FRI22', 'FRI21', 'DED2F', 'DED2E', 'DED42', 'DED43', 'DED45', 'DED44', 'DEA5B', 'DEA57', 'DEA56', 'DEB31', 'DEG0B', 'DEG0A', 'DEG0E', 'IE052', 'IE051', 'IE041', 'DEG0M', 'DEG0L', 'DEG0K', 'DEG0J', 'DEG0I', 'DEG0G']","['Community engagement', 'Transportation', 'Housing', 'Social inclusion', 'Public health']","Create an age-friendly environment in by integrating age-friendly principles into the regional development plan, focusing on outdoor spaces, transportation, housing, and social participation to support active and positive ageing.","The document addresses the need for Galway County to adapt to an ageing population by embedding age-friendly principles into the County Development Plan. It highlights the importance of creating supportive environments for older adults, focusing on outdoor spaces, transportation, housing, and social participation. The policy suggests mainstreaming Walkability Audits to improve accessibility, developing age-friendly transport options, and providing diverse housing solutions to enable ageing in place. It also emphasizes the role of social participation in enhancing health and wellbeing, proposing the establishment of an Older Persons Council and the use of community facilities as social hubs. The intended outcome is to foster a community where older adults can live independently, remain engaged, and enjoy a high quality of life. By integrating these measures, the policy aims to not only improve the lives of older residents but also benefit the wider community, ensuring inclusivity and accessibility for all ages. The approach aligns with national strategies and WHO guidelines, aiming for long-term positive impacts on both individual and community levels.",['IE04'],https://www.galway.ie/en/media/136. M. McGann.pdf,Programme,AI
